pos	class	id	byte
0	prompt	248045	0
1	prompt	8678	0
2	prompt	198	6
3	prompt	2	7
4	prompt	13455	8
5	prompt	271	14
6	prompt	2523	16
7	prompt	599	19
8	prompt	2528	24
9	prompt	310	31
10	prompt	279	34
11	prompt	2614	38
12	prompt	5568	48
13	prompt	25	58
14	prompt	271	59
15	prompt	27	61
16	prompt	15449	62
17	prompt	29	67
18	prompt	198	68
19	prompt	4754	69
20	prompt	1267	71
21	prompt	763	75
22	prompt	328	77
23	prompt	1628	79
24	prompt	487	87
25	prompt	328	89
26	prompt	1628	91
27	prompt	763	99
28	prompt	5046	101
29	prompt	591	104
30	prompt	763	108
31	prompt	328	110
32	prompt	16318	112
33	prompt	487	117
34	prompt	328	119
35	prompt	4532	121
36	prompt	763	132
37	prompt	328	134
38	prompt	31010	136
39	prompt	264	142
40	prompt	491	144
41	prompt	8057	148
42	prompt	310	154
43	prompt	3579	157
44	prompt	6150	164
45	prompt	11	172
46	prompt	7072	173
47	prompt	28253	179
48	prompt	8806	184
49	prompt	13	190
50	prompt	8618	191
51	prompt	8057	196
52	prompt	913	202
53	prompt	682	207
54	prompt	3050	211
55	prompt	16432	220
56	prompt	321	233
57	prompt	7141	237
58	prompt	2420	243
59	prompt	310	253
60	prompt	424	256
61	prompt	6889	259
62	prompt	77	261
63	prompt	1639	262
64	prompt	16001	264
65	prompt	8057	273
66	prompt	4346	279
67	prompt	321	285
68	prompt	279	289
69	prompt	7141	293
70	prompt	781	299
71	prompt	599	304
72	prompt	2528	309
73	prompt	310	316
74	prompt	6964	319
75	prompt	77	321
76	prompt	12	322
77	prompt	83712	323
78	prompt	768	327
79	prompt	25	330
80	prompt	20290	331
81	prompt	21650	337
82	prompt	364	341
83	prompt	866	345
84	prompt	3274	349
85	prompt	421	354
86	prompt	3070	359
87	prompt	914	365
88	prompt	4786	367
89	prompt	264	371
90	prompt	777	373
91	prompt	3050	378
92	prompt	8057	387
93	prompt	13	393
94	prompt	42019	394
95	prompt	825	400
96	prompt	579	404
97	prompt	1581	406
98	prompt	948	414
99	prompt	874	419
100	prompt	8057	422
101	prompt	803	428
102	prompt	369	433
103	prompt	30917	436
104	prompt	13	442
105	prompt	318	443
106	prompt	16095	445
107	prompt	25	450
108	prompt	2501	451
109	prompt	59	454
110	prompt	77	455
111	prompt	12	456
112	prompt	42594	457
113	prompt	25	465
114	prompt	4310	466
115	prompt	14934	471
116	prompt	2624	476
117	prompt	8057	483
118	prompt	364	489
119	prompt	6979	493
120	prompt	8145	499
121	prompt	9502	503
122	prompt	25628	507
123	prompt	1892	516
124	prompt	948	520
125	prompt	34579	525
126	prompt	3254	535
127	prompt	39618	541
128	prompt	1599	550
129	prompt	3425	555
130	prompt	11	561
131	prompt	27690	562
132	prompt	11	574
133	prompt	466	575
134	prompt	33791	578
135	prompt	43015	585
136	prompt	321	597
137	prompt	488	601
138	prompt	1132	605
139	prompt	1144	610
140	prompt	279	615
141	prompt	16198	619
142	prompt	11	630
143	prompt	524	631
144	prompt	279	635
145	prompt	999	639
146	prompt	58345	644
147	prompt	13	650
148	prompt	1049	651
149	prompt	15339	654
150	prompt	80513	660
151	prompt	4598	669
152	prompt	1056	676
153	prompt	4220	681
154	prompt	3425	687
155	prompt	11	693
156	prompt	748	694
157	prompt	424	697
158	prompt	1282	700
159	prompt	942	704
160	prompt	1970	708
161	prompt	26	713
162	prompt	424	714
163	prompt	3070	717
164	prompt	914	723
165	prompt	3286	725
166	prompt	466	732
167	prompt	23513	735
168	prompt	424	741
169	prompt	13	744
170	prompt	45816	745
171	prompt	2624	753
172	prompt	55305	760
173	prompt	25	768
174	prompt	7018	769
175	prompt	25252	772
176	prompt	2037	778
177	prompt	364	780
178	prompt	22469	784
179	prompt	25559	793
180	prompt	11	805
181	prompt	7018	806
182	prompt	1164	809
183	prompt	16908	813
184	prompt	2037	822
185	prompt	364	824
186	prompt	5081	828
187	prompt	10155	837
188	prompt	321	847
189	prompt	33791	851
190	prompt	43015	858
191	prompt	13	870
192	prompt	318	871
193	prompt	16095	873
194	prompt	25	878
195	prompt	1942	879
196	prompt	7141	883
197	prompt	3525	889
198	prompt	20086	896
199	prompt	11	902
200	prompt	18422	903
201	prompt	19860	908
202	prompt	3513	912
203	prompt	11	916
204	prompt	8081	917
205	prompt	11	922
206	prompt	9357	923
207	prompt	11	929
208	prompt	66333	930
209	prompt	3900	939
210	prompt	10383	943
211	prompt	77	945
212	prompt	12	946
213	prompt	4437	947
214	prompt	56279	955
215	prompt	25	963
216	prompt	3146	964
217	prompt	56279	972
218	prompt	8057	980
219	prompt	364	986
220	prompt	42675	990
221	prompt	6150	1002
222	prompt	4602	1010
223	prompt	11	1020
224	prompt	14603	1021
225	prompt	364	1031
226	prompt	1970	1035
227	prompt	11	1040
228	prompt	321	1041
229	prompt	29234	1045
230	prompt	7072	1055
231	prompt	28253	1061
232	prompt	8806	1066
233	prompt	13	1072
234	prompt	3095	1073
235	prompt	488	1078
236	prompt	513	1082
237	prompt	14603	1086
238	prompt	364	1096
239	prompt	264	1100
240	prompt	15698	1102
241	prompt	466	1110
242	prompt	999	1113
243	prompt	321	1118
244	prompt	513	1122
245	prompt	524	1126
246	prompt	16021	1130
247	prompt	421	1140
248	prompt	488	1145
249	prompt	668	1149
250	prompt	1423	1154
251	prompt	279	1159
252	prompt	1245	1163
253	prompt	2353	1169
254	prompt	303	1175
255	prompt	279	1178
256	prompt	1118	1182
257	prompt	2342	1188
258	prompt	15818	1192
259	prompt	958	1198
260	prompt	411	1202
261	prompt	8057	1207
262	prompt	310	1213
263	prompt	2649	1216
264	prompt	279	1224
265	prompt	2624	1228
266	prompt	364	1235
267	prompt	488	1239
268	prompt	13	1243
269	prompt	318	1244
270	prompt	16095	1246
271	prompt	25	1251
272	prompt	2501	1252
273	prompt	59	1255
274	prompt	77	1256
275	prompt	12	1257
276	prompt	9392	1258
277	prompt	25	1263
278	prompt	4236	1264
279	prompt	11141	1273
280	prompt	8057	1283
281	prompt	364	1289
282	prompt	28759	1293
283	prompt	7873	1303
284	prompt	6440	1318
285	prompt	13	1324
286	prompt	5272	1325
287	prompt	411	1329
288	prompt	948	1334
289	prompt	488	1339
290	prompt	1144	1343
291	prompt	310	1348
292	prompt	3019	1351
293	prompt	279	1356
294	prompt	7873	1360
295	prompt	8024	1375
296	prompt	364	1384
297	prompt	264	1388
298	prompt	3274	1390
299	prompt	13	1395
300	prompt	5019	1396
301	prompt	2923	1404
302	prompt	13909	1409
303	prompt	28253	1412
304	prompt	6440	1417
305	prompt	11	1423
306	prompt	34337	1424
307	prompt	8751	1435
308	prompt	3425	1444
309	prompt	11	1450
310	prompt	321	1451
311	prompt	30119	1455
312	prompt	41052	1465
313	prompt	6355	1479
314	prompt	61782	1485
315	prompt	13	1490
316	prompt	318	1491
317	prompt	16095	1493
318	prompt	25	1498
319	prompt	1942	1499
320	prompt	7141	1503
321	prompt	3525	1509
322	prompt	20086	1516
323	prompt	11	1522
324	prompt	18422	1523
325	prompt	19860	1528
326	prompt	3513	1532
327	prompt	11	1536
328	prompt	8081	1537
329	prompt	11	1542
330	prompt	9357	1543
331	prompt	11	1549
332	prompt	66333	1550
333	prompt	3900	1559
334	prompt	10383	1563
335	prompt	77	1565
336	prompt	12	1566
337	prompt	2552	1567
338	prompt	1021	1574
339	prompt	75422	1578
340	prompt	25	1584
341	prompt	5272	1585
342	prompt	411	1589
343	prompt	8057	1594
344	prompt	310	1600
345	prompt	13998	1603
346	prompt	279	1613
347	prompt	1156	1617
348	prompt	579	1622
349	prompt	71802	1624
350	prompt	5927	1631
351	prompt	2552	1636
352	prompt	1500	1643
353	prompt	6047	1648
354	prompt	13	1656
355	prompt	318	1657
356	prompt	16095	1659
357	prompt	25	1664
358	prompt	4310	1665
359	prompt	11	1670
360	prompt	8081	1671
361	prompt	10383	1676
362	prompt	77	1678
363	prompt	1639	1679
364	prompt	4350	1681
365	prompt	1608	1685
366	prompt	279	1691
367	prompt	20086	1695
368	prompt	5224	1701
369	prompt	11	1706
370	prompt	13441	1707
371	prompt	264	1715
372	prompt	1146	1717
373	prompt	7838	1721
374	prompt	1756	1726
375	prompt	5555	1731
376	prompt	310	1741
377	prompt	3186	1744
378	prompt	864	1751
379	prompt	8057	1757
380	prompt	913	1763
381	prompt	310	1768
382	prompt	958	1771
383	prompt	13	1775
384	prompt	1368	1776
385	prompt	38136	1779
386	prompt	11	1787
387	prompt	279	1788
388	prompt	4437	1792
389	prompt	56279	1800
390	prompt	8057	1808
391	prompt	369	1814
392	prompt	1429	1817
393	prompt	6889	1822
394	prompt	77	1824
395	prompt	1639	1825
396	prompt	550	1827
397	prompt	3095	1829
398	prompt	310	1834
399	prompt	958	1837
400	prompt	1639	1841
401	prompt	1639	1843
402	prompt	46756	1845
403	prompt	364	1850
404	prompt	411	1854
405	prompt	948	1859
406	prompt	279	1864
407	prompt	3274	1868
408	prompt	8798	1873
409	prompt	449	1881
410	prompt	2420	1884
411	prompt	8057	1894
412	prompt	913	1900
413	prompt	11	1905
414	prompt	948	1906
415	prompt	488	1911
416	prompt	599	1915
417	prompt	9209	1920
418	prompt	944	1932
419	prompt	310	1937
420	prompt	1542	1940
421	prompt	303	1944
422	prompt	14835	1947
423	prompt	11	1956
424	prompt	466	1957
425	prompt	948	1960
426	prompt	34579	1965
427	prompt	1000	1975
428	prompt	2977	1981
429	prompt	5122	1986
430	prompt	3808	1994
431	prompt	3679	2001
432	prompt	3425	2009
433	prompt	1892	2015
434	prompt	12993	2019
435	prompt	424	2028
436	prompt	321	2031
437	prompt	488	2035
438	prompt	2426	2039
439	prompt	279	2044
440	prompt	16198	2048
441	prompt	11	2059
442	prompt	524	2060
443	prompt	279	2064
444	prompt	999	2068
445	prompt	58345	2073
446	prompt	13	2079
447	prompt	1690	2080
448	prompt	264	2084
449	prompt	3074	2086
450	prompt	2149	2093
451	prompt	519	2095
452	prompt	18054	2098
453	prompt	1332	2105
454	prompt	488	2111
455	prompt	2582	2115
456	prompt	1366	2123
457	prompt	279	2128
458	prompt	999	2132
459	prompt	11	2137
460	prompt	7489	2138
461	prompt	11	2145
462	prompt	466	2146
463	prompt	869	2149
464	prompt	11	2155
465	prompt	2624	2156
466	prompt	5774	2163
467	prompt	13	2172
468	prompt	9358	2173
469	prompt	488	2178
470	prompt	2908	2182
471	prompt	87539	2185
472	prompt	264	2195
473	prompt	2624	2197
474	prompt	11	2204
475	prompt	1459	2205
476	prompt	914	2209
477	prompt	1048	2211
478	prompt	1542	2216
479	prompt	424	2220
480	prompt	5941	2223
481	prompt	1892	2232
482	prompt	3655	2236
483	prompt	364	2241
484	prompt	279	2245
485	prompt	1067	2249
486	prompt	6889	2256
487	prompt	77	2258
488	prompt	1639	2259
489	prompt	12	2261
490	prompt	561	2262
491	prompt	8057	2266
492	prompt	579	2272
493	prompt	1534	2274
494	prompt	1876	2280
495	prompt	369	2288
496	prompt	5743	2291
497	prompt	310	2300
498	prompt	488	2303
499	prompt	430	2307
500	prompt	279	2310
501	prompt	5224	2314
502	prompt	1067	2319
503	prompt	26	2326
504	prompt	424	2327
505	prompt	369	2330
506	prompt	524	2333
507	prompt	6625	2337
508	prompt	310	2343
509	prompt	279	2346
510	prompt	1156	2350
511	prompt	1892	2355
512	prompt	30805	2359
513	prompt	1092	2365
514	prompt	12482	2370
515	prompt	6889	2378
516	prompt	77	2380
517	prompt	12	2381
518	prompt	5272	2382
519	prompt	60194	2386
520	prompt	440	2398
521	prompt	279	2403
522	prompt	8057	2407
523	prompt	579	2413
524	prompt	2937	2415
525	prompt	466	2418
526	prompt	803	2421
527	prompt	310	2426
528	prompt	2962	2429
529	prompt	264	2438
530	prompt	8334	2440
531	prompt	50763	2451
532	prompt	8057	2459
533	prompt	440	2465
534	prompt	1141	2470
535	prompt	2193	2474
536	prompt	33295	2482
537	prompt	26	2489
538	prompt	264	2490
539	prompt	491	2492
540	prompt	20086	2496
541	prompt	1562	2502
542	prompt	8211	2507
543	prompt	7478	2514
544	prompt	6889	2520
545	prompt	77	2522
546	prompt	12	2523
547	prompt	1510	2524
548	prompt	284	2526
549	prompt	33805	2528
550	prompt	25	2535
551	prompt	7018	2536
552	prompt	1715	2539
553	prompt	9066	2543
554	prompt	2037	2547
555	prompt	63	2549
556	prompt	6486	2550
557	prompt	279	2556
558	prompt	8057	2560
559	prompt	1141	2566
560	prompt	1765	2570
561	prompt	15865	2574
562	prompt	944	2578
563	prompt	9066	2583
564	prompt	318	2587
565	prompt	3771	2589
566	prompt	88635	2593
567	prompt	290	2599
568	prompt	413	2601
569	prompt	33702	2604
570	prompt	69884	2614
571	prompt	77	2617
572	prompt	12	2618
573	prompt	1510	2619
574	prompt	5917	2621
575	prompt	1201	2624
576	prompt	23348	2627
577	prompt	25	2638
578	prompt	804	2639
579	prompt	63	2644
580	prompt	8213	2645
581	prompt	279	2650
582	prompt	8057	2654
583	prompt	65496	2660
584	prompt	26	2675
585	prompt	488	2676
586	prompt	3172	2680
587	prompt	381	2683
588	prompt	28261	2686
589	prompt	948	2695
590	prompt	424	2700
591	prompt	43117	2703
592	prompt	6889	2713
593	prompt	77	2715
594	prompt	12	2716
595	prompt	3095	2717
596	prompt	488	2722
597	prompt	6830	2726
598	prompt	5081	2733
599	prompt	12636	2742
600	prompt	364	2749
601	prompt	9209	2753
602	prompt	944	2765
603	prompt	11	2770
604	prompt	3502	2771
605	prompt	1070	2776
606	prompt	303	2781
607	prompt	264	2784
608	prompt	3074	2786
609	prompt	1876	2793
610	prompt	440	2801
611	prompt	5081	2806
612	prompt	5224	2815
613	prompt	5533	2820
614	prompt	748	2825
615	prompt	781	2828
616	prompt	1542	2833
617	prompt	75352	2837
618	prompt	487	2850
619	prompt	328	2852
620	prompt	13390	2854
621	prompt	763	2864
622	prompt	5046	2866
623	prompt	3	2869
624	prompt	16838	2870
625	prompt	763	2876
626	prompt	328	2878
627	prompt	2349	2880
628	prompt	1074	2885
629	prompt	2164	2888
630	prompt	76939	2892
631	prompt	2572	2899
632	prompt	3336	2903
633	prompt	2850	2905
634	prompt	14	2909
635	prompt	17	2910
636	prompt	15	2911
637	prompt	17	2912
638	prompt	15	2913
639	prompt	12	2914
640	prompt	16	2915
641	prompt	17	2916
642	prompt	59082	2917
643	prompt	487	2924
644	prompt	328	2926
645	prompt	1267	2928
646	prompt	763	2932
647	prompt	328	2934
648	prompt	1640	2936
649	prompt	487	2942
650	prompt	328	2944
651	prompt	12811	2946
652	prompt	763	2956
653	prompt	5046	2958
654	prompt	4532	2961
655	prompt	763	2972
656	prompt	5046	2974
657	prompt	4532	2977
658	prompt	763	2988
659	prompt	328	2990
660	prompt	32	2992
661	prompt	2716	2993
662	prompt	318	2999
663	prompt	18	3001
664	prompt	12	3002
665	prompt	20	3003
666	prompt	3299	3004
667	prompt	8	3009
668	prompt	3874	3010
669	prompt	314	3022
670	prompt	279	3025
671	prompt	3274	3029
672	prompt	487	3034
673	prompt	328	3036
674	prompt	1267	3038
675	prompt	763	3042
676	prompt	328	3044
677	prompt	889	3046
678	prompt	13933	3052
679	prompt	328	3055
680	prompt	39242	3057
681	prompt	763	3063
682	prompt	5046	3065
683	prompt	4532	3068
684	prompt	763	3079
685	prompt	328	3081
686	prompt	760	3083
687	prompt	3274	3086
688	prompt	364	3091
689	prompt	279	3095
690	prompt	8057	3099
691	prompt	310	3105
692	prompt	2649	3108
693	prompt	487	3116
694	prompt	328	3118
695	prompt	1267	3120
696	prompt	763	3124
697	prompt	328	3126
698	prompt	889	3128
699	prompt	13933	3134
700	prompt	328	3137
701	prompt	1899	3139
702	prompt	7838	3142
703	prompt	1756	3147
704	prompt	763	3152
705	prompt	5046	3154
706	prompt	4532	3157
707	prompt	763	3168
708	prompt	328	3170
709	prompt	760	3172
710	prompt	913	3175
711	prompt	314	3180
712	prompt	26208	3183
713	prompt	8057	3195
714	prompt	310	3201
715	prompt	958	3204
716	prompt	364	3208
717	prompt	411	3212
718	prompt	3274	3217
719	prompt	487	3222
720	prompt	328	3224
721	prompt	1267	3226
722	prompt	763	3230
723	prompt	328	3232
724	prompt	889	3234
725	prompt	13933	3240
726	prompt	328	3243
727	prompt	2448	3245
728	prompt	763	3250
729	prompt	5046	3252
730	prompt	4532	3255
731	prompt	763	3266
732	prompt	328	3268
733	prompt	14863	3270
734	prompt	1558	3278
735	prompt	2723	3284
736	prompt	364	3293
737	prompt	411	3297
738	prompt	8057	3302
739	prompt	13	3308
740	prompt	36363	3309
741	prompt	51274	3315
742	prompt	888	3326
743	prompt	279	3331
744	prompt	8057	3335
745	prompt	7044	3341
746	prompt	579	3352
747	prompt	1558	3354
748	prompt	3929	3360
749	prompt	56970	3366
750	prompt	13	3372
751	prompt	1368	3373
752	prompt	38136	3376
753	prompt	11	3384
754	prompt	5533	3385
755	prompt	279	3390
756	prompt	8057	3394
757	prompt	7044	3400
758	prompt	579	3411
759	prompt	1558	3413
760	prompt	11	3419
761	prompt	466	3420
762	prompt	72906	3423
763	prompt	494	3432
764	prompt	279	3437
765	prompt	2594	3441
766	prompt	10152	3448
767	prompt	328	3451
768	prompt	1267	3453
769	prompt	763	3457
770	prompt	328	3459
771	prompt	889	3461
772	prompt	487	3467
773	prompt	328	3469
774	prompt	8746	3471
775	prompt	763	3475
776	prompt	4241	3477
777	prompt	901	3480
778	prompt	4559	3483
779	prompt	487	3486
780	prompt	328	3488
781	prompt	44341	3490
782	prompt	487	3494
783	prompt	328	3496
784	prompt	4084	3498
785	prompt	36974	3500
786	prompt	487	3503
787	prompt	328	3505
788	prompt	69	3507
789	prompt	470	3508
790	prompt	1293	3512
791	prompt	2069	3514
792	prompt	328	3516
793	prompt	5917	3518
794	prompt	1201	3521
795	prompt	23348	3524
796	prompt	763	3535
797	prompt	5046	3537
798	prompt	4532	3540
799	prompt	763	3551
800	prompt	328	3553
801	prompt	1591	3555
802	prompt	310	3558
803	prompt	804	3561
804	prompt	310	3566
805	prompt	1542	3569
806	prompt	411	3573
807	prompt	8057	3578
808	prompt	303	3584
809	prompt	279	3587
810	prompt	3870	3591
811	prompt	13	3602
812	prompt	1394	3603
813	prompt	668	3607
814	prompt	381	3612
815	prompt	28261	3615
816	prompt	948	3624
817	prompt	424	3629
818	prompt	43117	3632
819	prompt	10152	3642
820	prompt	328	3645
821	prompt	1267	3647
822	prompt	763	3651
823	prompt	328	3653
824	prompt	5925	3655
825	prompt	13933	3662
826	prompt	328	3665
827	prompt	284	3667
828	prompt	33805	3669
829	prompt	763	3676
830	prompt	5046	3678
831	prompt	4532	3681
832	prompt	763	3692
833	prompt	328	3694
834	prompt	3742	3696
835	prompt	33805	3698
836	prompt	3728	3705
837	prompt	13	3710
838	prompt	7018	3711
839	prompt	1715	3714
840	prompt	9066	3718
841	prompt	2037	3722
842	prompt	11121	3724
843	prompt	264	3732
844	prompt	12955	3734
845	prompt	15865	3744
846	prompt	944	3748
847	prompt	9066	3753
848	prompt	748	3757
849	prompt	279	3760
850	prompt	8057	3764
851	prompt	4138	3770
852	prompt	383	3776
853	prompt	449	3779
854	prompt	23443	3782
855	prompt	2880	3791
856	prompt	314	3796
857	prompt	279	3799
858	prompt	15400	3803
859	prompt	10152	3808
860	prompt	328	3811
861	prompt	1267	3813
862	prompt	763	3817
863	prompt	328	3819
864	prompt	889	3821
865	prompt	487	3827
866	prompt	328	3829
867	prompt	8746	3831
868	prompt	763	3835
869	prompt	4241	3837
870	prompt	1715	3840
871	prompt	9066	3844
872	prompt	1293	3848
873	prompt	36892	3850
874	prompt	328	3853
875	prompt	6081	3855
876	prompt	763	3863
877	prompt	4241	3865
878	prompt	4532	3868
879	prompt	487	3879
880	prompt	328	3881
881	prompt	39242	3883
882	prompt	7664	3889
883	prompt	328	3892
884	prompt	34325	3894
885	prompt	7654	3904
886	prompt	763	3914
887	prompt	867	3916
888	prompt	72964	3922
889	prompt	198	3925
890	prompt	4754	3926
891	prompt	1267	3928
892	prompt	763	3932
893	prompt	328	3934
894	prompt	1628	3936
895	prompt	487	3944
896	prompt	328	3946
897	prompt	1628	3948
898	prompt	763	3956
899	prompt	5046	3958
900	prompt	591	3961
901	prompt	763	3965
902	prompt	328	3967
903	prompt	25337	3969
904	prompt	1421	3972
905	prompt	14162	3976
906	prompt	487	3984
907	prompt	328	3986
908	prompt	4532	3988
909	prompt	763	3999
910	prompt	328	4001
911	prompt	9947	4003
912	prompt	411	4006
913	prompt	5224	4011
914	prompt	1132	4016
915	prompt	948	4021
916	prompt	488	4026
917	prompt	513	4030
918	prompt	18716	4034
919	prompt	383	4042
920	prompt	264	4045
921	prompt	5307	4047
922	prompt	421	4056
923	prompt	369	4061
924	prompt	34032	4064
925	prompt	279	4074
926	prompt	1156	4078
927	prompt	579	4083
928	prompt	310	4085
929	prompt	1236	4088
930	prompt	25	4093
931	prompt	799	4094
932	prompt	488	4098
933	prompt	4021	4102
934	prompt	8563	4109
935	prompt	494	4117
936	prompt	279	4122
937	prompt	1622	4126
938	prompt	11	4134
939	prompt	279	4135
940	prompt	1970	4139
941	prompt	11	4144
942	prompt	466	4145
943	prompt	36414	4148
944	prompt	16184	4157
945	prompt	6889	4166
946	prompt	77	4168
947	prompt	1639	4169
948	prompt	14354	4171
949	prompt	8129	4176
950	prompt	6964	4182
951	prompt	77	4184
952	prompt	12	4185
953	prompt	14206	4186
954	prompt	668	4192
955	prompt	2590	4197
956	prompt	381	4204
957	prompt	2858	4207
958	prompt	310	4212
959	prompt	3186	4215
960	prompt	7018	4222
961	prompt	11081	4225
962	prompt	2037	4230
963	prompt	310	4232
964	prompt	3300	4235
965	prompt	2446	4243
966	prompt	1414	4250
967	prompt	1879	4255
968	prompt	1639	4261
969	prompt	12	4263
970	prompt	5272	4264
971	prompt	7072	4268
972	prompt	3270	4274
973	prompt	25	4280
974	prompt	804	4281
975	prompt	310	4286
976	prompt	2070	4289
977	prompt	5081	4295
978	prompt	10926	4304
979	prompt	310	4312
980	prompt	381	4315
981	prompt	3955	4318
982	prompt	364	4327
983	prompt	264	4331
984	prompt	3296	4333
985	prompt	1639	4342
986	prompt	12	4344
987	prompt	1368	4345
988	prompt	488	4348
989	prompt	6718	4352
990	prompt	264	4362
991	prompt	3050	4364
992	prompt	2904	4373
993	prompt	11	4380
994	prompt	1236	4381
995	prompt	421	4386
996	prompt	279	4391
997	prompt	1118	4395
998	prompt	2904	4401
999	prompt	303	4408
1000	prompt	279	4411
1001	prompt	1103	4415
1002	prompt	321	4420
1003	prompt	884	4424
1004	prompt	7018	4428
1005	prompt	7	4431
1006	prompt	54633	4432
1007	prompt	8	4443
1008	prompt	2037	4444
1009	prompt	506	4446
1010	prompt	279	4449
1011	prompt	809	4453
1012	prompt	314	4457
1013	prompt	279	4460
1014	prompt	2306	4464
1015	prompt	1639	4470
1016	prompt	1639	4472
1017	prompt	19860	4474
1018	prompt	3728	4478
1019	prompt	5020	4483
1020	prompt	25	4488
1021	prompt	1946	4489
1022	prompt	3289	4492
1023	prompt	1083	4499
1024	prompt	3019	4504
1025	prompt	3728	4509
1026	prompt	11	4514
1027	prompt	958	4515
1028	prompt	10925	4519
1029	prompt	19860	4525
1030	prompt	3513	4529
1031	prompt	318	4533
1032	prompt	1856	4535
1033	prompt	411	4538
1034	prompt	5224	4543
1035	prompt	553	4548
1036	prompt	9358	4550
1037	prompt	303	4555
1038	prompt	3019	4558
1039	prompt	3728	4563
1040	prompt	11	4568
1041	prompt	958	4569
1042	prompt	411	4573
1043	prompt	5224	4578
1044	prompt	310	4583
1045	prompt	35932	4586
1046	prompt	8242	4594
1047	prompt	466	4607
1048	prompt	4992	4610
1049	prompt	1881	4617
1050	prompt	19222	4625
1051	prompt	54588	4636
1052	prompt	1534	4643
1053	prompt	4694	4649
1054	prompt	678	4654
1055	prompt	3019	4659
1056	prompt	13	4664
1057	prompt	3054	4665
1058	prompt	4045	4668
1059	prompt	958	4672
1060	prompt	411	4676
1061	prompt	5224	4681
1062	prompt	310	4686
1063	prompt	2466	4689
1064	prompt	7018	4693
1065	prompt	3742	4696
1066	prompt	821	4698
1067	prompt	3019	4701
1068	prompt	5354	4706
1069	prompt	30	4712
1070	prompt	15738	4713
1071	prompt	7018	4716
1072	prompt	14562	4719
1073	prompt	353	4725
1074	prompt	10046	4727
1075	prompt	30	4735
1076	prompt	15738	4736
1077	prompt	466	4739
1078	prompt	5752	4742
1079	prompt	5604	4752
1080	prompt	7018	4762
1081	prompt	1719	4765
1082	prompt	3019	4768
1083	prompt	2037	4773
1084	prompt	303	4775
1085	prompt	4602	4778
1086	prompt	1892	4788
1087	prompt	279	4792
1088	prompt	1156	4796
1089	prompt	4021	4801
1090	prompt	1436	4808
1091	prompt	279	4812
1092	prompt	3019	4816
1093	prompt	2980	4821
1094	prompt	488	4827
1095	prompt	1562	4831
1096	prompt	18422	4836
1097	prompt	19860	4841
1098	prompt	3513	4845
1099	prompt	364	4849
1100	prompt	14014	4853
1101	prompt	6889	4862
1102	prompt	77	4864
1103	prompt	1639	4865
1104	prompt	1026	4867
1105	prompt	5671	4870
1106	prompt	411	4874
1107	prompt	364	4879
1108	prompt	10856	4883
1109	prompt	1332	4893
1110	prompt	279	4899
1111	prompt	1156	4903
1112	prompt	579	4908
1113	prompt	4087	4910
1114	prompt	4203	4917
1115	prompt	1092	4925
1116	prompt	488	4930
1117	prompt	635	4934
1118	prompt	1727	4937
1119	prompt	1892	4942
1120	prompt	524	4946
1121	prompt	364	4950
1122	prompt	11125	4954
1123	prompt	440	4962
1124	prompt	264	4967
1125	prompt	20066	4969
1126	prompt	1581	4982
1127	prompt	466	4990
1128	prompt	12688	4993
1129	prompt	488	4999
1130	prompt	628	5003
1131	prompt	9845	5007
1132	prompt	303	5014
1133	prompt	279	5017
1134	prompt	1970	5021
1135	prompt	3051	5026
1136	prompt	5941	5030
1137	prompt	13	5039
1138	prompt	733	5040
1139	prompt	1782	5043
1140	prompt	4886	5049
1141	prompt	3608	5055
1142	prompt	279	5060
1143	prompt	7783	5064
1144	prompt	2904	5072
1145	prompt	11	5079
1146	prompt	6088	5080
1147	prompt	424	5088
1148	prompt	303	5091
1149	prompt	678	5094
1150	prompt	1965	5099
1151	prompt	11	5108
1152	prompt	321	5109
1153	prompt	10046	5113
1154	prompt	6889	5121
1155	prompt	77	5123
1156	prompt	487	5124
1157	prompt	328	5126
1158	prompt	13390	5128
1159	prompt	763	5138
1160	prompt	5046	5140
1161	prompt	3	5143
1162	prompt	16838	5144
1163	prompt	763	5150
1164	prompt	328	5152
1165	prompt	2349	5154
1166	prompt	1074	5159
1167	prompt	2164	5162
1168	prompt	76939	5166
1169	prompt	2572	5173
1170	prompt	3336	5177
1171	prompt	2850	5179
1172	prompt	14	5183
1173	prompt	17	5184
1174	prompt	15	5185
1175	prompt	17	5186
1176	prompt	15	5187
1177	prompt	12	5188
1178	prompt	16	5189
1179	prompt	17	5190
1180	prompt	59082	5191
1181	prompt	487	5198
1182	prompt	328	5200
1183	prompt	1267	5202
1184	prompt	763	5206
1185	prompt	328	5208
1186	prompt	1640	5210
1187	prompt	487	5216
1188	prompt	328	5218
1189	prompt	12811	5220
1190	prompt	763	5230
1191	prompt	5046	5232
1192	prompt	16837	5235
1193	prompt	763	5244
1194	prompt	5046	5246
1195	prompt	4532	5249
1196	prompt	763	5260
1197	prompt	328	5262
1198	prompt	34080	5264
1199	prompt	310	5273
1200	prompt	2466	5276
1201	prompt	279	5280
1202	prompt	1156	5284
1203	prompt	318	5289
1204	prompt	16	5291
1205	prompt	12	5292
1206	prompt	19	5293
1207	prompt	4602	5294
1208	prompt	11250	5304
1209	prompt	328	5307
1210	prompt	1030	5309
1211	prompt	4212	5312
1212	prompt	763	5317
1213	prompt	220	5319
1214	prompt	16	5320
1215	prompt	11	5321
1216	prompt	328	5322
1217	prompt	2721	5324
1218	prompt	4212	5327
1219	prompt	763	5332
1220	prompt	220	5334
1221	prompt	19	5335
1222	prompt	11	5336
1223	prompt	328	5337
1224	prompt	1267	5339
1225	prompt	763	5343
1226	prompt	328	5345
1227	prompt	1595	5347
1228	prompt	487	5352
1229	prompt	328	5354
1230	prompt	3494	5356
1231	prompt	763	5361
1232	prompt	5046	5363
1233	prompt	1267	5366
1234	prompt	763	5370
1235	prompt	328	5372
1236	prompt	1640	5374
1237	prompt	487	5380
1238	prompt	328	5382
1239	prompt	12811	5384
1240	prompt	763	5394
1241	prompt	5046	5396
1242	prompt	7593	5399
1243	prompt	763	5407
1244	prompt	5046	5409
1245	prompt	4532	5412
1246	prompt	763	5423
1247	prompt	328	5425
1248	prompt	760	5427
1249	prompt	4434	5430
1250	prompt	3296	5439
1251	prompt	310	5448
1252	prompt	2466	5451
1253	prompt	279	5455
1254	prompt	1156	5459
1255	prompt	13	5464
1256	prompt	11910	5465
1257	prompt	381	5472
1258	prompt	2708	5475
1259	prompt	11	5481
1260	prompt	3050	5482
1261	prompt	11	5491
1262	prompt	321	5492
1263	prompt	809	5496
1264	prompt	440	5500
1265	prompt	264	5505
1266	prompt	3296	5507
1267	prompt	1804	5516
1268	prompt	13	5521
1269	prompt	12996	5522
1270	prompt	25	5530
1271	prompt	7018	5531
1272	prompt	22365	5534
1273	prompt	6522	5539
1274	prompt	1220	5547
1275	prompt	567	5554
1276	prompt	958	5557
1277	prompt	364	5561
1278	prompt	2321	5565
1279	prompt	35358	5570
1280	prompt	30	5581
1281	prompt	2037	5582
1282	prompt	1368	5584
1283	prompt	7072	5587
1284	prompt	3270	5593
1285	prompt	369	5599
1286	prompt	804	5602
1287	prompt	11	5607
1288	prompt	16629	5608
1289	prompt	424	5615
1290	prompt	26211	5618
1291	prompt	11	5630
1292	prompt	378	5631
1293	prompt	1257	5633
1294	prompt	13	5635
1295	prompt	7018	5636
1296	prompt	22365	5639
1297	prompt	4275	5644
1298	prompt	635	5653
1299	prompt	488	5656
1300	prompt	1318	5660
1301	prompt	310	5665
1302	prompt	7056	5668
1303	prompt	30	5675
1304	prompt	53980	5676
1305	prompt	328	5680
1306	prompt	1267	5682
1307	prompt	763	5686
1308	prompt	328	5688
1309	prompt	889	5690
1310	prompt	13933	5696
1311	prompt	328	5699
1312	prompt	2621	5701
1313	prompt	763	5707
1314	prompt	5046	5709
1315	prompt	4532	5712
1316	prompt	763	5723
1317	prompt	328	5725
1318	prompt	24936	5727
1319	prompt	2716	5731
1320	prompt	2306	5737
1321	prompt	12234	5743
1322	prompt	430	5753
1323	prompt	264	5756
1324	prompt	15911	5758
1325	prompt	73589	5763
1326	prompt	318	5767
1327	prompt	2721	5769
1328	prompt	220	5772
1329	prompt	16	5773
1330	prompt	17	5774
1331	prompt	22283	5775
1332	prompt	553	5781
1333	prompt	24508	5783
1334	prompt	25	5792
1335	prompt	7018	5793
1336	prompt	4925	5796
1337	prompt	1654	5800
1338	prompt	15738	5807
1339	prompt	7018	5810
1340	prompt	16420	5813
1341	prompt	15738	5820
1342	prompt	7018	5823
1343	prompt	27654	5826
1344	prompt	595	5831
1345	prompt	2037	5834
1346	prompt	10152	5836
1347	prompt	328	5839
1348	prompt	1267	5841
1349	prompt	763	5845
1350	prompt	328	5847
1351	prompt	889	5849
1352	prompt	13933	5855
1353	prompt	328	5858
1354	prompt	2782	5860
1355	prompt	763	5867
1356	prompt	5046	5869
1357	prompt	4532	5872
1358	prompt	763	5883
1359	prompt	328	5885
1360	prompt	760	5887
1361	prompt	2420	5890
1362	prompt	11125	5900
1363	prompt	364	5908
1364	prompt	411	5912
1365	prompt	3296	5917
1366	prompt	13	5926
1367	prompt	15011	5927
1368	prompt	599	5932
1369	prompt	220	5937
1370	prompt	17	5938
1371	prompt	12	5939
1372	prompt	19	5940
1373	prompt	2519	5941
1374	prompt	13	5949
1375	prompt	8618	5950
1376	prompt	2904	5955
1377	prompt	1220	5962
1378	prompt	381	5969
1379	prompt	264	5972
1380	prompt	12103	5974
1381	prompt	11	5983
1382	prompt	50713	5984
1383	prompt	13366	5993
1384	prompt	5576	6003
1385	prompt	318	6010
1386	prompt	37488	6012
1387	prompt	7072	6018
1388	prompt	3270	6024
1389	prompt	369	6030
1390	prompt	8699	6033
1391	prompt	553	6041
1392	prompt	2532	6043
1393	prompt	1220	6049
1394	prompt	381	6056
1395	prompt	874	6059
1396	prompt	359	6062
1397	prompt	11081	6064
1398	prompt	6	6069
1399	prompt	2904	6070
1400	prompt	11	6077
1401	prompt	421	6078
1402	prompt	668	6083
1403	prompt	381	6088
1404	prompt	3766	6091
1405	prompt	9184	6100
1406	prompt	10152	6114
1407	prompt	328	6117
1408	prompt	1030	6119
1409	prompt	4212	6122
1410	prompt	763	6127
1411	prompt	220	6129
1412	prompt	17	6130
1413	prompt	11	6131
1414	prompt	328	6132
1415	prompt	2721	6134
1416	prompt	4212	6137
1417	prompt	763	6142
1418	prompt	220	6144
1419	prompt	19	6145
1420	prompt	11	6146
1421	prompt	328	6147
1422	prompt	1267	6149
1423	prompt	763	6153
1424	prompt	328	6155
1425	prompt	1595	6157
1426	prompt	487	6162
1427	prompt	328	6164
1428	prompt	3494	6166
1429	prompt	763	6171
1430	prompt	5046	6173
1431	prompt	1267	6176
1432	prompt	763	6180
1433	prompt	328	6182
1434	prompt	1640	6184
1435	prompt	487	6190
1436	prompt	328	6192
1437	prompt	12811	6194
1438	prompt	763	6204
1439	prompt	5046	6206
1440	prompt	1448	6209
1441	prompt	763	6214
1442	prompt	5046	6216
1443	prompt	4532	6219
1444	prompt	763	6230
1445	prompt	328	6232
1446	prompt	760	6234
1447	prompt	2940	6237
1448	prompt	1414	6245
1449	prompt	364	6250
1450	prompt	411	6254
1451	prompt	2904	6259
1452	prompt	421	6266
1453	prompt	279	6271
1454	prompt	1156	6275
1455	prompt	668	6280
1456	prompt	1436	6285
1457	prompt	321	6289
1458	prompt	3186	6293
1459	prompt	13	6300
1460	prompt	11910	6301
1461	prompt	381	6308
1462	prompt	61446	6311
1463	prompt	318	6319
1464	prompt	16	6321
1465	prompt	12	6322
1466	prompt	20	6323
1467	prompt	4105	6324
1468	prompt	8	6330
1469	prompt	321	6331
1470	prompt	9077	6335
1471	prompt	7276	6343
1472	prompt	279	6352
1473	prompt	5576	6356
1474	prompt	10152	6363
1475	prompt	328	6366
1476	prompt	1267	6368
1477	prompt	763	6372
1478	prompt	328	6374
1479	prompt	889	6376
1480	prompt	13933	6382
1481	prompt	328	6385
1482	prompt	4532	6387
1483	prompt	763	6398
1484	prompt	5046	6400
1485	prompt	4532	6403
1486	prompt	763	6414
1487	prompt	328	6416
1488	prompt	67407	6418
1489	prompt	314	6429
1490	prompt	1092	6432
1491	prompt	411	6437
1492	prompt	2904	6442
1493	prompt	3254	6449
1494	prompt	466	6455
1495	prompt	1092	6458
1496	prompt	668	6463
1497	prompt	3420	6468
1498	prompt	413	6475
1499	prompt	11543	6478
1500	prompt	13	6485
1501	prompt	48810	6486
1502	prompt	364	6493
1503	prompt	7984	6497
1504	prompt	2193	6507
1505	prompt	883	6515
1506	prompt	6355	6521
1507	prompt	61782	6527
1508	prompt	466	6532
1509	prompt	23398	6535
1510	prompt	10152	6548
1511	prompt	328	6551
1512	prompt	1267	6553
1513	prompt	763	6557
1514	prompt	328	6559
1515	prompt	889	6561
1516	prompt	13933	6567
1517	prompt	328	6570
1518	prompt	26297	6572
1519	prompt	763	6579
1520	prompt	5046	6581
1521	prompt	4532	6584
1522	prompt	763	6595
1523	prompt	328	6597
1524	prompt	14863	6599
1525	prompt	16620	6607
1526	prompt	2144	6615
1527	prompt	21685	6623
1528	prompt	948	6632
1529	prompt	411	6637
1530	prompt	2904	6642
1531	prompt	369	6649
1532	prompt	10419	6652
1533	prompt	13	6660
1534	prompt	5272	6661
1535	prompt	364	6665
1536	prompt	7612	6669
1537	prompt	8339	6674
1538	prompt	11	6677
1539	prompt	1970	6678
1540	prompt	66320	6683
1541	prompt	11	6692
1542	prompt	466	6693
1543	prompt	8851	6696
1544	prompt	34322	6703
1545	prompt	421	6715
1546	prompt	1438	6720
1547	prompt	3719	6725
1548	prompt	9150	6731
1549	prompt	2519	6739
1550	prompt	13	6747
1551	prompt	3382	6748
1552	prompt	279	6752
1553	prompt	5224	6756
1554	prompt	3874	6761
1555	prompt	364	6773
1556	prompt	279	6777
1557	prompt	3481	6781
1558	prompt	2144	6790
1559	prompt	3443	6798
1560	prompt	10152	6805
1561	prompt	328	6808
1562	prompt	1267	6810
1563	prompt	763	6814
1564	prompt	328	6816
1565	prompt	889	6818
1566	prompt	8934	6824
1567	prompt	2069	6826
1568	prompt	328	6828
1569	prompt	6081	6830
1570	prompt	763	6838
1571	prompt	4241	6840
1572	prompt	1448	6843
1573	prompt	487	6848
1574	prompt	328	6850
1575	prompt	4532	6852
1576	prompt	7664	6863
1577	prompt	328	6866
1578	prompt	34325	6868
1579	prompt	7654	6878
1580	prompt	763	6888
1581	prompt	867	6890
1582	prompt	36892	6896
1583	prompt	328	6899
1584	prompt	25429	6901
1585	prompt	3270	6906
1586	prompt	763	6912
1587	prompt	5046	6914
1588	prompt	4532	6917
1589	prompt	763	6928
1590	prompt	328	6930
1591	prompt	1591	6932
1592	prompt	310	6935
1593	prompt	804	6938
1594	prompt	310	6943
1595	prompt	2070	6946
1596	prompt	279	6952
1597	prompt	1156	6956
1598	prompt	310	6961
1599	prompt	3186	6964
1600	prompt	5081	6971
1601	prompt	2519	6980
1602	prompt	4370	6988
1603	prompt	314	6996
1604	prompt	1066	6999
1605	prompt	799	7004
1606	prompt	13	7008
1607	prompt	5272	7009
1608	prompt	948	7013
1609	prompt	11125	7018
1610	prompt	513	7026
1611	prompt	524	7030
1612	prompt	50713	7034
1613	prompt	13366	7043
1614	prompt	10152	7053
1615	prompt	328	7056
1616	prompt	2186	7058
1617	prompt	763	7065
1618	prompt	867	7067
1619	prompt	11	7073
1620	prompt	328	7074
1621	prompt	1267	7076
1622	prompt	763	7080
1623	prompt	328	7082
1624	prompt	5925	7084
1625	prompt	8934	7091
1626	prompt	2069	7093
1627	prompt	328	7095
1628	prompt	6081	7097
1629	prompt	763	7105
1630	prompt	4241	7107
1631	prompt	7593	7110
1632	prompt	487	7118
1633	prompt	328	7120
1634	prompt	2621	7122
1635	prompt	487	7128
1636	prompt	328	7130
1637	prompt	2782	7132
1638	prompt	487	7139
1639	prompt	328	7141
1640	prompt	25429	7143
1641	prompt	3270	7148
1642	prompt	7664	7154
1643	prompt	328	7157
1644	prompt	34325	7159
1645	prompt	7654	7169
1646	prompt	763	7179
1647	prompt	867	7181
1648	prompt	36892	7187
1649	prompt	328	7190
1650	prompt	23932	7192
1651	prompt	763	7199
1652	prompt	5046	7201
1653	prompt	4532	7204
1654	prompt	763	7215
1655	prompt	328	7217
1656	prompt	1421	7219
1657	prompt	10926	7223
1658	prompt	14129	7231
1659	prompt	539	7241
1660	prompt	279	7244
1661	prompt	7634	7248
1662	prompt	3566	7259
1663	prompt	487	7269
1664	prompt	328	7271
1665	prompt	1267	7273
1666	prompt	763	7277
1667	prompt	328	7279
1668	prompt	1640	7281
1669	prompt	487	7287
1670	prompt	328	7289
1671	prompt	3573	7291
1672	prompt	7729	7299
1673	prompt	763	7304
1674	prompt	5046	7306
1675	prompt	1267	7309
1676	prompt	763	7313
1677	prompt	328	7315
1678	prompt	889	7317
1679	prompt	13933	7323
1680	prompt	328	7326
1681	prompt	34325	7328
1682	prompt	7654	7338
1683	prompt	763	7348
1684	prompt	5046	7350
1685	prompt	1267	7353
1686	prompt	763	7357
1687	prompt	328	7359
1688	prompt	889	7361
1689	prompt	8934	7367
1690	prompt	2069	7369
1691	prompt	328	7371
1692	prompt	38314	7373
1693	prompt	763	7384
1694	prompt	5046	7386
1695	prompt	4532	7389
1696	prompt	763	7400
1697	prompt	328	7402
1698	prompt	14863	7404
1699	prompt	791	7412
1700	prompt	64174	7416
1701	prompt	31144	7425
1702	prompt	494	7437
1703	prompt	279	7442
1704	prompt	1156	7446
1705	prompt	318	7451
1706	prompt	68	7453
1707	prompt	1257	7454
1708	prompt	2487	7456
1709	prompt	8129	7458
1710	prompt	383	7464
1711	prompt	16620	7467
1712	prompt	36162	7475
1713	prompt	553	7486
1714	prompt	5141	7488
1715	prompt	290	7492
1716	prompt	539	7494
1717	prompt	3296	7497
1718	prompt	1414	7506
1719	prompt	10152	7511
1720	prompt	328	7514
1721	prompt	1267	7516
1722	prompt	763	7520
1723	prompt	328	7522
1724	prompt	1640	7524
1725	prompt	487	7530
1726	prompt	328	7532
1727	prompt	3573	7534
1728	prompt	7729	7542
1729	prompt	763	7547
1730	prompt	5046	7549
1731	prompt	1267	7552
1732	prompt	763	7556
1733	prompt	328	7558
1734	prompt	889	7560
1735	prompt	13933	7566
1736	prompt	328	7569
1737	prompt	34325	7571
1738	prompt	7654	7581
1739	prompt	763	7591
1740	prompt	5046	7593
1741	prompt	1267	7596
1742	prompt	763	7600
1743	prompt	328	7602
1744	prompt	1640	7604
1745	prompt	487	7610
1746	prompt	328	7612
1747	prompt	12811	7614
1748	prompt	763	7624
1749	prompt	5046	7626
1750	prompt	26297	7629
1751	prompt	763	7636
1752	prompt	5046	7638
1753	prompt	4532	7641
1754	prompt	763	7652
1755	prompt	328	7654
1756	prompt	760	7656
1757	prompt	16620	7659
1758	prompt	2144	7667
1759	prompt	314	7675
1760	prompt	279	7678
1761	prompt	3955	7682
1762	prompt	2904	7691
1763	prompt	11	7698
1764	prompt	413	7699
1765	prompt	279	7702
1766	prompt	3296	7706
1767	prompt	1429	7715
1768	prompt	54262	7720
1769	prompt	10152	7729
1770	prompt	328	7732
1771	prompt	1267	7734
1772	prompt	763	7738
1773	prompt	328	7740
1774	prompt	889	7742
1775	prompt	13933	7748
1776	prompt	328	7751
1777	prompt	17742	7753
1778	prompt	763	7758
1779	prompt	5046	7760
1780	prompt	4532	7763
1781	prompt	763	7774
1782	prompt	328	7776
1783	prompt	10621	7778
1784	prompt	9067	7782
1785	prompt	8129	7787
1786	prompt	279	7793
1787	prompt	1156	7797
1788	prompt	3568	7802
1789	prompt	310	7808
1790	prompt	836	7811
1791	prompt	6381	7817
1792	prompt	10152	7827
1793	prompt	328	7830
1794	prompt	1267	7832
1795	prompt	763	7836
1796	prompt	328	7838
1797	prompt	889	7840
1798	prompt	8934	7846
1799	prompt	2069	7848
1800	prompt	328	7850
1801	prompt	34325	7852
1802	prompt	7654	7862
1803	prompt	763	7872
1804	prompt	867	7874
1805	prompt	36892	7880
1806	prompt	328	7883
1807	prompt	17111	7885
1808	prompt	763	7893
1809	prompt	5046	7895
1810	prompt	4532	7898
1811	prompt	763	7909
1812	prompt	328	7911
1813	prompt	14863	7913
1814	prompt	10836	7921
1815	prompt	364	7930
1816	prompt	14419	7934
1817	prompt	321	7943
1818	prompt	26970	7947
1819	prompt	9602	7957
1820	prompt	13	7966
1821	prompt	2717	7967
1822	prompt	12234	7971
1823	prompt	310	7981
1824	prompt	1156	7984
1825	prompt	10152	7989
1826	prompt	328	7992
1827	prompt	1267	7994
1828	prompt	763	7998
1829	prompt	328	8000
1830	prompt	1640	8002
1831	prompt	487	8008
1832	prompt	328	8010
1833	prompt	12811	8012
1834	prompt	763	8022
1835	prompt	5046	8024
1836	prompt	2348	8027
1837	prompt	763	8033
1838	prompt	5046	8035
1839	prompt	4532	8038
1840	prompt	763	8049
1841	prompt	328	8051
1842	prompt	14863	8053
1843	prompt	12448	8061
1844	prompt	364	8072
1845	prompt	279	8076
1846	prompt	2450	8080
1847	prompt	314	8087
1848	prompt	411	8090
1849	prompt	3296	8095
1850	prompt	318	8104
1851	prompt	68	8106
1852	prompt	1257	8107
1853	prompt	2487	8109
1854	prompt	7018	8111
1855	prompt	28321	8114
1856	prompt	2037	8122
1857	prompt	364	8124
1858	prompt	593	8128
1859	prompt	28321	8130
1860	prompt	3108	8138
1861	prompt	553	8146
1862	prompt	11851	8148
1863	prompt	364	8153
1864	prompt	26970	8157
1865	prompt	14419	8167
1866	prompt	10152	8176
1867	prompt	328	8179
1868	prompt	1267	8181
1869	prompt	763	8185
1870	prompt	328	8187
1871	prompt	889	8189
1872	prompt	8934	8195
1873	prompt	2069	8197
1874	prompt	328	8199
1875	prompt	34325	8201
1876	prompt	7654	8211
1877	prompt	763	8221
1878	prompt	867	8223
1879	prompt	36892	8229
1880	prompt	328	8232
1881	prompt	6081	8234
1882	prompt	763	8242
1883	prompt	4241	8244
1884	prompt	16837	8247
1885	prompt	7664	8256
1886	prompt	328	8259
1887	prompt	34325	8261
1888	prompt	7654	8271
1889	prompt	763	8281
1890	prompt	867	8283
1891	prompt	72964	8289
1892	prompt	198	8292
1893	prompt	4754	8293
1894	prompt	1267	8295
1895	prompt	763	8299
1896	prompt	328	8301
1897	prompt	1628	8303
1898	prompt	487	8311
1899	prompt	328	8313
1900	prompt	1628	8315
1901	prompt	763	8323
1902	prompt	5046	8325
1903	prompt	591	8328
1904	prompt	763	8332
1905	prompt	328	8334
1906	prompt	33	8336
1907	prompt	956	8337
1908	prompt	487	8340
1909	prompt	328	8342
1910	prompt	4532	8344
1911	prompt	763	8355
1912	prompt	328	8357
1913	prompt	9912	8359
1914	prompt	2027	8363
1915	prompt	264	8367
1916	prompt	26156	8369
1917	prompt	3108	8374
1918	prompt	321	8382
1919	prompt	4523	8386
1920	prompt	1141	8394
1921	prompt	2468	8398
1922	prompt	6889	8405
1923	prompt	77	8407
1924	prompt	1639	8408
1925	prompt	12	8410
1926	prompt	21463	8411
1927	prompt	6025	8419
1928	prompt	63815	8429
1929	prompt	1881	8438
1930	prompt	6526	8446
1931	prompt	11	8452
1932	prompt	694	8453
1933	prompt	10386	8457
1934	prompt	10424	8464
1935	prompt	12351	8473
1936	prompt	1892	8479
1937	prompt	1510	8483
1938	prompt	4243	8485
1939	prompt	63	8487
1940	prompt	303	8488
1941	prompt	264	8491
1942	prompt	22889	8493
1943	prompt	3108	8502
1944	prompt	628	8510
1945	prompt	7926	8514
1946	prompt	264	8522
1947	prompt	7634	8524
1948	prompt	9640	8535
1949	prompt	13	8542
1950	prompt	28442	8543
1951	prompt	1528	8549
1952	prompt	318	8555
1953	prompt	3059	8557
1954	prompt	19335	8560
1955	prompt	11	8565
1956	prompt	5568	8566
1957	prompt	8	8576
1958	prompt	1503	8577
1959	prompt	524	8582
1960	prompt	21640	8586
1961	prompt	26	8594
1962	prompt	279	8595
1963	prompt	12168	8599
1964	prompt	369	8605
1965	prompt	16761	8608
1966	prompt	494	8620
1967	prompt	279	8625
1968	prompt	1156	8629
1969	prompt	579	8634
1970	prompt	5353	8636
1971	prompt	6889	8644
1972	prompt	77	8646
1973	prompt	12	8647
1974	prompt	64872	8648
1975	prompt	25	8658
1976	prompt	32879	8659
1977	prompt	1608	8665
1978	prompt	411	8671
1979	prompt	5224	8676
1980	prompt	310	8681
1981	prompt	1542	8684
1982	prompt	1510	8688
1983	prompt	4466	8690
1984	prompt	7561	8693
1985	prompt	1510	8695
1986	prompt	1916	8697
1987	prompt	7561	8701
1988	prompt	1510	8703
1989	prompt	14166	8705
1990	prompt	7561	8709
1991	prompt	1510	8711
1992	prompt	30293	8713
1993	prompt	7561	8716
1994	prompt	1510	8718
1995	prompt	22670	8720
1996	prompt	7561	8723
1997	prompt	466	8725
1998	prompt	1510	8728
1999	prompt	2949	8730
2000	prompt	63	8734
2001	prompt	10966	8735
2002	prompt	11	8744
2003	prompt	7014	8745
2004	prompt	20335	8752
2005	prompt	39622	8763
2006	prompt	466	8774
2007	prompt	1238	8777
2008	prompt	488	8783
2009	prompt	599	8787
2010	prompt	23185	8792
2011	prompt	421	8801
2012	prompt	264	8806
2013	prompt	11886	8808
2014	prompt	5224	8818
2015	prompt	4021	8823
2016	prompt	21374	8830
2017	prompt	678	8841
2018	prompt	3274	8846
2019	prompt	13	8851
2020	prompt	11746	8852
2021	prompt	11	8860
2022	prompt	958	8861
2023	prompt	279	8865
2024	prompt	8053	8869
2025	prompt	11886	8881
2026	prompt	5224	8891
2027	prompt	430	8896
2028	prompt	411	8899
2029	prompt	668	8904
2030	prompt	3300	8909
2031	prompt	264	8917
2032	prompt	1691	8919
2033	prompt	2577	8924
2034	prompt	3039	8931
2035	prompt	364	8942
2036	prompt	279	8946
2037	prompt	1156	8950
2038	prompt	6889	8955
2039	prompt	77	8957
2040	prompt	12	8958
2041	prompt	1510	8959
2042	prompt	13745	8961
2043	prompt	63	8968
2044	prompt	369	8969
2045	prompt	303	8972
2046	prompt	29508	8975
2047	prompt	25	8988
2048	prompt	1581	8989
2049	prompt	220	8997
2050	prompt	16	8998
2051	prompt	17	8999
2052	prompt	15	9000
2053	prompt	15	9001
2054	prompt	15	9002
2055	prompt	15	9003
2056	prompt	11	9004
2057	prompt	1866	9005
2058	prompt	220	9009
2059	prompt	21	9010
2060	prompt	15	9011
2061	prompt	15	9012
2062	prompt	15	9013
2063	prompt	15	9014
2064	prompt	15	9015
2065	prompt	6889	9016
2066	prompt	77	9018
2067	prompt	12	9019
2068	prompt	1510	9020
2069	prompt	5917	9022
2070	prompt	1201	9025
2071	prompt	23348	9028
2072	prompt	63	9039
2073	prompt	8213	9040
2074	prompt	279	9045
2075	prompt	3108	9049
2076	prompt	42465	9057
2077	prompt	25	9066
2078	prompt	424	9067
2079	prompt	13205	9070
2080	prompt	4162	9076
2081	prompt	3808	9084
2082	prompt	10263	9091
2083	prompt	321	9097
2084	prompt	311	9101
2085	prompt	84470	9104
2086	prompt	7690	9108
2087	prompt	488	9112
2088	prompt	948	9116
2089	prompt	424	9121
2090	prompt	40693	9124
2091	prompt	13	9130
2092	prompt	2233	9131
2093	prompt	1510	9134
2094	prompt	5	9136
2095	prompt	63	9137
2096	prompt	4221	9138
2097	prompt	13	9145
2098	prompt	7950	9146
2099	prompt	1884	9151
2100	prompt	1510	9157
2101	prompt	24987	9159
2102	prompt	63	9164
2103	prompt	369	9165
2104	prompt	18716	9168
2105	prompt	26	9176
2106	prompt	958	9177
2107	prompt	22784	9181
2108	prompt	440	9189
2109	prompt	449	9194
2110	prompt	2980	9197
2111	prompt	58621	9203
2112	prompt	310	9208
2113	prompt	3655	9211
2114	prompt	383	9216
2115	prompt	264	9219
2116	prompt	2876	9221
2117	prompt	6889	9231
2118	prompt	77	9233
2119	prompt	1639	9234
2120	prompt	2	9236
2121	prompt	20473	9237
2122	prompt	1639	9241
2123	prompt	12	9243
2124	prompt	40485	9244
2125	prompt	7789	9256
2126	prompt	27718	9262
2127	prompt	12	9265
2128	prompt	72	9266
2129	prompt	7561	9267
2130	prompt	378	9269
2131	prompt	1257	9271
2132	prompt	13	9273
2133	prompt	1510	9274
2134	prompt	12513	9276
2135	prompt	311	9279
2136	prompt	3051	9282
2137	prompt	471	9286
2138	prompt	72	9288
2139	prompt	7561	9289
2140	prompt	1510	9291
2141	prompt	12513	9293
2142	prompt	884	9296
2143	prompt	471	9300
2144	prompt	72	9302
2145	prompt	31789	9303
2146	prompt	513	9305
2147	prompt	524	9309
2148	prompt	7021	9313
2149	prompt	303	9323
2150	prompt	411	9326
2151	prompt	4424	9331
2152	prompt	6889	9343
2153	prompt	77	9345
2154	prompt	12	9346
2155	prompt	5272	9347
2156	prompt	279	9351
2157	prompt	1510	9355
2158	prompt	840	9357
2159	prompt	63	9359
2160	prompt	37978	9360
2161	prompt	364	9364
2162	prompt	31038	9368
2163	prompt	7289	9375
2164	prompt	318	9386
2165	prompt	6277	9388
2166	prompt	82	9390
2167	prompt	11	9391
2168	prompt	4562	9392
2169	prompt	11	9399
2170	prompt	5165	9400
2171	prompt	69884	9404
2172	prompt	77	9407
2173	prompt	12	9408
2174	prompt	8932	9409
2175	prompt	466	9416
2176	prompt	4336	9419
2177	prompt	1132	9424
2178	prompt	948	9429
2179	prompt	279	9434
2180	prompt	1156	9438
2181	prompt	16561	9443
2182	prompt	13	9448
2183	prompt	1368	9449
2184	prompt	383	9452
2185	prompt	279	9455
2186	prompt	1581	9459
2187	prompt	8602	9467
2188	prompt	11	9474
2189	prompt	8602	9475
2190	prompt	1118	9482
2191	prompt	6889	9488
2192	prompt	77	9490
2193	prompt	12	9491
2194	prompt	3839	9492
2195	prompt	15865	9496
2196	prompt	5099	9500
2197	prompt	6397	9507
2198	prompt	440	9516
2199	prompt	6964	9521
2200	prompt	77	9523
2201	prompt	7108	9524
2202	prompt	12	9526
2203	prompt	4925	9527
2204	prompt	2922	9531
2205	prompt	12	9535
2206	prompt	1311	9536
2207	prompt	25	9538
2208	prompt	71802	9539
2209	prompt	10356	9546
2210	prompt	350	9549
2211	prompt	220	9551
2212	prompt	19	9552
2213	prompt	13	9553
2214	prompt	23	9554
2215	prompt	318	9555
2216	prompt	16	9557
2217	prompt	44	9558
2218	prompt	2193	9559
2219	prompt	8	9567
2220	prompt	361	9568
2221	prompt	89862	9570
2222	prompt	2460	9574
2223	prompt	31	9577
2224	prompt	30205	9578
2225	prompt	42481	9582
2226	prompt	877	9587
2227	prompt	8189	9591
2228	prompt	77	9593
2229	prompt	12	9594
2230	prompt	3839	9595
2231	prompt	8313	9599
2232	prompt	12497	9602
2233	prompt	440	9609
2234	prompt	6964	9614
2235	prompt	77	9616
2236	prompt	9008	9617
2237	prompt	97	9619
2238	prompt	244	9620
2239	prompt	29493	9621
2240	prompt	440	9631
2241	prompt	498	9636
2242	prompt	228962	9638
2243	prompt	5927	9644
2244	prompt	9251	9649
2245	prompt	2349	9651
2246	prompt	1074	9656
2247	prompt	51860	9659
2248	prompt	768	9662
2249	prompt	877	9665
2250	prompt	14	9669
2251	prompt	51860	9670
2252	prompt	768	9673
2253	prompt	24459	9676
2254	prompt	11250	9681
2255	prompt	328	9684
2256	prompt	13390	9686
2257	prompt	763	9696
2258	prompt	5046	9698
2259	prompt	3	9701
2260	prompt	16838	9702
2261	prompt	763	9708
2262	prompt	328	9710
2263	prompt	2349	9712
2264	prompt	1074	9717
2265	prompt	2164	9720
2266	prompt	76939	9724
2267	prompt	2572	9731
2268	prompt	3336	9735
2269	prompt	2850	9737
2270	prompt	14	9741
2271	prompt	17	9742
2272	prompt	15	9743
2273	prompt	17	9744
2274	prompt	15	9745
2275	prompt	12	9746
2276	prompt	16	9747
2277	prompt	17	9748
2278	prompt	59082	9749
2279	prompt	487	9756
2280	prompt	328	9758
2281	prompt	1267	9760
2282	prompt	763	9764
2283	prompt	328	9766
2284	prompt	1640	9768
2285	prompt	487	9774
2286	prompt	328	9776
2287	prompt	12811	9778
2288	prompt	763	9788
2289	prompt	5046	9790
2290	prompt	5454	9793
2291	prompt	763	9800
2292	prompt	5046	9802
2293	prompt	4532	9805
2294	prompt	763	9816
2295	prompt	328	9818
2296	prompt	760	9820
2297	prompt	3108	9823
2298	prompt	310	9831
2299	prompt	8754	9834
2300	prompt	487	9842
2301	prompt	328	9844
2302	prompt	1267	9846
2303	prompt	763	9850
2304	prompt	328	9852
2305	prompt	889	9854
2306	prompt	13933	9860
2307	prompt	328	9863
2308	prompt	13745	9865
2309	prompt	763	9872
2310	prompt	5046	9874
2311	prompt	4532	9877
2312	prompt	763	9888
2313	prompt	328	9890
2314	prompt	14863	9892
2315	prompt	9345	9900
2316	prompt	303	9908
2317	prompt	29508	9911
2318	prompt	318	9924
2319	prompt	2721	9926
2320	prompt	220	9929
2321	prompt	21	9930
2322	prompt	15	9931
2323	prompt	15	9932
2324	prompt	15	9933
2325	prompt	15	9934
2326	prompt	15	9935
2327	prompt	11250	9936
2328	prompt	328	9939
2329	prompt	1267	9941
2330	prompt	763	9945
2331	prompt	328	9947
2332	prompt	3946	9949
2333	prompt	13933	9955
2334	prompt	328	9958
2335	prompt	4532	9960
2336	prompt	763	9971
2337	prompt	5046	9973
2338	prompt	4532	9976
2339	prompt	763	9987
2340	prompt	328	9989
2341	prompt	13606	9991
2342	prompt	11	9996
2343	prompt	61446	9997
2344	prompt	3874	10005
2345	prompt	314	10017
2346	prompt	1092	10020
2347	prompt	411	10025
2348	prompt	3108	10030
2349	prompt	1503	10038
2350	prompt	303	10043
2351	prompt	4393	10046
2352	prompt	7497	10053
2353	prompt	13	10059
2354	prompt	14271	10060
2355	prompt	958	10066
2356	prompt	4105	10070
2357	prompt	1040	10076
2358	prompt	7018	10081
2359	prompt	22523	10084
2360	prompt	2037	10091
2361	prompt	466	10093
2362	prompt	7018	10096
2363	prompt	78151	10099
2364	prompt	2037	10103
2365	prompt	303	10105
2366	prompt	279	10108
2367	prompt	3874	10112
2368	prompt	471	10124
2369	prompt	1066	10126
2370	prompt	7276	10131
2371	prompt	1092	10140
2372	prompt	424	10145
2373	prompt	1503	10148
2374	prompt	6889	10153
2375	prompt	77	10155
2376	prompt	1639	10156
2377	prompt	2381	10158
2378	prompt	4145	10161
2379	prompt	10966	10168
2380	prompt	318	10177
2381	prompt	12513	10179
2382	prompt	11	10182
2383	prompt	44876	10183
2384	prompt	11	10187
2385	prompt	5129	10188
2386	prompt	37978	10197
2387	prompt	7141	10201
2388	prompt	681	10207
2389	prompt	2426	10209
2390	prompt	424	10214
2391	prompt	9522	10217
2392	prompt	318	10223
2393	prompt	20	10225
2394	prompt	12	10226
2395	prompt	16	10227
2396	prompt	15	10228
2397	prompt	4105	10229
2398	prompt	85983	10235
2399	prompt	77	10238
2400	prompt	12	10239
2401	prompt	18997	10240
2402	prompt	11069	10243
2403	prompt	7018	10247
2404	prompt	826	10250
2405	prompt	3425	10254
2406	prompt	303	10260
2407	prompt	1428	10263
2408	prompt	6025	10271
2409	prompt	21555	10281
2410	prompt	77	10284
2411	prompt	12	10285
2412	prompt	15865	10286
2413	prompt	2552	10290
2414	prompt	11069	10297
2415	prompt	7018	10301
2416	prompt	7565	10304
2417	prompt	3133	10308
2418	prompt	4757	10316
2419	prompt	2552	10321
2420	prompt	21555	10328
2421	prompt	77	10331
2422	prompt	12	10332
2423	prompt	44876	10333
2424	prompt	4433	10337
2425	prompt	11069	10345
2426	prompt	7018	10349
2427	prompt	23912	10352
2428	prompt	6129	10359
2429	prompt	18948	10367
2430	prompt	21555	10380
2431	prompt	77	10383
2432	prompt	1639	10384
2433	prompt	2381	10386
2434	prompt	10966	10389
2435	prompt	421	10398
2436	prompt	513	10403
2437	prompt	15288	10407
2438	prompt	310	10414
2439	prompt	4563	10417
2440	prompt	506	10423
2441	prompt	264	10426
2442	prompt	32315	10428
2443	prompt	318	10435
2444	prompt	79	10437
2445	prompt	30680	10438
2446	prompt	10966	10442
2447	prompt	11	10451
2448	prompt	38225	10452
2449	prompt	7789	10460
2450	prompt	11	10466
2451	prompt	4831	10467
2452	prompt	23618	10471
2453	prompt	884	10474
2454	prompt	3213	10478
2455	prompt	2193	10485
2456	prompt	310	10493
2457	prompt	35932	10496
2458	prompt	1092	10504
2459	prompt	424	10509
2460	prompt	1503	10512
2461	prompt	6964	10517
2462	prompt	77	10519
2463	prompt	12	10520
2464	prompt	1423	10521
2465	prompt	641	10526
2466	prompt	471	10528
2467	prompt	591	10530
2468	prompt	7018	10534
2469	prompt	19315	10537
2470	prompt	5008	10539
2471	prompt	2037	10542
2472	prompt	471	10544
2473	prompt	11411	10546
2474	prompt	18425	10550
2475	prompt	4535	10553
2476	prompt	24193	10556
2477	prompt	26	10559
2478	prompt	11069	10560
2479	prompt	7018	10564
2480	prompt	9592	10567
2481	prompt	321	10571
2482	prompt	3572	10575
2483	prompt	660	10582
2484	prompt	641	10586
2485	prompt	5008	10588
2486	prompt	3425	10591
2487	prompt	51070	10597
2488	prompt	21555	10609
2489	prompt	77	10612
2490	prompt	12	10613
2491	prompt	15865	10614
2492	prompt	7345	10618
2493	prompt	1137	10624
2494	prompt	18140	10627
2495	prompt	6042	10631
2496	prompt	14905	10638
2497	prompt	11069	10643
2498	prompt	7018	10647
2499	prompt	22744	10650
2500	prompt	552	10654
2501	prompt	660	10657
2502	prompt	2136	10661
2503	prompt	4203	10667
2504	prompt	321	10675
2505	prompt	2353	10679
2506	prompt	8434	10685
2507	prompt	1822	10692
2508	prompt	21555	10697
2509	prompt	77	10700
2510	prompt	12	10701
2511	prompt	13556	10702
2512	prompt	471	10707
2513	prompt	82	10709
2514	prompt	2435	10710
2515	prompt	735	10714
2516	prompt	43168	10716
2517	prompt	6060	10719
2518	prompt	673	10722
2519	prompt	1249	10726
2520	prompt	6	10728
2521	prompt	11069	10729
2522	prompt	7018	10733
2523	prompt	20087	10736
2524	prompt	4566	10741
2525	prompt	494	10746
2526	prompt	5375	10751
2527	prompt	321	10755
2528	prompt	8385	10759
2529	prompt	795	10767
2530	prompt	1287	10772
2531	prompt	5255	10778
2532	prompt	53980	10787
2533	prompt	328	10791
2534	prompt	1267	10793
2535	prompt	763	10797
2536	prompt	328	10799
2537	prompt	889	10801
2538	prompt	13933	10807
2539	prompt	328	10810
2540	prompt	5917	10812
2541	prompt	1201	10815
2542	prompt	23348	10818
2543	prompt	763	10829
2544	prompt	5046	10831
2545	prompt	4532	10834
2546	prompt	763	10845
2547	prompt	328	10847
2548	prompt	1591	10849
2549	prompt	310	10852
2550	prompt	804	10855
2551	prompt	310	10860
2552	prompt	1542	10863
2553	prompt	411	10867
2554	prompt	3108	10872
2555	prompt	303	10880
2556	prompt	279	10883
2557	prompt	3870	10887
2558	prompt	10152	10898
2559	prompt	328	10901
2560	prompt	1267	10903
2561	prompt	763	10907
2562	prompt	328	10909
2563	prompt	5925	10911
2564	prompt	13933	10918
2565	prompt	328	10921
2566	prompt	30416	10923
2567	prompt	6799	10929
2568	prompt	24669	10934
2569	prompt	50	10941
2570	prompt	30498	10942
2571	prompt	763	10948
2572	prompt	5046	10950
2573	prompt	4532	10953
2574	prompt	763	10964
2575	prompt	328	10966
2576	prompt	1591	10968
2577	prompt	411	10971
2578	prompt	310	10976
2579	prompt	804	10979
2580	prompt	310	10984
2581	prompt	56519	10987
2582	prompt	2723	10999
2583	prompt	41339	11008
2584	prompt	3728	11016
2585	prompt	321	11021
2586	prompt	1542	11025
2587	prompt	10966	11029
2588	prompt	1973	11038
2589	prompt	41339	11046
2590	prompt	286	11054
2591	prompt	10152	11057
2592	prompt	328	11060
2593	prompt	1267	11062
2594	prompt	763	11066
2595	prompt	328	11068
2596	prompt	5925	11070
2597	prompt	8934	11077
2598	prompt	2069	11079
2599	prompt	328	11081
2600	prompt	6081	11083
2601	prompt	763	11091
2602	prompt	4241	11093
2603	prompt	5454	11096
2604	prompt	7664	11103
2605	prompt	328	11106
2606	prompt	34325	11108
2607	prompt	7654	11118
2608	prompt	763	11128
2609	prompt	867	11130
2610	prompt	72964	11136
2611	prompt	198	11139
2612	prompt	4754	11140
2613	prompt	1267	11142
2614	prompt	763	11146
2615	prompt	328	11148
2616	prompt	1628	11150
2617	prompt	487	11158
2618	prompt	328	11160
2619	prompt	1628	11162
2620	prompt	763	11170
2621	prompt	5046	11172
2622	prompt	591	11175
2623	prompt	763	11179
2624	prompt	328	11181
2625	prompt	34	11183
2626	prompt	2176	11184
2627	prompt	3886	11187
2628	prompt	487	11193
2629	prompt	328	11195
2630	prompt	4532	11197
2631	prompt	763	11208
2632	prompt	328	11210
2633	prompt	31147	11212
2634	prompt	264	11220
2635	prompt	9640	11222
2636	prompt	310	11229
2637	prompt	381	11232
2638	prompt	644	11235
2639	prompt	64298	11238
2640	prompt	506	11244
2641	prompt	264	11247
2642	prompt	3725	11249
2643	prompt	854	11256
2644	prompt	13	11261
2645	prompt	5272	11262
2646	prompt	364	11266
2647	prompt	2107	11270
2648	prompt	43741	11275
2649	prompt	35551	11285
2650	prompt	321	11295
2651	prompt	799	11299
2652	prompt	61384	11303
2653	prompt	63383	11308
2654	prompt	6889	11318
2655	prompt	77	11320
2656	prompt	1639	11321
2657	prompt	66631	11323
2658	prompt	5129	11327
2659	prompt	220	11336
2660	prompt	20	11337
2661	prompt	18552	11338
2662	prompt	45025	11344
2663	prompt	303	11349
2664	prompt	279	11352
2665	prompt	1156	11356
2666	prompt	579	11361
2667	prompt	2136	11363
2668	prompt	32832	11369
2669	prompt	25	11378
2670	prompt	9104	11379
2671	prompt	6258	11386
2672	prompt	1834	11391
2673	prompt	8404	11395
2674	prompt	21598	11398
2675	prompt	2182	11404
2676	prompt	1834	11410
2677	prompt	8404	11414
2678	prompt	28547	11417
2679	prompt	13	11422
2680	prompt	7018	11423
2681	prompt	15	11426
2682	prompt	220	11427
2683	prompt	24	11428
2684	prompt	348	11429
2685	prompt	348	11431
2686	prompt	348	11433
2687	prompt	2037	11435
2688	prompt	3254	11437
2689	prompt	220	11443
2690	prompt	24	11444
2691	prompt	308	11445
2692	prompt	2136	11447
2693	prompt	1892	11453
2694	prompt	874	11457
2695	prompt	32832	11460
2696	prompt	13996	11469
2697	prompt	4221	11480
2698	prompt	6889	11487
2699	prompt	77	11489
2700	prompt	1639	11490
2701	prompt	550	11492
2702	prompt	3648	11494
2703	prompt	61384	11498
2704	prompt	8806	11503
2705	prompt	318	11509
2706	prompt	265	11511
2707	prompt	44216	11513
2708	prompt	25	11520
2709	prompt	867	11521
2710	prompt	10383	11527
2711	prompt	77	11529
2712	prompt	1639	11530
2713	prompt	2381	11532
2714	prompt	7018	11535
2715	prompt	1763	11538
2716	prompt	474	11541
2717	prompt	728	11544
2718	prompt	506	11547
2719	prompt	1543	11550
2720	prompt	2037	11552
2721	prompt	466	11554
2722	prompt	7018	11557
2723	prompt	266	11560
2724	prompt	361	11562
2725	prompt	1619	11564
2726	prompt	7813	11568
2727	prompt	635	11570
2728	prompt	783	11573
2729	prompt	2037	11575
2730	prompt	7154	11577
2731	prompt	1892	11586
2732	prompt	3807	11590
2733	prompt	2957	11595
2734	prompt	1179	11600
2735	prompt	3129	11605
2736	prompt	39554	11610
2737	prompt	6889	11617
2738	prompt	77	11619
2739	prompt	19256	11620
2740	prompt	9104	11623
2741	prompt	7294	11630
2742	prompt	405	11632
2743	prompt	43251	11635
2744	prompt	8404	11639
2745	prompt	21598	11642
2746	prompt	45741	11648
2747	prompt	310	11654
2748	prompt	3050	11657
2749	prompt	2663	11666
2750	prompt	6964	11673
2751	prompt	77	11675
2752	prompt	220	11676
2753	prompt	7018	11677
2754	prompt	1763	11680
2755	prompt	474	11683
2756	prompt	728	11686
2757	prompt	506	11689
2758	prompt	220	11692
2759	prompt	17	11693
2760	prompt	25	11694
2761	prompt	18	11695
2762	prompt	15	11696
2763	prompt	5022	11697
2764	prompt	3242	11699
2765	prompt	310	11705
2766	prompt	1716	11708
2767	prompt	279	11714
2768	prompt	10204	11718
2769	prompt	2037	11725
2770	prompt	11069	11727
2771	prompt	45025	11731
2772	prompt	25	11736
2773	prompt	7018	11737
2774	prompt	18	11740
2775	prompt	15	11741
2776	prompt	220	11742
2777	prompt	16	11743
2778	prompt	19	11744
2779	prompt	361	11745
2780	prompt	29129	11747
2781	prompt	34564	11752
2782	prompt	29	11756
2783	prompt	361	11757
2784	prompt	29129	11759
2785	prompt	18362	11764
2786	prompt	29	11770
2787	prompt	348	11771
2788	prompt	15738	11773
2789	prompt	43741	11776
2790	prompt	25	11786
2791	prompt	867	11787
2792	prompt	1639	11793
2793	prompt	220	11795
2794	prompt	7018	11796
2795	prompt	36164	11799
2796	prompt	7522	11802
2797	prompt	6353	11807
2798	prompt	11	11815
2799	prompt	1542	11816
2800	prompt	279	11820
2801	prompt	15728	11824
2802	prompt	1228	11830
2803	prompt	2037	11835
2804	prompt	11069	11837
2805	prompt	45025	11841
2806	prompt	25	11846
2807	prompt	7018	11847
2808	prompt	20	11850
2809	prompt	22	11851
2810	prompt	220	11852
2811	prompt	23	11853
2812	prompt	361	11854
2813	prompt	36164	11856
2814	prompt	7522	11859
2815	prompt	34564	11864
2816	prompt	29	11868
2817	prompt	361	11869
2818	prompt	36164	11871
2819	prompt	7522	11874
2820	prompt	18362	11879
2821	prompt	29	11885
2822	prompt	348	11886
2823	prompt	15738	11888
2824	prompt	43741	11891
2825	prompt	25	11901
2826	prompt	867	11902
2827	prompt	1639	11908
2828	prompt	1639	11910
2829	prompt	550	11912
2830	prompt	3931	11914
2831	prompt	19826	11918
2832	prompt	6672	11924
2833	prompt	318	11929
2834	prompt	265	11931
2835	prompt	44216	11933
2836	prompt	25	11940
2837	prompt	804	11941
2838	prompt	11	11946
2839	prompt	279	11947
2840	prompt	1581	11951
2841	prompt	10383	11959
2842	prompt	77	11961
2843	prompt	1639	11962
2844	prompt	2381	11964
2845	prompt	7018	11967
2846	prompt	28068	11970
2847	prompt	443	11975
2848	prompt	4276	11977
2849	prompt	2037	11985
2850	prompt	593	11987
2851	prompt	7018	11989
2852	prompt	28068	11992
2853	prompt	6258	11997
2854	prompt	2037	12002
2855	prompt	593	12004
2856	prompt	7018	12006
2857	prompt	9958	12009
2858	prompt	13382	12013
2859	prompt	506	12017
2860	prompt	220	12020
2861	prompt	24	12021
2862	prompt	308	12022
2863	prompt	2037	12024
2864	prompt	7154	12026
2865	prompt	6964	12035
2866	prompt	77	12037
2867	prompt	220	12038
2868	prompt	7018	12039
2869	prompt	1749	12042
2870	prompt	20	12044
2871	prompt	348	12045
2872	prompt	348	12047
2873	prompt	348	12049
2874	prompt	348	12051
2875	prompt	2037	12053
2876	prompt	318	12055
2877	prompt	28068	12057
2878	prompt	220	12062
2879	prompt	20	12063
2880	prompt	1262	12064
2881	prompt	681	12068
2882	prompt	7018	12070
2883	prompt	15	12073
2884	prompt	348	12074
2885	prompt	348	12076
2886	prompt	348	12078
2887	prompt	348	12080
2888	prompt	2037	12082
2889	prompt	318	12084
2890	prompt	23899	12086
2891	prompt	391	12090
2892	prompt	681	12092
2893	prompt	7018	12094
2894	prompt	15	12097
2895	prompt	220	12098
2896	prompt	24	12099
2897	prompt	348	12100
2898	prompt	348	12102
2899	prompt	220	12104
2900	prompt	16	12105
2901	prompt	12	12106
2902	prompt	20	12107
2903	prompt	2037	12108
2904	prompt	318	12110
2905	prompt	9958	12112
2906	prompt	13382	12116
2907	prompt	506	12120
2908	prompt	220	12123
2909	prompt	24	12124
2910	prompt	308	12125
2911	prompt	2136	12127
2912	prompt	10383	12133
2913	prompt	77	12135
2914	prompt	1639	12136
2915	prompt	550	12138
2916	prompt	32879	12140
2917	prompt	279	12146
2918	prompt	535	12150
2919	prompt	15	12152
2920	prompt	15	12153
2921	prompt	321	12154
2922	prompt	535	12158
2923	prompt	18	12160
2924	prompt	15	12161
2925	prompt	9104	12162
2926	prompt	14973	12169
2927	prompt	948	12175
2928	prompt	279	12180
2929	prompt	3274	12184
2930	prompt	5954	12189
2931	prompt	424	12196
2932	prompt	1639	12199
2933	prompt	1639	12201
2934	prompt	11179	12203
2935	prompt	1156	12208
2936	prompt	852	12213
2937	prompt	16561	12217
2938	prompt	364	12222
2939	prompt	7018	12226
2940	prompt	24	12229
2941	prompt	308	12230
2942	prompt	2037	12232
2943	prompt	5055	12234
2944	prompt	1510	12239
2945	prompt	15	12241
2946	prompt	220	12242
2947	prompt	24	12243
2948	prompt	7561	12244
2949	prompt	321	12246
2950	prompt	1396	12250
2951	prompt	1156	12256
2952	prompt	852	12261
2953	prompt	16561	12265
2954	prompt	364	12270
2955	prompt	7018	12274
2956	prompt	23899	12277
2957	prompt	391	12281
2958	prompt	2037	12283
2959	prompt	5055	12285
2960	prompt	1510	12290
2961	prompt	15	12292
2962	prompt	348	12293
2963	prompt	63	12295
2964	prompt	1892	12296
2965	prompt	864	12300
2966	prompt	3254	12306
2967	prompt	7154	12312
2968	prompt	494	12321
2969	prompt	3808	12326
2970	prompt	279	12333
2971	prompt	11247	12337
2972	prompt	4128	12344
2973	prompt	383	12349
2974	prompt	279	12352
2975	prompt	5165	12356
2976	prompt	506	12360
2977	prompt	279	12363
2978	prompt	1788	12367
2979	prompt	9402	12372
2980	prompt	13	12380
2981	prompt	3095	12381
2982	prompt	279	12386
2983	prompt	1156	12390
2984	prompt	579	12395
2985	prompt	1622	12397
2986	prompt	369	12405
2987	prompt	43374	12408
2988	prompt	11	12420
2989	prompt	3608	12421
2990	prompt	264	12426
2991	prompt	9104	12428
2992	prompt	421	12435
2993	prompt	369	12440
2994	prompt	4045	12443
2995	prompt	220	12447
2996	prompt	15	12448
2997	prompt	466	12449
2998	prompt	220	12452
2999	prompt	18	12453
3000	prompt	15	12454
3001	prompt	6964	12455
3002	prompt	77	12457
3003	prompt	220	12458
3004	prompt	7018	12459
3005	prompt	28068	12462
3006	prompt	6353	12467
3007	prompt	2094	12475
3008	prompt	220	12482
3009	prompt	24	12483
3010	prompt	2037	12484
3011	prompt	11069	12486
3012	prompt	7018	12490
3013	prompt	20	12493
3014	prompt	22	12494
3015	prompt	220	12495
3016	prompt	23	12496
3017	prompt	348	12497
3018	prompt	348	12499
3019	prompt	348	12501
3020	prompt	2037	12503
3021	prompt	466	12505
3022	prompt	7018	12508
3023	prompt	18	12511
3024	prompt	220	12512
3025	prompt	24	12513
3026	prompt	348	12514
3027	prompt	348	12516
3028	prompt	348	12518
3029	prompt	2037	12520
3030	prompt	318	12522
3031	prompt	1856	12524
3032	prompt	7018	12527
3033	prompt	15	12530
3034	prompt	220	12531
3035	prompt	24	12532
3036	prompt	348	12533
3037	prompt	348	12535
3038	prompt	348	12537
3039	prompt	60592	12539
3040	prompt	59	12542
3041	prompt	77	12543
3042	prompt	220	12544
3043	prompt	7018	12545
3044	prompt	23899	12548
3045	prompt	391	12552
3046	prompt	2037	12554
3047	prompt	11069	12556
3048	prompt	7018	12560
3049	prompt	22	12563
3050	prompt	348	12564
3051	prompt	348	12566
3052	prompt	348	12568
3053	prompt	348	12570
3054	prompt	2037	12572
3055	prompt	318	12574
3056	prompt	1856	12576
3057	prompt	7018	12579
3058	prompt	15	12582
3059	prompt	348	12583
3060	prompt	348	12585
3061	prompt	348	12587
3062	prompt	348	12589
3063	prompt	60592	12591
3064	prompt	59	12594
3065	prompt	77	12595
3066	prompt	220	12596
3067	prompt	7018	12597
3068	prompt	258	12600
3069	prompt	449	12602
3070	prompt	6258	12605
3071	prompt	466	12610
3072	prompt	748	12613
3073	prompt	11	12616
3074	prompt	23226	12617
3075	prompt	728	12624
3076	prompt	310	12627
3077	prompt	1076	12630
3078	prompt	2037	12633
3079	prompt	11069	12635
3080	prompt	3608	12639
3081	prompt	8554	12644
3082	prompt	9104	12653
3083	prompt	488	12660
3084	prompt	4128	12664
3085	prompt	383	12669
3086	prompt	11	12672
3087	prompt	1459	12673
3088	prompt	914	12677
3089	prompt	4625	12679
3090	prompt	1639	12685
3091	prompt	1639	12687
3092	prompt	7081	12689
3093	prompt	958	12693
3094	prompt	9104	12697
3095	prompt	220	12704
3096	prompt	15	12705
3097	prompt	466	12706
3098	prompt	220	12709
3099	prompt	18	12710
3100	prompt	15	12711
3101	prompt	948	12712
3102	prompt	279	12717
3103	prompt	1156	12721
3104	prompt	4874	12726
3105	prompt	421	12732
3106	prompt	4581	12737
3107	prompt	854	12743
3108	prompt	321	12748
3109	prompt	9077	12752
3110	prompt	3254	12760
3111	prompt	424	12766
3112	prompt	318	12769
3113	prompt	2037	12771
3114	prompt	266	12773
3115	prompt	220	12775
3116	prompt	24	12776
3117	prompt	25	12777
3118	prompt	15	12778
3119	prompt	15	12779
3120	prompt	16724	12780
3121	prompt	15738	12786
3122	prompt	7018	12789
3123	prompt	266	12792
3124	prompt	4139	12794
3125	prompt	3162	12799
3126	prompt	15738	12804
3127	prompt	63208	12807
3128	prompt	440	12820
3129	prompt	264	12825
3130	prompt	6236	12827
3131	prompt	553	12835
3132	prompt	3095	12837
3133	prompt	303	12842
3134	prompt	10179	12845
3135	prompt	11	12851
3136	prompt	307	12852
3137	prompt	18964	12854
3138	prompt	264	12858
3139	prompt	2342	12860
3140	prompt	4276	12864
3141	prompt	3988	12872
3142	prompt	466	12878
3143	prompt	3200	12881
3144	prompt	1892	12886
3145	prompt	279	12890
3146	prompt	1156	12894
3147	prompt	668	12899
3148	prompt	524	12904
3149	prompt	5125	12908
3150	prompt	11	12915
3151	prompt	321	12916
3152	prompt	279	12920
3153	prompt	24303	12924
3154	prompt	668	12930
3155	prompt	6889	12935
3156	prompt	77	12937
3157	prompt	1639	12938
3158	prompt	550	12940
3159	prompt	8891	12942
3160	prompt	14934	12950
3161	prompt	1639	12955
3162	prompt	1639	12957
3163	prompt	39324	12959
3164	prompt	3756	12963
3165	prompt	1132	12968
3166	prompt	303	12973
3167	prompt	411	12976
3168	prompt	71802	12981
3169	prompt	3669	12988
3170	prompt	1892	12996
3171	prompt	4161	13000
3172	prompt	369	13008
3173	prompt	5158	13011
3174	prompt	310	13019
3175	prompt	12977	13022
3176	prompt	11	13027
3177	prompt	321	13028
3178	prompt	279	13032
3179	prompt	2531	13036
3180	prompt	369	13040
3181	prompt	7795	13043
3182	prompt	948	13048
3183	prompt	71802	13053
3184	prompt	40693	13060
3185	prompt	6889	13066
3186	prompt	77	13068
3187	prompt	1639	13069
3188	prompt	550	13071
3189	prompt	2717	13073
3190	prompt	364	13077
3191	prompt	3756	13081
3192	prompt	9799	13086
3193	prompt	1639	13095
3194	prompt	1639	13097
3195	prompt	34	13099
3196	prompt	2176	13100
3197	prompt	3886	13103
3198	prompt	311	13109
3199	prompt	3667	13112
3200	prompt	10545	13114
3201	prompt	264	13117
3202	prompt	9640	13119
3203	prompt	506	13126
3204	prompt	8097	13129
3205	prompt	6784	13135
3206	prompt	52464	13140
3207	prompt	26126	13146
3208	prompt	13	13156
3209	prompt	1946	13157
3210	prompt	3609	13160
3211	prompt	264	13166
3212	prompt	1433	13168
3213	prompt	999	13172
3214	prompt	11	13177
3215	prompt	1817	13178
3216	prompt	11	13186
3217	prompt	466	13187
3218	prompt	3108	13190
3219	prompt	2468	13198
3220	prompt	321	13205
3221	prompt	381	13209
3222	prompt	28261	13212
3223	prompt	279	13221
3224	prompt	4299	13225
3225	prompt	2414	13232
3226	prompt	4203	13242
3227	prompt	11	13250
3228	prompt	958	13251
3229	prompt	279	13255
3230	prompt	22784	13259
3231	prompt	5224	13267
3232	prompt	4370	13272
3233	prompt	1892	13280
3234	prompt	22784	13284
3235	prompt	22327	13292
3236	prompt	4216	13300
3237	prompt	430	13307
3238	prompt	781	13310
3239	prompt	3420	13315
3240	prompt	26	13322
3241	prompt	45025	13323
3242	prompt	22338	13328
3243	prompt	383	13334
3244	prompt	264	13337
3245	prompt	9412	13339
3246	prompt	6889	13348
3247	prompt	77	13350
3248	prompt	1639	13351
3249	prompt	550	13353
3250	prompt	10634	13355
3251	prompt	7465	13363
3252	prompt	1639	13372
3253	prompt	1639	13374
3254	prompt	39324	13376
3255	prompt	1132	13380
3256	prompt	3807	13385
3257	prompt	1345	13390
3258	prompt	279	13396
3259	prompt	89386	13400
3260	prompt	369	13405
3261	prompt	26750	13408
3262	prompt	318	13413
3263	prompt	1856	13415
3264	prompt	4937	13418
3265	prompt	63280	13422
3266	prompt	553	13428
3267	prompt	561	13430
3268	prompt	27867	13434
3269	prompt	11039	13444
3270	prompt	264	13449
3271	prompt	2526	13451
3272	prompt	69892	13457
3273	prompt	81480	13471
3274	prompt	383	13478
3275	prompt	1844	13481
3276	prompt	314	13485
3277	prompt	8554	13488
3278	prompt	488	13497
3279	prompt	3608	13501
3280	prompt	25	13506
3281	prompt	43741	13507
3282	prompt	8806	13517
3283	prompt	3807	13523
3284	prompt	685	13528
3285	prompt	310	13531
3286	prompt	220	13534
3287	prompt	16	13535
3288	prompt	15	13536
3289	prompt	4	13537
3290	prompt	314	13538
3291	prompt	836	13541
3292	prompt	4031	13547
3293	prompt	3200	13554
3294	prompt	318	13559
3295	prompt	2721	13561
3296	prompt	220	13564
3297	prompt	16	13565
3298	prompt	20	13566
3299	prompt	1262	13567
3300	prompt	1174	13571
3301	prompt	799	13573
3302	prompt	61384	13577
3303	prompt	8806	13582
3304	prompt	19710	13588
3305	prompt	383	13596
3306	prompt	535	13599
3307	prompt	15	13601
3308	prompt	15	13602
3309	prompt	466	13603
3310	prompt	535	13606
3311	prompt	18	13608
3312	prompt	15	13609
3313	prompt	3807	13610
3314	prompt	685	13615
3315	prompt	310	13618
3316	prompt	220	13621
3317	prompt	24	13622
3318	prompt	15	13623
3319	prompt	274	13624
3320	prompt	3988	13626
3321	prompt	13	13632
3322	prompt	387	13633
3323	prompt	15793	13635
3324	prompt	449	13641
3325	prompt	974	13644
3326	prompt	22764	13648
3327	prompt	369	13655
3328	prompt	1990	13658
3329	prompt	279	13664
3330	prompt	10917	13668
3331	prompt	26613	13675
3332	prompt	6889	13681
3333	prompt	77	13683
3334	prompt	1639	13684
3335	prompt	674	13686
3336	prompt	44216	13688
3337	prompt	8806	13695
3338	prompt	3129	13701
3339	prompt	17830	13706
3340	prompt	540	13710
3341	prompt	1238	13713
3342	prompt	220	13719
3343	prompt	22	13720
3344	prompt	2756	13721
3345	prompt	1892	13726
3346	prompt	781	13730
3347	prompt	3807	13735
3348	prompt	799	13740
3349	prompt	1534	13744
3350	prompt	854	13750
3351	prompt	11	13755
3352	prompt	1179	13756
3353	prompt	513	13761
3354	prompt	10739	13765
3355	prompt	13	13773
3356	prompt	1061	13774
3357	prompt	13854	13779
3358	prompt	3669	13786
3359	prompt	18458	13794
3360	prompt	13	13803
3361	prompt	23870	13804
3362	prompt	279	13809
3363	prompt	1156	13813
3364	prompt	883	13818
3365	prompt	279	13824
3366	prompt	220	13828
3367	prompt	22	13829
3368	prompt	10902	13830
3369	prompt	3798	13834
3370	prompt	948	13840
3371	prompt	36602	13845
3372	prompt	43741	13856
3373	prompt	6672	13866
3374	prompt	6889	13871
3375	prompt	77	13873
3376	prompt	1639	13874
3377	prompt	15964	13876
3378	prompt	264	13883
3379	prompt	2531	13885
3380	prompt	2937	13889
3381	prompt	488	13892
3382	prompt	628	13896
3383	prompt	1440	13900
3384	prompt	310	13905
3385	prompt	53945	13908
3386	prompt	6233	13913
3387	prompt	10152	13919
3388	prompt	328	13922
3389	prompt	13390	13924
3390	prompt	763	13934
3391	prompt	5046	13936
3392	prompt	3	13939
3393	prompt	16838	13940
3394	prompt	763	13946
3395	prompt	328	13948
3396	prompt	2349	13950
3397	prompt	1074	13955
3398	prompt	2164	13958
3399	prompt	76939	13962
3400	prompt	2572	13969
3401	prompt	3336	13973
3402	prompt	2850	13975
3403	prompt	14	13979
3404	prompt	17	13980
3405	prompt	15	13981
3406	prompt	17	13982
3407	prompt	15	13983
3408	prompt	12	13984
3409	prompt	16	13985
3410	prompt	17	13986
3411	prompt	59082	13987
3412	prompt	487	13994
3413	prompt	328	13996
3414	prompt	1267	13998
3415	prompt	763	14002
3416	prompt	328	14004
3417	prompt	1640	14006
3418	prompt	487	14012
3419	prompt	328	14014
3420	prompt	12811	14016
3421	prompt	763	14026
3422	prompt	5046	14028
3423	prompt	67037	14031
3424	prompt	763	14035
3425	prompt	5046	14037
3426	prompt	4532	14040
3427	prompt	763	14051
3428	prompt	328	14053
3429	prompt	19178	14055
3430	prompt	220	14063
3431	prompt	20	14064
3432	prompt	18552	14065
3433	prompt	45025	14071
3434	prompt	7258	14076
3435	prompt	303	14087
3436	prompt	2136	14090
3437	prompt	854	14096
3438	prompt	25	14101
3439	prompt	7018	14102
3440	prompt	44	14105
3441	prompt	462	14106
3442	prompt	3054	14108
3443	prompt	44	14111
3444	prompt	3028	14112
3445	prompt	3054	14116
3446	prompt	54	14119
3447	prompt	2037	14120
3448	prompt	318	14122
3449	prompt	68	14124
3450	prompt	1257	14125
3451	prompt	13	14127
3452	prompt	7018	14128
3453	prompt	1749	14131
3454	prompt	20	14133
3455	prompt	348	14134
3456	prompt	348	14136
3457	prompt	348	14138
3458	prompt	348	14140
3459	prompt	2037	14142
3460	prompt	283	14144
3461	prompt	1396	14146
3462	prompt	220	14152
3463	prompt	20	14153
3464	prompt	4276	14154
3465	prompt	11	14162
3466	prompt	7018	14163
3467	prompt	18	14166
3468	prompt	15	14167
3469	prompt	220	14168
3470	prompt	16	14169
3471	prompt	19	14170
3472	prompt	220	14171
3473	prompt	17	14172
3474	prompt	23	14173
3475	prompt	220	14174
3476	prompt	17	14175
3477	prompt	348	14176
3478	prompt	2037	14178
3479	prompt	283	14180
3480	prompt	13109	14182
3481	prompt	220	14186
3482	prompt	17	14187
3483	prompt	23	14188
3484	prompt	506	14189
3485	prompt	220	14192
3486	prompt	17	14193
3487	prompt	25	14194
3488	prompt	18	14195
3489	prompt	15	14196
3490	prompt	5022	14197
3491	prompt	2136	14199
3492	prompt	2957	14205
3493	prompt	553	14210
3494	prompt	487	14212
3495	prompt	328	14214
3496	prompt	1267	14216
3497	prompt	763	14220
3498	prompt	328	14222
3499	prompt	889	14224
3500	prompt	13933	14230
3501	prompt	328	14233
3502	prompt	39242	14235
3503	prompt	763	14241
3504	prompt	5046	14243
3505	prompt	4532	14246
3506	prompt	763	14257
3507	prompt	328	14259
3508	prompt	760	14261
3509	prompt	9640	14264
3510	prompt	310	14271
3511	prompt	51953	14274
3512	prompt	506	14282
3513	prompt	1754	14285
3514	prompt	3807	14290
3515	prompt	854	14295
3516	prompt	10152	14300
3517	prompt	328	14303
3518	prompt	1267	14305
3519	prompt	763	14309
3520	prompt	328	14311
3521	prompt	889	14313
3522	prompt	13933	14319
3523	prompt	328	14322
3524	prompt	265	14324
3525	prompt	44216	14326
3526	prompt	763	14333
3527	prompt	5046	14335
3528	prompt	4532	14338
3529	prompt	763	14349
3530	prompt	328	14351
3531	prompt	1802	14353
3532	prompt	318	14357
3533	prompt	2186	14359
3534	prompt	8	14366
3535	prompt	283	14367
3536	prompt	3807	14369
3537	prompt	383	14374
3538	prompt	1396	14377
3539	prompt	45025	14383
3540	prompt	2353	14388
3541	prompt	2980	14394
3542	prompt	10739	14400
3543	prompt	466	14408
3544	prompt	3129	14411
3545	prompt	17830	14416
3546	prompt	2603	14420
3547	prompt	1238	14424
3548	prompt	220	14430
3549	prompt	22	14431
3550	prompt	2756	14432
3551	prompt	13	14437
3552	prompt	867	14438
3553	prompt	283	14444
3554	prompt	3807	14446
3555	prompt	2957	14451
3556	prompt	506	14456
3557	prompt	279	14459
3558	prompt	1727	14463
3559	prompt	2353	14468
3560	prompt	11	14474
3561	prompt	1179	14475
3562	prompt	3129	14480
3563	prompt	39554	14485
3564	prompt	13	14492
3565	prompt	5272	14493
3566	prompt	867	14497
3567	prompt	364	14503
3568	prompt	7018	14507
3569	prompt	1763	14510
3570	prompt	474	14513
3571	prompt	728	14516
3572	prompt	506	14519
3573	prompt	1543	14522
3574	prompt	2037	14524
3575	prompt	799	14526
3576	prompt	61384	14530
3577	prompt	7154	14535
3578	prompt	440	14544
3579	prompt	46120	14549
3580	prompt	9104	14556
3581	prompt	7294	14563
3582	prompt	405	14565
3583	prompt	68923	14568
3584	prompt	45741	14572
3585	prompt	10152	14578
3586	prompt	328	14581
3587	prompt	1267	14583
3588	prompt	763	14587
3589	prompt	328	14589
3590	prompt	5925	14591
3591	prompt	13933	14598
3592	prompt	328	14601
3593	prompt	67	14603
3594	prompt	17784	14604
3595	prompt	763	14610
3596	prompt	5046	14612
3597	prompt	4532	14615
3598	prompt	763	14626
3599	prompt	328	14628
3600	prompt	1802	14630
3601	prompt	283	14634
3602	prompt	21640	14636
3603	prompt	310	14644
3604	prompt	641	14647
3605	prompt	51860	14649
3606	prompt	768	14652
3607	prompt	2600	14655
3608	prompt	25792	14657
3609	prompt	31735	14665
3610	prompt	4182	14671
3611	prompt	321	14676
3612	prompt	17171	14680
3613	prompt	16526	14688
3614	prompt	82	14696
3615	prompt	13	14697
3616	prompt	867	14698
3617	prompt	318	14704
3618	prompt	2186	14706
3619	prompt	8	14713
3620	prompt	283	14714
3621	prompt	303	14716
3622	prompt	61932	14719
3623	prompt	1132	14726
3624	prompt	11	14731
3625	prompt	8460	14732
3626	prompt	948	14737
3627	prompt	411	14742
3628	prompt	71802	14747
3629	prompt	3669	14754
3630	prompt	10029	14762
3631	prompt	13	14767
3632	prompt	5272	14768
3633	prompt	804	14772
3634	prompt	1132	14777
3635	prompt	948	14782
3636	prompt	279	14787
3637	prompt	1156	14791
3638	prompt	16561	14796
3639	prompt	279	14801
3640	prompt	3274	14805
3641	prompt	310	14810
3642	prompt	17171	14813
3643	prompt	3808	14821
3644	prompt	15243	14828
3645	prompt	10152	14837
3646	prompt	328	14840
3647	prompt	1267	14842
3648	prompt	763	14846
3649	prompt	328	14848
3650	prompt	5925	14850
3651	prompt	8934	14857
3652	prompt	2069	14859
3653	prompt	328	14861
3654	prompt	6081	14863
3655	prompt	763	14871
3656	prompt	4241	14873
3657	prompt	67037	14876
3658	prompt	487	14880
3659	prompt	328	14882
3660	prompt	39242	14884
3661	prompt	7664	14890
3662	prompt	328	14893
3663	prompt	34325	14895
3664	prompt	7654	14905
3665	prompt	763	14915
3666	prompt	867	14917
3667	prompt	72964	14923
3668	prompt	198	14926
3669	prompt	4754	14927
3670	prompt	1267	14929
3671	prompt	763	14933
3672	prompt	328	14935
3673	prompt	1628	14937
3674	prompt	487	14945
3675	prompt	328	14947
3676	prompt	1628	14949
3677	prompt	763	14957
3678	prompt	5046	14959
3679	prompt	591	14962
3680	prompt	763	14966
3681	prompt	328	14968
3682	prompt	34	14970
3683	prompt	2176	14971
3684	prompt	6233	14974
3685	prompt	487	14980
3686	prompt	328	14982
3687	prompt	4532	14984
3688	prompt	763	14995
3689	prompt	328	14997
3690	prompt	8994	14999
3691	prompt	264	15005
3692	prompt	45025	15007
3693	prompt	2531	15012
3694	prompt	8334	15016
3695	prompt	13145	15027
3696	prompt	440	15037
3697	prompt	53945	15042
3698	prompt	3886	15047
3699	prompt	13	15053
3700	prompt	37493	15054
3701	prompt	424	15062
3702	prompt	494	15065
3703	prompt	279	15070
3704	prompt	303	15074
3705	prompt	61932	15077
3706	prompt	3669	15084
3707	prompt	3436	15092
3708	prompt	10152	15098
3709	prompt	328	15101
3710	prompt	13390	15103
3711	prompt	763	15113
3712	prompt	5046	15115
3713	prompt	3	15118
3714	prompt	16838	15119
3715	prompt	763	15125
3716	prompt	328	15127
3717	prompt	2349	15129
3718	prompt	1074	15134
3719	prompt	2164	15137
3720	prompt	76939	15141
3721	prompt	2572	15148
3722	prompt	3336	15152
3723	prompt	2850	15154
3724	prompt	14	15158
3725	prompt	17	15159
3726	prompt	15	15160
3727	prompt	17	15161
3728	prompt	15	15162
3729	prompt	12	15163
3730	prompt	16	15164
3731	prompt	17	15165
3732	prompt	59082	15166
3733	prompt	487	15173
3734	prompt	328	15175
3735	prompt	1267	15177
3736	prompt	763	15181
3737	prompt	328	15183
3738	prompt	1640	15185
3739	prompt	487	15191
3740	prompt	328	15193
3741	prompt	12811	15195
3742	prompt	763	15205
3743	prompt	5046	15207
3744	prompt	306	15210
3745	prompt	763	15212
3746	prompt	5046	15214
3747	prompt	4532	15217
3748	prompt	763	15228
3749	prompt	328	15230
3750	prompt	11895	15232
3751	prompt	2937	15235
3752	prompt	5743	15238
3753	prompt	539	15247
3754	prompt	53945	15250
3755	prompt	3886	15255
3756	prompt	10152	15261
3757	prompt	328	15264
3758	prompt	1267	15266
3759	prompt	763	15270
3760	prompt	328	15272
3761	prompt	889	15274
3762	prompt	8934	15280
3763	prompt	2069	15282
3764	prompt	328	15284
3765	prompt	6081	15286
3766	prompt	763	15294
3767	prompt	4241	15296
3768	prompt	306	15299
3769	prompt	7664	15301
3770	prompt	328	15304
3771	prompt	34325	15306
3772	prompt	7654	15316
3773	prompt	763	15326
3774	prompt	867	15328
3775	prompt	72964	15334
3776	prompt	198	15337
3777	prompt	4754	15338
3778	prompt	1267	15340
3779	prompt	763	15344
3780	prompt	328	15346
3781	prompt	1628	15348
3782	prompt	487	15356
3783	prompt	328	15358
3784	prompt	1628	15360
3785	prompt	763	15368
3786	prompt	5046	15370
3787	prompt	591	15373
3788	prompt	763	15377
3789	prompt	328	15379
3790	prompt	34	15381
3791	prompt	2176	15382
3792	prompt	826	15385
3793	prompt	487	15389
3794	prompt	328	15391
3795	prompt	4532	15393
3796	prompt	763	15404
3797	prompt	328	15406
3798	prompt	826	15408
3799	prompt	660	15412
3800	prompt	45025	15416
3801	prompt	6672	15421
3802	prompt	13145	15426
3803	prompt	4417	15436
3804	prompt	53945	15440
3805	prompt	3886	15445
3806	prompt	303	15451
3807	prompt	411	15454
3808	prompt	3669	15459
3809	prompt	10152	15467
3810	prompt	328	15470
3811	prompt	13390	15472
3812	prompt	763	15482
3813	prompt	5046	15484
3814	prompt	3	15487
3815	prompt	16838	15488
3816	prompt	763	15494
3817	prompt	328	15496
3818	prompt	2349	15498
3819	prompt	1074	15503
3820	prompt	2164	15506
3821	prompt	76939	15510
3822	prompt	2572	15517
3823	prompt	3336	15521
3824	prompt	2850	15523
3825	prompt	14	15527
3826	prompt	17	15528
3827	prompt	15	15529
3828	prompt	17	15530
3829	prompt	15	15531
3830	prompt	12	15532
3831	prompt	16	15533
3832	prompt	17	15534
3833	prompt	59082	15535
3834	prompt	487	15542
3835	prompt	328	15544
3836	prompt	1267	15546
3837	prompt	763	15550
3838	prompt	328	15552
3839	prompt	1640	15554
3840	prompt	487	15560
3841	prompt	328	15562
3842	prompt	12811	15564
3843	prompt	763	15574
3844	prompt	15969	15576
3845	prompt	328	15580
3846	prompt	34325	15582
3847	prompt	7654	15592
3848	prompt	763	15602
3849	prompt	867	15604
3850	prompt	72964	15610
3851	prompt	198	15613
3852	prompt	4754	15614
3853	prompt	1267	15616
3854	prompt	763	15620
3855	prompt	328	15622
3856	prompt	1628	15624
3857	prompt	487	15632
3858	prompt	328	15634
3859	prompt	1628	15636
3860	prompt	763	15644
3861	prompt	5046	15646
3862	prompt	591	15649
3863	prompt	763	15653
3864	prompt	328	15655
3865	prompt	19846	15657
3866	prompt	11806	15663
3867	prompt	487	15667
3868	prompt	328	15669
3869	prompt	4532	15671
3870	prompt	763	15682
3871	prompt	328	15684
3872	prompt	4274	15686
3873	prompt	321	15690
3874	prompt	2560	15694
3875	prompt	279	15701
3876	prompt	1156	15705
3877	prompt	579	15710
3878	prompt	83712	15712
3879	prompt	768	15716
3880	prompt	39046	15719
3881	prompt	80287	15722
3882	prompt	2790	15729
3883	prompt	35435	15736
3884	prompt	6859	15743
3885	prompt	1472	15752
3886	prompt	836	15760
3887	prompt	83712	15766
3888	prompt	768	15770
3889	prompt	39046	15773
3890	prompt	5677	15776
3891	prompt	13	15782
3892	prompt	5272	15783
3893	prompt	411	15787
3894	prompt	3658	15792
3895	prompt	440	15801
3896	prompt	279	15806
3897	prompt	593	15810
3898	prompt	24065	15812
3899	prompt	62837	15818
3900	prompt	9653	15823
3901	prompt	310	15829
3902	prompt	2426	15832
3903	prompt	264	15837
3904	prompt	2136	15839
3905	prompt	3566	15845
3906	prompt	6522	15855
3907	prompt	303	15863
3908	prompt	12443	15866
3909	prompt	440	15871
3910	prompt	264	15876
3911	prompt	71802	15878
3912	prompt	6765	15885
3913	prompt	2313	15892
3914	prompt	1892	15900
3915	prompt	15773	15904
3916	prompt	722	15914
3917	prompt	11	15918
3918	prompt	799	15919
3919	prompt	3566	15923
3920	prompt	506	15933
3921	prompt	264	15936
3922	prompt	854	15938
3923	prompt	11	15943
3924	prompt	2496	15944
3925	prompt	430	15950
3926	prompt	264	15953
3927	prompt	33313	15955
3928	prompt	8032	15965
3929	prompt	6889	15973
3930	prompt	77	15975
3931	prompt	1639	15976
3932	prompt	760	15978
3933	prompt	5224	15981
3934	prompt	6631	15986
3935	prompt	287	15995
3936	prompt	383	15997
3937	prompt	1510	16000
3938	prompt	4249	16002
3939	prompt	63	16008
3940	prompt	6964	16009
3941	prompt	77	16011
3942	prompt	1639	16012
3943	prompt	4274	16014
3944	prompt	5245	16018
3945	prompt	318	16026
3946	prompt	2083	16028
3947	prompt	7634	16030
3948	prompt	9640	16041
3949	prompt	2957	16048
3950	prompt	2790	16053
3951	prompt	48895	16060
3952	prompt	513	16067
3953	prompt	11340	16071
3954	prompt	1892	16079
3955	prompt	279	16083
3956	prompt	1118	16087
3957	prompt	1562	16093
3958	prompt	1189	16098
3959	prompt	9640	16102
3960	prompt	310	16109
3961	prompt	884	16112
3962	prompt	2790	16116
3963	prompt	35435	16123
3964	prompt	2528	16130
3965	prompt	310	16137
3966	prompt	279	16140
3967	prompt	83712	16144
3968	prompt	768	16148
3969	prompt	39046	16151
3970	prompt	5677	16154
3971	prompt	85983	16160
3972	prompt	77	16163
3973	prompt	12	16164
3974	prompt	1510	16165
3975	prompt	1551	16167
3976	prompt	56787	16171
3977	prompt	63	16180
3978	prompt	1892	16181
3979	prompt	1103	16185
3980	prompt	2790	16190
3981	prompt	35435	16197
3982	prompt	6859	16204
3983	prompt	279	16213
3984	prompt	1156	16217
3985	prompt	628	16222
3986	prompt	3165	16226
3987	prompt	310	16232
3988	prompt	13	16235
3989	prompt	5019	16236
3990	prompt	803	16244
3991	prompt	11	16249
3992	prompt	6171	16250
3993	prompt	11	16256
3994	prompt	40318	16257
3995	prompt	11	16267
3996	prompt	47197	16268
3997	prompt	13	16278
3998	prompt	11986	16279
3999	prompt	290	16286
4000	prompt	310	16288
4001	prompt	44375	16291
4002	prompt	6859	16300
4003	prompt	1132	16309
4004	prompt	6889	16314
4005	prompt	77	16316
4006	prompt	12	16317
4007	prompt	1510	16318
4008	prompt	447	16320
4009	prompt	15872	16323
4010	prompt	63	16331
4011	prompt	1892	16332
4012	prompt	1301	16336
4013	prompt	799	16341
4014	prompt	2313	16345
4015	prompt	579	16353
4016	prompt	10836	16355
4017	prompt	318	16364
4018	prompt	591	16366
4019	prompt	11	16370
4020	prompt	913	16371
4021	prompt	11	16376
4022	prompt	6171	16377
4023	prompt	11	16383
4024	prompt	628	16384
4025	prompt	3900	16388
4026	prompt	553	16392
4027	prompt	5272	16394
4028	prompt	310	16398
4029	prompt	9845	16401
4030	prompt	264	16408
4031	prompt	1510	16410
4032	prompt	312	16412
4033	prompt	4826	16414
4034	prompt	361	16421
4035	prompt	16624	16423
4036	prompt	42181	16427
4037	prompt	2100	16429
4038	prompt	369	16436
4039	prompt	3404	16439
4040	prompt	1510	16448
4041	prompt	1267	16450
4042	prompt	25	16454
4043	prompt	38569	16455
4044	prompt	4051	16463
4045	prompt	2787	16468
4046	prompt	52257	16471
4047	prompt	29182	16475
4048	prompt	63	16482
4049	prompt	1518	16483
4050	prompt	16944	16490
4051	prompt	1892	16498
4052	prompt	421	16502
4053	prompt	913	16507
4054	prompt	369	16512
4055	prompt	49835	16515
4056	prompt	506	16525
4057	prompt	9400	16528
4058	prompt	11	16537
4059	prompt	748	16538
4060	prompt	16944	16541
4061	prompt	310	16549
4062	prompt	264	16552
4063	prompt	5611	16554
4064	prompt	2313	16562
4065	prompt	2496	16570
4066	prompt	3520	16576
4067	prompt	424	16582
4068	prompt	264	16585
4069	prompt	2790	16587
4070	prompt	1785	16594
4071	prompt	6889	16601
4072	prompt	77	16603
4073	prompt	12	16604
4074	prompt	1510	16605
4075	prompt	1551	16607
4076	prompt	10612	16611
4077	prompt	63	16617
4078	prompt	1892	16618
4079	prompt	1103	16622
4080	prompt	12351	16627
4081	prompt	303	16633
4082	prompt	264	16636
4083	prompt	2313	16638
4084	prompt	13	16646
4085	prompt	5272	16647
4086	prompt	411	16651
4087	prompt	310	16656
4088	prompt	1870	16659
4089	prompt	279	16665
4090	prompt	23016	16669
4091	prompt	3515	16680
4092	prompt	6889	16685
4093	prompt	77	16687
4094	prompt	12	16688
4095	prompt	1510	16689
4096	prompt	447	16691
4097	prompt	2378	16694
4098	prompt	63	16699
4099	prompt	1892	16700
4100	prompt	1301	16704
4101	prompt	799	16709
4102	prompt	8434	16713
4103	prompt	999	16720
4104	prompt	579	16725
4105	prompt	2144	16727
4106	prompt	13	16735
4107	prompt	351	16736
4108	prompt	5499	16738
4109	prompt	506	16743
4110	prompt	220	16746
4111	prompt	17	16747
4112	prompt	20	16748
4113	prompt	21	16749
4114	prompt	28497	16750
4115	prompt	33	16753
4116	prompt	13	16754
4117	prompt	8020	16755
4118	prompt	1562	16760
4119	prompt	411	16765
4120	prompt	948	16770
4121	prompt	488	16775
4122	prompt	1144	16779
4123	prompt	310	16784
4124	prompt	9150	16787
4125	prompt	2144	16795
4126	prompt	364	16803
4127	prompt	264	16807
4128	prompt	3050	16809
4129	prompt	3566	16818
4130	prompt	279	16828
4131	prompt	1156	16832
4132	prompt	6725	16837
4133	prompt	6889	16843
4134	prompt	77	16845
4135	prompt	1639	16846
4136	prompt	7601	16848
4137	prompt	6302	16855
4138	prompt	318	16861
4139	prompt	21915	16863
4140	prompt	9640	16873
4141	prompt	85983	16880
4142	prompt	77	16883
4143	prompt	12	16884
4144	prompt	1510	16885
4145	prompt	3081	16887
4146	prompt	15872	16893
4147	prompt	63	16901
4148	prompt	1892	16902
4149	prompt	1791	16906
4150	prompt	264	16913
4151	prompt	491	16915
4152	prompt	2790	16919
4153	prompt	35435	16926
4154	prompt	2313	16933
4155	prompt	12567	16941
4156	prompt	539	16947
4157	prompt	279	16950
4158	prompt	1156	16954
4159	prompt	13	16959
4160	prompt	5272	16960
4161	prompt	948	16964
4162	prompt	1510	16969
4163	prompt	1551	16971
4164	prompt	56787	16975
4165	prompt	63	16984
4166	prompt	4523	16985
4167	prompt	4161	16993
4168	prompt	11	17001
4169	prompt	466	17002
4170	prompt	279	17005
4171	prompt	1156	17009
4172	prompt	21220	17014
4173	prompt	7018	17020
4174	prompt	3081	17023
4175	prompt	491	17029
4176	prompt	2037	17033
4177	prompt	4598	17035
4178	prompt	1056	17042
4179	prompt	449	17047
4180	prompt	6149	17050
4181	prompt	2313	17059
4182	prompt	13	17067
4183	prompt	9675	17068
4184	prompt	1510	17073
4185	prompt	591	17075
4186	prompt	27653	17079
4187	prompt	5019	17081
4188	prompt	279	17089
4189	prompt	491	17093
4190	prompt	1510	17097
4191	prompt	60454	17099
4192	prompt	63	17108
4193	prompt	488	17109
4194	prompt	628	17113
4195	prompt	52275	17117
4196	prompt	25716	17126
4197	prompt	2272	17131
4198	prompt	6889	17139
4199	prompt	77	17141
4200	prompt	1639	17142
4201	prompt	19860	17144
4202	prompt	18169	17148
4203	prompt	318	17157
4204	prompt	21915	17159
4205	prompt	9640	17169
4206	prompt	85983	17176
4207	prompt	77	17179
4208	prompt	12	17180
4209	prompt	1510	17181
4210	prompt	91145	17183
4211	prompt	25716	17191
4212	prompt	63	17196
4213	prompt	1892	17197
4214	prompt	5128	17201
4215	prompt	279	17206
4216	prompt	4581	17210
4217	prompt	716	17216
4218	prompt	314	17220
4219	prompt	12351	17223
4220	prompt	488	17229
4221	prompt	668	17233
4222	prompt	3165	17238
4223	prompt	321	17244
4224	prompt	3572	17248
4225	prompt	11	17255
4226	prompt	321	17256
4227	prompt	279	17260
4228	prompt	2136	17264
4229	prompt	6025	17270
4230	prompt	64313	17280
4231	prompt	1189	17288
4232	prompt	381	17292
4233	prompt	1301	17295
4234	prompt	494	17300
4235	prompt	27718	17305
4236	prompt	2359	17308
4237	prompt	5991	17313
4238	prompt	7561	17316
4239	prompt	16184	17318
4240	prompt	310	17327
4241	prompt	45371	17330
4242	prompt	553	17334
4243	prompt	5019	17336
4244	prompt	264	17344
4245	prompt	1510	17346
4246	prompt	10083	17348
4247	prompt	739	17352
4248	prompt	27653	17354
4249	prompt	6920	17356
4250	prompt	411	17361
4251	prompt	1238	17366
4252	prompt	279	17372
4253	prompt	1156	17376
4254	prompt	682	17381
4255	prompt	21250	17385
4256	prompt	321	17394
4257	prompt	11454	17398
4258	prompt	279	17407
4259	prompt	3019	17411
4260	prompt	13	17416
4261	prompt	561	17417
4262	prompt	1156	17421
4263	prompt	15175	17426
4264	prompt	279	17431
4265	prompt	31838	17435
4266	prompt	1752	17446
4267	prompt	1103	17451
4268	prompt	321	17456
4269	prompt	279	17460
4270	prompt	2450	17464
4271	prompt	6025	17471
4272	prompt	9209	17481
4273	prompt	314	17493
4274	prompt	678	17496
4275	prompt	82145	17501
4276	prompt	6889	17511
4277	prompt	77	17513
4278	prompt	1639	17514
4279	prompt	7734	17516
4280	prompt	5245	17521
4281	prompt	318	17529
4282	prompt	4169	17531
4283	prompt	264	17538
4284	prompt	58351	17540
4285	prompt	3019	17550
4286	prompt	85983	17555
4287	prompt	77	17558
4288	prompt	12	17559
4289	prompt	1510	17560
4290	prompt	4775	17562
4291	prompt	10612	17567
4292	prompt	63	17573
4293	prompt	1892	17574
4294	prompt	3165	17578
4295	prompt	3425	17584
4296	prompt	310	17590
4297	prompt	279	17593
4298	prompt	2313	17597
4299	prompt	13	17605
4300	prompt	6983	17606
4301	prompt	1752	17612
4302	prompt	1902	17617
4303	prompt	381	17622
4304	prompt	303	17625
4305	prompt	279	17628
4306	prompt	58351	17632
4307	prompt	3019	17642
4308	prompt	579	17647
4309	prompt	13514	17649
4310	prompt	13	17656
4311	prompt	9675	17657
4312	prompt	279	17662
4313	prompt	1510	17666
4314	prompt	10083	17668
4315	prompt	739	17672
4316	prompt	63	17674
4317	prompt	494	17675
4318	prompt	1510	17680
4319	prompt	91145	17682
4320	prompt	25716	17690
4321	prompt	27653	17695
4322	prompt	8618	17697
4323	prompt	999	17702
4324	prompt	4829	17707
4325	prompt	264	17713
4326	prompt	1510	17715
4327	prompt	2359	17717
4328	prompt	1757	17722
4329	prompt	63	17726
4330	prompt	318	17727
4331	prompt	2186	17729
4332	prompt	1892	17736
4333	prompt	279	17740
4334	prompt	5224	17744
4335	prompt	15339	17749
4336	prompt	494	17755
4337	prompt	12977	17760
4338	prompt	11	17765
4339	prompt	3107	17766
4340	prompt	2458	17770
4341	prompt	11	17774
4342	prompt	321	17775
4343	prompt	64313	17779
4344	prompt	26	17787
4345	prompt	8529	17788
4346	prompt	2496	17797
4347	prompt	3599	17803
4348	prompt	678	17809
4349	prompt	2193	17814
4350	prompt	13	17822
4351	prompt	7252	17823
4352	prompt	220	17827
4353	prompt	17	17828
4354	prompt	20	17829
4355	prompt	21	17830
4356	prompt	3425	17831
4357	prompt	791	17837
4358	prompt	1562	17841
4359	prompt	1892	17846
4360	prompt	6507	17850
4361	prompt	7875	17856
4362	prompt	46987	17863
4363	prompt	3808	17871
4364	prompt	5081	17878
4365	prompt	1510	17887
4366	prompt	4775	17889
4367	prompt	10612	17894
4368	prompt	63	17900
4369	prompt	6526	17901
4370	prompt	1172	17907
4371	prompt	279	17913
4372	prompt	1788	17917
4373	prompt	1510	17922
4374	prompt	10083	17924
4375	prompt	739	17928
4376	prompt	31789	17930
4377	prompt	466	17932
4378	prompt	7147	17935
4379	prompt	1510	17942
4380	prompt	673	17944
4381	prompt	63	17948
4382	prompt	318	17949
4383	prompt	8732	17951
4384	prompt	8476	17956
4385	prompt	2144	17964
4386	prompt	1132	17972
4387	prompt	553	17977
4388	prompt	1510	17979
4389	prompt	2359	17981
4390	prompt	1757	17986
4391	prompt	63	17990
4392	prompt	1902	17991
4393	prompt	381	17996
4394	prompt	4613	17999
4395	prompt	279	18006
4396	prompt	3019	18010
4397	prompt	579	18015
4398	prompt	1510	18017
4399	prompt	2359	18019
4400	prompt	5991	18024
4401	prompt	63	18027
4402	prompt	6889	18028
4403	prompt	77	18030
4404	prompt	12	18031
4405	prompt	1510	18032
4406	prompt	4394	18034
4407	prompt	10612	18040
4408	prompt	63	18046
4409	prompt	1892	18047
4410	prompt	3572	18051
4411	prompt	3425	18058
4412	prompt	494	18064
4413	prompt	279	18069
4414	prompt	2313	18073
4415	prompt	13	18081
4416	prompt	6983	18082
4417	prompt	1752	18088
4418	prompt	1902	18093
4419	prompt	381	18098
4420	prompt	303	18101
4421	prompt	279	18104
4422	prompt	58351	18108
4423	prompt	3019	18118
4424	prompt	579	18123
4425	prompt	52349	18125
4426	prompt	13	18133
4427	prompt	9675	18134
4428	prompt	279	18139
4429	prompt	1510	18143
4430	prompt	10083	18145
4431	prompt	739	18149
4432	prompt	63	18151
4433	prompt	6889	18152
4434	prompt	77	18154
4435	prompt	12	18155
4436	prompt	1510	18156
4437	prompt	6142	18158
4438	prompt	51509	18166
4439	prompt	63	18173
4440	prompt	1892	18174
4441	prompt	18989	18178
4442	prompt	25	18185
4443	prompt	4025	18186
4444	prompt	16620	18195
4445	prompt	7176	18203
4446	prompt	20335	18209
4447	prompt	13	18220
4448	prompt	561	18221
4449	prompt	6765	18225
4450	prompt	717	18232
4451	prompt	36087	18239
4452	prompt	1381	18244
4453	prompt	21426	18248
4454	prompt	1141	18255
4455	prompt	3575	18259
4456	prompt	1857	18264
4457	prompt	494	18270
4458	prompt	1754	18275
4459	prompt	16620	18280
4460	prompt	9032	18288
4461	prompt	579	18293
4462	prompt	1118	18295
4463	prompt	8187	18301
4464	prompt	1510	18306
4465	prompt	6164	18308
4466	prompt	554	18312
4467	prompt	5188	18314
4468	prompt	5591	18316
4469	prompt	1809	18320
4470	prompt	3934	18326
4471	prompt	1873	18329
4472	prompt	2037	18332
4473	prompt	3716	18334
4474	prompt	63	18338
4475	prompt	3847	18339
4476	prompt	318	18347
4477	prompt	49134	18349
4478	prompt	1083	18357
4479	prompt	88461	18362
4480	prompt	5188	18365
4481	prompt	71741	18367
4482	prompt	4182	18376
4483	prompt	63	18381
4484	prompt	539	18382
4485	prompt	279	18385
4486	prompt	878	18389
4487	prompt	579	18393
4488	prompt	638	18395
4489	prompt	15464	18400
4490	prompt	681	18406
4491	prompt	748	18408
4492	prompt	11135	18411
4493	prompt	11879	18420
4494	prompt	369	18433
4495	prompt	874	18436
4496	prompt	4860	18439
4497	prompt	2483	18446
4498	prompt	364	18455
4499	prompt	593	18459
4500	prompt	24065	18461
4501	prompt	62837	18467
4502	prompt	64313	18472
4503	prompt	13	18480
4504	prompt	5272	18481
4505	prompt	411	18485
4506	prompt	1132	18490
4507	prompt	364	18495
4508	prompt	1375	18499
4509	prompt	92076	18504
4510	prompt	6859	18513
4511	prompt	1973	18522
4512	prompt	1510	18530
4513	prompt	31	18532
4514	prompt	5188	18533
4515	prompt	5591	18535
4516	prompt	63	18539
4517	prompt	23214	18540
4518	prompt	13	18548
4519	prompt	8618	18549
4520	prompt	9052	18554
4521	prompt	682	18560
4522	prompt	1510	18564
4523	prompt	591	18566
4524	prompt	7561	18570
4525	prompt	1510	18572
4526	prompt	2267	18574
4527	prompt	63	18578
4528	prompt	318	18579
4529	prompt	24028	18581
4530	prompt	381	18585
4531	prompt	303	18588
4532	prompt	279	18591
4533	prompt	3019	18595
4534	prompt	579	18600
4535	prompt	13514	18602
4536	prompt	681	18609
4537	prompt	1510	18611
4538	prompt	17728	18613
4539	prompt	7561	18621
4540	prompt	321	18623
4541	prompt	1510	18627
4542	prompt	3938	18629
4543	prompt	27653	18634
4544	prompt	9675	18636
4545	prompt	279	18641
4546	prompt	1510	18645
4547	prompt	10083	18647
4548	prompt	739	18651
4549	prompt	63	18653
4550	prompt	6889	18654
4551	prompt	77	18656
4552	prompt	12	18657
4553	prompt	1510	18658
4554	prompt	354	18660
4555	prompt	6142	18662
4556	prompt	51509	18670
4557	prompt	63	18677
4558	prompt	1892	18678
4559	prompt	18989	18682
4560	prompt	25	18689
4561	prompt	3921	18690
4562	prompt	449	18697
4563	prompt	20335	18700
4564	prompt	12	18711
4565	prompt	33752	18712
4566	prompt	3575	18722
4567	prompt	539	18727
4568	prompt	1752	18730
4569	prompt	13	18735
4570	prompt	2717	18736
4571	prompt	4221	18740
4572	prompt	948	18747
4573	prompt	279	18752
4574	prompt	3575	18756
4575	prompt	3571	18761
4576	prompt	494	18766
4577	prompt	264	18771
4578	prompt	1510	18773
4579	prompt	31	18775
4580	prompt	5188	18776
4581	prompt	5591	18778
4582	prompt	63	18782
4583	prompt	10811	18783
4584	prompt	318	18790
4585	prompt	4394	18792
4586	prompt	279	18798
4587	prompt	999	18802
4588	prompt	4370	18807
4589	prompt	553	18815
4590	prompt	5057	18817
4591	prompt	3157	18820
4592	prompt	61386	18823
4593	prompt	13	18828
4594	prompt	6983	18829
4595	prompt	1752	18835
4596	prompt	1902	18840
4597	prompt	381	18845
4598	prompt	303	18848
4599	prompt	279	18851
4600	prompt	58351	18855
4601	prompt	3019	18865
4602	prompt	579	18870
4603	prompt	52349	18872
4604	prompt	13	18880
4605	prompt	9675	18881
4606	prompt	279	18886
4607	prompt	1510	18890
4608	prompt	10083	18892
4609	prompt	739	18896
4610	prompt	63	18898
4611	prompt	6889	18899
4612	prompt	77	18901
4613	prompt	1639	18902
4614	prompt	7907	18904
4615	prompt	20735	18912
4616	prompt	25	18921
4617	prompt	1103	18922
4618	prompt	66854	18927
4619	prompt	11069	18932
4620	prompt	52275	18936
4621	prompt	25716	18945
4622	prompt	11069	18950
4623	prompt	3165	18954
4624	prompt	31211	18960
4625	prompt	13	18967
4626	prompt	31226	18968
4627	prompt	3165	18976
4628	prompt	11	18982
4629	prompt	3572	18983
4630	prompt	11	18990
4631	prompt	4025	18991
4632	prompt	11	19000
4633	prompt	466	19001
4634	prompt	60020	19004
4635	prompt	1973	19015
4636	prompt	264	19023
4637	prompt	2610	19025
4638	prompt	3019	19031
4639	prompt	739	19036
4640	prompt	11	19038
4641	prompt	466	19039
4642	prompt	440	19042
4643	prompt	12351	19047
4644	prompt	4732	19053
4645	prompt	279	19061
4646	prompt	3019	19065
4647	prompt	11	19070
4648	prompt	369	19071
4649	prompt	17030	19074
4650	prompt	6889	19083
4651	prompt	77	19085
4652	prompt	1639	19086
4653	prompt	24735	19088
4654	prompt	36000	19091
4655	prompt	25	19096
4656	prompt	1510	19097
4657	prompt	447	19099
4658	prompt	2378	19102
4659	prompt	63	19107
4660	prompt	4523	19108
4661	prompt	2144	19116
4662	prompt	5158	19124
4663	prompt	539	19132
4664	prompt	975	19135
4665	prompt	1198	19141
4666	prompt	3492	19145
4667	prompt	13	19153
4668	prompt	18307	19154
4669	prompt	424	19160
4670	prompt	430	19163
4671	prompt	795	19166
4672	prompt	11	19171
4673	prompt	524	19172
4674	prompt	10895	19176
4675	prompt	13	19189
4676	prompt	7606	19190
4677	prompt	279	19196
4678	prompt	3019	19200
4679	prompt	494	19205
4680	prompt	1510	19210
4681	prompt	1551	19212
4682	prompt	10612	19216
4683	prompt	63	19222
4684	prompt	23016	19223
4685	prompt	10836	19234
4686	prompt	1332	19243
4687	prompt	3102	19249
4688	prompt	13	19258
4689	prompt	1368	19259
4690	prompt	264	19262
4691	prompt	40071	19264
4692	prompt	999	19272
4693	prompt	5435	19277
4694	prompt	1414	19286
4695	prompt	421	19291
4696	prompt	15339	19296
4697	prompt	1040	19302
4698	prompt	10895	19307
4699	prompt	310	19320
4700	prompt	488	19323
4701	prompt	11	19327
4702	prompt	9738	19328
4703	prompt	424	19335
4704	prompt	321	19338
4705	prompt	3184	19342
4706	prompt	279	19347
4707	prompt	1156	19351
4708	prompt	2414	19356
4709	prompt	5686	19366
4710	prompt	10016	19372
4711	prompt	303	19376
4712	prompt	421	19379
4713	prompt	1752	19384
4714	prompt	10152	19389
4715	prompt	328	19392
4716	prompt	13390	19394
4717	prompt	763	19404
4718	prompt	5046	19406
4719	prompt	3	19409
4720	prompt	16838	19410
4721	prompt	763	19416
4722	prompt	328	19418
4723	prompt	2349	19420
4724	prompt	1074	19425
4725	prompt	2164	19428
4726	prompt	76939	19432
4727	prompt	2572	19439
4728	prompt	3336	19443
4729	prompt	2850	19445
4730	prompt	14	19449
4731	prompt	17	19450
4732	prompt	15	19451
4733	prompt	17	19452
4734	prompt	15	19453
4735	prompt	12	19454
4736	prompt	16	19455
4737	prompt	17	19456
4738	prompt	59082	19457
4739	prompt	487	19464
4740	prompt	328	19466
4741	prompt	1267	19468
4742	prompt	763	19472
4743	prompt	328	19474
4744	prompt	1640	19476
4745	prompt	487	19482
4746	prompt	328	19484
4747	prompt	12811	19486
4748	prompt	763	19496
4749	prompt	5046	19498
4750	prompt	4249	19501
4751	prompt	763	19507
4752	prompt	5046	19509
4753	prompt	1267	19512
4754	prompt	763	19516
4755	prompt	328	19518
4756	prompt	889	19520
4757	prompt	487	19526
4758	prompt	328	19528
4759	prompt	8746	19530
4760	prompt	763	19534
4761	prompt	4241	19536
4762	prompt	1551	19539
4763	prompt	56787	19543
4764	prompt	487	19552
4765	prompt	328	19554
4766	prompt	447	19556
4767	prompt	15872	19559
4768	prompt	487	19567
4769	prompt	328	19569
4770	prompt	1551	19571
4771	prompt	10612	19575
4772	prompt	487	19581
4773	prompt	328	19583
4774	prompt	447	19585
4775	prompt	2378	19588
4776	prompt	487	19593
4777	prompt	328	19595
4778	prompt	91145	19597
4779	prompt	25716	19605
4780	prompt	487	19610
4781	prompt	328	19612
4782	prompt	4775	19614
4783	prompt	10612	19619
4784	prompt	487	19625
4785	prompt	328	19627
4786	prompt	4394	19629
4787	prompt	10612	19635
4788	prompt	487	19641
4789	prompt	328	19643
4790	prompt	6142	19645
4791	prompt	51509	19653
4792	prompt	487	19660
4793	prompt	328	19662
4794	prompt	354	19664
4795	prompt	6142	19666
4796	prompt	51509	19674
4797	prompt	487	19681
4798	prompt	328	19683
4799	prompt	3081	19685
4800	prompt	15872	19691
4801	prompt	487	19699
4802	prompt	328	19701
4803	prompt	11399	19703
4804	prompt	41266	19709
4805	prompt	1293	19718
4806	prompt	2069	19720
4807	prompt	328	19722
4808	prompt	60454	19724
4809	prompt	763	19733
4810	prompt	5046	19735
4811	prompt	4532	19738
4812	prompt	763	19749
4813	prompt	328	19751
4814	prompt	7907	19753
4815	prompt	364	19761
4816	prompt	660	19765
4817	prompt	5245	19769
4818	prompt	3525	19777
4819	prompt	1103	19784
4820	prompt	56787	19789
4821	prompt	321	19798
4822	prompt	1791	19802
4823	prompt	15872	19809
4824	prompt	487	19817
4825	prompt	328	19819
4826	prompt	1267	19821
4827	prompt	763	19825
4828	prompt	328	19827
4829	prompt	889	19829
4830	prompt	487	19835
4831	prompt	328	19837
4832	prompt	1030	19839
4833	prompt	4232	19842
4834	prompt	763	19848
4835	prompt	220	19850
4836	prompt	16	19851
4837	prompt	2069	19852
4838	prompt	328	19854
4839	prompt	2267	19856
4840	prompt	763	19860
4841	prompt	5046	19862
4842	prompt	4532	19865
4843	prompt	763	19876
4844	prompt	328	19878
4845	prompt	447	19880
4846	prompt	2378	19883
4847	prompt	25	19888
4848	prompt	999	19889
4849	prompt	1752	19894
4850	prompt	310	19899
4851	prompt	1301	19902
4852	prompt	487	19907
4853	prompt	328	19909
4854	prompt	1267	19911
4855	prompt	763	19915
4856	prompt	328	19917
4857	prompt	889	19919
4858	prompt	487	19925
4859	prompt	328	19927
4860	prompt	1030	19929
4861	prompt	4232	19932
4862	prompt	763	19938
4863	prompt	220	19940
4864	prompt	16	19941
4865	prompt	2069	19942
4866	prompt	328	19944
4867	prompt	57081	19946
4868	prompt	763	19952
4869	prompt	5046	19954
4870	prompt	4532	19957
4871	prompt	763	19968
4872	prompt	328	19970
4873	prompt	91145	19972
4874	prompt	25716	19980
4875	prompt	25	19985
4876	prompt	4581	19986
4877	prompt	12351	19992
4878	prompt	466	19998
4879	prompt	12822	20001
4880	prompt	12261	20006
4881	prompt	421	20015
4882	prompt	668	20020
4883	prompt	381	20025
4884	prompt	5158	20028
4885	prompt	13	20036
4886	prompt	1510	20037
4887	prompt	9	20039
4888	prompt	63	20040
4889	prompt	8798	20041
4890	prompt	2785	20049
4891	prompt	264	20056
4892	prompt	3074	20058
4893	prompt	9933	20065
4894	prompt	11	20073
4895	prompt	1510	20074
4896	prompt	332	20076
4897	prompt	63	20078
4898	prompt	8798	20079
4899	prompt	866	20087
4900	prompt	7739	20091
4901	prompt	318	20097
4902	prompt	68	20099
4903	prompt	1257	20100
4904	prompt	13	20102
4905	prompt	1510	20103
4906	prompt	1896	20105
4907	prompt	4546	20107
4908	prompt	1159	20109
4909	prompt	67119	20112
4910	prompt	2573	20115
4911	prompt	50794	20117
4912	prompt	1497	20123
4913	prompt	57208	20127
4914	prompt	7252	20130
4915	prompt	220	20134
4916	prompt	18	20135
4917	prompt	1510	20136
4918	prompt	9	20138
4919	prompt	63	20139
4920	prompt	14	20140
4921	prompt	63	20141
4922	prompt	332	20142
4923	prompt	63	20144
4924	prompt	8121	20145
4925	prompt	24231	20150
4926	prompt	791	20155
4927	prompt	5215	20159
4928	prompt	321	20167
4929	prompt	1866	20171
4930	prompt	220	20175
4931	prompt	17	20176
4932	prompt	20	20177
4933	prompt	21	20178
4934	prompt	10379	20179
4935	prompt	1892	20187
4936	prompt	958	20191
4937	prompt	25971	20195
4938	prompt	13307	20203
4939	prompt	1234	20207
4940	prompt	310	20209
4941	prompt	3311	20212
4942	prompt	777	20218
4943	prompt	3425	20223
4944	prompt	4598	20229
4945	prompt	1056	20236
4946	prompt	9851	20241
4947	prompt	1060	20248
4948	prompt	12351	20253
4949	prompt	10152	20259
4950	prompt	328	20262
4951	prompt	2721	20264
4952	prompt	4212	20267
4953	prompt	763	20272
4954	prompt	220	20274
4955	prompt	17	20275
4956	prompt	20	20276
4957	prompt	21	20277
4958	prompt	11	20278
4959	prompt	328	20279
4960	prompt	1267	20281
4961	prompt	763	20285
4962	prompt	328	20287
4963	prompt	1595	20289
4964	prompt	487	20294
4965	prompt	328	20296
4966	prompt	3494	20298
4967	prompt	763	20303
4968	prompt	5046	20305
4969	prompt	1267	20308
4970	prompt	763	20312
4971	prompt	328	20314
4972	prompt	889	20316
4973	prompt	487	20322
4974	prompt	328	20324
4975	prompt	1030	20326
4976	prompt	4232	20329
4977	prompt	763	20335
4978	prompt	220	20337
4979	prompt	16	20338
4980	prompt	11	20339
4981	prompt	328	20340
4982	prompt	58938	20342
4983	prompt	763	20351
4984	prompt	220	20353
4985	prompt	17	20354
4986	prompt	20	20355
4987	prompt	21	20356
4988	prompt	36892	20357
4989	prompt	328	20360
4990	prompt	442	20362
4991	prompt	13482	20364
4992	prompt	763	20369
4993	prompt	5046	20371
4994	prompt	4532	20374
4995	prompt	763	20385
4996	prompt	328	20387
4997	prompt	91145	20389
4998	prompt	25716	20397
4999	prompt	25	20402
5000	prompt	4581	20403
5001	prompt	12351	20409
5002	prompt	466	20415
5003	prompt	12822	20418
5004	prompt	12261	20423
5005	prompt	421	20432
5006	prompt	668	20437
5007	prompt	381	20442
5008	prompt	10739	20445
5009	prompt	318	20453
5010	prompt	23310	20455
5011	prompt	18890	20459
5012	prompt	321	20466
5013	prompt	13001	20470
5014	prompt	430	20477
5015	prompt	13514	20480
5016	prompt	553	20487
5017	prompt	487	20489
5018	prompt	328	20491
5019	prompt	2721	20493
5020	prompt	4212	20496
5021	prompt	763	20501
5022	prompt	220	20503
5023	prompt	17	20504
5024	prompt	20	20505
5025	prompt	21	20506
5026	prompt	11	20507
5027	prompt	328	20508
5028	prompt	1267	20510
5029	prompt	763	20514
5030	prompt	328	20516
5031	prompt	1595	20518
5032	prompt	487	20523
5033	prompt	328	20525
5034	prompt	3494	20527
5035	prompt	763	20532
5036	prompt	5046	20534
5037	prompt	1267	20537
5038	prompt	763	20541
5039	prompt	328	20543
5040	prompt	889	20545
5041	prompt	487	20551
5042	prompt	328	20553
5043	prompt	1030	20555
5044	prompt	4232	20558
5045	prompt	763	20564
5046	prompt	220	20566
5047	prompt	16	20567
5048	prompt	11	20568
5049	prompt	328	20569
5050	prompt	58938	20571
5051	prompt	763	20580
5052	prompt	220	20582
5053	prompt	17	20583
5054	prompt	20	20584
5055	prompt	21	20585
5056	prompt	36892	20586
5057	prompt	328	20589
5058	prompt	10083	20591
5059	prompt	739	20595
5060	prompt	763	20597
5061	prompt	5046	20599
5062	prompt	4532	20602
5063	prompt	763	20613
5064	prompt	328	20615
5065	prompt	4775	20617
5066	prompt	10612	20622
5067	prompt	31211	20628
5068	prompt	10612	20635
5069	prompt	36587	20641
5070	prompt	51509	20650
5071	prompt	34051	20657
5072	prompt	6142	20660
5073	prompt	51509	20668
5074	prompt	25	20675
5075	prompt	3817	20676
5076	prompt	494	20682
5077	prompt	264	20687
5078	prompt	4711	20689
5079	prompt	52275	20695
5080	prompt	25716	20704
5081	prompt	1562	20709
5082	prompt	487	20714
5083	prompt	328	20716
5084	prompt	1267	20718
5085	prompt	763	20722
5086	prompt	328	20724
5087	prompt	889	20726
5088	prompt	487	20732
5089	prompt	328	20734
5090	prompt	1030	20736
5091	prompt	4232	20739
5092	prompt	763	20745
5093	prompt	220	20747
5094	prompt	16	20748
5095	prompt	2069	20749
5096	prompt	328	20751
5097	prompt	6972	20753
5098	prompt	763	20758
5099	prompt	5046	20760
5100	prompt	4532	20763
5101	prompt	763	20774
5102	prompt	328	20776
5103	prompt	4775	20778
5104	prompt	10612	20783
5105	prompt	25	20789
5106	prompt	999	20790
5107	prompt	8529	20795
5108	prompt	310	20804
5109	prompt	3165	20807
5110	prompt	318	20813
5111	prompt	2721	20815
5112	prompt	220	20818
5113	prompt	17	20819
5114	prompt	20	20820
5115	prompt	21	20821
5116	prompt	791	20822
5117	prompt	1562	20826
5118	prompt	1892	20831
5119	prompt	6507	20835
5120	prompt	7875	20841
5121	prompt	46987	20848
5122	prompt	3808	20856
5123	prompt	5081	20863
5124	prompt	3165	20872
5125	prompt	10612	20878
5126	prompt	6526	20884
5127	prompt	1172	20890
5128	prompt	279	20896
5129	prompt	1788	20900
5130	prompt	3019	20905
5131	prompt	739	20910
5132	prompt	553	20912
5133	prompt	487	20914
5134	prompt	328	20916
5135	prompt	2721	20918
5136	prompt	4212	20921
5137	prompt	763	20926
5138	prompt	220	20928
5139	prompt	17	20929
5140	prompt	20	20930
5141	prompt	21	20931
5142	prompt	11	20932
5143	prompt	328	20933
5144	prompt	1267	20935
5145	prompt	763	20939
5146	prompt	328	20941
5147	prompt	1595	20943
5148	prompt	487	20948
5149	prompt	328	20950
5150	prompt	3494	20952
5151	prompt	763	20957
5152	prompt	5046	20959
5153	prompt	1267	20962
5154	prompt	763	20966
5155	prompt	328	20968
5156	prompt	1640	20970
5157	prompt	487	20976
5158	prompt	328	20978
5159	prompt	12811	20980
5160	prompt	763	20990
5161	prompt	5046	20992
5162	prompt	2267	20995
5163	prompt	763	20999
5164	prompt	5046	21001
5165	prompt	4532	21004
5166	prompt	763	21015
5167	prompt	328	21017
5168	prompt	1757	21019
5169	prompt	2785	21023
5170	prompt	279	21030
5171	prompt	2313	21034
5172	prompt	11	21042
5173	prompt	378	21043
5174	prompt	1257	21045
5175	prompt	13	21047
5176	prompt	6599	21048
5177	prompt	52484	21059
5178	prompt	8750	21066
5179	prompt	2480	21072
5180	prompt	487	21077
5181	prompt	328	21079
5182	prompt	1267	21081
5183	prompt	763	21085
5184	prompt	328	21087
5185	prompt	889	21089
5186	prompt	487	21095
5187	prompt	328	21097
5188	prompt	1030	21099
5189	prompt	4232	21102
5190	prompt	763	21108
5191	prompt	220	21110
5192	prompt	16	21111
5193	prompt	11	21112
5194	prompt	328	21113
5195	prompt	58938	21115
5196	prompt	763	21124
5197	prompt	220	21126
5198	prompt	17	21127
5199	prompt	20	21128
5200	prompt	21	21129
5201	prompt	2069	21130
5202	prompt	328	21132
5203	prompt	2359	21134
5204	prompt	1757	21139
5205	prompt	763	21143
5206	prompt	5046	21145
5207	prompt	4532	21148
5208	prompt	763	21159
5209	prompt	328	21161
5210	prompt	1757	21163
5211	prompt	383	21167
5212	prompt	12977	21170
5213	prompt	310	21175
5214	prompt	1301	21178
5215	prompt	999	21183
5216	prompt	8529	21188
5217	prompt	494	21197
5218	prompt	11	21202
5219	prompt	8410	21203
5220	prompt	310	21212
5221	prompt	279	21215
5222	prompt	2136	21219
5223	prompt	5991	21225
5224	prompt	11454	21228
5225	prompt	506	21237
5226	prompt	52275	21240
5227	prompt	25716	21249
5228	prompt	13	21254
5229	prompt	60397	21255
5230	prompt	364	21265
5231	prompt	3977	21269
5232	prompt	488	21278
5233	prompt	599	21282
5234	prompt	383	21287
5235	prompt	12977	21290
5236	prompt	25	21295
5237	prompt	279	21296
5238	prompt	5224	21300
5239	prompt	15339	21305
5240	prompt	11	21311
5241	prompt	3107	21312
5242	prompt	2458	21316
5243	prompt	11	21320
5244	prompt	321	21321
5245	prompt	64313	21325
5246	prompt	5774	21333
5247	prompt	748	21342
5248	prompt	279	21345
5249	prompt	8529	21349
5250	prompt	2496	21358
5251	prompt	3599	21364
5252	prompt	279	21370
5253	prompt	1558	21374
5254	prompt	2193	21380
5255	prompt	13	21388
5256	prompt	30204	21389
5257	prompt	1769	21393
5258	prompt	13366	21398
5259	prompt	440	21408
5260	prompt	795	21413
5261	prompt	10152	21418
5262	prompt	328	21421
5263	prompt	1267	21423
5264	prompt	763	21427
5265	prompt	328	21429
5266	prompt	889	21431
5267	prompt	487	21437
5268	prompt	328	21439
5269	prompt	1030	21441
5270	prompt	4232	21444
5271	prompt	763	21450
5272	prompt	220	21452
5273	prompt	16	21453
5274	prompt	2069	21454
5275	prompt	328	21456
5276	prompt	673	21458
5277	prompt	763	21462
5278	prompt	5046	21464
5279	prompt	4532	21467
5280	prompt	763	21478
5281	prompt	328	21480
5282	prompt	24519	21482
5283	prompt	999	21488
5284	prompt	8529	21493
5285	prompt	318	21502
5286	prompt	8299	21504
5287	prompt	12	21507
5288	prompt	23	21508
5289	prompt	1414	21509
5290	prompt	11	21514
5291	prompt	466	21515
5292	prompt	2255	21518
5293	prompt	21	21523
5294	prompt	19	21524
5295	prompt	948	21525
5296	prompt	10845	21530
5297	prompt	369	21539
5298	prompt	7018	21542
5299	prompt	3051	21545
5300	prompt	21	21549
5301	prompt	19	21550
5302	prompt	59	21551
5303	prompt	1764	21552
5304	prompt	1690	21555
5305	prompt	2526	21559
5306	prompt	8476	21565
5307	prompt	2144	21573
5308	prompt	1132	21581
5309	prompt	1892	21586
5310	prompt	3977	21590
5311	prompt	488	21599
5312	prompt	599	21603
5313	prompt	383	21608
5314	prompt	12977	21611
5315	prompt	1220	21616
5316	prompt	958	21623
5317	prompt	2136	21627
5318	prompt	1757	21633
5319	prompt	4370	21637
5320	prompt	10152	21645
5321	prompt	328	21648
5322	prompt	1267	21650
5323	prompt	763	21654
5324	prompt	328	21656
5325	prompt	889	21658
5326	prompt	13933	21664
5327	prompt	328	21667
5328	prompt	16653	21669
5329	prompt	763	21677
5330	prompt	5046	21679
5331	prompt	4532	21682
5332	prompt	763	21693
5333	prompt	328	21695
5334	prompt	1591	21697
5335	prompt	310	21700
5336	prompt	7018	21703
5337	prompt	3051	21706
5338	prompt	21	21710
5339	prompt	19	21711
5340	prompt	2037	21712
5341	prompt	364	21714
5342	prompt	7620	21718
5343	prompt	7147	21725
5344	prompt	795	21732
5345	prompt	487	21737
5346	prompt	328	21739
5347	prompt	1267	21741
5348	prompt	763	21745
5349	prompt	328	21747
5350	prompt	889	21749
5351	prompt	487	21755
5352	prompt	328	21757
5353	prompt	8746	21759
5354	prompt	763	21763
5355	prompt	4241	21765
5356	prompt	3051	21768
5357	prompt	21	21772
5358	prompt	19	21773
5359	prompt	1293	21774
5360	prompt	2069	21776
5361	prompt	328	21778
5362	prompt	76	21780
5363	prompt	33715	21781
5364	prompt	763	21788
5365	prompt	5046	21790
5366	prompt	1267	21793
5367	prompt	763	21797
5368	prompt	328	21799
5369	prompt	889	21801
5370	prompt	8934	21807
5371	prompt	2069	21809
5372	prompt	328	21811
5373	prompt	6081	21813
5374	prompt	763	21821
5375	prompt	4241	21823
5376	prompt	2267	21826
5377	prompt	7664	21830
5378	prompt	328	21833
5379	prompt	34325	21835
5380	prompt	7654	21845
5381	prompt	763	21855
5382	prompt	867	21857
5383	prompt	36892	21863
5384	prompt	328	21866
5385	prompt	20960	21868
5386	prompt	763	21873
5387	prompt	5046	21875
5388	prompt	4532	21878
5389	prompt	763	21889
5390	prompt	328	21891
5391	prompt	4394	21893
5392	prompt	10612	21899
5393	prompt	25	21905
5394	prompt	12351	21906
5395	prompt	310	21912
5396	prompt	3572	21915
5397	prompt	13	21922
5398	prompt	60020	21923
5399	prompt	51509	21934
5400	prompt	25	21941
5401	prompt	12351	21942
5402	prompt	6483	21948
5403	prompt	6765	21954
5404	prompt	717	21961
5405	prompt	36087	21968
5406	prompt	3575	21973
5407	prompt	1220	21978
5408	prompt	381	21985
5409	prompt	6747	21988
5410	prompt	13	21996
5411	prompt	7252	21997
5412	prompt	220	22001
5413	prompt	17	22002
5414	prompt	20	22003
5415	prompt	21	22004
5416	prompt	791	22005
5417	prompt	1562	22009
5418	prompt	1892	22014
5419	prompt	6507	22018
5420	prompt	7875	22024
5421	prompt	43303	22031
5422	prompt	3808	22039
5423	prompt	5081	22046
5424	prompt	6526	22055
5425	prompt	1172	22061
5426	prompt	279	22067
5427	prompt	1788	22071
5428	prompt	3019	22076
5429	prompt	739	22081
5430	prompt	10152	22083
5431	prompt	328	22086
5432	prompt	2721	22088
5433	prompt	4212	22091
5434	prompt	763	22096
5435	prompt	220	22098
5436	prompt	17	22099
5437	prompt	20	22100
5438	prompt	21	22101
5439	prompt	11	22102
5440	prompt	328	22103
5441	prompt	1267	22105
5442	prompt	763	22109
5443	prompt	328	22111
5444	prompt	1595	22113
5445	prompt	487	22118
5446	prompt	328	22120
5447	prompt	3494	22122
5448	prompt	763	22127
5449	prompt	5046	22129
5450	prompt	1267	22132
5451	prompt	763	22136
5452	prompt	328	22138
5453	prompt	889	22140
5454	prompt	487	22146
5455	prompt	328	22148
5456	prompt	1030	22150
5457	prompt	4232	22153
5458	prompt	763	22159
5459	prompt	220	22161
5460	prompt	16	22162
5461	prompt	11	22163
5462	prompt	328	22164
5463	prompt	58938	22166
5464	prompt	763	22175
5465	prompt	220	22177
5466	prompt	17	22178
5467	prompt	20	22179
5468	prompt	21	22180
5469	prompt	36892	22181
5470	prompt	328	22184
5471	prompt	591	22186
5472	prompt	763	22190
5473	prompt	5046	22192
5474	prompt	4532	22195
5475	prompt	763	22206
5476	prompt	328	22208
5477	prompt	3081	22210
5478	prompt	15872	22216
5479	prompt	25	22224
5480	prompt	803	22225
5481	prompt	364	22230
5482	prompt	279	22234
5483	prompt	491	22238
5484	prompt	2790	22242
5485	prompt	35435	22249
5486	prompt	2313	22256
5487	prompt	487	22264
5488	prompt	328	22266
5489	prompt	1267	22268
5490	prompt	763	22272
5491	prompt	328	22274
5492	prompt	889	22276
5493	prompt	487	22282
5494	prompt	328	22284
5495	prompt	1030	22286
5496	prompt	4232	22289
5497	prompt	763	22295
5498	prompt	220	22297
5499	prompt	16	22298
5500	prompt	11	22299
5501	prompt	328	22300
5502	prompt	58938	22302
5503	prompt	763	22311
5504	prompt	220	22313
5505	prompt	17	22314
5506	prompt	15	22315
5507	prompt	15	22316
5508	prompt	2069	22317
5509	prompt	328	22319
5510	prompt	4995	22321
5511	prompt	763	22327
5512	prompt	5046	22329
5513	prompt	4532	22332
5514	prompt	763	22343
5515	prompt	328	22345
5516	prompt	6142	22347
5517	prompt	51509	22355
5518	prompt	25	22362
5519	prompt	7176	22363
5520	prompt	310	22369
5521	prompt	4025	22372
5522	prompt	303	22381
5523	prompt	279	22384
5524	prompt	6765	22388
5525	prompt	717	22395
5526	prompt	36087	22402
5527	prompt	13	22407
5528	prompt	8618	22408
5529	prompt	1752	22413
5530	prompt	1902	22418
5531	prompt	381	22423
5532	prompt	303	22426
5533	prompt	279	22429
5534	prompt	58351	22433
5535	prompt	3019	22443
5536	prompt	13	22448
5537	prompt	6250	22449
5538	prompt	1238	22453
5539	prompt	3165	22459
5540	prompt	10612	22465
5541	prompt	48396	22471
5542	prompt	13	22480
5543	prompt	7252	22481
5544	prompt	220	22485
5545	prompt	17	22486
5546	prompt	20	22487
5547	prompt	21	22488
5548	prompt	791	22489
5549	prompt	1562	22493
5550	prompt	10152	22498
5551	prompt	328	22501
5552	prompt	2721	22503
5553	prompt	4212	22506
5554	prompt	763	22511
5555	prompt	220	22513
5556	prompt	17	22514
5557	prompt	20	22515
5558	prompt	21	22516
5559	prompt	11	22517
5560	prompt	328	22518
5561	prompt	1267	22520
5562	prompt	763	22524
5563	prompt	328	22526
5564	prompt	1595	22528
5565	prompt	487	22533
5566	prompt	328	22535
5567	prompt	3494	22537
5568	prompt	763	22542
5569	prompt	5046	22544
5570	prompt	1267	22547
5571	prompt	763	22551
5572	prompt	328	22553
5573	prompt	1640	22555
5574	prompt	487	22561
5575	prompt	328	22563
5576	prompt	12811	22565
5577	prompt	763	22575
5578	prompt	5046	22577
5579	prompt	591	22580
5580	prompt	763	22584
5581	prompt	5046	22586
5582	prompt	4532	22589
5583	prompt	763	22600
5584	prompt	328	22602
5585	prompt	12115	22604
5586	prompt	3611	22609
5587	prompt	80347	22615
5588	prompt	2306	22624
5589	prompt	318	22630
5590	prompt	2037	22632
5591	prompt	15500	22634
5592	prompt	12068	22641
5593	prompt	2037	22649
5594	prompt	681	22651
5595	prompt	524	22653
5596	prompt	264	22657
5597	prompt	1752	22659
5598	prompt	487	22664
5599	prompt	328	22666
5600	prompt	1267	22668
5601	prompt	763	22672
5602	prompt	328	22674
5603	prompt	889	22676
5604	prompt	487	22682
5605	prompt	328	22684
5606	prompt	1030	22686
5607	prompt	4232	22689
5608	prompt	763	22695
5609	prompt	220	22697
5610	prompt	16	22698
5611	prompt	11	22699
5612	prompt	328	22700
5613	prompt	58938	22702
5614	prompt	763	22711
5615	prompt	220	22713
5616	prompt	17	22714
5617	prompt	20	22715
5618	prompt	20	22716
5619	prompt	2069	22717
5620	prompt	328	22719
5621	prompt	2267	22721
5622	prompt	763	22725
5623	prompt	5046	22727
5624	prompt	4532	22730
5625	prompt	763	22741
5626	prompt	328	22743
5627	prompt	7601	22745
5628	prompt	73119	22752
5629	prompt	1752	22761
5630	prompt	310	22766
5631	prompt	279	22769
5632	prompt	16620	22773
5633	prompt	43874	22781
5634	prompt	999	22786
5635	prompt	411	22791
5636	prompt	3575	22796
5637	prompt	42812	22801
5638	prompt	487	22809
5639	prompt	328	22811
5640	prompt	1267	22813
5641	prompt	763	22817
5642	prompt	328	22819
5643	prompt	889	22821
5644	prompt	487	22827
5645	prompt	328	22829
5646	prompt	1030	22831
5647	prompt	4232	22834
5648	prompt	763	22840
5649	prompt	220	22842
5650	prompt	16	22843
5651	prompt	11	22844
5652	prompt	328	22845
5653	prompt	58938	22847
5654	prompt	763	22856
5655	prompt	220	22858
5656	prompt	17	22859
5657	prompt	20	22860
5658	prompt	21	22861
5659	prompt	2069	22862
5660	prompt	328	22864
5661	prompt	39080	22866
5662	prompt	763	22874
5663	prompt	5046	22876
5664	prompt	4532	22879
5665	prompt	763	22890
5666	prompt	328	22892
5667	prompt	54250	22894
5668	prompt	1720	22898
5669	prompt	6625	22902
5670	prompt	318	22908
5671	prompt	2037	22910
5672	prompt	15500	22912
5673	prompt	593	22919
5674	prompt	13838	22921
5675	prompt	593	22931
5676	prompt	19261	22933
5677	prompt	11	22939
5678	prompt	220	22940
5679	prompt	18	22941
5680	prompt	11930	22942
5681	prompt	60592	22948
5682	prompt	487	22951
5683	prompt	328	22953
5684	prompt	1267	22955
5685	prompt	763	22959
5686	prompt	328	22961
5687	prompt	889	22963
5688	prompt	487	22969
5689	prompt	328	22971
5690	prompt	58938	22973
5691	prompt	763	22982
5692	prompt	220	22984
5693	prompt	17	22985
5694	prompt	20	22986
5695	prompt	20	22987
5696	prompt	2069	22988
5697	prompt	328	22990
5698	prompt	17728	22992
5699	prompt	763	23000
5700	prompt	5046	23002
5701	prompt	4532	23005
5702	prompt	763	23016
5703	prompt	328	23018
5704	prompt	5591	23020
5705	prompt	14890	23024
5706	prompt	303	23035
5707	prompt	279	23038
5708	prompt	6765	23042
5709	prompt	717	23049
5710	prompt	36087	23056
5711	prompt	487	23061
5712	prompt	328	23063
5713	prompt	1267	23065
5714	prompt	763	23069
5715	prompt	328	23071
5716	prompt	1640	23073
5717	prompt	487	23079
5718	prompt	328	23081
5719	prompt	12811	23083
5720	prompt	763	23093
5721	prompt	5046	23095
5722	prompt	2998	23098
5723	prompt	763	23103
5724	prompt	5046	23105
5725	prompt	1267	23108
5726	prompt	763	23112
5727	prompt	328	23114
5728	prompt	11326	23116
5729	prompt	487	23123
5730	prompt	328	23125
5731	prompt	86055	23127
5732	prompt	27756	23136
5733	prompt	763	23143
5734	prompt	220	23145
5735	prompt	15	23146
5736	prompt	11	23147
5737	prompt	328	23148
5738	prompt	37890	23150
5739	prompt	763	23157
5740	prompt	220	23159
5741	prompt	24	23160
5742	prompt	15	23161
5743	prompt	15	23162
5744	prompt	22	23163
5745	prompt	16	23164
5746	prompt	24	23165
5747	prompt	24	23166
5748	prompt	17	23167
5749	prompt	20	23168
5750	prompt	19	23169
5751	prompt	22	23170
5752	prompt	19	23171
5753	prompt	15	23172
5754	prompt	24	23173
5755	prompt	24	23174
5756	prompt	16	23175
5757	prompt	2069	23176
5758	prompt	328	23178
5759	prompt	2479	23180
5760	prompt	763	23186
5761	prompt	5046	23188
5762	prompt	1267	23191
5763	prompt	763	23195
5764	prompt	328	23197
5765	prompt	11326	23199
5766	prompt	487	23206
5767	prompt	328	23208
5768	prompt	86055	23210
5769	prompt	27756	23219
5770	prompt	763	23226
5771	prompt	220	23228
5772	prompt	15	23229
5773	prompt	11	23230
5774	prompt	328	23231
5775	prompt	37890	23233
5776	prompt	763	23240
5777	prompt	220	23242
5778	prompt	24	23243
5779	prompt	15	23244
5780	prompt	15	23245
5781	prompt	22	23246
5782	prompt	16	23247
5783	prompt	24	23248
5784	prompt	24	23249
5785	prompt	17	23250
5786	prompt	20	23251
5787	prompt	19	23252
5788	prompt	22	23253
5789	prompt	19	23254
5790	prompt	15	23255
5791	prompt	24	23256
5792	prompt	24	23257
5793	prompt	16	23258
5794	prompt	36892	23259
5795	prompt	328	23262
5796	prompt	6081	23264
5797	prompt	763	23272
5798	prompt	4241	23274
5799	prompt	2998	23277
5800	prompt	7664	23282
5801	prompt	328	23285
5802	prompt	34325	23287
5803	prompt	7654	23297
5804	prompt	763	23307
5805	prompt	867	23309
5806	prompt	2069	23315
5807	prompt	328	23317
5808	prompt	3938	23319
5809	prompt	763	23324
5810	prompt	5046	23326
5811	prompt	4532	23329
5812	prompt	763	23340
5813	prompt	328	23342
5814	prompt	10621	23344
5815	prompt	8200	23348
5816	prompt	3644	23353
5817	prompt	2306	23361
5818	prompt	364	23367
5819	prompt	279	23371
5820	prompt	6765	23375
5821	prompt	717	23382
5822	prompt	36087	23389
5823	prompt	318	23394
5824	prompt	2721	23396
5825	prompt	220	23399
5826	prompt	21	23400
5827	prompt	19	23401
5828	prompt	22283	23402
5829	prompt	553	23408
5830	prompt	5272	23410
5831	prompt	279	23414
5832	prompt	2450	23418
5833	prompt	2790	23425
5834	prompt	1785	23432
5835	prompt	579	23439
5836	prompt	1765	23441
5837	prompt	21370	23445
5838	prompt	1954	23453
5839	prompt	413	23460
5840	prompt	424	23463
5841	prompt	682	23466
5842	prompt	799	23470
5843	prompt	1892	23474
5844	prompt	378	23478
5845	prompt	1257	23480
5846	prompt	13	23482
5847	prompt	9926	23483
5848	prompt	682	23492
5849	prompt	50927	23496
5850	prompt	10968	23504
5851	prompt	2271	23506
5852	prompt	14	23510
5853	prompt	19968	23511
5854	prompt	45477	23516
5855	prompt	2487	23520
5856	prompt	264	23522
5857	prompt	12501	23524
5858	prompt	15663	23534
5859	prompt	2493	23538
5860	prompt	599	23544
5861	prompt	25869	23549
5862	prompt	14	23557
5863	prompt	19968	23558
5864	prompt	14	23563
5865	prompt	15918	23564
5866	prompt	13	23574
5867	prompt	7474	23575
5868	prompt	85188	23582
5869	prompt	8928	23595
5870	prompt	25	23602
5871	prompt	7018	23603
5872	prompt	900	23606
5873	prompt	15738	23610
5874	prompt	7018	23613
5875	prompt	12728	23616
5876	prompt	15738	23622
5877	prompt	7018	23625
5878	prompt	26159	23628
5879	prompt	15738	23635
5880	prompt	7018	23638
5881	prompt	10133	23641
5882	prompt	15738	23651
5883	prompt	7018	23654
5884	prompt	26295	23657
5885	prompt	2037	23662
5886	prompt	13	23664
5887	prompt	561	23665
5888	prompt	36087	23669
5889	prompt	5038	23674
5890	prompt	539	23681
5891	prompt	279	23684
5892	prompt	869	23688
5893	prompt	488	23694
5894	prompt	3502	23698
5895	prompt	10152	23703
5896	prompt	328	23706
5897	prompt	1267	23708
5898	prompt	763	23712
5899	prompt	328	23714
5900	prompt	889	23716
5901	prompt	487	23722
5902	prompt	328	23724
5903	prompt	58938	23726
5904	prompt	763	23735
5905	prompt	220	23737
5906	prompt	21	23738
5907	prompt	19	23739
5908	prompt	36892	23740
5909	prompt	328	23743
5910	prompt	6081	23745
5911	prompt	763	23753
5912	prompt	4241	23755
5913	prompt	591	23758
5914	prompt	487	23762
5915	prompt	328	23764
5916	prompt	2267	23766
5917	prompt	7664	23770
5918	prompt	328	23773
5919	prompt	34325	23775
5920	prompt	7654	23785
5921	prompt	763	23795
5922	prompt	867	23797
5923	prompt	36892	23803
5924	prompt	328	23806
5925	prompt	2359	23808
5926	prompt	5991	23813
5927	prompt	763	23816
5928	prompt	5046	23818
5929	prompt	4532	23821
5930	prompt	763	23832
5931	prompt	328	23834
5932	prompt	91145	23836
5933	prompt	25716	23844
5934	prompt	25	23849
5935	prompt	6025	23850
5936	prompt	279	23860
5937	prompt	12524	23864
5938	prompt	557	23871
5939	prompt	5617	23875
5940	prompt	1083	23881
5941	prompt	13	23886
5942	prompt	3165	23887
5943	prompt	10612	23893
5944	prompt	440	23899
5945	prompt	2136	23904
5946	prompt	1757	23910
5947	prompt	1189	23914
5948	prompt	1132	23918
5949	prompt	1301	23923
5950	prompt	3425	23928
5951	prompt	4613	23934
5952	prompt	411	23941
5953	prompt	6025	23946
5954	prompt	13	23956
5955	prompt	34797	23957
5956	prompt	310	23966
5957	prompt	279	23969
5958	prompt	1428	23973
5959	prompt	3133	23981
5960	prompt	6025	23989
5961	prompt	13	23999
5962	prompt	1737	24000
5963	prompt	8466	24004
5964	prompt	310	24009
5965	prompt	449	24012
5966	prompt	10424	24015
5967	prompt	1752	24024
5968	prompt	321	24029
5969	prompt	6625	24033
5970	prompt	303	24039
5971	prompt	279	24042
5972	prompt	7634	24046
5973	prompt	9640	24057
5974	prompt	10152	24064
5975	prompt	328	24067
5976	prompt	1267	24069
5977	prompt	763	24073
5978	prompt	328	24075
5979	prompt	889	24077
5980	prompt	487	24083
5981	prompt	328	24085
5982	prompt	1030	24087
5983	prompt	4232	24090
5984	prompt	763	24096
5985	prompt	220	24098
5986	prompt	16	24099
5987	prompt	2069	24100
5988	prompt	328	24102
5989	prompt	43365	24104
5990	prompt	763	24110
5991	prompt	5046	24112
5992	prompt	4532	24115
5993	prompt	763	24126
5994	prompt	328	24128
5995	prompt	11399	24130
5996	prompt	41266	24136
5997	prompt	25	24145
5998	prompt	22468	24146
5999	prompt	494	24156
6000	prompt	279	24161
6001	prompt	1534	24165
6002	prompt	641	24171
6003	prompt	7092	24173
6004	prompt	15464	24179
6005	prompt	4182	24185
6006	prompt	1892	24190
6007	prompt	14159	24194
6008	prompt	1132	24201
6009	prompt	11	24206
6010	prompt	874	24207
6011	prompt	3566	24210
6012	prompt	4874	24220
6013	prompt	466	24226
6014	prompt	12351	24229
6015	prompt	10152	24235
6016	prompt	328	24238
6017	prompt	1267	24240
6018	prompt	763	24244
6019	prompt	328	24246
6020	prompt	1640	24248
6021	prompt	487	24254
6022	prompt	328	24256
6023	prompt	12811	24258
6024	prompt	763	24268
6025	prompt	5046	24270
6026	prompt	4873	24273
6027	prompt	763	24278
6028	prompt	5046	24280
6029	prompt	1267	24283
6030	prompt	763	24287
6031	prompt	328	24289
6032	prompt	11326	24291
6033	prompt	487	24298
6034	prompt	328	24300
6035	prompt	36733	24302
6036	prompt	763	24309
6037	prompt	220	24311
6038	prompt	15	24312
6039	prompt	11	24313
6040	prompt	328	24314
6041	prompt	37890	24316
6042	prompt	763	24323
6043	prompt	220	24325
6044	prompt	24	24326
6045	prompt	15	24327
6046	prompt	15	24328
6047	prompt	22	24329
6048	prompt	16	24330
6049	prompt	24	24331
6050	prompt	24	24332
6051	prompt	17	24333
6052	prompt	20	24334
6053	prompt	19	24335
6054	prompt	22	24336
6055	prompt	19	24337
6056	prompt	15	24338
6057	prompt	24	24339
6058	prompt	24	24340
6059	prompt	16	24341
6060	prompt	2069	24342
6061	prompt	328	24344
6062	prompt	13458	24346
6063	prompt	763	24349
6064	prompt	5046	24351
6065	prompt	1267	24354
6066	prompt	763	24358
6067	prompt	328	24360
6068	prompt	11326	24362
6069	prompt	487	24369
6070	prompt	328	24371
6071	prompt	36733	24373
6072	prompt	763	24380
6073	prompt	220	24382
6074	prompt	15	24383
6075	prompt	11	24384
6076	prompt	328	24385
6077	prompt	37890	24387
6078	prompt	763	24394
6079	prompt	220	24396
6080	prompt	24	24397
6081	prompt	15	24398
6082	prompt	15	24399
6083	prompt	22	24400
6084	prompt	16	24401
6085	prompt	24	24402
6086	prompt	24	24403
6087	prompt	17	24404
6088	prompt	20	24405
6089	prompt	19	24406
6090	prompt	22	24407
6091	prompt	19	24408
6092	prompt	15	24409
6093	prompt	24	24410
6094	prompt	24	24411
6095	prompt	16	24412
6096	prompt	2069	24413
6097	prompt	328	24415
6098	prompt	61522	24417
6099	prompt	763	24421
6100	prompt	5046	24423
6101	prompt	1267	24426
6102	prompt	763	24430
6103	prompt	328	24432
6104	prompt	11326	24434
6105	prompt	487	24441
6106	prompt	328	24443
6107	prompt	36733	24445
6108	prompt	763	24452
6109	prompt	220	24454
6110	prompt	15	24455
6111	prompt	11	24456
6112	prompt	328	24457
6113	prompt	37890	24459
6114	prompt	763	24466
6115	prompt	220	24468
6116	prompt	24	24469
6117	prompt	15	24470
6118	prompt	15	24471
6119	prompt	22	24472
6120	prompt	16	24473
6121	prompt	24	24474
6122	prompt	24	24475
6123	prompt	17	24476
6124	prompt	20	24477
6125	prompt	19	24478
6126	prompt	22	24479
6127	prompt	19	24480
6128	prompt	15	24481
6129	prompt	24	24482
6130	prompt	24	24483
6131	prompt	16	24484
6132	prompt	2069	24485
6133	prompt	328	24487
6134	prompt	52778	24489
6135	prompt	27382	24497
6136	prompt	908	24502
6137	prompt	763	24506
6138	prompt	5046	24508
6139	prompt	1267	24511
6140	prompt	763	24515
6141	prompt	328	24517
6142	prompt	11326	24519
6143	prompt	487	24526
6144	prompt	328	24528
6145	prompt	36733	24530
6146	prompt	763	24537
6147	prompt	220	24539
6148	prompt	15	24540
6149	prompt	11	24541
6150	prompt	328	24542
6151	prompt	37890	24544
6152	prompt	763	24551
6153	prompt	220	24553
6154	prompt	24	24554
6155	prompt	15	24555
6156	prompt	15	24556
6157	prompt	22	24557
6158	prompt	16	24558
6159	prompt	24	24559
6160	prompt	24	24560
6161	prompt	17	24561
6162	prompt	20	24562
6163	prompt	19	24563
6164	prompt	22	24564
6165	prompt	19	24565
6166	prompt	15	24566
6167	prompt	24	24567
6168	prompt	24	24568
6169	prompt	16	24569
6170	prompt	2069	24570
6171	prompt	328	24572
6172	prompt	65305	24574
6173	prompt	763	24584
6174	prompt	5046	24586
6175	prompt	1267	24589
6176	prompt	763	24593
6177	prompt	328	24595
6178	prompt	11326	24597
6179	prompt	487	24604
6180	prompt	328	24606
6181	prompt	36733	24608
6182	prompt	763	24615
6183	prompt	220	24617
6184	prompt	15	24618
6185	prompt	11	24619
6186	prompt	328	24620
6187	prompt	37890	24622
6188	prompt	763	24629
6189	prompt	220	24631
6190	prompt	24	24632
6191	prompt	15	24633
6192	prompt	15	24634
6193	prompt	22	24635
6194	prompt	16	24636
6195	prompt	24	24637
6196	prompt	24	24638
6197	prompt	17	24639
6198	prompt	20	24640
6199	prompt	19	24641
6200	prompt	22	24642
6201	prompt	19	24643
6202	prompt	15	24644
6203	prompt	24	24645
6204	prompt	24	24646
6205	prompt	16	24647
6206	prompt	36892	24648
6207	prompt	328	24651
6208	prompt	6081	24653
6209	prompt	763	24661
6210	prompt	4241	24663
6211	prompt	4873	24666
6212	prompt	487	24671
6213	prompt	328	24673
6214	prompt	13458	24675
6215	prompt	487	24678
6216	prompt	328	24680
6217	prompt	61522	24682
6218	prompt	487	24686
6219	prompt	328	24688
6220	prompt	52778	24690
6221	prompt	27382	24698
6222	prompt	908	24703
6223	prompt	487	24707
6224	prompt	328	24709
6225	prompt	65305	24711
6226	prompt	7664	24721
6227	prompt	328	24724
6228	prompt	34325	24726
6229	prompt	7654	24736
6230	prompt	763	24746
6231	prompt	867	24748
6232	prompt	36892	24754
6233	prompt	328	24757
6234	prompt	6081	24759
6235	prompt	763	24767
6236	prompt	4241	24769
6237	prompt	4249	24772
6238	prompt	7664	24778
6239	prompt	328	24781
6240	prompt	34325	24783
6241	prompt	7654	24793
6242	prompt	763	24803
6243	prompt	867	24805
6244	prompt	72964	24811
6245	prompt	198	24814
6246	prompt	4754	24815
6247	prompt	1267	24817
6248	prompt	763	24821
6249	prompt	328	24823
6250	prompt	1628	24825
6251	prompt	487	24833
6252	prompt	328	24835
6253	prompt	1628	24837
6254	prompt	763	24845
6255	prompt	5046	24847
6256	prompt	591	24850
6257	prompt	763	24854
6258	prompt	328	24856
6259	prompt	3900	24858
6260	prompt	487	24862
6261	prompt	328	24864
6262	prompt	4532	24866
6263	prompt	763	24877
6264	prompt	328	24879
6265	prompt	3758	24881
6266	prompt	9515	24884
6267	prompt	4581	24889
6268	prompt	886	24895
6269	prompt	13329	24902
6270	prompt	303	24914
6271	prompt	264	24917
6272	prompt	999	24919
6273	prompt	6889	24924
6274	prompt	77	24926
6275	prompt	1639	24927
6276	prompt	12	24929
6277	prompt	1394	24930
6278	prompt	1902	24934
6279	prompt	4310	24939
6280	prompt	279	24944
6281	prompt	999	24948
6282	prompt	303	24953
6283	prompt	411	24956
6284	prompt	10125	24961
6285	prompt	1518	24974
6286	prompt	15205	24981
6287	prompt	11	24989
6288	prompt	466	24990
6289	prompt	279	24993
6290	prompt	1562	24997
6291	prompt	668	25002
6292	prompt	3564	25007
6293	prompt	6889	25012
6294	prompt	77	25014
6295	prompt	12	25015
6296	prompt	1510	25016
6297	prompt	787	25018
6298	prompt	3773	25021
6299	prompt	63	25028
6300	prompt	1902	25029
6301	prompt	2353	25034
6302	prompt	279	25040
6303	prompt	999	25044
6304	prompt	6681	25049
6305	prompt	11	25057
6306	prompt	2583	25058
6307	prompt	67234	25068
6308	prompt	11	25080
6309	prompt	321	25081
6310	prompt	381	25085
6311	prompt	4752	25088
6312	prompt	1892	25095
6313	prompt	279	25099
6314	prompt	4351	25103
6315	prompt	14107	25108
6316	prompt	5752	25114
6317	prompt	13	25124
6318	prompt	33742	25125
6319	prompt	279	25131
6320	prompt	4310	25135
6321	prompt	1500	25140
6322	prompt	8978	25145
6323	prompt	318	25152
6324	prompt	1021	25154
6325	prompt	1324	25158
6326	prompt	478	25165
6327	prompt	5474	25167
6328	prompt	8	25171
6329	prompt	1518	25172
6330	prompt	12219	25179
6331	prompt	6889	25188
6332	prompt	77	25190
6333	prompt	12	25191
6334	prompt	1510	25192
6335	prompt	7899	25194
6336	prompt	5527	25201
6337	prompt	25	25205
6338	prompt	804	25206
6339	prompt	63	25211
6340	prompt	39356	25212
6341	prompt	1396	25221
6342	prompt	30520	25227
6343	prompt	4370	25238
6344	prompt	10152	25246
6345	prompt	328	25249
6346	prompt	13390	25251
6347	prompt	763	25261
6348	prompt	5046	25263
6349	prompt	3	25266
6350	prompt	16838	25267
6351	prompt	763	25273
6352	prompt	328	25275
6353	prompt	2349	25277
6354	prompt	1074	25282
6355	prompt	2164	25285
6356	prompt	76939	25289
6357	prompt	2572	25296
6358	prompt	3336	25300
6359	prompt	2850	25302
6360	prompt	14	25306
6361	prompt	17	25307
6362	prompt	15	25308
6363	prompt	17	25309
6364	prompt	15	25310
6365	prompt	12	25311
6366	prompt	16	25312
6367	prompt	17	25313
6368	prompt	59082	25314
6369	prompt	487	25321
6370	prompt	328	25323
6371	prompt	1267	25325
6372	prompt	763	25329
6373	prompt	328	25331
6374	prompt	1640	25333
6375	prompt	487	25339
6376	prompt	328	25341
6377	prompt	12811	25343
6378	prompt	763	25353
6379	prompt	5046	25355
6380	prompt	1152	25358
6381	prompt	2551	25362
6382	prompt	763	25367
6383	prompt	5046	25369
6384	prompt	4532	25372
6385	prompt	763	25383
6386	prompt	328	25385
6387	prompt	760	25387
6388	prompt	10424	25390
6389	prompt	1752	25399
6390	prompt	310	25404
6391	prompt	279	25407
6392	prompt	999	25411
6393	prompt	310	25416
6394	prompt	5427	25419
6395	prompt	487	25426
6396	prompt	328	25428
6397	prompt	1267	25430
6398	prompt	763	25434
6399	prompt	328	25436
6400	prompt	889	25438
6401	prompt	13933	25444
6402	prompt	328	25447
6403	prompt	787	25449
6404	prompt	3773	25452
6405	prompt	763	25459
6406	prompt	5046	25461
6407	prompt	4532	25464
6408	prompt	763	25475
6409	prompt	328	25477
6410	prompt	760	25479
6411	prompt	1414	25482
6412	prompt	310	25487
6413	prompt	8032	25490
6414	prompt	487	25498
6415	prompt	328	25500
6416	prompt	1267	25502
6417	prompt	763	25506
6418	prompt	328	25508
6419	prompt	889	25510
6420	prompt	13933	25516
6421	prompt	328	25519
6422	prompt	902	25521
6423	prompt	3773	25524
6424	prompt	763	25531
6425	prompt	5046	25533
6426	prompt	4532	25536
6427	prompt	763	25547
6428	prompt	328	25549
6429	prompt	760	25551
6430	prompt	1414	25554
6431	prompt	310	25559
6432	prompt	8032	25562
6433	prompt	424	25570
6434	prompt	440	25573
6435	prompt	318	25578
6436	prompt	24028	25580
6437	prompt	381	25584
6438	prompt	2086	25587
6439	prompt	494	25597
6440	prompt	2235	25602
6441	prompt	3773	25606
6442	prompt	11250	25613
6443	prompt	328	25616
6444	prompt	1267	25618
6445	prompt	763	25622
6446	prompt	328	25624
6447	prompt	889	25626
6448	prompt	13933	25632
6449	prompt	328	25635
6450	prompt	7899	25637
6451	prompt	5527	25644
6452	prompt	763	25648
6453	prompt	5046	25650
6454	prompt	4532	25653
6455	prompt	763	25664
6456	prompt	328	25666
6457	prompt	22386	25668
6458	prompt	660	25675
6459	prompt	54133	25679
6460	prompt	314	25691
6461	prompt	2235	25694
6462	prompt	3773	25698
6463	prompt	318	25705
6464	prompt	2186	25707
6465	prompt	867	25714
6466	prompt	11250	25720
6467	prompt	328	25723
6468	prompt	2186	25725
6469	prompt	763	25732
6470	prompt	867	25734
6471	prompt	11	25740
6472	prompt	328	25741
6473	prompt	1267	25743
6474	prompt	763	25747
6475	prompt	328	25749
6476	prompt	5925	25751
6477	prompt	8934	25758
6478	prompt	2069	25760
6479	prompt	328	25762
6480	prompt	6081	25764
6481	prompt	763	25772
6482	prompt	4241	25774
6483	prompt	1152	25777
6484	prompt	2551	25781
6485	prompt	487	25786
6486	prompt	328	25788
6487	prompt	787	25790
6488	prompt	3773	25793
6489	prompt	487	25800
6490	prompt	328	25802
6491	prompt	902	25804
6492	prompt	3773	25807
6493	prompt	7664	25814
6494	prompt	328	25817
6495	prompt	34325	25819
6496	prompt	7654	25829
6497	prompt	763	25839
6498	prompt	867	25841
6499	prompt	72964	25847
6500	prompt	198	25850
6501	prompt	4754	25851
6502	prompt	1267	25853
6503	prompt	763	25857
6504	prompt	328	25859
6505	prompt	1628	25861
6506	prompt	487	25869
6507	prompt	328	25871
6508	prompt	1628	25873
6509	prompt	763	25881
6510	prompt	5046	25883
6511	prompt	591	25886
6512	prompt	763	25890
6513	prompt	328	25892
6514	prompt	6072	25894
6515	prompt	19860	25899
6516	prompt	3513	25903
6517	prompt	487	25907
6518	prompt	328	25909
6519	prompt	4532	25911
6520	prompt	763	25922
6521	prompt	328	25924
6522	prompt	9947	25926
6523	prompt	411	25929
6524	prompt	5224	25934
6525	prompt	453	25939
6526	prompt	60894	25943
6527	prompt	948	25951
6528	prompt	488	25956
6529	prompt	2224	25960
6530	prompt	883	25963
6531	prompt	310	25969
6532	prompt	1151	25972
6533	prompt	264	25978
6534	prompt	2397	25980
6535	prompt	9885	25984
6536	prompt	25806	25987
6537	prompt	7873	25992
6538	prompt	3274	26007
6539	prompt	13	26012
6540	prompt	23740	26013
6541	prompt	1156	26021
6542	prompt	1777	26026
6543	prompt	12105	26031
6544	prompt	383	26035
6545	prompt	678	26038
6546	prompt	5313	26043
6547	prompt	1518	26052
6548	prompt	4237	26059
6549	prompt	1970	26067
6550	prompt	27028	26072
6551	prompt	37543	26081
6552	prompt	4879	26088
6553	prompt	321	26095
6554	prompt	24546	26099
6555	prompt	16682	26107
6556	prompt	13	26117
6557	prompt	1061	26118
6558	prompt	5224	26123
6559	prompt	32480	26128
6560	prompt	488	26140
6561	prompt	1083	26144
6562	prompt	3019	26149
6563	prompt	3728	26154
6564	prompt	1332	26159
6565	prompt	488	26165
6566	prompt	628	26169
6567	prompt	12804	26173
6568	prompt	279	26181
6569	prompt	1970	26185
6570	prompt	3051	26190
6571	prompt	321	26194
6572	prompt	2790	26198
6573	prompt	449	26205
6574	prompt	7873	26208
6575	prompt	5313	26223
6576	prompt	364	26232
6577	prompt	1156	26236
6578	prompt	14014	26241
6579	prompt	6889	26250
6580	prompt	77	26252
6581	prompt	1639	26253
6582	prompt	550	26255
6583	prompt	3095	26257
6584	prompt	310	26262
6585	prompt	5272	26265
6586	prompt	1061	26269
6587	prompt	13086	26274
6588	prompt	1639	26279
6589	prompt	1639	26281
6590	prompt	332	26283
6591	prompt	4551	26285
6592	prompt	776	26288
6593	prompt	1608	26291
6594	prompt	10925	26297
6595	prompt	19860	26303
6596	prompt	3513	26307
6597	prompt	332	26311
6598	prompt	364	26313
6599	prompt	7873	26317
6600	prompt	8806	26332
6601	prompt	7014	26338
6602	prompt	781	26345
6603	prompt	2224	26350
6604	prompt	4145	26353
6605	prompt	13	26360
6606	prompt	5272	26361
6607	prompt	424	26365
6608	prompt	948	26368
6609	prompt	4001	26373
6610	prompt	314	26377
6611	prompt	1439	26380
6612	prompt	4530	26386
6613	prompt	3668	26397
6614	prompt	6964	26403
6615	prompt	77	26405
6616	prompt	1639	26406
6617	prompt	16	26408
6618	prompt	13	26409
6619	prompt	2972	26410
6620	prompt	3446	26413
6621	prompt	19389	26416
6622	prompt	29806	26424
6623	prompt	92217	26439
6624	prompt	29381	26442
6625	prompt	21716	26449
6626	prompt	491	26460
6627	prompt	14512	26464
6628	prompt	1639	26478
6629	prompt	256	26480
6630	prompt	471	26482
6631	prompt	12996	26484
6632	prompt	25	26492
6633	prompt	7018	26493
6634	prompt	2143	26496
6635	prompt	264	26499
6636	prompt	21663	26501
6637	prompt	3037	26508
6638	prompt	2037	26515
6639	prompt	471	26517
6640	prompt	1332	26519
6641	prompt	1220	26525
6642	prompt	424	26532
6643	prompt	708	26535
6644	prompt	30	26538
6645	prompt	3437	26539
6646	prompt	1220	26544
6647	prompt	3420	26551
6648	prompt	383	26558
6649	prompt	4066	26561
6650	prompt	31541	26567
6651	prompt	77	26569
6652	prompt	256	26570
6653	prompt	471	26572
6654	prompt	12996	26574
6655	prompt	25	26582
6656	prompt	7018	26583
6657	prompt	2143	26586
6658	prompt	1304	26589
6659	prompt	10206	26594
6660	prompt	2037	26605
6661	prompt	471	26607
6662	prompt	1092	26609
6663	prompt	5426	26614
6664	prompt	30	26620
6665	prompt	3437	26621
6666	prompt	1412	26626
6667	prompt	6397	26632
6668	prompt	31541	26641
6669	prompt	77	26643
6670	prompt	1639	26644
6671	prompt	17	26646
6672	prompt	13	26647
6673	prompt	2972	26648
6674	prompt	31032	26651
6675	prompt	7571	26659
6676	prompt	18080	26665
6677	prompt	13834	26671
6678	prompt	92217	26676
6679	prompt	561	26679
6680	prompt	3274	26683
6681	prompt	628	26688
6682	prompt	381	26692
6683	prompt	27050	26695
6684	prompt	303	26702
6685	prompt	3679	26705
6686	prompt	2086	26713
6687	prompt	5337	26723
6688	prompt	1639	26728
6689	prompt	256	26730
6690	prompt	471	26732
6691	prompt	12996	26734
6692	prompt	25	26742
6693	prompt	7018	26743
6694	prompt	2143	26746
6695	prompt	45850	26749
6696	prompt	310	26757
6697	prompt	279	26760
6698	prompt	5165	26764
6699	prompt	2037	26768
6700	prompt	471	26770
6701	prompt	1362	26772
6702	prompt	958	26778
6703	prompt	33028	26782
6704	prompt	11	26788
6705	prompt	303	26789
6706	prompt	61932	26792
6707	prompt	11	26799
6708	prompt	999	26800
6709	prompt	5792	26805
6710	prompt	11	26811
6711	prompt	4831	26812
6712	prompt	6889	26816
6713	prompt	77	26818
6714	prompt	256	26819
6715	prompt	471	26821
6716	prompt	12996	26823
6717	prompt	25	26831
6718	prompt	7018	26832
6719	prompt	1378	26835
6720	prompt	33319	26837
6721	prompt	4906	26842
6722	prompt	2037	26854
6723	prompt	471	26856
6724	prompt	1599	26858
6725	prompt	24460	26863
6726	prompt	14400	26876
6727	prompt	3102	26887
6728	prompt	1639	26896
6729	prompt	1639	26898
6730	prompt	18	26900
6731	prompt	13	26901
6732	prompt	2972	26902
6733	prompt	2010	26905
6734	prompt	92311	26909
6735	prompt	92217	26923
6736	prompt	27227	26926
6737	prompt	421	26934
6738	prompt	7556	26939
6739	prompt	6149	26946
6740	prompt	7465	26955
6741	prompt	466	26964
6742	prompt	5759	26967
6743	prompt	1639	26977
6744	prompt	256	26979
6745	prompt	471	26981
6746	prompt	12996	26983
6747	prompt	25	26991
6748	prompt	7018	26992
6749	prompt	4149	26995
6750	prompt	279	27001
6751	prompt	5677	27005
6752	prompt	6195	27011
6753	prompt	2037	27016
6754	prompt	471	27018
6755	prompt	1092	27020
6756	prompt	6681	27025
6757	prompt	1220	27033
6758	prompt	2222	27040
6759	prompt	31541	27047
6760	prompt	77	27049
6761	prompt	256	27050
6762	prompt	471	27052
6763	prompt	12996	27054
6764	prompt	25	27062
6765	prompt	7018	27063
6766	prompt	3812	27066
6767	prompt	5444	27069
6768	prompt	411	27074
6769	prompt	3566	27079
6770	prompt	2037	27089
6771	prompt	471	27091
6772	prompt	1092	27093
6773	prompt	579	27098
6774	prompt	279	27100
6775	prompt	2100	27104
6776	prompt	17120	27111
6777	prompt	31541	27124
6778	prompt	77	27126
6779	prompt	1639	27127
6780	prompt	19	27129
6781	prompt	13	27130
6782	prompt	2972	27131
6783	prompt	18164	27134
6784	prompt	8101	27138
6785	prompt	4038	27143
6786	prompt	3588	27147
6787	prompt	6591	27151
6788	prompt	92217	27157
6789	prompt	561	27160
6790	prompt	3274	27164
6791	prompt	7225	27169
6792	prompt	18207	27178
6793	prompt	1881	27187
6794	prompt	12261	27195
6795	prompt	466	27204
6796	prompt	13900	27207
6797	prompt	1639	27220
6798	prompt	256	27222
6799	prompt	471	27224
6800	prompt	12996	27226
6801	prompt	25	27234
6802	prompt	7018	27235
6803	prompt	2143	27238
6804	prompt	1865	27241
6805	prompt	7019	27246
6806	prompt	8570	27251
6807	prompt	2037	27259
6808	prompt	471	27261
6809	prompt	4736	27263
6810	prompt	50	27267
6811	prompt	19001	27268
6812	prompt	5972	27274
6813	prompt	70975	27277
6814	prompt	5972	27281
6815	prompt	29643	27284
6816	prompt	1639	27292
6817	prompt	256	27294
6818	prompt	471	27296
6819	prompt	12996	27298
6820	prompt	25	27306
6821	prompt	7018	27307
6822	prompt	60856	27310
6823	prompt	1528	27319
6824	prompt	6044	27325
6825	prompt	2037	27336
6826	prompt	471	27338
6827	prompt	65716	27340
6828	prompt	5972	27346
6829	prompt	9321	27349
6830	prompt	5972	27357
6831	prompt	2446	27360
6832	prompt	6093	27367
6833	prompt	1639	27376
6834	prompt	1639	27378
6835	prompt	20	27380
6836	prompt	13	27381
6837	prompt	2972	27382
6838	prompt	19739	27385
6839	prompt	12	27390
6840	prompt	1643	27391
6841	prompt	27227	27395
6842	prompt	92217	27403
6843	prompt	561	27406
6844	prompt	3274	27410
6845	prompt	668	27415
6846	prompt	4222	27420
6847	prompt	5615	27427
6848	prompt	777	27433
6849	prompt	1056	27438
6850	prompt	220	27443
6851	prompt	17	27444
6852	prompt	12	27445
6853	prompt	18	27446
6854	prompt	3425	27447
6855	prompt	1639	27453
6856	prompt	256	27455
6857	prompt	471	27457
6858	prompt	12996	27459
6859	prompt	25	27467
6860	prompt	7018	27468
6861	prompt	3812	27471
6862	prompt	5444	27474
6863	prompt	279	27479
6864	prompt	16163	27483
6865	prompt	1785	27498
6866	prompt	21555	27505
6867	prompt	77	27508
6868	prompt	256	27509
6869	prompt	471	27511
6870	prompt	12996	27513
6871	prompt	25	27521
6872	prompt	7018	27522
6873	prompt	2143	27525
6874	prompt	264	27528
6875	prompt	491	27530
6876	prompt	5165	27534
6877	prompt	14456	27538
6878	prompt	440	27547
6879	prompt	6813	27552
6880	prompt	21555	27558
6881	prompt	77	27561
6882	prompt	1639	27562
6883	prompt	21	27564
6884	prompt	13	27565
6885	prompt	2972	27566
6886	prompt	61568	27569
6887	prompt	1493	27572
6888	prompt	32666	27576
6889	prompt	92217	27589
6890	prompt	1394	27592
6891	prompt	1144	27596
6892	prompt	310	27601
6893	prompt	12804	27604
6894	prompt	1518	27612
6895	prompt	8396	27619
6896	prompt	279	27633
6897	prompt	2400	27637
6898	prompt	6676	27642
6899	prompt	1639	27648
6900	prompt	256	27650
6901	prompt	471	27652
6902	prompt	12996	27654
6903	prompt	25	27662
6904	prompt	7018	27663
6905	prompt	7825	27666
6906	prompt	279	27670
6907	prompt	878	27674
6908	prompt	10281	27678
6909	prompt	2037	27685
6910	prompt	471	27687
6911	prompt	1144	27689
6912	prompt	310	27694
6913	prompt	5353	27697
6914	prompt	321	27705
6915	prompt	10229	27709
6916	prompt	10617	27718
6917	prompt	33059	27723
6918	prompt	14134	27727
6919	prompt	1639	27730
6920	prompt	256	27732
6921	prompt	471	27734
6922	prompt	12996	27736
6923	prompt	25	27744
6924	prompt	7018	27745
6925	prompt	25128	27748
6926	prompt	279	27751
6927	prompt	9584	27755
6928	prompt	303	27759
6929	prompt	26384	27762
6930	prompt	2037	27771
6931	prompt	471	27773
6932	prompt	1144	27775
6933	prompt	310	27780
6934	prompt	18730	27783
6935	prompt	3578	27795
6936	prompt	5073	27800
6937	prompt	1639	27806
6938	prompt	1639	27808
6939	prompt	22	27810
6940	prompt	13	27811
6941	prompt	2972	27812
6942	prompt	1421	27815
6943	prompt	46274	27819
6944	prompt	32259	27831
6945	prompt	92217	27838
6946	prompt	561	27841
6947	prompt	7873	27845
6948	prompt	1362	27860
6949	prompt	27517	27866
6950	prompt	708	27877
6951	prompt	5081	27880
6952	prompt	5337	27889
6953	prompt	1639	27894
6954	prompt	256	27896
6955	prompt	471	27898
6956	prompt	1368	27900
6957	prompt	488	27903
6958	prompt	1000	27907
6959	prompt	958	27913
6960	prompt	19814	27917
6961	prompt	1421	27921
6962	prompt	14162	27925
6963	prompt	310	27933
6964	prompt	35932	27936
6965	prompt	279	27944
6966	prompt	5313	27948
6967	prompt	11	27957
6968	prompt	958	27958
6969	prompt	10925	27962
6970	prompt	19860	27968
6971	prompt	3513	27972
6972	prompt	4370	27976
6973	prompt	1639	27984
6974	prompt	256	27986
6975	prompt	471	27988
6976	prompt	9392	27990
6977	prompt	3728	27995
6978	prompt	14908	28000
6979	prompt	488	28005
6980	prompt	12804	28009
6981	prompt	1118	28017
6982	prompt	11	28023
6983	prompt	1179	28024
6984	prompt	2945	28029
6985	prompt	2519	28037
6986	prompt	440	28045
6987	prompt	2193	28050
6988	prompt	1639	28058
6989	prompt	1639	28060
6990	prompt	550	28062
6991	prompt	3095	28064
6992	prompt	4045	28069
6993	prompt	310	28073
6994	prompt	5272	28076
6995	prompt	1061	28080
6996	prompt	13086	28085
6997	prompt	1639	28090
6998	prompt	1639	28092
6999	prompt	7081	28094
7000	prompt	10390	28098
7001	prompt	10925	28103
7002	prompt	19860	28109
7003	prompt	3513	28113
7004	prompt	364	28117
7005	prompt	4145	28121
7006	prompt	8806	28128
7007	prompt	6964	28134
7008	prompt	77	28136
7009	prompt	12	28137
7010	prompt	11000	28138
7011	prompt	8187	28145
7012	prompt	466	28150
7013	prompt	2342	28153
7014	prompt	8187	28157
7015	prompt	25689	28162
7016	prompt	318	28168
7017	prompt	1816	28170
7018	prompt	936	28172
7019	prompt	11	28175
7020	prompt	7783	28176
7021	prompt	21851	28184
7022	prompt	11	28189
7023	prompt	2526	28190
7024	prompt	60238	28196
7025	prompt	10383	28203
7026	prompt	77	28205
7027	prompt	12	28206
7028	prompt	29381	28207
7029	prompt	264	28214
7030	prompt	3074	28216
7031	prompt	709	28223
7032	prompt	440	28232
7033	prompt	2708	28237
7034	prompt	8242	28243
7035	prompt	1639	28256
7036	prompt	12	28258
7037	prompt	44920	28259
7038	prompt	1332	28265
7039	prompt	279	28271
7040	prompt	1156	28275
7041	prompt	682	28280
7042	prompt	2574	28284
7043	prompt	1546	28290
7044	prompt	3050	28295
7045	prompt	11	28304
7046	prompt	11346	28305
7047	prompt	10895	28314
7048	prompt	1639	28327
7049	prompt	12	28329
7050	prompt	28621	28330
7051	prompt	3302	28335
7052	prompt	24993	28344
7053	prompt	490	28347
7054	prompt	7372	28349
7055	prompt	8806	28356
7056	prompt	318	28362
7057	prompt	784	28364
7058	prompt	279	28367
7059	prompt	20086	28371
7060	prompt	5224	28377
7061	prompt	440	28382
7062	prompt	12804	28387
7063	prompt	8057	28395
7064	prompt	4370	28401
7065	prompt	10383	28409
7066	prompt	77	28411
7067	prompt	1639	28412
7068	prompt	550	28414
7069	prompt	3437	28416
7070	prompt	33552	28421
7071	prompt	704	28426
7072	prompt	303	28429
7073	prompt	9392	28432
7074	prompt	14143	28437
7075	prompt	1639	28442
7076	prompt	1639	28444
7077	prompt	623	28446
7078	prompt	3019	28448
7079	prompt	3728	28453
7080	prompt	11	28458
7081	prompt	488	28459
7082	prompt	3172	28463
7083	prompt	6964	28466
7084	prompt	77	28468
7085	prompt	16	28469
7086	prompt	13	28470
7087	prompt	645	28471
7088	prompt	14025	28474
7089	prompt	391	28480
7090	prompt	12804	28482
7091	prompt	279	28490
7092	prompt	1970	28494
7093	prompt	3051	28499
7094	prompt	1608	28503
7095	prompt	1510	28509
7096	prompt	3772	28511
7097	prompt	63	28515
7098	prompt	14	28516
7099	prompt	223006	28517
7100	prompt	11	28521
7101	prompt	1510	28522
7102	prompt	36940	28524
7103	prompt	63	28528
7104	prompt	14	28529
7105	prompt	38	28530
7106	prompt	9699	28531
7107	prompt	11	28534
7108	prompt	321	28535
7109	prompt	4310	28539
7110	prompt	1639	28544
7111	prompt	17	28546
7112	prompt	13	28547
7113	prompt	68490	28548
7114	prompt	6149	28559
7115	prompt	12261	28568
7116	prompt	321	28577
7117	prompt	17120	28581
7118	prompt	1639	28594
7119	prompt	18	28596
7120	prompt	13	28597
7121	prompt	6765	28598
7122	prompt	449	28605
7123	prompt	7873	28608
7124	prompt	5313	28623
7125	prompt	1639	28632
7126	prompt	19	28634
7127	prompt	13	28635
7128	prompt	25790	28636
7129	prompt	678	28644
7130	prompt	3019	28649
7131	prompt	310	28654
7132	prompt	279	28657
7133	prompt	1156	28661
7134	prompt	364	28666
7135	prompt	14014	28670
7136	prompt	1639	28679
7137	prompt	20	28681
7138	prompt	13	28682
7139	prompt	5272	28683
7140	prompt	19814	28687
7141	prompt	1421	28691
7142	prompt	14162	28695
7143	prompt	413	28703
7144	prompt	488	28706
7145	prompt	1144	28710
7146	prompt	310	28715
7147	prompt	35932	28718
7148	prompt	19222	28726
7149	prompt	1639	28737
7150	prompt	21	28739
7151	prompt	13	28740
7152	prompt	18422	28741
7153	prompt	3019	28746
7154	prompt	3728	28751
7155	prompt	440	28756
7156	prompt	18422	28761
7157	prompt	19860	28766
7158	prompt	3513	28770
7159	prompt	948	28774
7160	prompt	5354	28779
7161	prompt	310	28785
7162	prompt	4072	28788
7163	prompt	1639	28798
7164	prompt	1639	28800
7165	prompt	550	28802
7166	prompt	24508	28804
7167	prompt	1639	28813
7168	prompt	1639	28815
7169	prompt	13962	28817
7170	prompt	21051	28820
7171	prompt	471	28825
7172	prompt	5272	28827
7173	prompt	10925	28831
7174	prompt	19860	28837
7175	prompt	3513	28841
7176	prompt	6964	28845
7177	prompt	77	28847
7178	prompt	1421	28848
7179	prompt	25	28852
7180	prompt	7018	28853
7181	prompt	2143	28856
7182	prompt	1156	28859
7183	prompt	16163	28864
7184	prompt	310	28879
7185	prompt	279	28882
7186	prompt	878	28886
7187	prompt	21555	28890
7188	prompt	77	28893
7189	prompt	12	28894
7190	prompt	42629	28895
7191	prompt	41052	28904
7192	prompt	10856	28918
7193	prompt	318	28928
7194	prompt	5736	28930
7195	prompt	5972	28937
7196	prompt	45982	28940
7197	prompt	11	28944
7198	prompt	1332	28945
7199	prompt	310	28951
7200	prompt	3436	28954
7201	prompt	10885	28960
7202	prompt	11	28967
7203	prompt	28709	28968
7204	prompt	5759	28979
7205	prompt	10383	28989
7206	prompt	77	28991
7207	prompt	1639	28992
7208	prompt	1421	28994
7209	prompt	25	28998
7210	prompt	7018	28999
7211	prompt	20711	29002
7212	prompt	11514	29005
7213	prompt	279	29010
7214	prompt	4475	29014
7215	prompt	18959	29023
7216	prompt	21555	29031
7217	prompt	77	29034
7218	prompt	12	29035
7219	prompt	27869	29036
7220	prompt	19222	29045
7221	prompt	3102	29056
7222	prompt	11	29065
7223	prompt	1144	29066
7224	prompt	310	29071
7225	prompt	5353	29074
7226	prompt	1118	29082
7227	prompt	11	29088
7228	prompt	4927	29089
7229	prompt	5253	29101
7230	prompt	1639	29108
7231	prompt	1639	29110
7232	prompt	1421	29112
7233	prompt	25	29116
7234	prompt	7018	29117
7235	prompt	60856	29120
7236	prompt	6121	29129
7237	prompt	3728	29134
7238	prompt	21555	29139
7239	prompt	77	29142
7240	prompt	12	29143
7241	prompt	23269	29144
7242	prompt	4038	29154
7243	prompt	5307	29158
7244	prompt	383	29167
7245	prompt	6697	29170
7246	prompt	1785	29176
7247	prompt	11	29183
7248	prompt	20843	29184
7249	prompt	1599	29192
7250	prompt	6599	29197
7251	prompt	1639	29208
7252	prompt	1639	29210
7253	prompt	1421	29212
7254	prompt	25	29216
7255	prompt	7018	29217
7256	prompt	2143	29220
7257	prompt	264	29223
7258	prompt	3572	29225
7259	prompt	3037	29232
7260	prompt	310	29239
7261	prompt	279	29242
7262	prompt	1156	29246
7263	prompt	5353	29251
7264	prompt	21555	29259
7265	prompt	77	29262
7266	prompt	12	29263
7267	prompt	61799	29264
7268	prompt	4145	29270
7269	prompt	694	29277
7270	prompt	17077	29281
7271	prompt	25	29290
7272	prompt	1332	29291
7273	prompt	310	29297
7274	prompt	1925	29300
7275	prompt	424	29306
7276	prompt	11	29309
7277	prompt	18944	29310
7278	prompt	7027	29323
7279	prompt	11	29330
7280	prompt	5165	29331
7281	prompt	1562	29335
7282	prompt	11	29340
7283	prompt	1412	29341
7284	prompt	11256	29347
7285	prompt	11	29356
7286	prompt	1528	29357
7287	prompt	8570	29363
7288	prompt	1639	29371
7289	prompt	1639	29373
7290	prompt	1421	29375
7291	prompt	25	29379
7292	prompt	7018	29380
7293	prompt	4149	29383
7294	prompt	279	29389
7295	prompt	1412	29393
7296	prompt	11256	29399
7297	prompt	303	29408
7298	prompt	279	29411
7299	prompt	5165	29415
7300	prompt	21555	29419
7301	prompt	77	29422
7302	prompt	12	29423
7303	prompt	357	29424
7304	prompt	38603	29426
7305	prompt	5081	29432
7306	prompt	3425	29441
7307	prompt	11	29447
7308	prompt	1156	29448
7309	prompt	1220	29453
7310	prompt	27237	29460
7311	prompt	279	29468
7312	prompt	5313	29472
7313	prompt	1639	29481
7314	prompt	1639	29483
7315	prompt	13962	29485
7316	prompt	46129	29488
7317	prompt	471	29492
7318	prompt	4179	29494
7319	prompt	914	29498
7320	prompt	958	29500
7321	prompt	10925	29504
7322	prompt	19860	29510
7323	prompt	3513	29514
7324	prompt	6964	29518
7325	prompt	77	29520
7326	prompt	1421	29521
7327	prompt	25	29525
7328	prompt	7018	29526
7329	prompt	25128	29529
7330	prompt	279	29532
7331	prompt	82170	29536
7332	prompt	303	29541
7333	prompt	279	29544
7334	prompt	59860	29548
7335	prompt	21555	29555
7336	prompt	77	29558
7337	prompt	12	29559
7338	prompt	44284	29560
7339	prompt	13048	29569
7340	prompt	11	29576
7341	prompt	874	29577
7342	prompt	8842	29580
7343	prompt	4221	29589
7344	prompt	1639	29596
7345	prompt	1639	29598
7346	prompt	1421	29600
7347	prompt	25	29604
7348	prompt	7018	29605
7349	prompt	2143	29608
7350	prompt	264	29611
7351	prompt	2263	29613
7352	prompt	1607	29621
7353	prompt	310	29625
7354	prompt	7156	29628
7355	prompt	411	29634
7356	prompt	709	29639
7357	prompt	21555	29648
7358	prompt	77	29651
7359	prompt	12	29652
7360	prompt	8722	29653
7361	prompt	11	29660
7362	prompt	7783	29661
7363	prompt	7873	29669
7364	prompt	1639	29684
7365	prompt	1639	29686
7366	prompt	1421	29688
7367	prompt	25	29692
7368	prompt	7018	29693
7369	prompt	3710	29696
7370	prompt	3425	29700
7371	prompt	3579	29706
7372	prompt	28109	29713
7373	prompt	30	29721
7374	prompt	21555	29722
7375	prompt	77	29725
7376	prompt	12	29726
7377	prompt	8061	29727
7378	prompt	3274	29736
7379	prompt	11	29741
7380	prompt	524	29742
7381	prompt	7873	29746
7382	prompt	8842	29761
7383	prompt	1639	29770
7384	prompt	1639	29772
7385	prompt	550	29774
7386	prompt	42370	29776
7387	prompt	17529	29786
7388	prompt	1639	29792
7389	prompt	1639	29794
7390	prompt	12	29796
7391	prompt	1061	29797
7392	prompt	5224	29802
7393	prompt	3476	29807
7394	prompt	83790	29810
7395	prompt	1156	29816
7396	prompt	14014	29821
7397	prompt	471	29830
7398	prompt	781	29832
7399	prompt	1902	29837
7400	prompt	14020	29842
7401	prompt	310	29850
7402	prompt	15783	29853
7403	prompt	3019	29862
7404	prompt	3728	29867
7405	prompt	1639	29872
7406	prompt	12	29874
7407	prompt	1368	29875
7408	prompt	41484	29878
7409	prompt	3315	29885
7410	prompt	310	29893
7411	prompt	958	29896
7412	prompt	424	29900
7413	prompt	11	29903
7414	prompt	1784	29904
7415	prompt	383	29908
7416	prompt	279	29911
7417	prompt	3008	29915
7418	prompt	314	29920
7419	prompt	8842	29923
7420	prompt	471	29932
7421	prompt	424	29934
7422	prompt	579	29937
7423	prompt	2577	29939
7424	prompt	310	29946
7425	prompt	615	29949
7426	prompt	16682	29953
7427	prompt	62179	29963
7428	prompt	1056	29971
7429	prompt	310	29976
7430	prompt	55979	29979
7431	prompt	944	29984
7432	prompt	1639	29989
7433	prompt	12	29991
7434	prompt	14206	29992
7435	prompt	14952	29998
7436	prompt	1602	30009
7437	prompt	58172	30015
7438	prompt	1518	30025
7439	prompt	4927	30032
7440	prompt	4203	30044
7441	prompt	513	30052
7442	prompt	1801	30056
7443	prompt	310	30061
7444	prompt	836	30064
7445	prompt	1970	30070
7446	prompt	3051	30075
7447	prompt	1639	30079
7448	prompt	487	30081
7449	prompt	328	30083
7450	prompt	13390	30085
7451	prompt	763	30095
7452	prompt	5046	30097
7453	prompt	3	30100
7454	prompt	16838	30101
7455	prompt	763	30107
7456	prompt	328	30109
7457	prompt	2349	30111
7458	prompt	1074	30116
7459	prompt	2164	30119
7460	prompt	76939	30123
7461	prompt	2572	30130
7462	prompt	3336	30134
7463	prompt	2850	30136
7464	prompt	14	30140
7465	prompt	17	30141
7466	prompt	15	30142
7467	prompt	17	30143
7468	prompt	15	30144
7469	prompt	12	30145
7470	prompt	16	30146
7471	prompt	17	30147
7472	prompt	59082	30148
7473	prompt	487	30155
7474	prompt	328	30157
7475	prompt	1267	30159
7476	prompt	763	30163
7477	prompt	328	30165
7478	prompt	1640	30167
7479	prompt	487	30173
7480	prompt	328	30175
7481	prompt	12811	30177
7482	prompt	763	30187
7483	prompt	15969	30189
7484	prompt	328	30193
7485	prompt	34325	30195
7486	prompt	7654	30205
7487	prompt	763	30215
7488	prompt	867	30217
7489	prompt	72964	30223
7490	prompt	198	30226
7491	prompt	4754	30227
7492	prompt	1267	30229
7493	prompt	763	30233
7494	prompt	328	30235
7495	prompt	1628	30237
7496	prompt	487	30245
7497	prompt	328	30247
7498	prompt	1628	30249
7499	prompt	763	30257
7500	prompt	5046	30259
7501	prompt	591	30262
7502	prompt	763	30266
7503	prompt	328	30268
7504	prompt	6072	30270
7505	prompt	6563	30275
7506	prompt	9066	30279
7507	prompt	487	30283
7508	prompt	328	30285
7509	prompt	4532	30287
7510	prompt	763	30298
7511	prompt	328	30300
7512	prompt	9947	30302
7513	prompt	411	30305
7514	prompt	5224	30310
7515	prompt	25835	30315
7516	prompt	948	30320
7517	prompt	20335	30325
7518	prompt	39622	30336
7519	prompt	310	30347
7520	prompt	944	30350
7521	prompt	303	30355
7522	prompt	264	30358
7523	prompt	944	30360
7524	prompt	9066	30365
7525	prompt	1892	30369
7526	prompt	2892	30373
7527	prompt	539	30380
7528	prompt	279	30383
7529	prompt	1156	30387
7530	prompt	5774	30392
7531	prompt	11	30401
7532	prompt	466	30402
7533	prompt	539	30405
7534	prompt	2313	30408
7535	prompt	10895	30416
7536	prompt	318	30429
7537	prompt	3040	30431
7538	prompt	33869	30433
7539	prompt	1113	30435
7540	prompt	20668	30437
7541	prompt	593	30440
7542	prompt	4779	30442
7543	prompt	553	30449
7544	prompt	1061	30451
7545	prompt	5224	30456
7546	prompt	11121	30461
7547	prompt	449	30469
7548	prompt	23443	30472
7549	prompt	15865	30481
7550	prompt	944	30485
7551	prompt	9066	30490
7552	prompt	321	30494
7553	prompt	30147	30498
7554	prompt	279	30507
7555	prompt	1428	30511
7556	prompt	3669	30519
7557	prompt	1083	30527
7558	prompt	424	30532
7559	prompt	6889	30535
7560	prompt	77	30537
7561	prompt	1639	30538
7562	prompt	550	30540
7563	prompt	3095	30542
7564	prompt	310	30547
7565	prompt	5272	30550
7566	prompt	1639	30554
7567	prompt	1639	30556
7568	prompt	12	30558
7569	prompt	561	30559
7570	prompt	1156	30563
7571	prompt	20335	30568
7572	prompt	2640	30579
7573	prompt	7018	30584
7574	prompt	1715	30587
7575	prompt	9066	30591
7576	prompt	2037	30595
7577	prompt	318	30597
7578	prompt	68	30599
7579	prompt	1257	30600
7580	prompt	2487	30602
7581	prompt	7018	30604
7582	prompt	2388	30607
7583	prompt	264	30612
7584	prompt	944	30614
7585	prompt	9066	30619
7586	prompt	15738	30623
7587	prompt	7018	30626
7588	prompt	1715	30629
7589	prompt	303	30633
7590	prompt	264	30636
7591	prompt	944	30638
7592	prompt	9066	30643
7593	prompt	15738	30647
7594	prompt	7018	30650
7595	prompt	3081	30653
7596	prompt	264	30659
7597	prompt	944	30661
7598	prompt	9066	30666
7599	prompt	15738	30670
7600	prompt	7018	30673
7601	prompt	784	30676
7602	prompt	264	30679
7603	prompt	944	30681
7604	prompt	9066	30686
7605	prompt	60592	30690
7606	prompt	59	30693
7607	prompt	77	30694
7608	prompt	12	30695
7609	prompt	6759	30696
7610	prompt	33869	30699
7611	prompt	1113	30701
7612	prompt	20668	30703
7613	prompt	466	30706
7614	prompt	4779	30709
7615	prompt	10895	30716
7616	prompt	2050	30729
7617	prompt	488	30736
7618	prompt	310	30740
7619	prompt	944	30743
7620	prompt	303	30748
7621	prompt	264	30751
7622	prompt	944	30753
7623	prompt	9066	30758
7624	prompt	364	30762
7625	prompt	279	30766
7626	prompt	1428	30770
7627	prompt	3274	30778
7628	prompt	1639	30783
7629	prompt	1639	30785
7630	prompt	550	30787
7631	prompt	3095	30789
7632	prompt	4045	30794
7633	prompt	310	30798
7634	prompt	5272	30801
7635	prompt	1639	30805
7636	prompt	1639	30807
7637	prompt	12	30809
7638	prompt	561	30810
7639	prompt	1156	30814
7640	prompt	16561	30819
7641	prompt	310	30824
7642	prompt	1791	30827
7643	prompt	264	30834
7644	prompt	8602	30836
7645	prompt	11	30843
7646	prompt	3289	30844
7647	prompt	22371	30851
7648	prompt	11	30860
7649	prompt	466	30861
7650	prompt	944	30864
7651	prompt	383	30869
7652	prompt	264	30872
7653	prompt	2086	30874
7654	prompt	8602	30884
7655	prompt	1892	30891
7656	prompt	958	30895
7657	prompt	15865	30899
7658	prompt	10966	30903
7659	prompt	4370	30912
7660	prompt	1639	30920
7661	prompt	12	30922
7662	prompt	561	30923
7663	prompt	1156	30927
7664	prompt	16561	30932
7665	prompt	310	30937
7666	prompt	4884	30940
7667	prompt	264	30944
7668	prompt	9584	30946
7669	prompt	466	30950
7670	prompt	944	30953
7671	prompt	383	30958
7672	prompt	264	30961
7673	prompt	4416	30963
7674	prompt	1892	30971
7675	prompt	958	30975
7676	prompt	4472	30979
7677	prompt	15865	30986
7678	prompt	27370	30990
7679	prompt	7014	30999
7680	prompt	944	31006
7681	prompt	87301	31011
7682	prompt	513	31016
7683	prompt	20335	31020
7684	prompt	10897	31031
7685	prompt	539	31041
7686	prompt	279	31044
7687	prompt	1156	31048
7688	prompt	466	31053
7689	prompt	2313	31056
7690	prompt	10895	31064
7691	prompt	1639	31077
7692	prompt	12	31079
7693	prompt	14271	31080
7694	prompt	958	31086
7695	prompt	411	31090
7696	prompt	5224	31095
7697	prompt	7014	31100
7698	prompt	7018	31107
7699	prompt	1715	31110
7700	prompt	9066	31114
7701	prompt	2037	31118
7702	prompt	369	31120
7703	prompt	20335	31123
7704	prompt	9444	31134
7705	prompt	539	31144
7706	prompt	279	31147
7707	prompt	1156	31151
7708	prompt	466	31156
7709	prompt	303	31159
7710	prompt	6759	31162
7711	prompt	33869	31165
7712	prompt	1113	31167
7713	prompt	20668	31169
7714	prompt	593	31172
7715	prompt	4779	31174
7716	prompt	10895	31181
7717	prompt	1639	31194
7718	prompt	1639	31196
7719	prompt	550	31198
7720	prompt	32666	31200
7721	prompt	1639	31213
7722	prompt	1639	31215
7723	prompt	12	31217
7724	prompt	15011	31218
7725	prompt	381	31223
7726	prompt	303	31226
7727	prompt	264	31229
7728	prompt	15865	31231
7729	prompt	12182	31235
7730	prompt	11	31246
7731	prompt	2639	31247
7732	prompt	599	31250
7733	prompt	5374	31255
7734	prompt	9066	31260
7735	prompt	3886	31264
7736	prompt	14	31270
7737	prompt	6563	31271
7738	prompt	9066	31275
7739	prompt	12648	31279
7740	prompt	28707	31285
7741	prompt	19152	31291
7742	prompt	303	31302
7743	prompt	4842	31305
7744	prompt	4182	31314
7745	prompt	1639	31319
7746	prompt	12	31321
7747	prompt	15011	31322
7748	prompt	524	31327
7749	prompt	2582	31331
7750	prompt	381	31339
7751	prompt	303	31342
7752	prompt	264	31345
7753	prompt	944	31347
7754	prompt	9066	31352
7755	prompt	3669	31356
7756	prompt	948	31364
7757	prompt	6611	31369
7758	prompt	264	31378
7759	prompt	491	31380
7760	prompt	944	31384
7761	prompt	9066	31389
7762	prompt	27718	31393
7763	prompt	591	31396
7764	prompt	63	31400
7765	prompt	1174	31401
7766	prompt	26865	31403
7767	prompt	1083	31413
7768	prompt	2361	31418
7769	prompt	6149	31426
7770	prompt	944	31435
7771	prompt	9066	31440
7772	prompt	4417	31444
7773	prompt	1510	31448
7774	prompt	2267	31450
7775	prompt	63	31454
7776	prompt	369	31455
7777	prompt	5252	31458
7778	prompt	1639	31466
7779	prompt	1639	31468
7780	prompt	550	31470
7781	prompt	25823	31472
7782	prompt	1639	31481
7783	prompt	1639	31483
7784	prompt	12	31485
7785	prompt	733	31486
7786	prompt	264	31489
7787	prompt	15865	31491
7788	prompt	12182	31495
7789	prompt	25	31506
7790	prompt	11121	31507
7791	prompt	264	31515
7792	prompt	491	31517
7793	prompt	15865	31521
7794	prompt	944	31525
7795	prompt	9066	31530
7796	prompt	4613	31534
7797	prompt	71570	31541
7798	prompt	51860	31544
7799	prompt	768	31547
7800	prompt	33902	31550
7801	prompt	87301	31555
7802	prompt	14	31560
7803	prompt	63	31561
7804	prompt	383	31562
7805	prompt	264	31565
7806	prompt	491	31567
7807	prompt	8602	31571
7808	prompt	13	31578
7809	prompt	561	31579
7810	prompt	2255	31583
7811	prompt	1985	31588
7812	prompt	369	31592
7813	prompt	25849	31595
7814	prompt	539	31604
7815	prompt	279	31607
7816	prompt	1510	31611
7817	prompt	1715	31613
7818	prompt	9066	31617
7819	prompt	8658	31621
7820	prompt	3812	31626
7821	prompt	63	31629
7822	prompt	6047	31630
7823	prompt	25	31638
7824	prompt	1510	31639
7825	prompt	68887	31641
7826	prompt	63	31646
7827	prompt	318	31647
7828	prompt	2186	31649
7829	prompt	8	31656
7830	prompt	22371	31657
7831	prompt	494	31666
7832	prompt	6042	31671
7833	prompt	22295	31678
7834	prompt	2186	31680
7835	prompt	12	31687
7836	prompt	17404	31688
7837	prompt	63576	31694
7838	prompt	1510	31696
7839	prompt	1916	31698
7840	prompt	63	31702
7841	prompt	22371	31703
7842	prompt	494	31712
7843	prompt	678	31717
7844	prompt	1428	31722
7845	prompt	2136	31730
7846	prompt	31984	31736
7847	prompt	1639	31741
7848	prompt	12	31743
7849	prompt	39792	31744
7850	prompt	264	31752
7851	prompt	15865	31754
7852	prompt	12182	31758
7853	prompt	25	31769
7854	prompt	33899	31770
7855	prompt	310	31780
7856	prompt	5374	31783
7857	prompt	9066	31788
7858	prompt	3886	31792
7859	prompt	14	31798
7860	prompt	6563	31799
7861	prompt	9066	31803
7862	prompt	12648	31807
7863	prompt	28707	31813
7864	prompt	364	31819
7865	prompt	629	31823
7866	prompt	6211	31825
7867	prompt	12	31827
7868	prompt	11614	31828
7869	prompt	29310	31836
7870	prompt	1639	31846
7871	prompt	12	31848
7872	prompt	15129	31849
7873	prompt	287	31856
7874	prompt	279	31858
7875	prompt	3669	31862
7876	prompt	579	31870
7877	prompt	3133	31872
7878	prompt	6025	31880
7879	prompt	310	31890
7880	prompt	279	31893
7881	prompt	491	31897
7882	prompt	944	31901
7883	prompt	9066	31906
7884	prompt	1639	31910
7885	prompt	12	31912
7886	prompt	5272	31913
7887	prompt	18422	31917
7888	prompt	6563	31922
7889	prompt	9066	31926
7890	prompt	310	31930
7891	prompt	5106	31933
7892	prompt	279	31939
7893	prompt	944	31943
7894	prompt	9066	31948
7895	prompt	4937	31952
7896	prompt	55267	31956
7897	prompt	318	31964
7898	prompt	12718	31966
7899	prompt	466	31970
7900	prompt	3921	31973
7901	prompt	553	31980
7902	prompt	1848	31982
7903	prompt	3669	31985
7904	prompt	4713	31993
7905	prompt	11	31998
7906	prompt	413	31999
7907	prompt	1990	32002
7908	prompt	303	32008
7909	prompt	279	32011
7910	prompt	944	32015
7911	prompt	9066	32020
7912	prompt	11	32024
7913	prompt	279	32025
7914	prompt	1156	32029
7915	prompt	668	32034
7916	prompt	381	32039
7917	prompt	27710	32042
7918	prompt	310	32051
7919	prompt	2426	32054
7920	prompt	466	32059
7921	prompt	3921	32062
7922	prompt	424	32069
7923	prompt	1639	32072
7924	prompt	1639	32074
7925	prompt	550	32076
7926	prompt	4707	32078
7927	prompt	4519	32082
7928	prompt	449	32087
7929	prompt	6149	32090
7930	prompt	944	32099
7931	prompt	9066	32104
7932	prompt	1639	32108
7933	prompt	1639	32110
7934	prompt	11839	32112
7935	prompt	1510	32116
7936	prompt	2267	32118
7937	prompt	63	32122
7938	prompt	4370	32123
7939	prompt	314	32131
7940	prompt	1510	32134
7941	prompt	591	32136
7942	prompt	63	32140
7943	prompt	310	32141
7944	prompt	3289	32144
7945	prompt	279	32151
7946	prompt	3669	32155
7947	prompt	1083	32163
7948	prompt	264	32168
7949	prompt	944	32170
7950	prompt	9066	32175
7951	prompt	421	32179
7952	prompt	2582	32184
7953	prompt	6513	32192
7954	prompt	318	32199
7955	prompt	68	32201
7956	prompt	1257	32202
7957	prompt	2487	32204
7958	prompt	799	32206
7959	prompt	488	32210
7960	prompt	1066	32214
7961	prompt	3354	32219
7962	prompt	440	32227
7963	prompt	1510	32232
7964	prompt	12513	32234
7965	prompt	944	32237
7966	prompt	9066	32242
7967	prompt	884	32246
7968	prompt	57208	32250
7969	prompt	561	32253
7970	prompt	1752	32257
7971	prompt	1902	32262
7972	prompt	4833	32267
7973	prompt	303	32274
7974	prompt	1510	32277
7975	prompt	12513	32279
7976	prompt	944	32282
7977	prompt	9066	32287
7978	prompt	1103	32291
7979	prompt	63	32296
7980	prompt	364	32297
7981	prompt	279	32301
7982	prompt	1428	32305
7983	prompt	12182	32313
7984	prompt	1892	32324
7985	prompt	12351	32328
7986	prompt	421	32334
7987	prompt	513	32339
7988	prompt	524	32343
7989	prompt	9393	32347
7990	prompt	944	32358
7991	prompt	87301	32363
7992	prompt	314	32368
7993	prompt	411	32371
7994	prompt	15400	32376
7995	prompt	513	32381
7996	prompt	17030	32385
7997	prompt	13	32394
7998	prompt	18422	32395
7999	prompt	6563	32400
8000	prompt	9066	32404
8001	prompt	668	32408
8002	prompt	524	32413
8003	prompt	3921	32417
8004	prompt	264	32424
8005	prompt	944	32426
8006	prompt	9066	32431
8007	prompt	10321	32435
8008	prompt	411	32443
8009	prompt	1560	32448
8010	prompt	26	32452
8011	prompt	958	32453
8012	prompt	1510	32457
8013	prompt	1265	32459
8014	prompt	25	32465
8015	prompt	7018	32466
8016	prompt	12718	32469
8017	prompt	2037	32473
8018	prompt	63	32475
8019	prompt	310	32476
8020	prompt	460	32479
8021	prompt	310	32486
8022	prompt	279	32489
8023	prompt	3889	32493
8024	prompt	6025	32502
8025	prompt	6889	32512
8026	prompt	77	32514
8027	prompt	1639	32515
8028	prompt	16345	32517
8029	prompt	286	32523
8030	prompt	440	32526
8031	prompt	1510	32531
8032	prompt	2267	32533
8033	prompt	63	32537
8034	prompt	1048	32538
8035	prompt	4138	32543
8036	prompt	948	32549
8037	prompt	279	32554
8038	prompt	3669	32558
8039	prompt	369	32566
8040	prompt	2582	32569
8041	prompt	303	32577
8042	prompt	264	32580
8043	prompt	944	32582
8044	prompt	9066	32587
8045	prompt	318	32591
8046	prompt	1719	32593
8047	prompt	3555	32596
8048	prompt	944	32605
8049	prompt	9066	32610
8050	prompt	369	32614
8051	prompt	2047	32617
8052	prompt	383	32622
8053	prompt	12977	32625
8054	prompt	11	32630
8055	prompt	65244	32631
8056	prompt	11	32641
8057	prompt	321	32642
8058	prompt	1132	32646
8059	prompt	279	32651
8060	prompt	491	32655
8061	prompt	799	32659
8062	prompt	369	32663
8063	prompt	31961	32666
8064	prompt	364	32674
8065	prompt	4713	32678
8066	prompt	7019	32683
8067	prompt	20635	32688
8068	prompt	681	32696
8069	prompt	321	32698
8070	prompt	494	32702
8071	prompt	12636	32707
8072	prompt	6483	32714
8073	prompt	3133	32720
8074	prompt	6025	32728
8075	prompt	557	32738
8076	prompt	46120	32742
8077	prompt	506	32749
8078	prompt	6830	32752
8079	prompt	318	32759
8080	prompt	1899	32761
8081	prompt	7838	32764
8082	prompt	29310	32769
8083	prompt	466	32779
8084	prompt	11135	32782
8085	prompt	45371	32791
8086	prompt	553	32795
8087	prompt	733	32797
8088	prompt	2107	32800
8089	prompt	4886	32805
8090	prompt	279	32811
8091	prompt	2100	32815
8092	prompt	1902	32822
8093	prompt	381	32827
8094	prompt	264	32830
8095	prompt	944	32832
8096	prompt	9066	32837
8097	prompt	1172	32841
8098	prompt	71570	32847
8099	prompt	51860	32850
8100	prompt	768	32853
8101	prompt	33902	32856
8102	prompt	87301	32861
8103	prompt	14	32866
8104	prompt	63	32867
8105	prompt	314	32868
8106	prompt	279	32871
8107	prompt	1788	32875
8108	prompt	12182	32880
8109	prompt	11	32891
8110	prompt	321	32892
8111	prompt	494	32896
8112	prompt	264	32901
8113	prompt	46120	32903
8114	prompt	8057	32910
8115	prompt	279	32916
8116	prompt	3289	32920
8117	prompt	1132	32927
8118	prompt	20843	32932
8119	prompt	411	32940
8120	prompt	8057	32945
8121	prompt	11	32951
8122	prompt	524	32952
8123	prompt	279	32956
8124	prompt	2594	32960
8125	prompt	3669	32967
8126	prompt	13	32975
8127	prompt	4486	32976
8128	prompt	264	32982
8129	prompt	4473	32984
8130	prompt	3289	32992
8131	prompt	11	32999
8132	prompt	8334	33000
8133	prompt	12	33011
8134	prompt	27926	33012
8135	prompt	944	33019
8136	prompt	87301	33024
8137	prompt	513	33029
8138	prompt	874	33033
8139	prompt	4860	33036
8140	prompt	44375	33043
8141	prompt	1892	33052
8142	prompt	311	33056
8143	prompt	86289	33059
8144	prompt	10925	33065
8145	prompt	6563	33071
8146	prompt	9066	33075
8147	prompt	440	33079
8148	prompt	1510	33084
8149	prompt	2267	33086
8150	prompt	63	33090
8151	prompt	310	33091
8152	prompt	460	33094
8153	prompt	310	33101
8154	prompt	799	33104
8155	prompt	6889	33108
8156	prompt	77	33110
8157	prompt	1639	33111
8158	prompt	550	33113
8159	prompt	13131	33115
8160	prompt	1639	33126
8161	prompt	1639	33128
8162	prompt	12	33130
8163	prompt	1510	33131
8164	prompt	591	33133
8165	prompt	63	33137
8166	prompt	318	33138
8167	prompt	12439	33140
8168	prompt	1590	33148
8169	prompt	357	33150
8170	prompt	803	33152
8171	prompt	364	33157
8172	prompt	264	33161
8173	prompt	491	33163
8174	prompt	944	33167
8175	prompt	9066	33172
8176	prompt	13	33176
8177	prompt	1368	33177
8178	prompt	13468	33180
8179	prompt	1510	33188
8180	prompt	591	33190
8181	prompt	63	33194
8182	prompt	6130	33195
8183	prompt	1510	33199
8184	prompt	2267	33201
8185	prompt	63	33205
8186	prompt	369	33206
8187	prompt	3766	33209
8188	prompt	11	33218
8189	prompt	264	33219
8190	prompt	4055	33221
8191	prompt	803	33228
8192	prompt	369	33233
8193	prompt	7658	33236
8194	prompt	6889	33246
8195	prompt	77	33248
8196	prompt	12	33249
8197	prompt	1510	33250
8198	prompt	2267	33252
8199	prompt	63	33256
8200	prompt	318	33257
8201	prompt	12439	33259
8202	prompt	1590	33267
8203	prompt	7683	33269
8204	prompt	310	33274
8205	prompt	449	33277
8206	prompt	6149	33280
8207	prompt	944	33289
8208	prompt	9066	33294
8209	prompt	314	33298
8210	prompt	279	33301
8211	prompt	1428	33305
8212	prompt	12182	33313
8213	prompt	310	33324
8214	prompt	3599	33327
8215	prompt	4370	33333
8216	prompt	314	33341
8217	prompt	6611	33344
8218	prompt	799	33353
8219	prompt	13	33357
8220	prompt	30204	33358
8221	prompt	1769	33362
8222	prompt	13366	33367
8223	prompt	440	33377
8224	prompt	1510	33382
8225	prompt	591	33384
8226	prompt	63	33388
8227	prompt	6889	33389
8228	prompt	77	33391
8229	prompt	487	33392
8230	prompt	328	33394
8231	prompt	13390	33396
8232	prompt	763	33406
8233	prompt	5046	33408
8234	prompt	3	33411
8235	prompt	16838	33412
8236	prompt	763	33418
8237	prompt	328	33420
8238	prompt	2349	33422
8239	prompt	1074	33427
8240	prompt	2164	33430
8241	prompt	76939	33434
8242	prompt	2572	33441
8243	prompt	3336	33445
8244	prompt	2850	33447
8245	prompt	14	33451
8246	prompt	17	33452
8247	prompt	15	33453
8248	prompt	17	33454
8249	prompt	15	33455
8250	prompt	12	33456
8251	prompt	16	33457
8252	prompt	17	33458
8253	prompt	59082	33459
8254	prompt	487	33466
8255	prompt	328	33468
8256	prompt	1267	33470
8257	prompt	763	33474
8258	prompt	328	33476
8259	prompt	1640	33478
8260	prompt	487	33484
8261	prompt	328	33486
8262	prompt	12811	33488
8263	prompt	763	33498
8264	prompt	5046	33500
8265	prompt	591	33503
8266	prompt	763	33507
8267	prompt	5046	33509
8268	prompt	4532	33512
8269	prompt	763	33523
8270	prompt	328	33525
8271	prompt	14863	33527
8272	prompt	803	33535
8273	prompt	364	33540
8274	prompt	264	33544
8275	prompt	491	33546
8276	prompt	944	33550
8277	prompt	9066	33555
8278	prompt	13	33559
8279	prompt	8618	33560
8280	prompt	1088	33565
8281	prompt	3015	33567
8282	prompt	2037	33569
8283	prompt	12	33571
8284	prompt	323	33572
8285	prompt	47930	33574
8286	prompt	9933	33581
8287	prompt	1189	33589
8288	prompt	6435	33593
8289	prompt	1132	33601
8290	prompt	11592	33606
8291	prompt	11	33614
8292	prompt	17955	33615
8293	prompt	11	33622
8294	prompt	29976	33623
8295	prompt	11	33628
8296	prompt	69351	33629
8297	prompt	11	33641
8298	prompt	321	33642
8299	prompt	84529	33646
8300	prompt	26	33653
8301	prompt	1866	33654
8302	prompt	220	33658
8303	prompt	21	33659
8304	prompt	19	33660
8305	prompt	22283	33661
8306	prompt	2702	33667
8307	prompt	13	33673
8308	prompt	357	33674
8309	prompt	4055	33676
8310	prompt	803	33683
8311	prompt	369	33688
8312	prompt	7658	33691
8313	prompt	413	33701
8314	prompt	524	33704
8315	prompt	3766	33708
8316	prompt	13	33717
8317	prompt	30204	33718
8318	prompt	1769	33722
8319	prompt	13366	33727
8320	prompt	440	33737
8321	prompt	1510	33742
8322	prompt	2267	33744
8323	prompt	63	33748
8324	prompt	10152	33749
8325	prompt	328	33752
8326	prompt	1267	33754
8327	prompt	763	33758
8328	prompt	328	33760
8329	prompt	889	33762
8330	prompt	13933	33768
8331	prompt	328	33771
8332	prompt	2267	33773
8333	prompt	763	33777
8334	prompt	5046	33779
8335	prompt	4532	33782
8336	prompt	763	33793
8337	prompt	328	33795
8338	prompt	1757	33797
8339	prompt	310	33801
8340	prompt	449	33804
8341	prompt	6149	33807
8342	prompt	944	33816
8343	prompt	9066	33821
8344	prompt	314	33825
8345	prompt	279	33828
8346	prompt	1428	33832
8347	prompt	12182	33840
8348	prompt	310	33851
8349	prompt	3289	33854
8350	prompt	1083	33861
8351	prompt	4370	33866
8352	prompt	314	33874
8353	prompt	6611	33877
8354	prompt	264	33886
8355	prompt	491	33888
8356	prompt	799	33892
8357	prompt	13	33896
8358	prompt	15011	33897
8359	prompt	4833	33902
8360	prompt	303	33909
8361	prompt	1510	33912
8362	prompt	12513	33914
8363	prompt	944	33917
8364	prompt	9066	33922
8365	prompt	1103	33926
8366	prompt	63	33931
8367	prompt	364	33932
8368	prompt	279	33936
8369	prompt	1428	33940
8370	prompt	15400	33948
8371	prompt	13	33953
8372	prompt	30204	33954
8373	prompt	1769	33958
8374	prompt	13366	33963
8375	prompt	440	33973
8376	prompt	1510	33978
8377	prompt	591	33980
8378	prompt	63	33984
8379	prompt	10152	33985
8380	prompt	328	33988
8381	prompt	1267	33990
8382	prompt	763	33994
8383	prompt	328	33996
8384	prompt	889	33998
8385	prompt	8934	34004
8386	prompt	2069	34006
8387	prompt	328	34008
8388	prompt	34325	34010
8389	prompt	7654	34020
8390	prompt	763	34030
8391	prompt	867	34032
8392	prompt	72964	34038
8393	prompt	198	34041
8394	prompt	4754	34042
8395	prompt	1267	34044
8396	prompt	763	34048
8397	prompt	328	34050
8398	prompt	1628	34052
8399	prompt	487	34060
8400	prompt	328	34062
8401	prompt	1628	34064
8402	prompt	763	34072
8403	prompt	5046	34074
8404	prompt	591	34077
8405	prompt	763	34081
8406	prompt	328	34083
8407	prompt	14893	34085
8408	prompt	19860	34089
8409	prompt	3513	34093
8410	prompt	487	34097
8411	prompt	328	34099
8412	prompt	4532	34101
8413	prompt	763	34112
8414	prompt	328	34114
8415	prompt	9947	34116
8416	prompt	411	34119
8417	prompt	5224	34124
8418	prompt	948	34129
8419	prompt	488	34134
8420	prompt	513	34138
8421	prompt	303	34142
8422	prompt	3019	34145
8423	prompt	3728	34150
8424	prompt	321	34155
8425	prompt	599	34159
8426	prompt	7807	34164
8427	prompt	4237	34173
8428	prompt	678	34181
8429	prompt	3019	34186
8430	prompt	310	34191
8431	prompt	279	34194
8432	prompt	3019	34198
8433	prompt	999	34203
8434	prompt	321	34208
8435	prompt	513	34212
8436	prompt	5354	34216
8437	prompt	364	34222
8438	prompt	1156	34226
8439	prompt	14014	34231
8440	prompt	6889	34240
8441	prompt	77	34242
8442	prompt	1639	34243
8443	prompt	550	34245
8444	prompt	2500	34247
8445	prompt	1061	34251
8446	prompt	13086	34256
8447	prompt	20457	34261
8448	prompt	1639	34267
8449	prompt	12	34269
8450	prompt	1394	34270
8451	prompt	1220	34274
8452	prompt	599	34281
8453	prompt	2582	34286
8454	prompt	5158	34294
8455	prompt	678	34302
8456	prompt	3019	34307
8457	prompt	310	34312
8458	prompt	279	34315
8459	prompt	3019	34319
8460	prompt	999	34324
8461	prompt	5024	34329
8462	prompt	303	34339
8463	prompt	279	34342
8464	prompt	3019	34346
8465	prompt	3728	34351
8466	prompt	1785	34356
8467	prompt	1876	34363
8468	prompt	1639	34371
8469	prompt	12	34373
8470	prompt	1061	34374
8471	prompt	5224	34379
8472	prompt	1503	34384
8473	prompt	4045	34389
8474	prompt	1831	34393
8475	prompt	279	34398
8476	prompt	3019	34402
8477	prompt	2144	34407
8478	prompt	430	34415
8479	prompt	264	34418
8480	prompt	5555	34420
8481	prompt	471	34430
8482	prompt	424	34432
8483	prompt	668	34435
8484	prompt	1301	34440
8485	prompt	279	34445
8486	prompt	3019	34449
8487	prompt	494	34454
8488	prompt	279	34459
8489	prompt	999	34463
8490	prompt	488	34468
8491	prompt	5947	34472
8492	prompt	1639	34478
8493	prompt	12	34480
8494	prompt	1061	34481
8495	prompt	5224	34486
8496	prompt	4777	34491
8497	prompt	16779	34498
8498	prompt	421	34506
8499	prompt	488	34511
8500	prompt	2224	34515
8501	prompt	2725	34518
8502	prompt	8842	34523
8503	prompt	321	34532
8504	prompt	5354	34536
8505	prompt	364	34542
8506	prompt	279	34546
8507	prompt	1156	34550
8508	prompt	310	34555
8509	prompt	3286	34558
8510	prompt	321	34565
8511	prompt	27237	34569
8512	prompt	1639	34577
8513	prompt	12	34579
8514	prompt	561	34580
8515	prompt	1156	34584
8516	prompt	668	34589
8517	prompt	1436	34594
8518	prompt	279	34598
8519	prompt	8529	34602
8520	prompt	314	34611
8521	prompt	678	34614
8522	prompt	3019	34619
8523	prompt	999	34624
8524	prompt	948	34629
8525	prompt	781	34634
8526	prompt	3286	34639
8527	prompt	424	34646
8528	prompt	1639	34649
8529	prompt	1639	34651
8530	prompt	550	34653
8531	prompt	3095	34655
8532	prompt	310	34660
8533	prompt	5272	34663
8534	prompt	1061	34667
8535	prompt	13086	34672
8536	prompt	1639	34677
8537	prompt	95328	34679
8538	prompt	25	34688
8539	prompt	8020	34689
8540	prompt	958	34694
8541	prompt	411	34698
8542	prompt	5224	34703
8543	prompt	948	34708
8544	prompt	279	34713
8545	prompt	3274	34717
8546	prompt	7225	34722
8547	prompt	8842	34731
8548	prompt	279	34740
8549	prompt	7873	34744
8550	prompt	7123	34759
8551	prompt	314	34765
8552	prompt	264	34768
8553	prompt	3274	34770
8554	prompt	421	34775
8555	prompt	7225	34780
8556	prompt	4237	34789
8557	prompt	1970	34797
8558	prompt	13	34802
8559	prompt	1690	34803
8560	prompt	3302	34807
8561	prompt	8806	34816
8562	prompt	1332	34822
8563	prompt	488	34828
8564	prompt	2224	34832
8565	prompt	22175	34835
8566	prompt	1928	34845
8567	prompt	11	34857
8568	prompt	14603	34858
8569	prompt	3425	34868
8570	prompt	11	34874
8571	prompt	5122	34875
8572	prompt	3425	34883
8573	prompt	466	34889
8574	prompt	303	34892
8575	prompt	4437	34895
8576	prompt	4313	34903
8577	prompt	310	34910
8578	prompt	3418	34913
8579	prompt	279	34924
8580	prompt	1970	34928
8581	prompt	3051	34933
8582	prompt	471	34937
8583	prompt	635	34939
8584	prompt	4045	34942
8585	prompt	958	34946
8586	prompt	411	34950
8587	prompt	5224	34955
8588	prompt	6889	34960
8589	prompt	77	34962
8590	prompt	1639	34963
8591	prompt	550	34965
8592	prompt	12851	34967
8593	prompt	11747	34974
8594	prompt	1061	34980
8595	prompt	13086	34985
8596	prompt	1639	34990
8597	prompt	62262	34992
8598	prompt	678	34998
8599	prompt	3019	35003
8600	prompt	369	35008
8601	prompt	4434	35011
8602	prompt	321	35020
8603	prompt	632	35024
8604	prompt	87110	35027
8605	prompt	6964	35036
8606	prompt	77	35038
8607	prompt	12	35039
8608	prompt	1368	35040
8609	prompt	488	35043
8610	prompt	599	35047
8611	prompt	77397	35052
8612	prompt	4602	35063
8613	prompt	883	35073
8614	prompt	8242	35079
8615	prompt	466	35092
8616	prompt	5313	35095
8617	prompt	11	35104
8618	prompt	958	35105
8619	prompt	19814	35109
8620	prompt	1421	35113
8621	prompt	14162	35117
8622	prompt	1118	35125
8623	prompt	318	35131
8624	prompt	258	35133
8625	prompt	6575	35135
8626	prompt	33286	35143
8627	prompt	10383	35150
8628	prompt	77	35152
8629	prompt	12	35153
8630	prompt	9358	35154
8631	prompt	678	35159
8632	prompt	3019	35164
8633	prompt	369	35169
8634	prompt	58351	35172
8635	prompt	11	35182
8636	prompt	958	35183
8637	prompt	9743	35187
8638	prompt	5224	35192
8639	prompt	310	35197
8640	prompt	1622	35200
8641	prompt	14014	35208
8642	prompt	1639	35217
8643	prompt	1639	35219
8644	prompt	332	35221
8645	prompt	50525	35223
8646	prompt	64700	35232
8647	prompt	3054	35235
8648	prompt	4045	35238
8649	prompt	958	35242
8650	prompt	19814	35246
8651	prompt	1421	35250
8652	prompt	14162	35254
8653	prompt	310	35262
8654	prompt	2466	35265
8655	prompt	7018	35269
8656	prompt	3742	35272
8657	prompt	411	35274
8658	prompt	3019	35279
8659	prompt	16415	35284
8660	prompt	30	35289
8661	prompt	2037	35290
8662	prompt	466	35292
8663	prompt	7018	35295
8664	prompt	14562	35298
8665	prompt	353	35304
8666	prompt	10046	35306
8667	prompt	30	35314
8668	prompt	2037	35315
8669	prompt	471	35317
8670	prompt	421	35319
8671	prompt	579	35324
8672	prompt	6681	35326
8673	prompt	1092	35334
8674	prompt	9743	35339
8675	prompt	5224	35344
8676	prompt	1503	35349
8677	prompt	13	35354
8678	prompt	18422	35355
8679	prompt	19860	35360
8680	prompt	3513	35364
8681	prompt	46484	35368
8682	prompt	7154	35379
8683	prompt	1156	35388
8684	prompt	14014	35393
8685	prompt	314	35402
8686	prompt	678	35405
8687	prompt	3019	35410
8688	prompt	6889	35415
8689	prompt	77	35417
8690	prompt	1639	35418
8691	prompt	550	35420
8692	prompt	24508	35422
8693	prompt	1639	35431
8694	prompt	1639	35433
8695	prompt	16	35435
8696	prompt	13	35436
8697	prompt	3991	35437
8698	prompt	3274	35445
8699	prompt	25	35450
8700	prompt	7018	35451
8701	prompt	5708	35454
8702	prompt	364	35460
8703	prompt	321	35464
8704	prompt	3418	35468
8705	prompt	279	35479
8706	prompt	7873	35483
8707	prompt	314	35498
8708	prompt	34962	35501
8709	prompt	3728	35505
8710	prompt	303	35510
8711	prompt	279	35513
8712	prompt	1970	35517
8713	prompt	3051	35522
8714	prompt	2037	35526
8715	prompt	471	35528
8716	prompt	3054	35530
8717	prompt	524	35533
8718	prompt	958	35537
8719	prompt	279	35541
8720	prompt	4713	35545
8721	prompt	3019	35550
8722	prompt	3728	35555
8723	prompt	5224	35560
8724	prompt	1521	35565
8725	prompt	488	35573
8726	prompt	513	35577
8727	prompt	524	35581
8728	prompt	8842	35585
8729	prompt	279	35594
8730	prompt	7873	35598
8731	prompt	7123	35613
8732	prompt	314	35619
8733	prompt	264	35622
8734	prompt	3274	35624
8735	prompt	6889	35629
8736	prompt	77	35631
8737	prompt	17	35632
8738	prompt	13	35633
8739	prompt	3991	35634
8740	prompt	3274	35642
8741	prompt	25	35647
8742	prompt	7018	35648
8743	prompt	12325	35651
8744	prompt	728	35655
8745	prompt	4072	35658
8746	prompt	374	35668
8747	prompt	1140	35670
8748	prompt	3728	35673
8749	prompt	364	35678
8750	prompt	34962	35682
8751	prompt	2037	35686
8752	prompt	471	35688
8753	prompt	5272	35690
8754	prompt	279	35694
8755	prompt	4713	35698
8756	prompt	3019	35703
8757	prompt	3728	35708
8758	prompt	5224	35713
8759	prompt	1238	35718
8760	prompt	488	35724
8761	prompt	599	35728
8762	prompt	7807	35733
8763	prompt	8842	35742
8764	prompt	279	35751
8765	prompt	7873	35755
8766	prompt	7123	35770
8767	prompt	314	35776
8768	prompt	279	35779
8769	prompt	3274	35783
8770	prompt	6889	35788
8771	prompt	77	35790
8772	prompt	18	35791
8773	prompt	13	35792
8774	prompt	3991	35793
8775	prompt	3274	35801
8776	prompt	25	35806
8777	prompt	7018	35807
8778	prompt	2143	35810
8779	prompt	264	35813
8780	prompt	491	35815
8781	prompt	4416	35819
8782	prompt	310	35827
8783	prompt	3579	35830
8784	prompt	1156	35837
8785	prompt	16163	35842
8786	prompt	2037	35857
8787	prompt	471	35859
8788	prompt	1368	35861
8789	prompt	41484	35864
8790	prompt	883	35871
8791	prompt	4030	35877
8792	prompt	1654	35882
8793	prompt	318	35889
8794	prompt	55910	35891
8795	prompt	11	35896
8796	prompt	45982	35897
8797	prompt	11	35901
8798	prompt	4831	35902
8799	prompt	23618	35906
8800	prompt	958	35909
8801	prompt	19814	35913
8802	prompt	1421	35917
8803	prompt	14162	35921
8804	prompt	1118	35929
8805	prompt	11	35935
8806	prompt	1179	35936
8807	prompt	958	35941
8808	prompt	4713	35945
8809	prompt	3019	35950
8810	prompt	3728	35955
8811	prompt	5224	35960
8812	prompt	1238	35965
8813	prompt	18905	35971
8814	prompt	7520	35976
8815	prompt	279	35982
8816	prompt	5313	35986
8817	prompt	6889	35995
8818	prompt	77	35997
8819	prompt	487	35998
8820	prompt	328	36000
8821	prompt	13390	36002
8822	prompt	763	36012
8823	prompt	5046	36014
8824	prompt	3	36017
8825	prompt	16838	36018
8826	prompt	763	36024
8827	prompt	328	36026
8828	prompt	2349	36028
8829	prompt	1074	36033
8830	prompt	2164	36036
8831	prompt	76939	36040
8832	prompt	2572	36047
8833	prompt	3336	36051
8834	prompt	2850	36053
8835	prompt	14	36057
8836	prompt	17	36058
8837	prompt	15	36059
8838	prompt	17	36060
8839	prompt	15	36061
8840	prompt	12	36062
8841	prompt	16	36063
8842	prompt	17	36064
8843	prompt	59082	36065
8844	prompt	487	36072
8845	prompt	328	36074
8846	prompt	1267	36076
8847	prompt	763	36080
8848	prompt	328	36082
8849	prompt	1640	36084
8850	prompt	487	36090
8851	prompt	328	36092
8852	prompt	12811	36094
8853	prompt	763	36104
8854	prompt	5046	36106
8855	prompt	20327	36109
8856	prompt	34021	36116
8857	prompt	12389	36120
8858	prompt	763	36123
8859	prompt	5046	36125
8860	prompt	4532	36128
8861	prompt	763	36139
8862	prompt	328	36141
8863	prompt	52782	36143
8864	prompt	5792	36149
8865	prompt	8279	36155
8866	prompt	4221	36167
8867	prompt	310	36174
8868	prompt	4072	36177
8869	prompt	279	36187
8870	prompt	3019	36191
8871	prompt	13	36196
8872	prompt	4081	36197
8873	prompt	7276	36203
8874	prompt	10736	36212
8875	prompt	314	36223
8876	prompt	5975	36226
8877	prompt	4598	36234
8878	prompt	1056	36241
8879	prompt	3050	36246
8880	prompt	10966	36255
8881	prompt	10152	36264
8882	prompt	328	36267
8883	prompt	1267	36269
8884	prompt	763	36273
8885	prompt	328	36275
8886	prompt	1595	36277
8887	prompt	487	36282
8888	prompt	328	36284
8889	prompt	3494	36286
8890	prompt	763	36291
8891	prompt	5046	36293
8892	prompt	1267	36296
8893	prompt	763	36300
8894	prompt	328	36302
8895	prompt	1640	36304
8896	prompt	487	36310
8897	prompt	328	36312
8898	prompt	12811	36314
8899	prompt	763	36324
8900	prompt	5046	36326
8901	prompt	13766	36329
8902	prompt	763	36333
8903	prompt	5046	36335
8904	prompt	4532	36338
8905	prompt	763	36349
8906	prompt	328	36351
8907	prompt	760	36353
8908	prompt	5224	36356
8909	prompt	411	36361
8910	prompt	9640	36366
8911	prompt	16298	36373
8912	prompt	310	36381
8913	prompt	487	36384
8914	prompt	328	36386
8915	prompt	1267	36388
8916	prompt	763	36392
8917	prompt	328	36394
8918	prompt	889	36396
8919	prompt	487	36402
8920	prompt	328	36404
8921	prompt	8746	36406
8922	prompt	763	36410
8923	prompt	4241	36412
8924	prompt	33	36415
8925	prompt	956	36416
8926	prompt	1293	36419
8927	prompt	2069	36421
8928	prompt	328	36423
8929	prompt	39242	36425
8930	prompt	763	36431
8931	prompt	5046	36433
8932	prompt	4532	36436
8933	prompt	763	36447
8934	prompt	328	36449
8935	prompt	94553	36451
8936	prompt	3874	36459
8937	prompt	314	36471
8938	prompt	279	36474
8939	prompt	1852	36478
8940	prompt	11	36485
8941	prompt	378	36486
8942	prompt	1257	36488
8943	prompt	13	36490
8944	prompt	7018	36491
8945	prompt	5917	36494
8946	prompt	6813	36497
8947	prompt	15738	36503
8948	prompt	7018	36506
8949	prompt	11898	36509
8950	prompt	18948	36516
8951	prompt	53980	36529
8952	prompt	328	36533
8953	prompt	1267	36535
8954	prompt	763	36539
8955	prompt	328	36541
8956	prompt	889	36543
8957	prompt	8934	36549
8958	prompt	2069	36551
8959	prompt	328	36553
8960	prompt	6081	36555
8961	prompt	763	36563
8962	prompt	4241	36565
8963	prompt	13766	36568
8964	prompt	487	36572
8965	prompt	328	36574
8966	prompt	39242	36576
8967	prompt	7664	36582
8968	prompt	328	36585
8969	prompt	34325	36587
8970	prompt	7654	36597
8971	prompt	763	36607
8972	prompt	867	36609
8973	prompt	3307	36615
8974	prompt	2069	36617
8975	prompt	328	36619
8976	prompt	34325	36621
8977	prompt	7654	36631
8978	prompt	763	36641
8979	prompt	313	36643
8980	prompt	3307	36645
8981	prompt	3307	36647
8982	prompt	198	36649
8983	prompt	4754	36650
8984	prompt	1267	36652
8985	prompt	763	36656
8986	prompt	328	36658
8987	prompt	1628	36660
8988	prompt	487	36668
8989	prompt	328	36670
8990	prompt	1628	36672
8991	prompt	763	36680
8992	prompt	5046	36682
8993	prompt	591	36685
8994	prompt	763	36689
8995	prompt	328	36691
8996	prompt	14893	36693
8997	prompt	6563	36697
8998	prompt	9066	36701
8999	prompt	487	36705
9000	prompt	328	36707
9001	prompt	4532	36709
9002	prompt	763	36720
9003	prompt	328	36722
9004	prompt	14893	36724
9005	prompt	264	36728
9006	prompt	944	36730
9007	prompt	9066	36735
9008	prompt	3669	36739
9009	prompt	3354	36747
9010	prompt	539	36755
9011	prompt	10925	36758
9012	prompt	6563	36764
9013	prompt	9066	36768
9014	prompt	321	36772
9015	prompt	460	36776
9016	prompt	279	36783
9017	prompt	3669	36787
9018	prompt	310	36795
9019	prompt	279	36798
9020	prompt	3889	36802
9021	prompt	3133	36811
9022	prompt	6025	36819
9023	prompt	6889	36829
9024	prompt	77	36831
9025	prompt	1639	36832
9026	prompt	550	36834
9027	prompt	33763	36836
9028	prompt	1639	36842
9029	prompt	1639	36844
9030	prompt	1919	36846
9031	prompt	5224	36850
9032	prompt	25835	36855
9033	prompt	25224	36860
9034	prompt	383	36869
9035	prompt	944	36872
9036	prompt	87301	36877
9037	prompt	3354	36882
9038	prompt	539	36890
9039	prompt	10925	36893
9040	prompt	6563	36899
9041	prompt	9066	36903
9042	prompt	303	36907
9043	prompt	411	36910
9044	prompt	3669	36915
9045	prompt	13	36923
9046	prompt	1049	36924
9047	prompt	668	36927
9048	prompt	4045	36932
9049	prompt	5615	36936
9050	prompt	6964	36942
9051	prompt	77	36944
9052	prompt	12	36945
9053	prompt	5374	36946
9054	prompt	87301	36951
9055	prompt	488	36956
9056	prompt	3354	36960
9057	prompt	19470	36968
9058	prompt	440	36977
9059	prompt	1510	36982
9060	prompt	12513	36984
9061	prompt	944	36987
9062	prompt	9066	36992
9063	prompt	884	36996
9064	prompt	59012	37000
9065	prompt	77	37002
9066	prompt	12	37003
9067	prompt	5374	37004
9068	prompt	87301	37009
9069	prompt	494	37014
9070	prompt	264	37019
9071	prompt	3555	37021
9072	prompt	3669	37030
9073	prompt	318	37038
9074	prompt	16296	37040
9075	prompt	413	37044
9076	prompt	3354	37047
9077	prompt	539	37055
9078	prompt	10925	37058
9079	prompt	6563	37064
9080	prompt	9066	37068
9081	prompt	1179	37072
9082	prompt	10383	37077
9083	prompt	77	37079
9084	prompt	12	37080
9085	prompt	561	37081
9086	prompt	6025	37085
9087	prompt	488	37095
9088	prompt	2224	37099
9089	prompt	303	37102
9090	prompt	413	37105
9091	prompt	10925	37108
9092	prompt	6563	37114
9093	prompt	9066	37118
9094	prompt	557	37122
9095	prompt	2496	37126
9096	prompt	2512	37132
9097	prompt	1639	37139
9098	prompt	1639	37141
9099	prompt	2592	37143
9100	prompt	2512	37145
9101	prompt	4732	37152
9102	prompt	449	37160
9103	prompt	10925	37163
9104	prompt	6563	37169
9105	prompt	9066	37173
9106	prompt	3669	37177
9107	prompt	11	37185
9108	prompt	279	37186
9109	prompt	5224	37190
9110	prompt	369	37195
9111	prompt	264	37198
9112	prompt	2972	37200
9113	prompt	2083	37203
9114	prompt	28530	37205
9115	prompt	92217	37208
9116	prompt	424	37211
9117	prompt	6473	37214
9118	prompt	421	37222
9119	prompt	874	37227
9120	prompt	944	37230
9121	prompt	9066	37235
9122	prompt	3669	37239
9123	prompt	369	37247
9124	prompt	4393	37250
9125	prompt	321	37257
9126	prompt	4829	37261
9127	prompt	874	37267
9128	prompt	1852	37270
9129	prompt	13	37277
9130	prompt	2793	37278
9131	prompt	8678	37283
9132	prompt	1528	37289
9133	prompt	369	37295
9134	prompt	33702	37298
9135	prompt	6889	37308
9136	prompt	77	37310
9137	prompt	1639	37311
9138	prompt	550	37313
9139	prompt	3095	37315
9140	prompt	310	37320
9141	prompt	5272	37323
9142	prompt	1639	37327
9143	prompt	1639	37329
9144	prompt	12	37331
9145	prompt	561	37332
9146	prompt	1156	37336
9147	prompt	20335	37341
9148	prompt	16561	37352
9149	prompt	310	37357
9150	prompt	7018	37360
9151	prompt	13259	37363
9152	prompt	279	37367
9153	prompt	944	37371
9154	prompt	9066	37376
9155	prompt	15738	37380
9156	prompt	7018	37383
9157	prompt	20852	37386
9158	prompt	279	37391
9159	prompt	944	37395
9160	prompt	9066	37400
9161	prompt	15738	37404
9162	prompt	7018	37407
9163	prompt	3237	37410
9164	prompt	1142	37412
9165	prompt	15738	37417
9166	prompt	466	37420
9167	prompt	5752	37423
9168	prompt	809	37433
9169	prompt	279	37437
9170	prompt	944	37441
9171	prompt	9066	37446
9172	prompt	3669	37450
9173	prompt	1639	37458
9174	prompt	12	37460
9175	prompt	3054	37461
9176	prompt	4045	37464
9177	prompt	1562	37468
9178	prompt	411	37473
9179	prompt	453	37478
9180	prompt	60894	37482
9181	prompt	1892	37490
9182	prompt	1132	37494
9183	prompt	948	37499
9184	prompt	279	37504
9185	prompt	1156	37508
9186	prompt	16561	37513
9187	prompt	1639	37518
9188	prompt	1639	37520
9189	prompt	550	37522
9190	prompt	13131	37524
9191	prompt	1639	37535
9192	prompt	1639	37537
9193	prompt	12	37539
9194	prompt	1510	37540
9195	prompt	1265	37542
9196	prompt	63	37548
9197	prompt	318	37549
9198	prompt	6081	37551
9199	prompt	1590	37559
9200	prompt	1510	37561
9201	prompt	2037	37563
9202	prompt	12718	37565
9203	prompt	2037	37569
9204	prompt	63	37571
9205	prompt	466	37572
9206	prompt	1510	37575
9207	prompt	2037	37577
9208	prompt	5231	37579
9209	prompt	2037	37585
9210	prompt	59012	37587
9211	prompt	77	37589
9212	prompt	220	37590
9213	prompt	471	37591
9214	prompt	1510	37593
9215	prompt	2037	37595
9216	prompt	12718	37597
9217	prompt	2037	37601
9218	prompt	63	37603
9219	prompt	1892	37604
9220	prompt	5106	37608
9221	prompt	279	37614
9222	prompt	944	37618
9223	prompt	9066	37623
9224	prompt	6025	37627
9225	prompt	321	37637
9226	prompt	8602	37641
9227	prompt	33295	37648
9228	prompt	383	37655
9229	prompt	12977	37658
9230	prompt	13	37663
9231	prompt	5272	37664
9232	prompt	411	37668
9233	prompt	413	37673
9234	prompt	279	37676
9235	prompt	1156	37680
9236	prompt	6587	37685
9237	prompt	310	37691
9238	prompt	2445	37694
9239	prompt	1142	37699
9240	prompt	310	37704
9241	prompt	279	37707
9242	prompt	944	37711
9243	prompt	2843	37716
9244	prompt	11	37722
9245	prompt	466	37723
9246	prompt	413	37726
9247	prompt	1017	37729
9248	prompt	513	37735
9249	prompt	4203	37739
9250	prompt	310	37747
9251	prompt	20480	37750
9252	prompt	6889	37759
9253	prompt	77	37761
9254	prompt	220	37762
9255	prompt	471	37763
9256	prompt	1510	37765
9257	prompt	2037	37767
9258	prompt	5231	37769
9259	prompt	2037	37775
9260	prompt	63	37777
9261	prompt	1892	37778
9262	prompt	3572	37782
9263	prompt	279	37789
9264	prompt	944	37793
9265	prompt	9066	37798
9266	prompt	6025	37802
9267	prompt	321	37812
9268	prompt	1141	37816
9269	prompt	8602	37820
9270	prompt	13	37827
9271	prompt	5272	37828
9272	prompt	411	37832
9273	prompt	364	37837
9274	prompt	264	37841
9275	prompt	4101	37843
9276	prompt	4713	37849
9277	prompt	948	37854
9278	prompt	279	37859
9279	prompt	944	37863
9280	prompt	369	37868
9281	prompt	2725	37871
9282	prompt	466	37876
9283	prompt	22263	37879
9284	prompt	6889	37889
9285	prompt	77	37891
9286	prompt	12	37892
9287	prompt	1510	37893
9288	prompt	73875	37895
9289	prompt	45942	37902
9290	prompt	63	37910
9291	prompt	318	37911
9292	prompt	12439	37913
9293	prompt	11	37921
9294	prompt	1581	37922
9295	prompt	867	37930
9296	prompt	1590	37936
9297	prompt	1132	37938
9298	prompt	21716	37943
9299	prompt	440	37954
9300	prompt	1510	37959
9301	prompt	1265	37961
9302	prompt	25	37967
9303	prompt	7018	37968
9304	prompt	5231	37971
9305	prompt	2037	37977
9306	prompt	27653	37979
9307	prompt	1368	37981
9308	prompt	279	37984
9309	prompt	944	37988
9310	prompt	9066	37993
9311	prompt	682	37997
9312	prompt	632	38001
9313	prompt	94085	38004
9314	prompt	3425	38013
9315	prompt	466	38019
9316	prompt	40161	38022
9317	prompt	524	38030
9318	prompt	383	38034
9319	prompt	279	38037
9320	prompt	3889	38041
9321	prompt	8602	38050
9322	prompt	11	38057
9323	prompt	279	38058
9324	prompt	5224	38062
9325	prompt	668	38067
9326	prompt	36773	38072
9327	prompt	7660	38076
9328	prompt	310	38079
9329	prompt	3921	38082
9330	prompt	424	38089
9331	prompt	7014	38092
9332	prompt	411	38099
9333	prompt	369	38104
9334	prompt	716	38107
9335	prompt	310	38111
9336	prompt	1510	38114
9337	prompt	1802	38116
9338	prompt	27653	38120
9339	prompt	1368	38122
9340	prompt	279	38125
9341	prompt	5224	38129
9342	prompt	4523	38134
9343	prompt	449	38142
9344	prompt	1412	38145
9345	prompt	14408	38151
9346	prompt	4203	38159
9347	prompt	11	38167
9348	prompt	7440	38168
9349	prompt	440	38176
9350	prompt	279	38181
9351	prompt	1156	38185
9352	prompt	1518	38190
9353	prompt	311	38197
9354	prompt	84470	38200
9355	prompt	10430	38204
9356	prompt	440	38209
9357	prompt	1510	38214
9358	prompt	73875	38216
9359	prompt	45942	38223
9360	prompt	25	38231
9361	prompt	804	38232
9362	prompt	63	38237
9363	prompt	6889	38238
9364	prompt	77	38240
9365	prompt	1639	38241
9366	prompt	550	38243
9367	prompt	25823	38245
9368	prompt	1639	38254
9369	prompt	1639	38256
9370	prompt	12	38258
9371	prompt	8790	38259
9372	prompt	4440	38264
9373	prompt	279	38268
9374	prompt	3669	38272
9375	prompt	579	38280
9376	prompt	3133	38282
9377	prompt	6025	38290
9378	prompt	310	38300
9379	prompt	1332	38303
9380	prompt	424	38309
9381	prompt	557	38312
9382	prompt	1518	38316
9383	prompt	10925	38323
9384	prompt	6563	38329
9385	prompt	9066	38333
9386	prompt	1639	38337
9387	prompt	12	38339
9388	prompt	75396	38340
9389	prompt	351	38347
9390	prompt	17040	38349
9391	prompt	41403	38351
9392	prompt	51790	38361
9393	prompt	318	38368
9394	prompt	8678	38370
9395	prompt	9640	38376
9396	prompt	13753	38383
9397	prompt	11	38392
9398	prompt	4779	38393
9399	prompt	3425	38400
9400	prompt	11	38406
9401	prompt	6440	38407
9402	prompt	6025	38413
9403	prompt	8	38423
9404	prompt	748	38424
9405	prompt	279	38427
9406	prompt	3669	38431
9407	prompt	1528	38439
9408	prompt	25133	38445
9409	prompt	279	38454
9410	prompt	3889	38458
9411	prompt	6025	38467
9412	prompt	1639	38477
9413	prompt	12	38479
9414	prompt	1368	38480
9415	prompt	264	38483
9416	prompt	16823	38485
9417	prompt	2131	38488
9418	prompt	3669	38490
9419	prompt	557	38498
9420	prompt	12037	38502
9421	prompt	310	38511
9422	prompt	279	38514
9423	prompt	944	38518
9424	prompt	9066	38523
9425	prompt	25	38527
9426	prompt	7190	38528
9427	prompt	383	38535
9428	prompt	1510	38538
9429	prompt	5231	38540
9430	prompt	7561	38546
9431	prompt	2047	38548
9432	prompt	4162	38553
9433	prompt	383	38561
9434	prompt	1510	38564
9435	prompt	12718	38566
9436	prompt	63	38570
9437	prompt	318	38571
9438	prompt	1159	38573
9439	prompt	803	38576
9440	prompt	369	38581
9441	prompt	5743	38584
9442	prompt	748	38593
9443	prompt	279	38596
9444	prompt	1156	38600
9445	prompt	628	38605
9446	prompt	311	38609
9447	prompt	15851	38612
9448	prompt	10383	38618
9449	prompt	77	38620
9450	prompt	12	38621
9451	prompt	9358	38622
9452	prompt	49558	38627
9453	prompt	11	38634
9454	prompt	10925	38635
9455	prompt	6563	38641
9456	prompt	9066	38645
9457	prompt	628	38649
9458	prompt	381	38653
9459	prompt	2512	38656
9460	prompt	1495	38663
9461	prompt	310	38669
9462	prompt	1791	38672
9463	prompt	264	38679
9464	prompt	7478	38681
9465	prompt	944	38687
9466	prompt	9066	38692
9467	prompt	1639	38696
9468	prompt	487	38698
9469	prompt	328	38700
9470	prompt	13390	38702
9471	prompt	763	38712
9472	prompt	5046	38714
9473	prompt	3	38717
9474	prompt	16838	38718
9475	prompt	763	38724
9476	prompt	328	38726
9477	prompt	2349	38728
9478	prompt	1074	38733
9479	prompt	2164	38736
9480	prompt	76939	38740
9481	prompt	2572	38747
9482	prompt	3336	38751
9483	prompt	2850	38753
9484	prompt	14	38757
9485	prompt	17	38758
9486	prompt	15	38759
9487	prompt	17	38760
9488	prompt	15	38761
9489	prompt	12	38762
9490	prompt	16	38763
9491	prompt	17	38764
9492	prompt	59082	38765
9493	prompt	487	38772
9494	prompt	328	38774
9495	prompt	1267	38776
9496	prompt	763	38780
9497	prompt	328	38782
9498	prompt	1640	38784
9499	prompt	487	38790
9500	prompt	328	38792
9501	prompt	12811	38794
9502	prompt	763	38804
9503	prompt	5046	38806
9504	prompt	1265	38809
9505	prompt	763	38815
9506	prompt	5046	38817
9507	prompt	4532	38820
9508	prompt	763	38831
9509	prompt	15430	38833
9510	prompt	12718	38837
9511	prompt	2037	38841
9512	prompt	10583	38843
9513	prompt	279	38850
9514	prompt	944	38854
9515	prompt	9066	38859
9516	prompt	321	38863
9517	prompt	8602	38867
9518	prompt	383	38874
9519	prompt	12977	38877
9520	prompt	26	38882
9521	prompt	7018	38883
9522	prompt	5231	38886
9523	prompt	2037	38892
9524	prompt	52349	38894
9525	prompt	2107	38902
9526	prompt	10152	38907
9527	prompt	328	38910
9528	prompt	1267	38912
9529	prompt	763	38916
9530	prompt	328	38918
9531	prompt	889	38920
9532	prompt	487	38926
9533	prompt	328	38928
9534	prompt	8746	38930
9535	prompt	763	38934
9536	prompt	4241	38936
9537	prompt	12718	38939
9538	prompt	487	38943
9539	prompt	328	38945
9540	prompt	5231	38947
9541	prompt	1293	38953
9542	prompt	2069	38955
9543	prompt	328	38957
9544	prompt	73875	38959
9545	prompt	45942	38966
9546	prompt	763	38974
9547	prompt	5046	38976
9548	prompt	4532	38979
9549	prompt	763	38990
9550	prompt	328	38992
9551	prompt	7907	38994
9552	prompt	804	39002
9553	prompt	948	39007
9554	prompt	1852	39012
9555	prompt	369	39019
9556	prompt	7018	39022
9557	prompt	5231	39025
9558	prompt	2037	39031
9559	prompt	321	39033
9560	prompt	279	39037
9561	prompt	944	39041
9562	prompt	9066	39046
9563	prompt	682	39050
9564	prompt	632	39054
9565	prompt	94085	39057
9566	prompt	3425	39066
9567	prompt	466	39072
9568	prompt	632	39075
9569	prompt	39017	39078
9570	prompt	40161	39084
9571	prompt	13	39092
9572	prompt	561	39093
9573	prompt	5224	39097
9574	prompt	668	39102
9575	prompt	24272	39107
9576	prompt	321	39114
9577	prompt	1103	39118
9578	prompt	1070	39123
9579	prompt	5752	39128
9580	prompt	10152	39138
9581	prompt	328	39141
9582	prompt	1267	39143
9583	prompt	763	39147
9584	prompt	328	39149
9585	prompt	5925	39151
9586	prompt	8934	39158
9587	prompt	2069	39160
9588	prompt	328	39162
9589	prompt	6081	39164
9590	prompt	763	39172
9591	prompt	4241	39174
9592	prompt	1265	39177
9593	prompt	7664	39183
9594	prompt	328	39186
9595	prompt	34325	39188
9596	prompt	7654	39198
9597	prompt	763	39208
9598	prompt	867	39210
9599	prompt	72964	39216
9600	prompt	198	39219
9601	prompt	4754	39220
9602	prompt	1267	39222
9603	prompt	763	39226
9604	prompt	328	39228
9605	prompt	1628	39230
9606	prompt	487	39238
9607	prompt	328	39240
9608	prompt	1628	39242
9609	prompt	763	39250
9610	prompt	5046	39252
9611	prompt	591	39255
9612	prompt	763	39259
9613	prompt	328	39261
9614	prompt	29114	39263
9615	prompt	487	39270
9616	prompt	328	39272
9617	prompt	4532	39274
9618	prompt	763	39285
9619	prompt	328	39287
9620	prompt	3367	39289
9621	prompt	264	39294
9622	prompt	3870	39296
9623	prompt	8453	39307
9624	prompt	421	39315
9625	prompt	22327	39320
9626	prompt	4216	39328
9627	prompt	494	39335
9628	prompt	264	39340
9629	prompt	1248	39342
9630	prompt	51695	39347
9631	prompt	5148	39355
9632	prompt	13	39362
9633	prompt	8618	39363
9634	prompt	19463	39368
9635	prompt	1500	39375
9636	prompt	369	39380
9637	prompt	449	39383
9638	prompt	1484	39386
9639	prompt	1892	39392
9640	prompt	488	39396
9641	prompt	2426	39400
9642	prompt	3133	39405
9643	prompt	321	39413
9644	prompt	21292	39417
9645	prompt	16821	39431
9646	prompt	303	39438
9647	prompt	279	39441
9648	prompt	6040	39445
9649	prompt	13	39450
9650	prompt	17101	39451
9651	prompt	16821	39458
9652	prompt	383	39465
9653	prompt	836	39468
9654	prompt	1765	39474
9655	prompt	9412	39478
9656	prompt	321	39487
9657	prompt	513	39491
9658	prompt	524	39495
9659	prompt	29636	39499
9660	prompt	494	39507
9661	prompt	279	39512
9662	prompt	1156	39516
9663	prompt	11	39521
9664	prompt	1442	39522
9665	prompt	413	39527
9666	prompt	799	39530
9667	prompt	11496	39534
9668	prompt	1345	39540
9669	prompt	488	39546
9670	prompt	2224	39550
9671	prompt	8318	39553
9672	prompt	364	39561
9673	prompt	279	39565
9674	prompt	1156	39569
9675	prompt	310	39574
9676	prompt	4087	39577
9677	prompt	264	39584
9678	prompt	3296	39586
9679	prompt	6889	39595
9680	prompt	77	39597
9681	prompt	1639	39598
9682	prompt	35728	39600
9683	prompt	539	39604
9684	prompt	1204	39607
9685	prompt	1599	39611
9686	prompt	21292	39616
9687	prompt	488	39630
9688	prompt	1144	39634
9689	prompt	6964	39639
9690	prompt	77	39641
9691	prompt	12	39642
9692	prompt	2972	39643
9693	prompt	3833	39646
9694	prompt	332	39649
9695	prompt	318	39651
9696	prompt	2037	39653
9697	prompt	69900	39655
9698	prompt	728	39659
9699	prompt	948	39662
9700	prompt	279	39667
9701	prompt	3421	39671
9702	prompt	369	39678
9703	prompt	5354	39681
9704	prompt	593	39687
9705	prompt	279	39689
9706	prompt	1870	39693
9707	prompt	31941	39699
9708	prompt	60592	39708
9709	prompt	11069	39711
9710	prompt	958	39715
9711	prompt	2972	39719
9712	prompt	33	39722
9713	prompt	956	39723
9714	prompt	440	39726
9715	prompt	1510	39731
9716	prompt	5917	39733
9717	prompt	1201	39736
9718	prompt	23348	39739
9719	prompt	63	39750
9720	prompt	332	39751
9721	prompt	321	39753
9722	prompt	264	39757
9723	prompt	3108	39759
9724	prompt	421	39767
9725	prompt	40693	39772
9726	prompt	948	39778
9727	prompt	279	39783
9728	prompt	2876	39787
9729	prompt	369	39797
9730	prompt	804	39800
9731	prompt	11	39805
9732	prompt	378	39806
9733	prompt	1257	39808
9734	prompt	13	39810
9735	prompt	1510	39811
9736	prompt	37448	39813
9737	prompt	20049	39818
9738	prompt	471	39823
9739	prompt	80	39825
9740	prompt	7018	39826
9741	prompt	18622	39829
9742	prompt	303	39834
9743	prompt	2037	39837
9744	prompt	3371	39839
9745	prompt	1607	39843
9746	prompt	26	39847
9747	prompt	635	39848
9748	prompt	5894	39851
9749	prompt	220	39857
9750	prompt	15	39858
9751	prompt	13	39859
9752	prompt	20	39860
9753	prompt	26	39861
9754	prompt	2725	39862
9755	prompt	27653	39867
9756	prompt	1394	39869
9757	prompt	615	39873
9758	prompt	264	39877
9759	prompt	3074	39879
9760	prompt	9463	39886
9761	prompt	11208	39897
9762	prompt	948	39910
9763	prompt	424	39915
9764	prompt	40693	39918
9765	prompt	6889	39924
9766	prompt	77	39926
9767	prompt	12	39927
9768	prompt	2972	39928
9769	prompt	3833	39931
9770	prompt	791	39934
9771	prompt	30520	39938
9772	prompt	11	39949
9773	prompt	53379	39950
9774	prompt	332	39963
9775	prompt	318	39965
9776	prompt	2037	39967
9777	prompt	69900	39969
9778	prompt	728	39973
9779	prompt	1396	39976
9780	prompt	854	39982
9781	prompt	449	39987
9782	prompt	12505	39990
9783	prompt	1500	39996
9784	prompt	7701	40001
9785	prompt	60592	40009
9786	prompt	11069	40012
9787	prompt	22784	40016
9788	prompt	440	40024
9789	prompt	449	40029
9790	prompt	632	40032
9791	prompt	63471	40035
9792	prompt	3108	40042
9793	prompt	27718	40050
9794	prompt	14166	40053
9795	prompt	471	40057
9796	prompt	69	40059
9797	prompt	7561	40060
9798	prompt	1510	40062
9799	prompt	258	40064
9800	prompt	36021	40066
9801	prompt	11158	40071
9802	prompt	471	40075
9803	prompt	76	40077
9804	prompt	7561	40078
9805	prompt	1510	40080
9806	prompt	3361	40082
9807	prompt	804	40087
9808	prompt	57208	40092
9809	prompt	59	40095
9810	prompt	77	40096
9811	prompt	12	40097
9812	prompt	2972	40098
9813	prompt	3833	40101
9814	prompt	791	40104
9815	prompt	30520	40108
9816	prompt	11	40119
9817	prompt	2980	40120
9818	prompt	264	40126
9819	prompt	3750	40128
9820	prompt	809	40134
9821	prompt	332	40138
9822	prompt	318	40140
9823	prompt	2037	40142
9824	prompt	18149	40144
9825	prompt	1754	40148
9826	prompt	20068	40153
9827	prompt	2923	40156
9828	prompt	1067	40161
9829	prompt	11	40168
9830	prompt	2842	40169
9831	prompt	948	40174
9832	prompt	279	40179
9833	prompt	1542	40183
9834	prompt	43117	40187
9835	prompt	60592	40197
9836	prompt	11069	40200
9837	prompt	22784	40204
9838	prompt	440	40212
9839	prompt	264	40217
9840	prompt	3108	40219
9841	prompt	421	40227
9842	prompt	70307	40232
9843	prompt	4965	40238
9844	prompt	321	40244
9845	prompt	1179	40248
9846	prompt	40693	40253
9847	prompt	6889	40259
9848	prompt	77	40261
9849	prompt	1639	40262
9850	prompt	7525	40264
9851	prompt	5148	40268
9852	prompt	579	40275
9853	prompt	19463	40277
9854	prompt	369	40284
9855	prompt	279	40287
9856	prompt	1484	40291
9857	prompt	4129	40297
9858	prompt	13	40304
9859	prompt	8618	40305
9860	prompt	1500	40310
9861	prompt	8772	40315
9862	prompt	264	40323
9863	prompt	11208	40325
9864	prompt	13	40338
9865	prompt	18422	40339
9866	prompt	10029	40344
9867	prompt	279	40349
9868	prompt	3609	40353
9869	prompt	6889	40359
9870	prompt	77	40361
9871	prompt	1639	40362
9872	prompt	220	40364
9873	prompt	653	40365
9874	prompt	8618	40367
9875	prompt	12219	40372
9876	prompt	1433	40381
9877	prompt	1500	40385
9878	prompt	369	40390
9879	prompt	449	40393
9880	prompt	1484	40396
9881	prompt	1639	40402
9882	prompt	220	40404
9883	prompt	9495	40405
9884	prompt	471	40410
9885	prompt	69	40412
9886	prompt	593	40413
9887	prompt	917	40415
9888	prompt	18824	40418
9889	prompt	10325	40422
9890	prompt	1607	40426
9891	prompt	735	40430
9892	prompt	20049	40432
9893	prompt	1137	40437
9894	prompt	1021	40440
9895	prompt	30319	40444
9896	prompt	290	40451
9897	prompt	7018	40453
9898	prompt	3556	40456
9899	prompt	21555	40461
9900	prompt	77	40464
9901	prompt	1639	40465
9902	prompt	220	40467
9903	prompt	653	40468
9904	prompt	8618	40470
9905	prompt	999	40475
9906	prompt	2222	40480
9907	prompt	369	40487
9908	prompt	449	40490
9909	prompt	1484	40493
9910	prompt	1639	40499
9911	prompt	220	40501
9912	prompt	303	40502
9913	prompt	36021	40505
9914	prompt	11158	40510
9915	prompt	471	40514
9916	prompt	76	40516
9917	prompt	1137	40517
9918	prompt	2171	40520
9919	prompt	7434	40526
9920	prompt	68	40529
9921	prompt	984	40530
9922	prompt	69	40532
9923	prompt	6	40533
9924	prompt	593	40534
9925	prompt	13911	40536
9926	prompt	290	40541
9927	prompt	85187	40543
9928	prompt	1639	40547
9929	prompt	1639	40549
9930	prompt	220	40551
9931	prompt	653	40552
9932	prompt	23614	40554
9933	prompt	31038	40559
9934	prompt	364	40566
9935	prompt	491	40570
9936	prompt	8313	40574
9937	prompt	5853	40577
9938	prompt	321	40586
9939	prompt	16201	40590
9940	prompt	799	40595
9941	prompt	1500	40599
9942	prompt	791	40604
9943	prompt	491	40608
9944	prompt	3847	40612
9945	prompt	1639	40620
9946	prompt	220	40622
9947	prompt	1483	40623
9948	prompt	15321	40628
9949	prompt	993	40631
9950	prompt	471	40635
9951	prompt	84	40637
9952	prompt	71989	40638
9953	prompt	56	40641
9954	prompt	10746	40642
9955	prompt	76	40644
9956	prompt	10746	40645
9957	prompt	87256	40647
9958	prompt	74204	40649
9959	prompt	7297	40651
9960	prompt	44	40653
9961	prompt	7297	40654
9962	prompt	59162	40656
9963	prompt	10383	40658
9964	prompt	77	40660
9965	prompt	220	40661
9966	prompt	1345	40662
9967	prompt	804	40668
9968	prompt	26	40673
9969	prompt	635	40674
9970	prompt	1639	40677
9971	prompt	262	40679
9972	prompt	1381	40682
9973	prompt	15321	40686
9974	prompt	993	40689
9975	prompt	471	40693
9976	prompt	84	40695
9977	prompt	71989	40696
9978	prompt	56	40699
9979	prompt	10746	40700
9980	prompt	76	40702
9981	prompt	10746	40703
9982	prompt	87256	40705
9983	prompt	74204	40707
9984	prompt	7297	40709
9985	prompt	44	40711
9986	prompt	7297	40712
9987	prompt	59162	40714
9988	prompt	10383	40716
9989	prompt	77	40718
9990	prompt	262	40719
9991	prompt	34929	40722
9992	prompt	6131	40725
9993	prompt	7018	40729
9994	prompt	66041	40732
9995	prompt	14	40737
9996	prompt	7862	40738
9997	prompt	10442	40743
9998	prompt	5200	40746
9999	prompt	37463	40748
10000	prompt	14	40755
10001	prompt	16	40756
10002	prompt	17	40757
10003	prompt	18	40758
10004	prompt	47192	40759
10005	prompt	30	40768
10006	prompt	10957	40769
10007	prompt	3085	40774
10008	prompt	4119	40776
10009	prompt	2037	40780
10010	prompt	1137	40782
10011	prompt	42463	40785
10012	prompt	6060	40787
10013	prompt	1249	40790
10014	prompt	735	40792
10015	prompt	7018	40794
10016	prompt	3312	40797
10017	prompt	14197	40799
10018	prompt	846	40801
10019	prompt	13304	40805
10020	prompt	1590	40811
10021	prompt	24193	40813
10022	prompt	14197	40816
10023	prompt	2513	40818
10024	prompt	8	40822
10025	prompt	2037	40823
10026	prompt	15313	40825
10027	prompt	77	40827
10028	prompt	262	40828
10029	prompt	1483	40831
10030	prompt	3085	40836
10031	prompt	3219	40838
10032	prompt	26	40841
10033	prompt	5894	40842
10034	prompt	220	40848
10035	prompt	18	40849
10036	prompt	15	40850
10037	prompt	1639	40851
10038	prompt	220	40853
10039	prompt	2725	40854
10040	prompt	1639	40859
10041	prompt	1639	40861
10042	prompt	220	40863
10043	prompt	653	40864
10044	prompt	5829	40866
10045	prompt	5148	40871
10046	prompt	421	40878
10047	prompt	70307	40883
10048	prompt	4216	40889
10049	prompt	430	40896
10050	prompt	781	40899
10051	prompt	16821	40904
10052	prompt	318	40911
10053	prompt	68	40913
10054	prompt	1257	40914
10055	prompt	13	40916
10056	prompt	45472	40917
10057	prompt	11117	40927
10058	prompt	10383	40936
10059	prompt	77	40938
10060	prompt	220	40939
10061	prompt	2357	40940
10062	prompt	3609	40945
10063	prompt	14751	40951
10064	prompt	51997	40955
10065	prompt	2764	40962
10066	prompt	1639	40965
10067	prompt	1639	40967
10068	prompt	220	40969
10069	prompt	653	40970
10070	prompt	3495	40972
10071	prompt	12	40976
10072	prompt	13581	40977
10073	prompt	19934	40980
10074	prompt	440	40987
10075	prompt	264	40992
10076	prompt	5629	40994
10077	prompt	809	41002
10078	prompt	25	41006
10079	prompt	16201	41007
10080	prompt	1754	41012
10081	prompt	20068	41017
10082	prompt	1716	41020
10083	prompt	430	41026
10084	prompt	424	41029
10085	prompt	11496	41032
10086	prompt	11	41038
10087	prompt	4713	41039
10088	prompt	948	41044
10089	prompt	279	41049
10090	prompt	1542	41053
10091	prompt	43117	41057
10092	prompt	1639	41067
10093	prompt	220	41069
10094	prompt	7624	41070
10095	prompt	3934	41075
10096	prompt	21555	41078
10097	prompt	77	41081
10098	prompt	220	41082
10099	prompt	1345	41083
10100	prompt	804	41089
10101	prompt	26	41094
10102	prompt	635	41095
10103	prompt	1639	41098
10104	prompt	262	41100
10105	prompt	274	41103
10106	prompt	15321	41105
10107	prompt	840	41108
10108	prompt	534	41110
10109	prompt	11988	41113
10110	prompt	220	41120
10111	prompt	16	41121
10112	prompt	17	41122
10113	prompt	18	41123
10114	prompt	1137	41124
10115	prompt	2164	41127
10116	prompt	803	41131
10117	prompt	8142	41136
10118	prompt	10828	41138
10119	prompt	10383	41143
10120	prompt	77	41145
10121	prompt	262	41146
10122	prompt	2754	41149
10123	prompt	15321	41153
10124	prompt	42463	41156
10125	prompt	471	41158
10126	prompt	81	41160
10127	prompt	6060	41161
10128	prompt	1249	41164
10129	prompt	735	41166
10130	prompt	3186	41168
10131	prompt	14197	41175
10132	prompt	29420	41177
10133	prompt	0	41183
10134	prompt	3934	41184
10135	prompt	27293	41187
10136	prompt	60592	41194
10137	prompt	735	41197
10138	prompt	7018	41199
10139	prompt	3312	41202
10140	prompt	14197	41204
10141	prompt	591	41206
10142	prompt	1590	41210
10143	prompt	24193	41212
10144	prompt	14197	41215
10145	prompt	29420	41217
10146	prompt	8	41223
10147	prompt	2037	41224
10148	prompt	6	41226
10149	prompt	42216	41227
10150	prompt	2037	41231
10151	prompt	3	41233
10152	prompt	82	41234
10153	prompt	2037	41235
10154	prompt	735	41237
10155	prompt	3269	41239
10156	prompt	10383	41244
10157	prompt	77	41246
10158	prompt	262	41247
10159	prompt	1028	41250
10160	prompt	471	41255
10161	prompt	16	41257
10162	prompt	18	41258
10163	prompt	361	41259
10164	prompt	7	41261
10165	prompt	2949	41262
10166	prompt	63277	41266
10167	prompt	9590	41270
10168	prompt	60592	41274
10169	prompt	361	41277
10170	prompt	7	41279
10171	prompt	2949	41280
10172	prompt	63277	41284
10173	prompt	2276	41288
10174	prompt	60592	41291
10175	prompt	59	41294
10176	prompt	77	41295
10177	prompt	262	41296
10178	prompt	7624	41299
10179	prompt	3085	41304
10180	prompt	2276	41306
10181	prompt	1639	41309
10182	prompt	262	41311
10183	prompt	43168	41314
10184	prompt	471	41317
10185	prompt	68	41319
10186	prompt	359	41320
10187	prompt	528	41322
10188	prompt	14197	41325
10189	prompt	29420	41327
10190	prompt	0	41333
10191	prompt	3934	41334
10192	prompt	27293	41337
10193	prompt	60592	41344
10194	prompt	6	41347
10195	prompt	42216	41348
10196	prompt	2037	41352
10197	prompt	3	41354
10198	prompt	82	41355
10199	prompt	2037	41356
10200	prompt	59286	41358
10201	prompt	3464	41361
10202	prompt	18710	41364
10203	prompt	976	41369
10204	prompt	1387	41372
10205	prompt	1639	41378
10206	prompt	262	41380
10207	prompt	5894	41383
10208	prompt	220	41389
10209	prompt	18	41390
10210	prompt	15	41391
10211	prompt	1639	41392
10212	prompt	220	41394
10213	prompt	2725	41395
10214	prompt	1639	41400
10215	prompt	1639	41402
10216	prompt	332	41404
10217	prompt	7751	41406
10218	prompt	914	41409
10219	prompt	958	41411
10220	prompt	449	41415
10221	prompt	632	41418
10222	prompt	63471	41421
10223	prompt	3108	41428
10224	prompt	364	41436
10225	prompt	264	41440
10226	prompt	3074	41442
10227	prompt	11208	41449
10228	prompt	159029	41462
10229	prompt	1510	41465
10230	prompt	14166	41467
10231	prompt	471	41471
10232	prompt	69	41473
10233	prompt	7561	41474
10234	prompt	1510	41476
10235	prompt	258	41478
10236	prompt	36021	41480
10237	prompt	11158	41485
10238	prompt	471	41489
10239	prompt	76	41491
10240	prompt	7561	41492
10241	prompt	321	41494
10242	prompt	1510	41498
10243	prompt	3361	41500
10244	prompt	804	41505
10245	prompt	63	41510
10246	prompt	2496	41511
10247	prompt	4713	41517
10248	prompt	383	41522
10249	prompt	836	41525
10250	prompt	1765	41531
10251	prompt	11	41535
10252	prompt	748	41536
10253	prompt	279	41539
10254	prompt	8453	41543
10255	prompt	25710	41551
10256	prompt	16929	41557
10257	prompt	2980	41563
10258	prompt	9345	41569
10259	prompt	1442	41577
10260	prompt	1238	41582
10261	prompt	279	41588
10262	prompt	1484	41592
10263	prompt	682	41598
10264	prompt	13496	41602
10265	prompt	13	41608
10266	prompt	1690	41609
10267	prompt	7018	41613
10268	prompt	69900	41616
10269	prompt	728	41620
10270	prompt	948	41623
10271	prompt	1543	41628
10272	prompt	369	41630
10273	prompt	5354	41633
10274	prompt	50562	41639
10275	prompt	958	41642
10276	prompt	37250	41646
10277	prompt	1510	41651
10278	prompt	5917	41653
10279	prompt	1201	41656
10280	prompt	23348	41659
10281	prompt	63	41670
10282	prompt	440	41671
10283	prompt	449	41676
10284	prompt	1510	41679
10285	prompt	37448	41681
10286	prompt	63	41686
10287	prompt	6136	41687
10288	prompt	4370	41692
10289	prompt	318	41700
10290	prompt	588	41702
10291	prompt	11208	41705
10292	prompt	11	41718
10293	prompt	10029	41719
10294	prompt	303	41724
10295	prompt	6283	41727
10296	prompt	553	41735
10297	prompt	6817	41737
10298	prompt	421	41742
10299	prompt	1510	41747
10300	prompt	14166	41749
10301	prompt	471	41753
10302	prompt	69	41755
10303	prompt	1433	41756
10304	prompt	735	41760
10305	prompt	20049	41762
10306	prompt	471	41767
10307	prompt	76	41769
10308	prompt	220	41770
10309	prompt	16	41771
10310	prompt	2423	41772
10311	prompt	63	41776
10312	prompt	1503	41777
10313	prompt	348	41782
10314	prompt	1856	41784
10315	prompt	9	41787
10316	prompt	4884	41788
10317	prompt	411	41792
10318	prompt	25	41797
10319	prompt	413	41798
10320	prompt	279	41801
10321	prompt	1433	41805
10322	prompt	5601	41809
10323	prompt	11012	41814
10324	prompt	1238	41820
10325	prompt	279	41826
10326	prompt	2353	41830
10327	prompt	11	41836
10328	prompt	1510	41837
10329	prompt	14166	41839
10330	prompt	63	41843
10331	prompt	2496	41844
10332	prompt	20539	41850
10333	prompt	24245	41859
10334	prompt	57717	41863
10335	prompt	321	41867
10336	prompt	279	41871
10337	prompt	14855	41875
10338	prompt	56378	41884
10339	prompt	13264	41890
10340	prompt	6889	41897
10341	prompt	77	41899
10342	prompt	1639	41900
10343	prompt	332	41902
10344	prompt	5726	41904
10345	prompt	4131	41910
10346	prompt	64700	41918
10347	prompt	59	41921
10348	prompt	77	41922
10349	prompt	12	41923
10350	prompt	6983	41924
10351	prompt	13254	41930
10352	prompt	6228	41935
10353	prompt	1902	41941
10354	prompt	17657	41946
10355	prompt	791	41952
10356	prompt	1500	41956
10357	prompt	466	41961
10358	prompt	8798	41964
10359	prompt	2364	41972
10360	prompt	303	41976
10361	prompt	1141	41979
10362	prompt	4011	41983
10363	prompt	61002	41990
10364	prompt	25	41997
10365	prompt	1510	41998
10366	prompt	36940	42000
10367	prompt	63	42004
10368	prompt	3749	42005
10369	prompt	1510	42011
10370	prompt	312	42013
10371	prompt	1021	42015
10372	prompt	30319	42019
10373	prompt	290	42026
10374	prompt	7561	42028
10375	prompt	1510	42030
10376	prompt	22670	42032
10377	prompt	63	42035
10378	prompt	3749	42036
10379	prompt	1510	42042
10380	prompt	529	42044
10381	prompt	33459	42046
10382	prompt	363	42050
10383	prompt	27653	42052
10384	prompt	1510	42054
10385	prompt	1916	42056
10386	prompt	63	42060
10387	prompt	4021	42061
10388	prompt	17657	42068
10389	prompt	506	42074
10390	prompt	660	42077
10391	prompt	1892	42081
10392	prompt	1510	42085
10393	prompt	91	42087
10394	prompt	1901	42088
10395	prompt	471	42093
10396	prompt	45	42095
10397	prompt	63	42096
10398	prompt	26437	42097
10399	prompt	4161	42106
10400	prompt	2980	42114
10401	prompt	443	42120
10402	prompt	8798	42122
10403	prompt	44734	42130
10404	prompt	11	42141
10405	prompt	1179	42142
10406	prompt	10029	42147
10407	prompt	279	42152
10408	prompt	4129	42156
10409	prompt	6889	42163
10410	prompt	77	42165
10411	prompt	12	42166
10412	prompt	733	42167
10413	prompt	6865	42170
10414	prompt	28782	42175
10415	prompt	11	42181
10416	prompt	3579	42182
10417	prompt	39219	42189
10418	prompt	26946	42199
10419	prompt	27718	42208
10420	prompt	19318	42211
10421	prompt	2423	42215
10422	prompt	1321	42219
10423	prompt	804	42222
10424	prompt	31789	42227
10425	prompt	1892	42229
10426	prompt	799	42233
10427	prompt	4490	42237
10428	prompt	1622	42244
10429	prompt	12752	42252
10430	prompt	914	42260
10431	prompt	5332	42262
10432	prompt	279	42267
10433	prompt	8453	42271
10434	prompt	6889	42279
10435	prompt	77	42281
10436	prompt	12	42282
10437	prompt	23614	42283
10438	prompt	26126	42288
10439	prompt	25	42298
10440	prompt	220	42299
10441	prompt	18	42300
10442	prompt	15	42301
10443	prompt	82	42302
10444	prompt	10	42303
10445	prompt	364	42304
10446	prompt	8434	42308
10447	prompt	32251	42315
10448	prompt	318	42320
10449	prompt	7454	42322
10450	prompt	13001	42326
10451	prompt	681	42333
10452	prompt	220	42335
10453	prompt	15	42336
10454	prompt	13	42337
10455	prompt	20	42338
10456	prompt	12	42339
10457	prompt	16	42340
10458	prompt	82	42341
10459	prompt	364	42342
10460	prompt	2136	42346
10461	prompt	11988	42352
10462	prompt	6889	42359
10463	prompt	77	42361
10464	prompt	12	42362
10465	prompt	9357	42363
10466	prompt	264	42369
10467	prompt	3050	42371
10468	prompt	1510	42380
10469	prompt	4532	42382
10470	prompt	63	42393
10471	prompt	1892	42394
10472	prompt	424	42398
10473	prompt	7701	42401
10474	prompt	303	42409
10475	prompt	1396	42412
10476	prompt	11208	42418
10477	prompt	318	42431
10478	prompt	2037	42433
10479	prompt	7407	42435
10480	prompt	303	42441
10481	prompt	10204	42444
10482	prompt	1607	42451
10483	prompt	2037	42455
10484	prompt	524	42457
10485	prompt	7018	42461
10486	prompt	13911	42464
10487	prompt	286	42469
10488	prompt	17872	42472
10489	prompt	59	42477
10490	prompt	1764	42478
10491	prompt	59	42481
10492	prompt	77	42482
10493	prompt	12	42483
10494	prompt	8020	42484
10495	prompt	19463	42489
10496	prompt	369	42496
10497	prompt	279	42499
10498	prompt	1484	42503
10499	prompt	4129	42509
10500	prompt	13	42516
10501	prompt	41104	42517
10502	prompt	600	42521
10503	prompt	5601	42524
10504	prompt	310	42529
10505	prompt	279	42532
10506	prompt	2468	42536
10507	prompt	999	42543
10508	prompt	318	42548
10509	prompt	851	42550
10510	prompt	470	42554
10511	prompt	4417	42558
10512	prompt	4310	42562
10513	prompt	8	42567
10514	prompt	694	42568
10515	prompt	1503	42572
10516	prompt	524	42577
10517	prompt	7926	42581
10518	prompt	21292	42589
10519	prompt	1892	42603
10520	prompt	364	42607
10521	prompt	264	42611
10522	prompt	3108	42613
10523	prompt	488	42621
10524	prompt	1542	42625
10525	prompt	5774	42629
10526	prompt	318	42638
10527	prompt	68	42640
10528	prompt	1257	42641
10529	prompt	13	42643
10530	prompt	1510	42644
10531	prompt	12305	42646
10532	prompt	5257	42652
10533	prompt	6971	42658
10534	prompt	220	42661
10535	prompt	17	42662
10536	prompt	5608	42663
10537	prompt	16	42665
10538	prompt	735	42666
10539	prompt	20049	42668
10540	prompt	1137	42673
10541	prompt	1021	42676
10542	prompt	30319	42680
10543	prompt	290	42687
10544	prompt	2423	42689
10545	prompt	63	42693
10546	prompt	681	42694
10547	prompt	10562	42696
10548	prompt	25591	42702
10549	prompt	440	42709
10550	prompt	1510	42714
10551	prompt	17	42716
10552	prompt	5608	42717
10553	prompt	16	42719
10554	prompt	63	42720
10555	prompt	748	42721
10556	prompt	1141	42724
10557	prompt	26946	42728
10558	prompt	5372	42737
10559	prompt	678	42743
10560	prompt	3915	42748
10561	prompt	13	42755
10562	prompt	318	42756
10563	prompt	2665	42758
10564	prompt	2376	42760
10565	prompt	383	42767
10566	prompt	1510	42770
10567	prompt	14166	42772
10568	prompt	471	42776
10569	prompt	69	42778
10570	prompt	63	42779
10571	prompt	314	42780
10572	prompt	449	42783
10573	prompt	6149	42786
10574	prompt	1433	42795
10575	prompt	1892	42799
10576	prompt	421	42803
10577	prompt	999	42808
10578	prompt	1132	42813
10579	prompt	5435	42818
10580	prompt	1092	42827
10581	prompt	1141	42832
10582	prompt	6700	42836
10583	prompt	47289	42843
10584	prompt	5946	42854
10585	prompt	59	42856
10586	prompt	77	42857
10587	prompt	1639	42858
10588	prompt	332	42860
10589	prompt	64075	42862
10590	prompt	1892	42870
10591	prompt	20513	42874
10592	prompt	369	42882
10593	prompt	524	42885
10594	prompt	2316	42889
10595	prompt	159029	42897
10596	prompt	3095	42900
10597	prompt	9799	42905
10598	prompt	264	42914
10599	prompt	2531	42916
10600	prompt	466	42920
10601	prompt	1817	42923
10602	prompt	364	42931
10603	prompt	449	42935
10604	prompt	14830	42938
10605	prompt	11	42946
10606	prompt	678	42947
10607	prompt	3915	42952
10608	prompt	1902	42959
10609	prompt	2353	42964
10610	prompt	1396	42970
10611	prompt	14586	42976
10612	prompt	1528	42985
10613	prompt	11	42991
10614	prompt	524	42992
10615	prompt	1066	42996
10616	prompt	279	43001
10617	prompt	6051	43005
10618	prompt	1752	43011
10619	prompt	13	43016
10620	prompt	357	43017
10621	prompt	8453	43019
10622	prompt	421	43027
10623	prompt	2726	43032
10624	prompt	1630	43036
10625	prompt	1132	43038
10626	prompt	364	43043
10627	prompt	279	43047
10628	prompt	2316	43051
10629	prompt	10811	43059
10630	prompt	25710	43066
10631	prompt	20413	43072
10632	prompt	1472	43079
10633	prompt	264	43087
10634	prompt	9626	43089
10635	prompt	10185	43095
10636	prompt	11	43099
10637	prompt	264	43100
10638	prompt	17750	43102
10639	prompt	1817	43107
10640	prompt	11	43115
10641	prompt	466	43116
10642	prompt	449	43119
10643	prompt	16015	43122
10644	prompt	4713	43133
10645	prompt	1892	43138
10646	prompt	321	43142
10647	prompt	20513	43146
10648	prompt	5686	43154
10649	prompt	18922	43160
10650	prompt	310	43170
10651	prompt	7018	43173
10652	prompt	41933	43176
10653	prompt	4162	43181
10654	prompt	83866	43189
10655	prompt	12851	43192
10656	prompt	771	43199
10657	prompt	5143	43202
10658	prompt	11	43206
10659	prompt	2466	43207
10660	prompt	25	43211
10661	prompt	348	43212
10662	prompt	331	43214
10663	prompt	411	43216
10664	prompt	1817	43221
10665	prompt	32635	43229
10666	prompt	1245	43237
10667	prompt	1381	43243
10668	prompt	11	43247
10669	prompt	1000	43248
10670	prompt	821	43254
10671	prompt	3915	43257
10672	prompt	16201	43264
10673	prompt	3977	43269
10674	prompt	174548	43278
10675	prompt	1368	43280
10676	prompt	524	43283
10677	prompt	11	43287
10678	prompt	90101	43288
10679	prompt	424	43294
10680	prompt	6889	43297
10681	prompt	77	43299
10682	prompt	1639	43300
10683	prompt	220	43302
10684	prompt	653	43303
10685	prompt	39410	43305
10686	prompt	1892	43311
10687	prompt	20413	43315
10688	prompt	383	43322
10689	prompt	9626	43325
10690	prompt	11	43331
10691	prompt	14255	43332
10692	prompt	11	43337
10693	prompt	466	43338
10694	prompt	866	43341
10695	prompt	2397	43345
10696	prompt	12724	43349
10697	prompt	4713	43357
10698	prompt	1639	43362
10699	prompt	220	43364
10700	prompt	9495	43365
10701	prompt	471	43370
10702	prompt	69	43372
10703	prompt	1542	43373
10704	prompt	1607	43377
10705	prompt	735	43381
10706	prompt	20049	43383
10707	prompt	1137	43388
10708	prompt	1021	43391
10709	prompt	30319	43395
10710	prompt	290	43402
10711	prompt	7018	43404
10712	prompt	51333	43407
10713	prompt	22024	43414
10714	prompt	3934	43420
10715	prompt	59	43423
10716	prompt	77	43424
10717	prompt	1639	43425
10718	prompt	220	43427
10719	prompt	653	43428
10720	prompt	9785	43430
10721	prompt	1892	43436
10722	prompt	799	43440
10723	prompt	6703	43444
10724	prompt	362	43451
10725	prompt	17661	43456
10726	prompt	4936	43465
10727	prompt	478	43474
10728	prompt	279	43476
10729	prompt	7652	43480
10730	prompt	31548	43488
10731	prompt	488	43499
10732	prompt	4035	43503
10733	prompt	1121	43505
10734	prompt	383	43509
10735	prompt	1639	43512
10736	prompt	220	43514
10737	prompt	9495	43515
10738	prompt	471	43520
10739	prompt	69	43522
10740	prompt	1542	43523
10741	prompt	1607	43527
10742	prompt	735	43531
10743	prompt	20049	43533
10744	prompt	471	43538
10745	prompt	36	43540
10746	prompt	1137	43541
10747	prompt	1021	43544
10748	prompt	30319	43548
10749	prompt	290	43555
10750	prompt	7018	43557
10751	prompt	51333	43560
10752	prompt	22024	43567
10753	prompt	28	43573
10754	prompt	91	43574
10755	prompt	6347	43575
10756	prompt	1371	43580
10757	prompt	91	43584
10758	prompt	1401	43585
10759	prompt	91	43590
10760	prompt	35693	43591
10761	prompt	91	43597
10762	prompt	2138	43598
10763	prompt	91	43604
10764	prompt	42	43605
10765	prompt	4233	43606
10766	prompt	91	43611
10767	prompt	55814	43612
10768	prompt	21555	43615
10769	prompt	77	43618
10770	prompt	1639	43619
10771	prompt	2381	43621
10772	prompt	6865	43624
10773	prompt	28782	43629
10774	prompt	12910	43635
10775	prompt	2531	43644
10776	prompt	1528	43648
10777	prompt	11	43654
10778	prompt	16201	43655
10779	prompt	383	43660
10780	prompt	1396	43663
10781	prompt	14586	43669
10782	prompt	2552	43678
10783	prompt	27718	43685
10784	prompt	82	43688
10785	prompt	42355	43689
10786	prompt	91	43697
10787	prompt	15618	43698
10788	prompt	91	43704
10789	prompt	91993	43705
10790	prompt	91	43714
10791	prompt	13745	43715
10792	prompt	63	43722
10793	prompt	681	43723
10794	prompt	524	43725
10795	prompt	1066	43729
10796	prompt	2316	43734
10797	prompt	13	43742
10798	prompt	1368	43743
10799	prompt	488	43746
10800	prompt	4021	43750
10801	prompt	74345	43757
10802	prompt	12867	43769
10803	prompt	279	43779
10804	prompt	7652	43783
10805	prompt	31548	43791
10806	prompt	11	43802
10807	prompt	80729	43803
10808	prompt	279	43811
10809	prompt	20049	43815
10810	prompt	6703	43820
10811	prompt	362	43827
10812	prompt	4598	43832
10813	prompt	1056	43839
10814	prompt	14590	43844
10815	prompt	424	43851
10816	prompt	1892	43854
10817	prompt	1010	43858
10818	prompt	4799	43863
10819	prompt	11639	43869
10820	prompt	369	43875
10821	prompt	2577	43878
10822	prompt	1056	43885
10823	prompt	7167	43890
10824	prompt	264	43898
10825	prompt	9626	43900
10826	prompt	10185	43906
10827	prompt	6889	43910
10828	prompt	77	43912
10829	prompt	1639	43913
10830	prompt	332	43915
10831	prompt	4935	43917
10832	prompt	7867	43923
10833	prompt	92217	43930
10834	prompt	6983	43933
10835	prompt	19463	43939
10836	prompt	1500	43946
10837	prompt	369	43951
10838	prompt	264	43954
10839	prompt	10125	43956
10840	prompt	1876	43969
10841	prompt	11	43977
10842	prompt	748	43978
10843	prompt	279	43981
10844	prompt	3915	43985
10845	prompt	1220	43992
10846	prompt	381	43999
10847	prompt	41491	44002
10848	prompt	1892	44012
10849	prompt	694	44016
10850	prompt	41491	44020
10851	prompt	3254	44030
10852	prompt	7018	44036
10853	prompt	1719	44039
10854	prompt	4965	44042
10855	prompt	488	44048
10856	prompt	4035	44052
10857	prompt	1121	44054
10858	prompt	383	44058
10859	prompt	50562	44061
10860	prompt	524	44064
10861	prompt	7018	44068
10862	prompt	3138	44071
10863	prompt	1603	44075
10864	prompt	3543	44080
10865	prompt	83866	44085
10866	prompt	14271	44088
10867	prompt	13254	44094
10868	prompt	6891	44099
10869	prompt	17872	44103
10870	prompt	26	44108
10871	prompt	3915	44109
10872	prompt	310	44116
10873	prompt	6681	44119
10874	prompt	279	44127
10875	prompt	2316	44131
10876	prompt	321	44139
10877	prompt	7652	44143
10878	prompt	16779	44151
10879	prompt	488	44159
10880	prompt	2373	44163
10881	prompt	883	44168
10882	prompt	13	44174
10883	prompt	3028	44175
10884	prompt	11566	44179
10885	prompt	421	44184
10886	prompt	7936	44189
10887	prompt	2166	44197
10888	prompt	1599	44201
10889	prompt	4216	44206
10890	prompt	513	44213
10891	prompt	9184	44217
10892	prompt	10184	44231
10893	prompt	26	44239
10894	prompt	16526	44240
10895	prompt	440	44248
10896	prompt	264	44253
10897	prompt	60840	44255
10898	prompt	3915	44263
10899	prompt	413	44270
10900	prompt	411	44273
10901	prompt	8311	44278
10902	prompt	6889	44286
10903	prompt	77	44288
10904	prompt	1639	44289
10905	prompt	22040	44291
10906	prompt	403	44294
10907	prompt	4965	44297
10908	prompt	2785	44303
10909	prompt	220	44310
10910	prompt	17	44311
10911	prompt	15	44312
10912	prompt	15	44313
10913	prompt	977	44314
10914	prompt	513	44316
10915	prompt	6937	44320
10916	prompt	290	44326
10917	prompt	1083	44328
10918	prompt	264	44333
10919	prompt	3074	44335
10920	prompt	11208	44342
10921	prompt	11	44355
10922	prompt	748	44356
10923	prompt	82279	44359
10924	prompt	2468	44369
10925	prompt	494	44376
10926	prompt	264	44381
10927	prompt	3074	44383
10928	prompt	1484	44390
10929	prompt	5038	44396
10930	prompt	17185	44403
10931	prompt	6889	44413
10932	prompt	77	44415
10933	prompt	1639	44416
10934	prompt	760	44418
10935	prompt	5148	44421
10936	prompt	8213	44428
10937	prompt	303	44433
10938	prompt	279	44436
10939	prompt	1788	44440
10940	prompt	12168	44445
10941	prompt	4424	44451
10942	prompt	430	44463
10943	prompt	37250	44466
10944	prompt	13	44471
10945	prompt	18422	44472
10946	prompt	10029	44477
10947	prompt	279	44482
10948	prompt	3609	44486
10949	prompt	318	44492
10950	prompt	13259	44494
10951	prompt	1970	44498
10952	prompt	369	44503
10953	prompt	4800	44506
10954	prompt	553	44515
10955	prompt	38075	44517
10956	prompt	11069	44525
10957	prompt	7190	44529
10958	prompt	13	44536
10959	prompt	2488	44537
10960	prompt	1510	44541
10961	prompt	67039	44543
10962	prompt	25	44553
10963	prompt	804	44554
10964	prompt	63	44559
10965	prompt	364	44560
10966	prompt	3669	44564
10967	prompt	28365	44572
10968	prompt	30718	44579
10969	prompt	318	44587
10970	prompt	6277	44589
10971	prompt	16070	44591
10972	prompt	11	44602
10973	prompt	1433	44603
10974	prompt	61368	44607
10975	prompt	8	44613
10976	prompt	1892	44614
10977	prompt	279	44618
10978	prompt	8453	44622
10979	prompt	8213	44630
10980	prompt	2980	44635
10981	prompt	488	44641
10982	prompt	1562	44645
10983	prompt	5261	44650
10984	prompt	10358	44655
10985	prompt	466	44659
10986	prompt	279	44662
10987	prompt	3669	44666
10988	prompt	10029	44674
10989	prompt	13	44679
10990	prompt	5272	44680
10991	prompt	5261	44684
10992	prompt	10358	44689
10993	prompt	310	44693
10994	prompt	8848	44696
10995	prompt	3988	44703
10996	prompt	10152	44709
10997	prompt	328	44712
10998	prompt	13390	44714
10999	prompt	763	44724
11000	prompt	5046	44726
11001	prompt	3	44729
11002	prompt	16838	44730
11003	prompt	763	44736
11004	prompt	328	44738
11005	prompt	2349	44740
11006	prompt	1074	44745
11007	prompt	2164	44748
11008	prompt	76939	44752
11009	prompt	2572	44759
11010	prompt	3336	44763
11011	prompt	2850	44765
11012	prompt	14	44769
11013	prompt	17	44770
11014	prompt	15	44771
11015	prompt	17	44772
11016	prompt	15	44773
11017	prompt	12	44774
11018	prompt	16	44775
11019	prompt	17	44776
11020	prompt	59082	44777
11021	prompt	487	44784
11022	prompt	328	44786
11023	prompt	1267	44788
11024	prompt	763	44792
11025	prompt	328	44794
11026	prompt	1640	44796
11027	prompt	487	44802
11028	prompt	328	44804
11029	prompt	12811	44806
11030	prompt	763	44816
11031	prompt	5046	44818
11032	prompt	4532	44821
11033	prompt	763	44832
11034	prompt	5046	44834
11035	prompt	4532	44837
11036	prompt	763	44848
11037	prompt	328	44850
11038	prompt	12115	44852
11039	prompt	3611	44857
11040	prompt	80347	44863
11041	prompt	3874	44872
11042	prompt	314	44884
11043	prompt	1092	44887
11044	prompt	488	44892
11045	prompt	513	44896
11046	prompt	16070	44900
11047	prompt	318	44911
11048	prompt	67016	44913
11049	prompt	303	44918
11050	prompt	21292	44921
11051	prompt	553	44935
11052	prompt	487	44937
11053	prompt	328	44939
11054	prompt	1267	44941
11055	prompt	763	44945
11056	prompt	328	44947
11057	prompt	889	44949
11058	prompt	13933	44955
11059	prompt	328	44958
11060	prompt	13745	44960
11061	prompt	20759	44967
11062	prompt	763	44970
11063	prompt	5046	44972
11064	prompt	4532	44975
11065	prompt	763	44986
11066	prompt	328	44988
11067	prompt	51932	44990
11068	prompt	279	44994
11069	prompt	8453	44998
11070	prompt	1238	45006
11071	prompt	411	45012
11072	prompt	20771	45017
11073	prompt	13	45026
11074	prompt	7650	45027
11075	prompt	220	45035
11076	prompt	18	45036
11077	prompt	15	45037
11078	prompt	15	45038
11079	prompt	15	45039
11080	prompt	15	45040
11081	prompt	15	45041
11082	prompt	977	45042
11083	prompt	11	45044
11084	prompt	1866	45045
11085	prompt	220	45049
11086	prompt	18	45050
11087	prompt	21	45051
11088	prompt	15	45052
11089	prompt	15	45053
11090	prompt	15	45054
11091	prompt	15	45055
11092	prompt	15	45056
11093	prompt	977	45057
11094	prompt	13	45059
11095	prompt	32663	45060
11096	prompt	2922	45064
11097	prompt	948	45068
11098	prompt	24207	45073
11099	prompt	369	45084
11100	prompt	804	45087
11101	prompt	10152	45092
11102	prompt	328	45095
11103	prompt	2186	45097
11104	prompt	763	45104
11105	prompt	220	45106
11106	prompt	18	45107
11107	prompt	15	45108
11108	prompt	15	45109
11109	prompt	15	45110
11110	prompt	15	45111
11111	prompt	15	45112
11112	prompt	11	45113
11113	prompt	328	45114
11114	prompt	1267	45116
11115	prompt	763	45120
11116	prompt	328	45122
11117	prompt	3946	45124
11118	prompt	487	45130
11119	prompt	328	45132
11120	prompt	36733	45134
11121	prompt	763	45141
11122	prompt	220	45143
11123	prompt	16	45144
11124	prompt	15	45145
11125	prompt	15	45146
11126	prompt	15	45147
11127	prompt	2069	45148
11128	prompt	328	45150
11129	prompt	67039	45152
11130	prompt	763	45162
11131	prompt	5046	45164
11132	prompt	4532	45167
11133	prompt	763	45178
11134	prompt	328	45180
11135	prompt	6516	45182
11136	prompt	364	45185
11137	prompt	279	45189
11138	prompt	18458	45193
11139	prompt	314	45202
11140	prompt	279	45205
11141	prompt	3669	45209
11142	prompt	318	45217
11143	prompt	2083	45219
11144	prompt	9345	45221
11145	prompt	553	45229
11146	prompt	5272	45231
11147	prompt	364	45235
11148	prompt	3669	45239
11149	prompt	28365	45247
11150	prompt	30718	45254
11151	prompt	1040	45262
11152	prompt	8313	45267
11153	prompt	16070	45270
11154	prompt	466	45281
11155	prompt	1433	45284
11156	prompt	61368	45288
11157	prompt	13	45294
11158	prompt	13809	45295
11159	prompt	440	45300
11160	prompt	5261	45305
11161	prompt	10358	45310
11162	prompt	10152	45314
11163	prompt	328	45317
11164	prompt	2186	45319
11165	prompt	763	45326
11166	prompt	867	45328
11167	prompt	11	45334
11168	prompt	328	45335
11169	prompt	1267	45337
11170	prompt	763	45341
11171	prompt	328	45343
11172	prompt	5925	45345
11173	prompt	13933	45352
11174	prompt	328	45355
11175	prompt	5454	45357
11176	prompt	763	45364
11177	prompt	5046	45366
11178	prompt	4532	45369
11179	prompt	763	45380
11180	prompt	328	45382
11181	prompt	24485	45384
11182	prompt	3108	45389
11183	prompt	466	45397
11184	prompt	5148	45400
11185	prompt	13	45407
11186	prompt	8618	45408
11187	prompt	19463	45413
11188	prompt	1500	45420
11189	prompt	369	45425
11190	prompt	449	45428
11191	prompt	1484	45431
11192	prompt	26	45437
11193	prompt	4713	45438
11194	prompt	10029	45443
11195	prompt	279	45448
11196	prompt	3609	45452
11197	prompt	10152	45458
11198	prompt	328	45461
11199	prompt	1267	45463
11200	prompt	763	45467
11201	prompt	328	45469
11202	prompt	889	45471
11203	prompt	8934	45477
11204	prompt	2069	45479
11205	prompt	328	45481
11206	prompt	6081	45483
11207	prompt	763	45491
11208	prompt	4241	45493
11209	prompt	4532	45496
11210	prompt	487	45507
11211	prompt	328	45509
11212	prompt	13745	45511
11213	prompt	20759	45518
11214	prompt	487	45521
11215	prompt	328	45523
11216	prompt	67039	45525
11217	prompt	487	45535
11218	prompt	328	45537
11219	prompt	5454	45539
11220	prompt	7664	45546
11221	prompt	328	45549
11222	prompt	34325	45551
11223	prompt	7654	45561
11224	prompt	763	45571
11225	prompt	867	45573
11226	prompt	72964	45579
11227	prompt	198	45582
11228	prompt	4754	45583
11229	prompt	1267	45585
11230	prompt	763	45589
11231	prompt	328	45591
11232	prompt	1628	45593
11233	prompt	487	45601
11234	prompt	328	45603
11235	prompt	1628	45605
11236	prompt	763	45613
11237	prompt	5046	45615
11238	prompt	591	45618
11239	prompt	763	45622
11240	prompt	328	45624
11241	prompt	8839	45626
11242	prompt	2121	45630
11243	prompt	3900	45634
11244	prompt	487	45638
11245	prompt	328	45640
11246	prompt	4532	45642
11247	prompt	763	45653
11248	prompt	328	45655
11249	prompt	674	45657
11250	prompt	25244	45659
11251	prompt	11	45665
11252	prompt	47640	45666
11253	prompt	11	45674
11254	prompt	466	45675
11255	prompt	52349	45678
11256	prompt	264	45686
11257	prompt	3074	45688
11258	prompt	2691	45695
11259	prompt	303	45700
11260	prompt	264	45703
11261	prompt	604	45705
11262	prompt	70378	45707
11263	prompt	35935	45713
11264	prompt	28504	45722
11265	prompt	558	45725
11266	prompt	1807	45727
11267	prompt	65	45729
11268	prompt	999	45730
11269	prompt	69884	45735
11270	prompt	77	45738
11271	prompt	1639	45739
11272	prompt	14354	45741
11273	prompt	6964	45746
11274	prompt	77	45748
11275	prompt	12	45749
11276	prompt	1394	45750
11277	prompt	1902	45754
11278	prompt	958	45759
11279	prompt	279	45763
11280	prompt	4310	45767
11281	prompt	5224	45772
11282	prompt	383	45777
11283	prompt	279	45780
11284	prompt	35935	45784
11285	prompt	303	45793
11286	prompt	411	45796
11287	prompt	10125	45801
11288	prompt	1518	45814
11289	prompt	15205	45821
11290	prompt	1892	45829
11291	prompt	411	45833
11292	prompt	5224	45838
11293	prompt	668	45843
11294	prompt	3564	45848
11295	prompt	5752	45853
11296	prompt	6889	45863
11297	prompt	77	45865
11298	prompt	12	45866
11299	prompt	1510	45867
11300	prompt	9679	45869
11301	prompt	2121	45873
11302	prompt	2551	45877
11303	prompt	63	45882
11304	prompt	1902	45883
11305	prompt	381	45888
11306	prompt	449	45891
11307	prompt	10424	45894
11308	prompt	1752	45903
11309	prompt	6889	45908
11310	prompt	77	45910
11311	prompt	12	45911
11312	prompt	1510	45912
11313	prompt	5691	45914
11314	prompt	816	45918
11315	prompt	63	45921
11316	prompt	369	45922
11317	prompt	279	45925
11318	prompt	1510	45929
11319	prompt	306	45931
11320	prompt	63	45933
11321	prompt	6816	45934
11322	prompt	6625	45944
11323	prompt	303	45950
11324	prompt	279	45953
11325	prompt	4310	45957
11326	prompt	5224	45962
11327	prompt	579	45967
11328	prompt	29587	45969
11329	prompt	5691	45972
11330	prompt	850	45976
11331	prompt	3934	45979
11332	prompt	1076	45982
11333	prompt	11075	45985
11334	prompt	63	45988
11335	prompt	2468	45989
11336	prompt	13	45996
11337	prompt	1049	45997
11338	prompt	369	46000
11339	prompt	2483	46003
11340	prompt	364	46012
11341	prompt	1510	46016
11342	prompt	7899	46018
11343	prompt	63	46025
11344	prompt	321	46026
11345	prompt	1510	46030
11346	prompt	4394	46032
11347	prompt	63	46038
11348	prompt	6889	46039
11349	prompt	77	46041
11350	prompt	12	46042
11351	prompt	1510	46043
11352	prompt	3468	46045
11353	prompt	7075	46049
11354	prompt	63	46054
11355	prompt	16184	46055
11356	prompt	310	46064
11357	prompt	1510	46067
11358	prompt	7899	46069
11359	prompt	27653	46076
11360	prompt	5272	46078
11361	prompt	1510	46082
11362	prompt	4069	46084
11363	prompt	63	46090
11364	prompt	310	46091
11365	prompt	884	46094
11366	prompt	264	46098
11367	prompt	491	46100
11368	prompt	2691	46104
11369	prompt	1238	46109
11370	prompt	279	46115
11371	prompt	2691	46119
11372	prompt	440	46124
11373	prompt	279	46129
11374	prompt	2574	46133
11375	prompt	1510	46139
11376	prompt	5691	46141
11377	prompt	816	46145
11378	prompt	63	46148
11379	prompt	318	46149
11380	prompt	269	46151
11381	prompt	506	46153
11382	prompt	279	46156
11383	prompt	6941	46160
11384	prompt	314	46170
11385	prompt	279	46173
11386	prompt	35935	46177
11387	prompt	413	46186
11388	prompt	1510	46189
11389	prompt	5691	46191
11390	prompt	816	46195
11391	prompt	63	46198
11392	prompt	369	46199
11393	prompt	38136	46202
11394	prompt	8	46210
11395	prompt	1892	46211
11396	prompt	1510	46215
11397	prompt	5691	46217
11398	prompt	1756	46221
11399	prompt	63	46226
11400	prompt	369	46227
11401	prompt	2483	46230
11402	prompt	948	46239
11403	prompt	37029	46244
11404	prompt	13	46254
11405	prompt	5272	46255
11406	prompt	1510	46259
11407	prompt	4394	46261
11408	prompt	63	46267
11409	prompt	310	46268
11410	prompt	3921	46271
11411	prompt	279	46278
11412	prompt	2691	46282
11413	prompt	10152	46287
11414	prompt	328	46290
11415	prompt	13390	46292
11416	prompt	763	46302
11417	prompt	5046	46304
11418	prompt	3	46307
11419	prompt	16838	46308
11420	prompt	763	46314
11421	prompt	328	46316
11422	prompt	2349	46318
11423	prompt	1074	46323
11424	prompt	2164	46326
11425	prompt	76939	46330
11426	prompt	2572	46337
11427	prompt	3336	46341
11428	prompt	2850	46343
11429	prompt	14	46347
11430	prompt	17	46348
11431	prompt	15	46349
11432	prompt	17	46350
11433	prompt	15	46351
11434	prompt	12	46352
11435	prompt	16	46353
11436	prompt	17	46354
11437	prompt	59082	46355
11438	prompt	487	46362
11439	prompt	328	46364
11440	prompt	1267	46366
11441	prompt	763	46370
11442	prompt	328	46372
11443	prompt	1640	46374
11444	prompt	487	46380
11445	prompt	328	46382
11446	prompt	12811	46384
11447	prompt	763	46394
11448	prompt	5046	46396
11449	prompt	9679	46399
11450	prompt	2121	46403
11451	prompt	2551	46407
11452	prompt	763	46412
11453	prompt	5046	46414
11454	prompt	4532	46417
11455	prompt	763	46428
11456	prompt	328	46430
11457	prompt	760	46432
11458	prompt	10424	46435
11459	prompt	1752	46444
11460	prompt	310	46449
11461	prompt	279	46452
11462	prompt	604	46456
11463	prompt	70378	46458
11464	prompt	35935	46464
11465	prompt	999	46473
11466	prompt	310	46478
11467	prompt	4351	46481
11468	prompt	318	46486
11469	prompt	24028	46488
11470	prompt	381	46492
11471	prompt	10424	46495
11472	prompt	11	46504
11473	prompt	524	46505
11474	prompt	8410	46509
11475	prompt	11250	46518
11476	prompt	328	46521
11477	prompt	1267	46523
11478	prompt	763	46527
11479	prompt	328	46529
11480	prompt	889	46531
11481	prompt	13933	46537
11482	prompt	328	46540
11483	prompt	5691	46542
11484	prompt	816	46546
11485	prompt	763	46549
11486	prompt	5046	46551
11487	prompt	4532	46554
11488	prompt	763	46565
11489	prompt	328	46567
11490	prompt	760	46569
11491	prompt	2937	46572
11492	prompt	314	46575
11493	prompt	279	46578
11494	prompt	2691	46582
11495	prompt	310	46587
11496	prompt	4351	46590
11497	prompt	13	46595
11498	prompt	3095	46596
11499	prompt	37029	46601
11500	prompt	264	46611
11501	prompt	491	46613
11502	prompt	2691	46617
11503	prompt	11	46622
11504	prompt	279	46623
11505	prompt	491	46627
11506	prompt	2691	46631
11507	prompt	668	46636
11508	prompt	381	46641
11509	prompt	20918	46644
11510	prompt	1238	46653
11511	prompt	279	46659
11512	prompt	2691	46663
11513	prompt	440	46668
11514	prompt	411	46673
11515	prompt	2937	46678
11516	prompt	11	46681
11517	prompt	466	46682
11518	prompt	506	46685
11519	prompt	279	46688
11520	prompt	6941	46692
11521	prompt	413	46702
11522	prompt	524	46705
11523	prompt	5024	46709
11524	prompt	10152	46719
11525	prompt	328	46722
11526	prompt	1267	46724
11527	prompt	763	46728
11528	prompt	328	46730
11529	prompt	889	46732
11530	prompt	13933	46738
11531	prompt	328	46741
11532	prompt	902	46743
11533	prompt	10039	46746
11534	prompt	763	46753
11535	prompt	5046	46755
11536	prompt	4532	46758
11537	prompt	763	46769
11538	prompt	328	46771
11539	prompt	760	46773
11540	prompt	491	46776
11541	prompt	2450	46780
11542	prompt	364	46787
11543	prompt	279	46791
11544	prompt	2691	46795
11545	prompt	487	46800
11546	prompt	328	46802
11547	prompt	1267	46804
11548	prompt	763	46808
11549	prompt	328	46810
11550	prompt	889	46812
11551	prompt	13933	46818
11552	prompt	328	46821
11553	prompt	5691	46823
11554	prompt	1756	46827
11555	prompt	763	46832
11556	prompt	5046	46834
11557	prompt	4532	46837
11558	prompt	763	46848
11559	prompt	328	46850
11560	prompt	760	46852
11561	prompt	913	46855
11562	prompt	314	46860
11563	prompt	279	46863
11564	prompt	2691	46867
11565	prompt	318	46872
11566	prompt	1787	46874
11567	prompt	466	46878
11568	prompt	48794	46881
11569	prompt	553	46890
11570	prompt	1368	46892
11571	prompt	524	46895
11572	prompt	5024	46899
11573	prompt	11	46909
11574	prompt	424	46910
11575	prompt	16184	46913
11576	prompt	310	46922
11577	prompt	279	46925
11578	prompt	1428	46929
11579	prompt	2691	46937
11580	prompt	913	46942
11581	prompt	13	46947
11582	prompt	1368	46948
11583	prompt	1608	46951
11584	prompt	4351	46957
11585	prompt	7075	46962
11586	prompt	28	46967
11587	prompt	4069	46968
11588	prompt	11	46974
11589	prompt	411	46975
11590	prompt	369	46980
11591	prompt	2483	46983
11592	prompt	10152	46992
11593	prompt	328	46995
11594	prompt	1267	46997
11595	prompt	763	47001
11596	prompt	328	47003
11597	prompt	889	47005
11598	prompt	487	47011
11599	prompt	328	47013
11600	prompt	8746	47015
11601	prompt	763	47019
11602	prompt	4241	47021
11603	prompt	1787	47024
11604	prompt	487	47028
11605	prompt	328	47030
11606	prompt	58046	47032
11607	prompt	1293	47040
11608	prompt	2069	47042
11609	prompt	328	47044
11610	prompt	3468	47046
11611	prompt	7075	47050
11612	prompt	763	47055
11613	prompt	5046	47057
11614	prompt	4532	47060
11615	prompt	763	47071
11616	prompt	328	47073
11617	prompt	760	47075
11618	prompt	913	47078
11619	prompt	314	47083
11620	prompt	4351	47086
11621	prompt	310	47091
11622	prompt	1236	47094
11623	prompt	318	47099
11624	prompt	7899	47101
11625	prompt	11	47108
11626	prompt	5479	47109
11627	prompt	11	47116
11628	prompt	3572	47117
11629	prompt	553	47124
11630	prompt	34797	47126
11631	prompt	310	47135
11632	prompt	8032	47138
11633	prompt	10152	47146
11634	prompt	328	47149
11635	prompt	1267	47151
11636	prompt	763	47155
11637	prompt	328	47157
11638	prompt	889	47159
11639	prompt	487	47165
11640	prompt	328	47167
11641	prompt	8746	47169
11642	prompt	763	47173
11643	prompt	4241	47175
11644	prompt	7899	47178
11645	prompt	487	47185
11646	prompt	328	47187
11647	prompt	4069	47189
11648	prompt	487	47195
11649	prompt	328	47197
11650	prompt	4394	47199
11651	prompt	1293	47205
11652	prompt	36892	47207
11653	prompt	328	47210
11654	prompt	6081	47212
11655	prompt	763	47220
11656	prompt	4241	47222
11657	prompt	9679	47225
11658	prompt	2121	47229
11659	prompt	2551	47233
11660	prompt	487	47238
11661	prompt	328	47240
11662	prompt	902	47242
11663	prompt	10039	47245
11664	prompt	7664	47252
11665	prompt	328	47255
11666	prompt	34325	47257
11667	prompt	7654	47267
11668	prompt	763	47277
11669	prompt	867	47279
11670	prompt	72964	47285
11671	prompt	198	47288
11672	prompt	4754	47289
11673	prompt	1267	47291
11674	prompt	763	47295
11675	prompt	328	47297
11676	prompt	1628	47299
11677	prompt	487	47307
11678	prompt	328	47309
11679	prompt	1628	47311
11680	prompt	763	47319
11681	prompt	5046	47321
11682	prompt	591	47324
11683	prompt	763	47328
11684	prompt	328	47330
11685	prompt	16154	47332
11686	prompt	10870	47336
11687	prompt	487	47348
11688	prompt	328	47350
11689	prompt	4532	47352
11690	prompt	763	47363
11691	prompt	328	47365
11692	prompt	1919	47367
11693	prompt	5224	47371
11694	prompt	20653	47376
11695	prompt	264	47382
11696	prompt	16985	47384
11697	prompt	11208	47392
11698	prompt	303	47405
11699	prompt	279	47408
11700	prompt	1156	47412
11701	prompt	579	47417
11702	prompt	14586	47419
11703	prompt	13	47428
11704	prompt	1368	47429
11705	prompt	20110	47432
11706	prompt	7533	47439
11707	prompt	369	47447
11708	prompt	8173	47450
11709	prompt	11	47460
11710	prompt	424	47461
11711	prompt	1048	47464
11712	prompt	39358	47469
11713	prompt	310	47476
11714	prompt	836	47479
11715	prompt	4392	47485
11716	prompt	13	47491
11717	prompt	20348	47492
11718	prompt	1560	47499
11719	prompt	11	47503
11720	prompt	424	47504
11721	prompt	31950	47507
11722	prompt	836	47513
11723	prompt	6326	47519
11724	prompt	494	47529
11725	prompt	8554	47534
11726	prompt	781	47543
11727	prompt	2224	47548
11728	prompt	3604	47551
11729	prompt	1892	47557
11730	prompt	264	47561
11731	prompt	6236	47563
11732	prompt	11	47571
11733	prompt	2361	47572
11734	prompt	3274	47580
11735	prompt	11	47585
11736	prompt	13459	47586
11737	prompt	1892	47593
11738	prompt	310	47597
11739	prompt	411	47600
11740	prompt	3669	47605
11741	prompt	13	47613
11742	prompt	2844	47614
11743	prompt	579	47619
11744	prompt	279	47621
11745	prompt	2695	47625
11746	prompt	13	47630
11747	prompt	561	47631
11748	prompt	8495	47635
11749	prompt	369	47643
11750	prompt	781	47646
11751	prompt	3827	47651
11752	prompt	2414	47657
11753	prompt	1381	47667
11754	prompt	421	47671
11755	prompt	781	47676
11756	prompt	4035	47681
11757	prompt	1318	47683
11758	prompt	310	47688
11759	prompt	1366	47691
11760	prompt	1381	47696
11761	prompt	25	47700
11762	prompt	264	47701
11763	prompt	1248	47703
11764	prompt	3274	47708
11765	prompt	7807	47713
11766	prompt	1345	47722
11767	prompt	781	47728
11768	prompt	998	47733
11769	prompt	3023	47738
11770	prompt	11	47743
11771	prompt	264	47744
11772	prompt	1870	47746
11773	prompt	369	47752
11774	prompt	5354	47755
11775	prompt	11	47761
11776	prompt	488	47762
11777	prompt	2908	47766
11778	prompt	4062	47769
11779	prompt	2414	47773
11780	prompt	421	47783
11781	prompt	3749	47788
11782	prompt	836	47794
11783	prompt	5307	47800
11784	prompt	1518	47809
11785	prompt	488	47816
11786	prompt	628	47820
11787	prompt	2962	47824
11788	prompt	6889	47833
11789	prompt	77	47835
11790	prompt	1639	47836
11791	prompt	17413	47838
11792	prompt	264	47845
11793	prompt	11208	47847
11794	prompt	781	47860
11795	prompt	3105	47865
11796	prompt	914	47870
11797	prompt	1144	47872
11798	prompt	369	47877
11799	prompt	28855	47880
11800	prompt	303	47889
11801	prompt	264	47892
11802	prompt	1560	47894
11803	prompt	421	47898
11804	prompt	14971	47903
11805	prompt	22433	47909
11806	prompt	11	47915
11807	prompt	1784	47916
11808	prompt	8574	47920
11809	prompt	524	47927
11810	prompt	11293	47931
11811	prompt	799	47939
11812	prompt	13	47943
11813	prompt	4179	47944
11814	prompt	914	47948
11815	prompt	15002	47950
11816	prompt	364	47957
11817	prompt	13618	47961
11818	prompt	4936	47969
11819	prompt	11	47978
11820	prompt	466	47979
11821	prompt	310	47982
11822	prompt	20825	47985
11823	prompt	488	47994
11824	prompt	2908	47998
11825	prompt	18018	48001
11826	prompt	2414	48010
11827	prompt	781	48020
11828	prompt	4439	48025
11829	prompt	6283	48031
11830	prompt	3998	48039
11831	prompt	321	48043
11832	prompt	513	48047
11833	prompt	9077	48051
11834	prompt	1990	48059
11835	prompt	9799	48065
11836	prompt	11	48074
11837	prompt	466	48075
11838	prompt	948	48078
11839	prompt	264	48083
11840	prompt	3841	48085
11841	prompt	3274	48091
11842	prompt	43117	48096
11843	prompt	13	48106
11844	prompt	33813	48107
11845	prompt	948	48114
11846	prompt	1017	48119
11847	prompt	579	48125
11848	prompt	264	48127
11849	prompt	1865	48129
11850	prompt	5823	48134
11851	prompt	781	48141
11852	prompt	2908	48146
11853	prompt	14428	48149
11854	prompt	3023	48156
11855	prompt	321	48161
11856	prompt	1017	48165
11857	prompt	579	48171
11858	prompt	2414	48173
11859	prompt	5621	48183
11860	prompt	4840	48189
11861	prompt	1142	48196
11862	prompt	364	48201
11863	prompt	1892	48205
11864	prompt	466	48209
11865	prompt	948	48212
11866	prompt	781	48217
11867	prompt	2908	48222
11868	prompt	20335	48225
11869	prompt	4439	48236
11870	prompt	488	48242
11871	prompt	310	48246
11872	prompt	15002	48249
11873	prompt	1070	48256
11874	prompt	6889	48261
11875	prompt	77	48263
11876	prompt	1639	48264
11877	prompt	18844	48266
11878	prompt	279	48270
11879	prompt	1876	48274
11880	prompt	1172	48282
11881	prompt	220	48288
11882	prompt	17	48289
11883	prompt	15	48290
11884	prompt	15	48291
11885	prompt	5587	48292
11886	prompt	11	48303
11887	prompt	799	48304
11888	prompt	1500	48308
11889	prompt	11	48313
11890	prompt	874	48314
11891	prompt	48794	48317
11892	prompt	13	48326
11893	prompt	28905	48327
11894	prompt	440	48332
11895	prompt	1092	48337
11896	prompt	781	48342
11897	prompt	4035	48347
11898	prompt	1121	48349
11899	prompt	383	48353
11900	prompt	1892	48356
11901	prompt	7018	48360
11902	prompt	5653	48363
11903	prompt	4490	48368
11904	prompt	25	48375
11905	prompt	220	48376
11906	prompt	17	48377
11907	prompt	4030	48378
11908	prompt	6813	48383
11909	prompt	2037	48389
11910	prompt	10426	48391
11911	prompt	1070	48397
11912	prompt	777	48402
11913	prompt	1056	48407
11914	prompt	7018	48412
11915	prompt	7945	48415
11916	prompt	2725	48419
11917	prompt	2037	48424
11918	prompt	321	48426
11919	prompt	777	48430
11920	prompt	1056	48435
11921	prompt	264	48440
11922	prompt	2552	48442
11923	prompt	9970	48449
11924	prompt	6889	48454
11925	prompt	77	48456
11926	prompt	1639	48457
11927	prompt	2592	48459
11928	prompt	279	48461
11929	prompt	1067	48465
11930	prompt	2640	48472
11931	prompt	279	48477
11932	prompt	4336	48481
11933	prompt	5532	48486
11934	prompt	914	48491
11935	prompt	3106	48493
11936	prompt	11	48498
11937	prompt	421	48499
11938	prompt	579	48504
11939	prompt	3481	48506
11940	prompt	1892	48515
11941	prompt	874	48519
11942	prompt	1852	48522
11943	prompt	4221	48529
11944	prompt	10152	48536
11945	prompt	328	48539
11946	prompt	13390	48541
11947	prompt	763	48551
11948	prompt	5046	48553
11949	prompt	3	48556
11950	prompt	16838	48557
11951	prompt	763	48563
11952	prompt	328	48565
11953	prompt	2349	48567
11954	prompt	1074	48572
11955	prompt	2164	48575
11956	prompt	76939	48579
11957	prompt	2572	48586
11958	prompt	3336	48590
11959	prompt	2850	48592
11960	prompt	14	48596
11961	prompt	17	48597
11962	prompt	15	48598
11963	prompt	17	48599
11964	prompt	15	48600
11965	prompt	12	48601
11966	prompt	16	48602
11967	prompt	17	48603
11968	prompt	59082	48604
11969	prompt	487	48611
11970	prompt	328	48613
11971	prompt	1267	48615
11972	prompt	763	48619
11973	prompt	328	48621
11974	prompt	1640	48623
11975	prompt	487	48629
11976	prompt	328	48631
11977	prompt	12811	48633
11978	prompt	763	48643
11979	prompt	5046	48645
11980	prompt	1927	48648
11981	prompt	763	48655
11982	prompt	5046	48657
11983	prompt	4532	48660
11984	prompt	763	48671
11985	prompt	328	48673
11986	prompt	760	48675
11987	prompt	11208	48678
11988	prompt	2407	48691
11989	prompt	13	48696
11990	prompt	13262	48697
11991	prompt	424	48702
11992	prompt	1172	48705
11993	prompt	220	48711
11994	prompt	17	48712
11995	prompt	15	48713
11996	prompt	15	48714
11997	prompt	5587	48715
11998	prompt	26	48726
11999	prompt	6170	48727
12000	prompt	9787	48734
12001	prompt	287	48737
12002	prompt	54874	48739
12003	prompt	10152	48748
12004	prompt	328	48751
12005	prompt	1267	48753
12006	prompt	763	48757
12007	prompt	328	48759
12008	prompt	889	48761
12009	prompt	487	48767
12010	prompt	328	48769
12011	prompt	1030	48771
12012	prompt	4232	48774
12013	prompt	763	48780
12014	prompt	220	48782
12015	prompt	16	48783
12016	prompt	2069	48784
12017	prompt	328	48786
12018	prompt	2738	48788
12019	prompt	763	48794
12020	prompt	5046	48796
12021	prompt	1267	48799
12022	prompt	763	48803
12023	prompt	328	48805
12024	prompt	889	48807
12025	prompt	487	48813
12026	prompt	328	48815
12027	prompt	989	48817
12028	prompt	763	48822
12029	prompt	328	48824
12030	prompt	751	48826
12031	prompt	2932	48829
12032	prompt	8934	48835
12033	prompt	2069	48837
12034	prompt	328	48839
12035	prompt	6081	48841
12036	prompt	763	48849
12037	prompt	4241	48851
12038	prompt	1927	48854
12039	prompt	487	48861
12040	prompt	328	48863
12041	prompt	2738	48865
12042	prompt	7664	48871
12043	prompt	328	48874
12044	prompt	34325	48876
12045	prompt	7654	48886
12046	prompt	763	48896
12047	prompt	867	48898
12048	prompt	72964	48904
12049	prompt	198	48907
12050	prompt	4754	48908
12051	prompt	1267	48910
12052	prompt	763	48914
12053	prompt	328	48916
12054	prompt	1628	48918
12055	prompt	487	48926
12056	prompt	328	48928
12057	prompt	1628	48930
12058	prompt	763	48938
12059	prompt	5046	48940
12060	prompt	591	48943
12061	prompt	763	48947
12062	prompt	328	48949
12063	prompt	4274	48951
12064	prompt	487	48955
12065	prompt	328	48957
12066	prompt	4532	48959
12067	prompt	763	48970
12068	prompt	328	48972
12069	prompt	4274	48974
12070	prompt	82	48978
12071	prompt	264	48979
12072	prompt	999	48981
12073	prompt	494	48986
12074	prompt	279	48991
12075	prompt	2136	48995
12076	prompt	37115	49001
12077	prompt	6889	49012
12078	prompt	77	49014
12079	prompt	1639	49015
12080	prompt	12	49017
12081	prompt	1510	49018
12082	prompt	1152	49020
12083	prompt	2551	49024
12084	prompt	63	49029
12085	prompt	1902	49030
12086	prompt	381	49035
12087	prompt	449	49038
12088	prompt	10424	49041
12089	prompt	1752	49050
12090	prompt	6889	49055
12091	prompt	77	49057
12092	prompt	12	49058
12093	prompt	42272	49059
12094	prompt	685	49065
12095	prompt	310	49068
12096	prompt	220	49071
12097	prompt	17	49072
12098	prompt	15	49073
12099	prompt	15	49074
12100	prompt	15	49075
12101	prompt	4965	49076
12102	prompt	539	49082
12103	prompt	1581	49085
12104	prompt	6889	49093
12105	prompt	77	49095
12106	prompt	12	49096
12107	prompt	3095	49097
12108	prompt	488	49102
12109	prompt	2582	49106
12110	prompt	1366	49114
12111	prompt	864	49119
12112	prompt	919	49125
12113	prompt	314	49130
12114	prompt	279	49133
12115	prompt	999	49137
12116	prompt	488	49142
12117	prompt	1144	49146
12118	prompt	11	49151
12119	prompt	1132	49152
12120	prompt	1301	49157
12121	prompt	421	49162
12122	prompt	919	49167
12123	prompt	13	49172
12124	prompt	1061	49173
12125	prompt	628	49178
12126	prompt	381	49182
12127	prompt	2894	49185
12128	prompt	364	49195
12129	prompt	7875	49199
12130	prompt	3425	49206
12131	prompt	6889	49212
12132	prompt	77	49214
12133	prompt	12	49215
12134	prompt	17560	49216
12135	prompt	513	49224
12136	prompt	5743	49228
12137	prompt	1608	49237
12138	prompt	7993	49243
12139	prompt	471	49247
12140	prompt	77	49249
12141	prompt	3443	49250
12142	prompt	11	49257
12143	prompt	440	49258
12144	prompt	1500	49263
12145	prompt	4947	49268
12146	prompt	5732	49276
12147	prompt	506	49285
12148	prompt	220	49288
12149	prompt	16	49289
12150	prompt	1639	49290
12151	prompt	12	49292
12152	prompt	42272	49293
12153	prompt	5167	49299
12154	prompt	318	49306
12155	prompt	57806	49308
12156	prompt	11	49311
12157	prompt	85896	49312
12158	prompt	11	49316
12159	prompt	4444	49317
12160	prompt	8	49321
12161	prompt	321	49322
12162	prompt	17855	49326
12163	prompt	1070	49335
12164	prompt	40890	49340
12165	prompt	13	49349
12166	prompt	42272	49350
12167	prompt	11030	49356
12168	prompt	82	49360
12169	prompt	4417	49361
12170	prompt	279	49365
12171	prompt	1510	49369
12172	prompt	10464	49371
12173	prompt	63	49376
12174	prompt	5555	49377
12175	prompt	318	49387
12176	prompt	68	49389
12177	prompt	1257	49390
12178	prompt	13	49392
12179	prompt	7018	49393
12180	prompt	16	49396
12181	prompt	12	49397
12182	prompt	20	49398
12183	prompt	15738	49399
12184	prompt	1866	49402
12185	prompt	220	49406
12186	prompt	17	49407
12187	prompt	15	49408
12188	prompt	6602	49409
12189	prompt	51227	49415
12190	prompt	26	49423
12191	prompt	2483	49424
12192	prompt	364	49433
12193	prompt	11030	49437
12194	prompt	82	49441
12195	prompt	888	49442
12196	prompt	220	49447
12197	prompt	16	49448
12198	prompt	15	49449
12199	prompt	6602	49450
12200	prompt	553	49456
12201	prompt	42272	49458
12202	prompt	604	49464
12203	prompt	70378	49466
12204	prompt	75842	49472
12205	prompt	28504	49482
12206	prompt	558	49485
12207	prompt	1807	49487
12208	prompt	65	49489
12209	prompt	8	49490
12210	prompt	430	49491
12211	prompt	7515	49494
12212	prompt	440	49500
12213	prompt	15796	49505
12214	prompt	6889	49513
12215	prompt	77	49515
12216	prompt	12	49516
12217	prompt	17239	49517
12218	prompt	264	49525
12219	prompt	6025	49527
12220	prompt	11	49537
12221	prompt	264	49538
12222	prompt	7167	49540
12223	prompt	999	49548
12224	prompt	11	49553
12225	prompt	466	49554
12226	prompt	449	49557
12227	prompt	4147	49560
12228	prompt	999	49566
12229	prompt	4523	49571
12230	prompt	449	49579
12231	prompt	1412	49582
12232	prompt	466	49588
12233	prompt	1785	49591
12234	prompt	25680	49598
12235	prompt	4598	49607
12236	prompt	1056	49614
12237	prompt	2144	49619
12238	prompt	6889	49627
12239	prompt	77	49629
12240	prompt	12	49630
12241	prompt	3054	49631
12242	prompt	4045	49634
12243	prompt	311	49638
12244	prompt	27864	49641
12245	prompt	264	49646
12246	prompt	999	49648
12247	prompt	488	49653
12248	prompt	1066	49657
12249	prompt	18559	49662
12250	prompt	310	49669
12251	prompt	9845	49672
12252	prompt	1892	49679
12253	prompt	8081	49683
12254	prompt	14	49688
12255	prompt	7734	49689
12256	prompt	1000	49694
12257	prompt	599	49700
12258	prompt	35110	49705
12259	prompt	1114	49710
12260	prompt	413	49713
12261	prompt	279	49716
12262	prompt	2222	49720
12263	prompt	4490	49727
12264	prompt	11	49734
12265	prompt	321	49735
12266	prompt	279	49739
12267	prompt	31338	49743
12268	prompt	13518	49751
12269	prompt	999	49758
12270	prompt	1528	49763
12271	prompt	364	49769
12272	prompt	488	49773
12273	prompt	10152	49777
12274	prompt	328	49780
12275	prompt	13390	49782
12276	prompt	763	49792
12277	prompt	5046	49794
12278	prompt	3	49797
12279	prompt	16838	49798
12280	prompt	763	49804
12281	prompt	328	49806
12282	prompt	2349	49808
12283	prompt	1074	49813
12284	prompt	2164	49816
12285	prompt	76939	49820
12286	prompt	2572	49827
12287	prompt	3336	49831
12288	prompt	2850	49833
12289	prompt	14	49837
12290	prompt	17	49838
12291	prompt	15	49839
12292	prompt	17	49840
12293	prompt	15	49841
12294	prompt	12	49842
12295	prompt	16	49843
12296	prompt	17	49844
12297	prompt	59082	49845
12298	prompt	487	49852
12299	prompt	328	49854
12300	prompt	1267	49856
12301	prompt	763	49860
12302	prompt	328	49862
12303	prompt	1640	49864
12304	prompt	487	49870
12305	prompt	328	49872
12306	prompt	12811	49874
12307	prompt	763	49884
12308	prompt	5046	49886
12309	prompt	1152	49889
12310	prompt	2551	49893
12311	prompt	763	49898
12312	prompt	5046	49900
12313	prompt	4532	49903
12314	prompt	763	49914
12315	prompt	328	49916
12316	prompt	760	49918
12317	prompt	10424	49921
12318	prompt	1752	49930
12319	prompt	310	49935
12320	prompt	279	49938
12321	prompt	999	49942
12322	prompt	310	49947
12323	prompt	1301	49950
12324	prompt	487	49955
12325	prompt	328	49957
12326	prompt	1267	49959
12327	prompt	763	49963
12328	prompt	328	49965
12329	prompt	889	49967
12330	prompt	13933	49973
12331	prompt	328	49976
12332	prompt	3075	49978
12333	prompt	763	49984
12334	prompt	5046	49986
12335	prompt	4532	49989
12336	prompt	763	50000
12337	prompt	328	50002
12338	prompt	760	50004
12339	prompt	1500	50007
12340	prompt	1324	50012
12341	prompt	310	50019
12342	prompt	1151	50022
12343	prompt	5122	50028
12344	prompt	494	50036
12345	prompt	13	50041
12346	prompt	8020	50042
12347	prompt	3300	50047
12348	prompt	413	50055
12349	prompt	279	50058
12350	prompt	999	50062
12351	prompt	369	50067
12352	prompt	2166	50070
12353	prompt	3349	50074
12354	prompt	310	50080
12355	prompt	1301	50083
12356	prompt	506	50088
12357	prompt	2957	50091
12358	prompt	487	50096
12359	prompt	328	50098
12360	prompt	1267	50100
12361	prompt	763	50104
12362	prompt	328	50106
12363	prompt	11326	50108
12364	prompt	487	50115
12365	prompt	328	50117
12366	prompt	36733	50119
12367	prompt	763	50126
12368	prompt	220	50128
12369	prompt	15	50129
12370	prompt	11	50130
12371	prompt	328	50131
12372	prompt	37890	50133
12373	prompt	763	50140
12374	prompt	220	50142
12375	prompt	24	50143
12376	prompt	15	50144
12377	prompt	15	50145
12378	prompt	22	50146
12379	prompt	16	50147
12380	prompt	24	50148
12381	prompt	24	50149
12382	prompt	17	50150
12383	prompt	20	50151
12384	prompt	19	50152
12385	prompt	22	50153
12386	prompt	19	50154
12387	prompt	15	50155
12388	prompt	24	50156
12389	prompt	24	50157
12390	prompt	16	50158
12391	prompt	2069	50159
12392	prompt	328	50161
12393	prompt	9226	50163
12394	prompt	763	50168
12395	prompt	5046	50170
12396	prompt	4532	50173
12397	prompt	763	50184
12398	prompt	328	50186
12399	prompt	760	50188
12400	prompt	1324	50191
12401	prompt	314	50198
12402	prompt	4965	50201
12403	prompt	310	50207
12404	prompt	1301	50210
12405	prompt	13	50215
12406	prompt	8020	50216
12407	prompt	3300	50221
12408	prompt	413	50229
12409	prompt	279	50232
12410	prompt	999	50236
12411	prompt	369	50241
12412	prompt	2166	50244
12413	prompt	3349	50248
12414	prompt	310	50254
12415	prompt	1301	50257
12416	prompt	506	50262
12417	prompt	2957	50265
12418	prompt	10152	50270
12419	prompt	328	50273
12420	prompt	1267	50275
12421	prompt	763	50279
12422	prompt	328	50281
12423	prompt	11326	50283
12424	prompt	487	50290
12425	prompt	328	50292
12426	prompt	86055	50294
12427	prompt	27756	50303
12428	prompt	763	50310
12429	prompt	220	50312
12430	prompt	15	50313
12431	prompt	11	50314
12432	prompt	328	50315
12433	prompt	37890	50317
12434	prompt	763	50324
12435	prompt	220	50326
12436	prompt	24	50327
12437	prompt	15	50328
12438	prompt	15	50329
12439	prompt	22	50330
12440	prompt	16	50331
12441	prompt	24	50332
12442	prompt	24	50333
12443	prompt	17	50334
12444	prompt	20	50335
12445	prompt	19	50336
12446	prompt	22	50337
12447	prompt	19	50338
12448	prompt	15	50339
12449	prompt	24	50340
12450	prompt	24	50341
12451	prompt	16	50342
12452	prompt	2069	50343
12453	prompt	328	50345
12454	prompt	10464	50347
12455	prompt	763	50352
12456	prompt	5046	50354
12457	prompt	4532	50357
12458	prompt	763	50368
12459	prompt	328	50370
12460	prompt	2578	50372
12461	prompt	2020	50376
12462	prompt	364	50382
12463	prompt	11030	50386
12464	prompt	3425	50390
12465	prompt	318	50396
12466	prompt	68	50398
12467	prompt	1257	50399
12468	prompt	2487	50401
12469	prompt	7018	50403
12470	prompt	16	50406
12471	prompt	12	50407
12472	prompt	20	50408
12473	prompt	15738	50409
12474	prompt	7018	50412
12475	prompt	18	50415
12476	prompt	15738	50416
12477	prompt	7018	50419
12478	prompt	16	50422
12479	prompt	15	50423
12480	prompt	12	50424
12481	prompt	17	50425
12482	prompt	15	50426
12483	prompt	59	50427
12484	prompt	1764	50428
12485	prompt	8020	50431
12486	prompt	8155	50436
12487	prompt	310	50447
12488	prompt	11030	50450
12489	prompt	3425	50454
12490	prompt	13	50460
12491	prompt	25749	50461
12492	prompt	220	50469
12493	prompt	17	50470
12494	prompt	15	50471
12495	prompt	6602	50472
12496	prompt	791	50478
12497	prompt	1622	50482
12498	prompt	10152	50490
12499	prompt	328	50493
12500	prompt	1267	50495
12501	prompt	763	50499
12502	prompt	328	50501
12503	prompt	889	50503
12504	prompt	8934	50509
12505	prompt	2069	50511
12506	prompt	328	50513
12507	prompt	6081	50515
12508	prompt	763	50523
12509	prompt	4241	50525
12510	prompt	1152	50528
12511	prompt	2551	50532
12512	prompt	7664	50537
12513	prompt	328	50540
12514	prompt	34325	50542
12515	prompt	7654	50552
12516	prompt	763	50562
12517	prompt	867	50564
12518	prompt	72964	50570
12519	prompt	198	50573
12520	prompt	4754	50574
12521	prompt	1267	50576
12522	prompt	763	50580
12523	prompt	328	50582
12524	prompt	1628	50584
12525	prompt	487	50592
12526	prompt	328	50594
12527	prompt	1628	50596
12528	prompt	763	50604
12529	prompt	5046	50606
12530	prompt	591	50609
12531	prompt	763	50613
12532	prompt	328	50615
12533	prompt	31147	50617
12534	prompt	54	50625
12535	prompt	60630	50626
12536	prompt	487	50631
12537	prompt	328	50633
12538	prompt	4532	50635
12539	prompt	763	50646
12540	prompt	328	50648
12541	prompt	31147	50650
12542	prompt	948	50658
12543	prompt	310	50663
12544	prompt	15227	50666
12545	prompt	944	50673
12546	prompt	303	50678
12547	prompt	593	50681
12548	prompt	10185	50683
12549	prompt	8476	50687
12550	prompt	3728	50695
12551	prompt	1892	50700
12552	prompt	279	50704
12553	prompt	1156	50708
12554	prompt	26019	50713
12555	prompt	593	50721
12556	prompt	10185	50723
12557	prompt	1973	50727
12558	prompt	449	50735
12559	prompt	9581	50738
12560	prompt	11	50747
12561	prompt	9859	50748
12562	prompt	488	50755
12563	prompt	310	50759
12564	prompt	638	50762
12565	prompt	12	50767
12566	prompt	1260	50768
12567	prompt	24869	50772
12568	prompt	314	50783
12569	prompt	264	50786
12570	prompt	3050	50788
12571	prompt	3274	50797
12572	prompt	6889	50802
12573	prompt	77	50804
12574	prompt	1639	50805
12575	prompt	5236	50807
12576	prompt	4045	50809
12577	prompt	9412	50813
12578	prompt	264	50822
12579	prompt	2716	50824
12580	prompt	19441	50830
12581	prompt	5959	50834
12582	prompt	88186	50839
12583	prompt	310	50846
12584	prompt	6865	50849
12585	prompt	364	50854
12586	prompt	3870	50858
12587	prompt	944	50869
12588	prompt	488	50874
12589	prompt	3727	50878
12590	prompt	1892	50886
12591	prompt	948	50890
12592	prompt	31338	50895
12593	prompt	9885	50903
12594	prompt	10866	50906
12595	prompt	944	50911
12596	prompt	31941	50916
12597	prompt	11	50925
12598	prompt	488	50926
12599	prompt	513	50930
12600	prompt	311	50934
12601	prompt	84470	50937
12602	prompt	10506	50941
12603	prompt	9184	50945
12604	prompt	11	50959
12605	prompt	748	50960
12606	prompt	29643	50963
12607	prompt	369	50971
12608	prompt	37543	50974
12609	prompt	13	50981
12610	prompt	11746	50982
12611	prompt	9412	50990
12612	prompt	264	50999
12613	prompt	1248	51001
12614	prompt	31686	51006
12615	prompt	318	51015
12616	prompt	16	51017
12617	prompt	17	51018
12618	prompt	15	51019
12619	prompt	15	51020
12620	prompt	82	51021
12621	prompt	35000	51022
12622	prompt	748	51024
12623	prompt	279	51027
12624	prompt	6136	51031
12625	prompt	79476	51036
12626	prompt	413	51045
12627	prompt	279	51048
12628	prompt	944	51052
12629	prompt	56378	51057
12630	prompt	466	51063
12631	prompt	2496	51066
12632	prompt	93251	51072
12633	prompt	13	51081
12634	prompt	561	51082
12635	prompt	4531	51086
12636	prompt	369	51096
12637	prompt	8976	51099
12638	prompt	944	51108
12639	prompt	279	51113
12640	prompt	31338	51117
12641	prompt	4021	51125
12642	prompt	3627	51132
12643	prompt	318	51138
12644	prompt	64	51140
12645	prompt	20068	51141
12646	prompt	1542	51144
12647	prompt	11	51148
12648	prompt	264	51149
12649	prompt	10204	51151
12650	prompt	11	51158
12651	prompt	264	51159
12652	prompt	8434	51161
12653	prompt	6951	51168
12654	prompt	8	51174
12655	prompt	1892	51175
12656	prompt	1017	51179
12657	prompt	11	51185
12658	prompt	3608	51186
12659	prompt	264	51191
12660	prompt	7383	51193
12661	prompt	17515	51199
12662	prompt	310	51207
12663	prompt	1204	51210
12664	prompt	4778	51214
12665	prompt	421	51219
12666	prompt	1528	51224
12667	prompt	3404	51230
12668	prompt	4203	51239
12669	prompt	6889	51247
12670	prompt	77	51249
12671	prompt	1639	51250
12672	prompt	11839	51252
12673	prompt	279	51256
12674	prompt	1788	51260
12675	prompt	593	51265
12676	prompt	10185	51267
12677	prompt	9640	51271
12678	prompt	1142	51278
12679	prompt	4417	51283
12680	prompt	1510	51287
12681	prompt	39242	51289
12682	prompt	63	51295
12683	prompt	1754	51296
12684	prompt	2404	51301
12685	prompt	748	51306
12686	prompt	279	51309
12687	prompt	1727	51313
12688	prompt	22120	51318
12689	prompt	42151	51325
12690	prompt	279	51333
12691	prompt	3274	51337
12692	prompt	13	51342
12693	prompt	1690	51343
12694	prompt	449	51347
12695	prompt	36928	51350
12696	prompt	593	51361
12697	prompt	10185	51363
12698	prompt	318	51367
12699	prompt	2083	51369
12700	prompt	1156	51371
12701	prompt	9640	51376
12702	prompt	681	51383
12703	prompt	1440	51385
12704	prompt	279	51390
12705	prompt	22419	51394
12706	prompt	77991	51402
12707	prompt	1510	51411
12708	prompt	2362	51413
12709	prompt	2630	51415
12710	prompt	28869	51418
12711	prompt	58621	51425
12712	prompt	1676	51430
12713	prompt	4878	51432
12714	prompt	2372	51438
12715	prompt	63	51440
12716	prompt	430	51441
12717	prompt	1510	51444
12718	prompt	39242	51446
12719	prompt	63	51452
12720	prompt	4370	51453
12721	prompt	1892	51461
12722	prompt	279	51465
12723	prompt	15135	51469
12724	prompt	61161	51477
12725	prompt	424	51486
12726	prompt	1142	51489
12727	prompt	310	51494
12728	prompt	279	51497
12729	prompt	36928	51501
12730	prompt	58621	51512
12731	prompt	10895	51517
12732	prompt	506	51530
12733	prompt	3807	51533
12734	prompt	854	51538
12735	prompt	13	51543
12736	prompt	318	51544
12737	prompt	3733	51546
12738	prompt	369	51551
12739	prompt	264	51554
12740	prompt	4283	51556
12741	prompt	1510	51564
12742	prompt	2362	51566
12743	prompt	2630	51568
12744	prompt	28869	51571
12745	prompt	58621	51578
12746	prompt	2372	51583
12747	prompt	63	51585
12748	prompt	77991	51586
12749	prompt	364	51595
12750	prompt	53945	51599
12751	prompt	3886	51604
12752	prompt	5792	51610
12753	prompt	36928	51616
12754	prompt	28782	51627
12755	prompt	26	51633
12756	prompt	635	51634
12757	prompt	524	51637
12758	prompt	56166	51641
12759	prompt	279	51649
12760	prompt	1330	51653
12761	prompt	1892	51657
12762	prompt	22777	51661
12763	prompt	54	51670
12764	prompt	60630	51671
12765	prompt	2590	51676
12766	prompt	5533	51683
12767	prompt	279	51688
12768	prompt	90563	51692
12769	prompt	20884	51695
12770	prompt	63	51702
12771	prompt	11096	51703
12772	prompt	5946	51711
12773	prompt	496	51713
12774	prompt	1701	51715
12775	prompt	279	51718
12776	prompt	1562	51722
12777	prompt	310	51727
12778	prompt	809	51730
12779	prompt	279	51734
12780	prompt	6136	51738
12781	prompt	6889	51743
12782	prompt	77	51745
12783	prompt	1639	51746
12784	prompt	550	51748
12785	prompt	387	51750
12786	prompt	15793	51752
12787	prompt	7383	51758
12788	prompt	14897	51764
12789	prompt	1639	51771
12790	prompt	1639	51773
12791	prompt	760	51775
12792	prompt	16092	51778
12793	prompt	42481	51783
12794	prompt	9640	51788
12795	prompt	6297	51795
12796	prompt	682	51801
12797	prompt	264	51805
12798	prompt	220	51807
12799	prompt	20	51808
12800	prompt	22764	51809
12801	prompt	75843	51816
12802	prompt	13	51820
12803	prompt	71626	51821
12804	prompt	3162	51830
12805	prompt	220	51835
12806	prompt	18	51836
12807	prompt	15	51837
12808	prompt	15	51838
12809	prompt	6283	51839
12810	prompt	3254	51847
12811	prompt	279	51853
12812	prompt	1727	51857
12813	prompt	14714	51862
12814	prompt	5072	51867
12815	prompt	15339	51870
12816	prompt	678	51876
12817	prompt	2400	51881
12818	prompt	10125	51886
12819	prompt	2193	51899
12820	prompt	20181	51907
12821	prompt	3726	51911
12822	prompt	1892	51916
12823	prompt	27467	51920
12824	prompt	321	51927
12825	prompt	777	51931
12826	prompt	11064	51936
12827	prompt	13	51946
12828	prompt	1987	51947
12829	prompt	279	51950
12830	prompt	5629	51954
12831	prompt	88377	51962
12832	prompt	6964	51974
12833	prompt	77	51976
12834	prompt	1639	51977
12835	prompt	12	51979
12836	prompt	2972	51980
12837	prompt	15771	51983
12838	prompt	220	51988
12839	prompt	20	51989
12840	prompt	4276	51990
12841	prompt	318	51998
12842	prompt	21	52000
12843	prompt	15	52001
12844	prompt	82	52002
12845	prompt	4006	52003
12846	prompt	17	52006
12847	prompt	22	52007
12848	prompt	15	52008
12849	prompt	82	52009
12850	prompt	31230	52010
12851	prompt	25	52013
12852	prompt	6297	52014
12853	prompt	25710	52020
12854	prompt	7948	52026
12855	prompt	13	52031
12856	prompt	9785	52032
12857	prompt	364	52038
12858	prompt	21362	52042
12859	prompt	29643	52051
12860	prompt	8976	52059
12861	prompt	1528	52068
12862	prompt	279	52074
12863	prompt	31338	52078
12864	prompt	628	52086
12865	prompt	914	52090
12866	prompt	15002	52092
12867	prompt	488	52099
12868	prompt	883	52103
12869	prompt	1892	52109
12870	prompt	264	52113
12871	prompt	20068	52115
12872	prompt	1542	52118
12873	prompt	11	52122
12874	prompt	264	52123
12875	prompt	10204	52125
12876	prompt	11	52132
12877	prompt	264	52133
12878	prompt	8434	52135
12879	prompt	6951	52142
12880	prompt	6889	52148
12881	prompt	77	52150
12882	prompt	12	52151
12883	prompt	2972	52152
12884	prompt	20	52155
12885	prompt	4276	52156
12886	prompt	310	52164
12887	prompt	220	52167
12888	prompt	16	52168
12889	prompt	6258	52169
12890	prompt	318	52174
12891	prompt	18	52176
12892	prompt	15	52177
12893	prompt	15	52178
12894	prompt	82	52179
12895	prompt	4006	52180
12896	prompt	18	52183
12897	prompt	21	52184
12898	prompt	15	52185
12899	prompt	15	52186
12900	prompt	82	52187
12901	prompt	31230	52188
12902	prompt	25	52191
12903	prompt	2216	52192
12904	prompt	279	52196
12905	prompt	6297	52200
12906	prompt	3016	52206
12907	prompt	13	52211
12908	prompt	9785	52212
12909	prompt	948	52218
12910	prompt	1017	52223
12911	prompt	579	52229
12912	prompt	874	52231
12913	prompt	1406	52234
12914	prompt	12910	52240
12915	prompt	29286	52249
12916	prompt	1892	52256
12917	prompt	8318	52260
12918	prompt	383	52268
12919	prompt	2414	52271
12920	prompt	421	52281
12921	prompt	4829	52286
12922	prompt	4276	52292
12923	prompt	310	52300
12924	prompt	2222	52303
12925	prompt	11	52310
12926	prompt	34032	52311
12927	prompt	26750	52321
12928	prompt	11	52326
12929	prompt	466	52327
12930	prompt	430	52330
12931	prompt	279	52333
12932	prompt	1248	52337
12933	prompt	31686	52342
12934	prompt	50355	52351
12935	prompt	948	52361
12936	prompt	2414	52366
12937	prompt	745	52376
12938	prompt	369	52381
12939	prompt	279	52384
12940	prompt	5839	52388
12941	prompt	14714	52396
12942	prompt	8028	52401
12943	prompt	6889	52408
12944	prompt	77	52410
12945	prompt	1639	52411
12946	prompt	332	52413
12947	prompt	7751	52415
12948	prompt	914	52418
12949	prompt	3608	52420
12950	prompt	220	52425
12951	prompt	18	52426
12952	prompt	15	52427
12953	prompt	15	52428
12954	prompt	82	52429
12955	prompt	159029	52430
12956	prompt	1049	52433
12957	prompt	579	52436
12958	prompt	279	52438
12959	prompt	11447	52442
12960	prompt	8404	52448
12961	prompt	12	52451
12962	prompt	20385	52452
12963	prompt	25	52456
12964	prompt	488	52457
12965	prompt	2216	52461
12966	prompt	279	52465
12967	prompt	6297	52469
12968	prompt	3016	52475
12969	prompt	1973	52480
12970	prompt	89079	52488
12971	prompt	4694	52494
12972	prompt	424	52499
12973	prompt	13	52502
12974	prompt	1368	52503
12975	prompt	488	52506
12976	prompt	2224	52510
12977	prompt	52074	52513
12978	prompt	310	52521
12979	prompt	7018	52524
12980	prompt	11158	52527
12981	prompt	220	52531
12982	prompt	20	52532
12983	prompt	4276	52533
12984	prompt	50562	52541
12985	prompt	2892	52544
12986	prompt	5758	52551
12987	prompt	310	52556
12988	prompt	220	52559
12989	prompt	17	52560
12990	prompt	22	52561
12991	prompt	15	52562
12992	prompt	82	52563
12993	prompt	318	52564
12994	prompt	56928	52566
12995	prompt	303	52570
12996	prompt	6297	52573
12997	prompt	8	52579
12998	prompt	466	52580
12999	prompt	5099	52583
13000	prompt	310	52590
13001	prompt	220	52593
13002	prompt	16	52594
13003	prompt	17	52595
13004	prompt	15	52596
13005	prompt	15	52597
13006	prompt	82	52598
13007	prompt	10	52599
13008	prompt	318	52600
13009	prompt	588	52602
13010	prompt	6297	52605
13011	prompt	3016	52611
13012	prompt	47866	52616
13013	prompt	264	52621
13014	prompt	1691	52623
13015	prompt	4860	52628
13016	prompt	3655	52635
13017	prompt	553	52640
13018	prompt	4179	52642
13019	prompt	914	52646
13020	prompt	1683	52648
13021	prompt	303	52654
13022	prompt	4625	52657
13023	prompt	25030	52663
13024	prompt	4276	52670
13025	prompt	1892	52678
13026	prompt	1683	52682
13027	prompt	303	52688
13028	prompt	6297	52691
13029	prompt	10708	52697
13030	prompt	6889	52705
13031	prompt	77	52707
13032	prompt	1639	52708
13033	prompt	2381	52710
13034	prompt	26750	52713
13035	prompt	28979	52718
13036	prompt	440	52724
13037	prompt	874	52729
13038	prompt	3050	52732
13039	prompt	8028	52741
13040	prompt	310	52748
13041	prompt	3609	52751
13042	prompt	11	52757
13043	prompt	1581	52758
13044	prompt	310	52766
13045	prompt	2972	52769
13046	prompt	16	52772
13047	prompt	17	52773
13048	prompt	15	52774
13049	prompt	15	52775
13050	prompt	82	52776
13051	prompt	4006	52777
13052	prompt	16	52780
13053	prompt	23	52781
13054	prompt	15	52782
13055	prompt	15	52783
13056	prompt	82	52784
13057	prompt	332	52785
13058	prompt	318	52787
13059	prompt	17	52789
13060	prompt	15	52790
13061	prompt	4006	52791
13062	prompt	18	52794
13063	prompt	15	52795
13064	prompt	1262	52796
13065	prompt	553	52800
13066	prompt	561	52802
13067	prompt	6136	52806
13068	prompt	11988	52811
13069	prompt	1142	52818
13070	prompt	11	52823
13071	prompt	488	52824
13072	prompt	1459	52828
13073	prompt	914	52832
13074	prompt	7974	52834
13075	prompt	6297	52839
13076	prompt	220	52845
13077	prompt	16	52846
13078	prompt	17	52847
13079	prompt	17044	52848
13080	prompt	791	52850
13081	prompt	6258	52854
13082	prompt	364	52859
13083	prompt	4161	52863
13084	prompt	11	52871
13085	prompt	321	52872
13086	prompt	279	52876
13087	prompt	1156	52880
13088	prompt	628	52885
13089	prompt	2590	52889
13090	prompt	12304	52896
13091	prompt	413	52906
13092	prompt	781	52909
13093	prompt	1144	52914
13094	prompt	488	52919
13095	prompt	29286	52923
13096	prompt	6889	52930
13097	prompt	77	52932
13098	prompt	1639	52933
13099	prompt	37405	52935
13100	prompt	883	52940
13101	prompt	1092	52946
13102	prompt	488	52951
13103	prompt	2224	52955
13104	prompt	3404	52958
13105	prompt	8318	52967
13106	prompt	364	52975
13107	prompt	11	52979
13108	prompt	524	52980
13109	prompt	1066	52984
13110	prompt	7018	52989
13111	prompt	4993	52992
13112	prompt	1248	52995
13113	prompt	1220	53000
13114	prompt	353	53007
13115	prompt	5894	53009
13116	prompt	83866	53015
13117	prompt	1368	53018
13118	prompt	488	53021
13119	prompt	2224	53025
13120	prompt	29643	53028
13121	prompt	264	53036
13122	prompt	20068	53038
13123	prompt	1542	53041
13124	prompt	421	53045
13125	prompt	4829	53050
13126	prompt	3835	53056
13127	prompt	23	53058
13128	prompt	4276	53059
13129	prompt	11	53067
13130	prompt	20479	53068
13131	prompt	220	53077
13132	prompt	21	53078
13133	prompt	15	53079
13134	prompt	82	53080
13135	prompt	41634	53081
13136	prompt	279	53087
13137	prompt	6297	53091
13138	prompt	220	53097
13139	prompt	23	53098
13140	prompt	2942	53099
13141	prompt	1518	53105
13142	prompt	424	53112
13143	prompt	31941	53115
13144	prompt	1892	53124
13145	prompt	5894	53128
13146	prompt	3835	53134
13147	prompt	17	53136
13148	prompt	22	53137
13149	prompt	15	53138
13150	prompt	82	53139
13151	prompt	10598	53140
13152	prompt	4370	53146
13153	prompt	6889	53154
13154	prompt	77	53156
13155	prompt	1639	53157
13156	prompt	760	53159
13157	prompt	15135	53162
13158	prompt	1145	53170
13159	prompt	14226	53173
13160	prompt	310	53177
13161	prompt	498	53180
13162	prompt	21	53182
13163	prompt	15	53183
13164	prompt	11	53184
13165	prompt	220	53185
13166	prompt	18	53186
13167	prompt	21	53187
13168	prompt	15	53188
13169	prompt	15	53189
13170	prompt	1089	53190
13171	prompt	748	53192
13172	prompt	488	53195
13173	prompt	1459	53199
13174	prompt	914	53203
13175	prompt	1144	53205
13176	prompt	310	53210
13177	prompt	40523	53213
13178	prompt	5941	53219
13179	prompt	6889	53228
13180	prompt	77	53230
13181	prompt	1639	53231
13182	prompt	550	53233
13183	prompt	561	53235
13184	prompt	2781	53239
13185	prompt	2002	53246
13186	prompt	1639	53252
13187	prompt	1639	53254
13188	prompt	3833	53256
13189	prompt	2716	53259
13190	prompt	11316	53265
13191	prompt	383	53274
13192	prompt	1092	53277
13193	prompt	488	53282
13194	prompt	14135	53286
13195	prompt	321	53292
13196	prompt	3069	53296
13197	prompt	13	53300
13198	prompt	58133	53301
13199	prompt	310	53306
13200	prompt	58980	53309
13201	prompt	321	53319
13202	prompt	369	53323
13203	prompt	6625	53326
13204	prompt	1142	53332
13205	prompt	310	53337
13206	prompt	279	53340
13207	prompt	1156	53344
13208	prompt	13	53349
13209	prompt	7018	53350
13210	prompt	13911	53353
13211	prompt	286	53358
13212	prompt	20068	53361
13213	prompt	1542	53364
13214	prompt	2037	53368
13215	prompt	32224	53370
13216	prompt	7018	53376
13217	prompt	47869	53379
13218	prompt	83866	53386
13219	prompt	561	53389
13220	prompt	1156	53393
13221	prompt	15339	53398
13222	prompt	411	53404
13223	prompt	310	53409
13224	prompt	3418	53412
13225	prompt	1092	53423
13226	prompt	488	53428
13227	prompt	2224	53432
13228	prompt	3604	53435
13229	prompt	1973	53441
13230	prompt	3322	53449
13231	prompt	310	53456
13232	prompt	6805	53459
13233	prompt	678	53467
13234	prompt	18820	53472
13235	prompt	738	53476
13236	prompt	303	53480
13237	prompt	11573	53483
13238	prompt	1892	53491
13239	prompt	1236	53495
13240	prompt	424	53500
13241	prompt	3050	53503
13242	prompt	6889	53512
13243	prompt	77	53514
13244	prompt	487	53515
13245	prompt	328	53517
13246	prompt	13390	53519
13247	prompt	763	53529
13248	prompt	5046	53531
13249	prompt	3	53534
13250	prompt	16838	53535
13251	prompt	763	53541
13252	prompt	328	53543
13253	prompt	2349	53545
13254	prompt	1074	53550
13255	prompt	2164	53553
13256	prompt	76939	53557
13257	prompt	2572	53564
13258	prompt	3336	53568
13259	prompt	2850	53570
13260	prompt	14	53574
13261	prompt	17	53575
13262	prompt	15	53576
13263	prompt	17	53577
13264	prompt	15	53578
13265	prompt	12	53579
13266	prompt	16	53580
13267	prompt	17	53581
13268	prompt	59082	53582
13269	prompt	487	53589
13270	prompt	328	53591
13271	prompt	1267	53593
13272	prompt	763	53597
13273	prompt	328	53599
13274	prompt	1640	53601
13275	prompt	487	53607
13276	prompt	328	53609
13277	prompt	12811	53611
13278	prompt	763	53621
13279	prompt	5046	53623
13280	prompt	21572	53626
13281	prompt	14897	53631
13282	prompt	763	53638
13283	prompt	5046	53640
13284	prompt	4532	53643
13285	prompt	763	53654
13286	prompt	328	53656
13287	prompt	14897	53658
13288	prompt	494	53665
13289	prompt	1381	53670
13290	prompt	310	53674
13291	prompt	14714	53677
13292	prompt	685	53682
13293	prompt	13	53685
13294	prompt	2356	53686
13295	prompt	31136	53689
13296	prompt	310	53694
13297	prompt	498	53697
13298	prompt	21	53699
13299	prompt	15	53700
13300	prompt	11	53701
13301	prompt	220	53702
13302	prompt	18	53703
13303	prompt	21	53704
13304	prompt	15	53705
13305	prompt	15	53706
13306	prompt	60	53707
13307	prompt	539	53708
13308	prompt	279	53711
13309	prompt	15135	53715
13310	prompt	10152	53723
13311	prompt	328	53726
13312	prompt	1267	53728
13313	prompt	763	53732
13314	prompt	328	53734
13315	prompt	3946	53736
13316	prompt	13933	53742
13317	prompt	328	53745
13318	prompt	19290	53747
13319	prompt	763	53753
13320	prompt	5046	53755
13321	prompt	4532	53758
13322	prompt	763	53769
13323	prompt	328	53771
13324	prompt	3833	53773
13325	prompt	2716	53776
13326	prompt	11316	53782
13327	prompt	24228	53791
13328	prompt	279	53802
13329	prompt	11543	53806
13330	prompt	7383	53813
13331	prompt	13	53819
13332	prompt	58133	53820
13333	prompt	310	53825
13334	prompt	58980	53828
13335	prompt	321	53838
13336	prompt	369	53842
13337	prompt	6625	53845
13338	prompt	310	53851
13339	prompt	279	53854
13340	prompt	1156	53858
13341	prompt	13	53863
13342	prompt	2732	53864
13343	prompt	3050	53867
13344	prompt	10152	53876
13345	prompt	328	53879
13346	prompt	1267	53881
13347	prompt	763	53885
13348	prompt	328	53887
13349	prompt	889	53889
13350	prompt	13933	53895
13351	prompt	328	53898
13352	prompt	39242	53900
13353	prompt	763	53906
13354	prompt	5046	53908
13355	prompt	4532	53911
13356	prompt	763	53922
13357	prompt	328	53924
13358	prompt	760	53926
13359	prompt	593	53929
13360	prompt	10185	53931
13361	prompt	1879	53935
13362	prompt	310	53941
13363	prompt	3807	53944
13364	prompt	383	53949
13365	prompt	14714	53952
13366	prompt	5072	53957
13367	prompt	13	53960
13368	prompt	9675	53961
13369	prompt	279	53966
13370	prompt	1788	53970
13371	prompt	593	53975
13372	prompt	10185	53977
13373	prompt	1879	53981
13374	prompt	2652	53987
13375	prompt	52907	53991
13376	prompt	1754	53996
13377	prompt	2404	54001
13378	prompt	748	54006
13379	prompt	279	54009
13380	prompt	1727	54013
13381	prompt	22120	54018
13382	prompt	311	54025
13383	prompt	12	54028
13384	prompt	305	54029
13385	prompt	382	54032
13386	prompt	279	54035
13387	prompt	9653	54039
13388	prompt	321	54045
13389	prompt	9257	54049
13390	prompt	279	54059
13391	prompt	6136	54063
13392	prompt	13	54068
13393	prompt	1690	54069
13394	prompt	36928	54073
13395	prompt	593	54084
13396	prompt	10185	54086
13397	prompt	318	54090
13398	prompt	2083	54092
13399	prompt	1156	54094
13400	prompt	9640	54099
13401	prompt	681	54106
13402	prompt	1440	54108
13403	prompt	279	54113
13404	prompt	22419	54117
13405	prompt	77991	54125
13406	prompt	1510	54134
13407	prompt	2362	54136
13408	prompt	2630	54138
13409	prompt	28869	54141
13410	prompt	58621	54148
13411	prompt	1676	54153
13412	prompt	4878	54155
13413	prompt	2372	54161
13414	prompt	63	54163
13415	prompt	4370	54164
13416	prompt	318	54172
13417	prompt	1719	54174
13418	prompt	8476	54177
13419	prompt	2195	54185
13420	prompt	4379	54187
13421	prompt	11096	54192
13422	prompt	11	54200
13423	prompt	524	54201
13424	prompt	279	54205
13425	prompt	53945	54209
13426	prompt	3886	54214
13427	prompt	14548	54220
13428	prompt	1510	54225
13429	prompt	2362	54227
13430	prompt	2630	54229
13431	prompt	28869	54232
13432	prompt	58621	54239
13433	prompt	2372	54244
13434	prompt	57208	54246
13435	prompt	487	54249
13436	prompt	328	54251
13437	prompt	1267	54253
13438	prompt	763	54257
13439	prompt	328	54259
13440	prompt	889	54261
13441	prompt	8934	54267
13442	prompt	2069	54269
13443	prompt	328	54271
13444	prompt	6081	54273
13445	prompt	763	54281
13446	prompt	4241	54283
13447	prompt	21572	54286
13448	prompt	14897	54291
13449	prompt	487	54298
13450	prompt	328	54300
13451	prompt	19290	54302
13452	prompt	487	54308
13453	prompt	328	54310
13454	prompt	39242	54312
13455	prompt	7664	54318
13456	prompt	328	54321
13457	prompt	34325	54323
13458	prompt	7654	54333
13459	prompt	763	54343
13460	prompt	867	54345
13461	prompt	72964	54351
13462	prompt	198	54354
13463	prompt	4754	54355
13464	prompt	1267	54357
13465	prompt	763	54361
13466	prompt	328	54363
13467	prompt	1628	54365
13468	prompt	487	54373
13469	prompt	328	54375
13470	prompt	1628	54377
13471	prompt	763	54385
13472	prompt	5046	54387
13473	prompt	591	54390
13474	prompt	763	54394
13475	prompt	328	54396
13476	prompt	27566	54398
13477	prompt	487	54403
13478	prompt	328	54405
13479	prompt	4532	54407
13480	prompt	763	54418
13481	prompt	328	54420
13482	prompt	16668	54422
13483	prompt	264	54429
13484	prompt	9653	54431
13485	prompt	2785	54437
13486	prompt	279	54444
13487	prompt	1822	54448
13488	prompt	10125	54453
13489	prompt	1639	54466
13490	prompt	1639	54468
13491	prompt	4350	54470
13492	prompt	3719	54474
13493	prompt	2466	54480
13494	prompt	488	54484
13495	prompt	310	54488
13496	prompt	2649	54491
13497	prompt	8806	54499
13498	prompt	11	54505
13499	prompt	1716	54506
13500	prompt	413	54512
13501	prompt	866	54515
13502	prompt	314	54519
13503	prompt	279	54522
13504	prompt	2420	54526
13505	prompt	7129	54536
13506	prompt	2353	54543
13507	prompt	13	54549
13508	prompt	29254	54550
13509	prompt	3300	54557
13510	prompt	26208	54565
13511	prompt	16432	54577
13512	prompt	321	54590
13513	prompt	7697	54594
13514	prompt	6337	54601
13515	prompt	6889	54611
13516	prompt	77	54613
13517	prompt	1639	54614
13518	prompt	4350	54616
13519	prompt	3719	54620
13520	prompt	5604	54626
13521	prompt	264	54636
13522	prompt	7018	54638
13523	prompt	48569	54641
13524	prompt	3108	54646
13525	prompt	2037	54654
13526	prompt	466	54656
13527	prompt	1088	54659
13528	prompt	3015	54661
13529	prompt	27	54663
13530	prompt	32228	54664
13531	prompt	8189	54673
13532	prompt	487	54675
13533	prompt	781	54677
13534	prompt	513	54682
13535	prompt	21345	54686
13536	prompt	310	54696
13537	prompt	264	54699
13538	prompt	9653	54701
13539	prompt	13	54707
13540	prompt	5272	54708
13541	prompt	411	54712
13542	prompt	5224	54717
13543	prompt	310	54722
13544	prompt	19268	54725
13545	prompt	424	54732
13546	prompt	6889	54735
13547	prompt	77	54737
13548	prompt	1639	54738
13549	prompt	4199	54740
13550	prompt	310	54743
13551	prompt	19268	54746
13552	prompt	6964	54753
13553	prompt	77	54755
13554	prompt	12	54756
13555	prompt	2488	54757
13556	prompt	1510	54761
13557	prompt	28493	54763
13558	prompt	63	54768
13559	prompt	310	54769
13560	prompt	279	54772
13561	prompt	4581	54776
13562	prompt	803	54782
13563	prompt	314	54787
13564	prompt	449	54790
13565	prompt	2420	54793
13566	prompt	9653	54803
13567	prompt	318	54809
13568	prompt	2083	54811
13569	prompt	6187	54813
13570	prompt	35414	54821
13571	prompt	553	54827
13572	prompt	1690	54829
13573	prompt	8734	54833
13574	prompt	85979	54840
13575	prompt	66233	54846
13576	prompt	7129	54851
13577	prompt	958	54858
13578	prompt	279	54862
13579	prompt	6999	54866
13580	prompt	14554	54872
13581	prompt	1510	54882
13582	prompt	8865	54884
13583	prompt	25	54890
13584	prompt	28493	54891
13585	prompt	63	54896
13586	prompt	1304	54897
13587	prompt	6889	54902
13588	prompt	77	54904
13589	prompt	12	54905
13590	prompt	2488	54906
13591	prompt	1510	54910
13592	prompt	2048	54912
13593	prompt	63	54916
13594	prompt	310	54917
13595	prompt	1440	54920
13596	prompt	9801	54925
13597	prompt	5789	54934
13598	prompt	6889	54944
13599	prompt	77	54946
13600	prompt	1639	54947
13601	prompt	50525	54949
13602	prompt	6964	54958
13603	prompt	77	54960
13604	prompt	12	54961
13605	prompt	15661	54962
13606	prompt	7129	54972
13607	prompt	513	54979
13608	prompt	9711	54983
13609	prompt	303	54990
13610	prompt	1785	54993
13611	prompt	12	55000
13612	prompt	75240	55001
13613	prompt	6397	55009
13614	prompt	303	55018
13615	prompt	279	55021
13616	prompt	10125	55025
13617	prompt	1639	55038
13618	prompt	12	55040
13619	prompt	8020	55041
13620	prompt	19268	55046
13621	prompt	264	55053
13622	prompt	9653	55055
13623	prompt	421	55061
13624	prompt	7701	55066
13625	prompt	303	55074
13626	prompt	421	55077
13627	prompt	1103	55082
13628	prompt	11	55087
13629	prompt	466	55088
13630	prompt	799	55091
13631	prompt	279	55095
13632	prompt	1156	55099
13633	prompt	20335	55104
13634	prompt	30917	55115
13635	prompt	430	55121
13636	prompt	1510	55124
13637	prompt	22295	55126
13638	prompt	591	55128
13639	prompt	42181	55132
13640	prompt	303	55134
13641	prompt	836	55137
13642	prompt	1876	55143
13643	prompt	13	55151
13644	prompt	14271	55152
13645	prompt	7692	55158
13646	prompt	466	55164
13647	prompt	16525	55167
13648	prompt	264	55174
13649	prompt	9653	55176
13650	prompt	803	55182
13651	prompt	494	55187
13652	prompt	4706	55192
13653	prompt	795	55201
13654	prompt	26	55206
13655	prompt	5752	55207
13656	prompt	635	55217
13657	prompt	524	55220
13658	prompt	1562	55224
13659	prompt	411	55229
13660	prompt	5224	55234
13661	prompt	1639	55239
13662	prompt	12	55241
13663	prompt	3095	55242
13664	prompt	264	55247
13665	prompt	9653	55249
13666	prompt	8798	55255
13667	prompt	279	55263
13668	prompt	1156	55267
13669	prompt	579	55272
13670	prompt	1622	55274
13671	prompt	11	55282
13672	prompt	411	55283
13673	prompt	369	55288
13674	prompt	264	55291
13675	prompt	27738	55293
13676	prompt	1658	55299
13677	prompt	27066	55302
13678	prompt	5160	55310
13679	prompt	25	55314
13680	prompt	19268	55315
13681	prompt	279	55322
13682	prompt	9468	55326
13683	prompt	26592	55335
13684	prompt	5224	55341
13685	prompt	54588	55346
13686	prompt	22440	55353
13687	prompt	866	55364
13688	prompt	975	55368
13689	prompt	1965	55374
13690	prompt	883	55383
13691	prompt	279	55389
13692	prompt	3274	55393
13693	prompt	1639	55398
13694	prompt	12	55400
13695	prompt	53176	55401
13696	prompt	6088	55407
13697	prompt	264	55415
13698	prompt	9653	55417
13699	prompt	1973	55423
13700	prompt	3404	55431
13701	prompt	7842	55440
13702	prompt	411	55448
13703	prompt	5224	55453
13704	prompt	1639	55458
13705	prompt	12	55460
13706	prompt	3054	55461
13707	prompt	524	55464
13708	prompt	19268	55468
13709	prompt	264	55475
13710	prompt	9653	55477
13711	prompt	421	55483
13712	prompt	369	55488
13713	prompt	2582	55491
13714	prompt	4162	55499
13715	prompt	1639	55507
13716	prompt	12	55509
13717	prompt	3054	55510
13718	prompt	524	55513
13719	prompt	958	55517
13720	prompt	411	55521
13721	prompt	5224	55526
13722	prompt	364	55531
13723	prompt	5617	55535
13724	prompt	3309	55541
13725	prompt	37978	55544
13726	prompt	10966	55548
13727	prompt	318	55557
13728	prompt	4650	55559
13729	prompt	593	55563
13730	prompt	8389	55565
13731	prompt	11	55569
13732	prompt	593	55570
13733	prompt	7187	55572
13734	prompt	11	55577
13735	prompt	4831	55578
13736	prompt	5946	55582
13737	prompt	59	55584
13738	prompt	77	55585
13739	prompt	12	55586
13740	prompt	1368	55587
13741	prompt	488	55590
13742	prompt	1436	55594
13743	prompt	264	55598
13744	prompt	361	55600
13745	prompt	5454	55602
13746	prompt	11163	55609
13747	prompt	29	55614
13748	prompt	4619	55615
13749	prompt	303	55619
13750	prompt	279	55622
13751	prompt	1428	55626
13752	prompt	10125	55634
13753	prompt	2404	55647
13754	prompt	11	55652
13755	prompt	279	55653
13756	prompt	9653	55657
13757	prompt	682	55663
13758	prompt	8488	55667
13759	prompt	44061	55670
13760	prompt	978	55675
13761	prompt	6452	55680
13762	prompt	471	55687
13763	prompt	1732	55689
13764	prompt	279	55696
13765	prompt	10895	55700
13766	prompt	5774	55713
13767	prompt	4370	55722
13768	prompt	314	55730
13769	prompt	7842	55733
13770	prompt	411	55741
13771	prompt	5224	55746
13772	prompt	1495	55751
13773	prompt	1639	55757
13774	prompt	487	55759
13775	prompt	328	55761
13776	prompt	13390	55763
13777	prompt	763	55773
13778	prompt	5046	55775
13779	prompt	3	55778
13780	prompt	16838	55779
13781	prompt	763	55785
13782	prompt	328	55787
13783	prompt	2349	55789
13784	prompt	1074	55794
13785	prompt	2164	55797
13786	prompt	76939	55801
13787	prompt	2572	55808
13788	prompt	3336	55812
13789	prompt	2850	55814
13790	prompt	14	55818
13791	prompt	17	55819
13792	prompt	15	55820
13793	prompt	17	55821
13794	prompt	15	55822
13795	prompt	12	55823
13796	prompt	16	55824
13797	prompt	17	55825
13798	prompt	59082	55826
13799	prompt	487	55833
13800	prompt	328	55835
13801	prompt	1267	55837
13802	prompt	763	55841
13803	prompt	328	55843
13804	prompt	1640	55845
13805	prompt	487	55851
13806	prompt	328	55853
13807	prompt	12811	55855
13808	prompt	763	55865
13809	prompt	5046	55867
13810	prompt	28493	55870
13811	prompt	763	55875
13812	prompt	5046	55877
13813	prompt	4532	55880
13814	prompt	763	55891
13815	prompt	328	55893
13816	prompt	760	55895
13817	prompt	803	55898
13818	prompt	314	55903
13819	prompt	264	55906
13820	prompt	9653	55908
13821	prompt	494	55914
13822	prompt	279	55919
13823	prompt	2420	55923
13824	prompt	43797	55933
13825	prompt	3196	55936
13826	prompt	1103	55940
13827	prompt	13	55945
13828	prompt	3054	55946
13829	prompt	524	55949
13830	prompt	7692	55953
13831	prompt	4874	55959
13832	prompt	10152	55965
13833	prompt	328	55968
13834	prompt	1267	55970
13835	prompt	763	55974
13836	prompt	328	55976
13837	prompt	889	55978
13838	prompt	13933	55984
13839	prompt	328	55987
13840	prompt	2048	55989
13841	prompt	763	55993
13842	prompt	5046	55995
13843	prompt	4532	55998
13844	prompt	763	56009
13845	prompt	328	56011
13846	prompt	14863	56013
13847	prompt	5789	56021
13848	prompt	364	56031
13849	prompt	279	56035
13850	prompt	9653	56039
13851	prompt	487	56045
13852	prompt	328	56047
13853	prompt	1267	56049
13854	prompt	763	56053
13855	prompt	328	56055
13856	prompt	889	56057
13857	prompt	8934	56063
13858	prompt	2069	56065
13859	prompt	328	56067
13860	prompt	6081	56069
13861	prompt	763	56077
13862	prompt	4241	56079
13863	prompt	28493	56082
13864	prompt	7664	56087
13865	prompt	328	56090
13866	prompt	34325	56092
13867	prompt	7654	56102
13868	prompt	763	56112
13869	prompt	867	56114
13870	prompt	72964	56120
13871	prompt	198	56123
13872	prompt	4754	56124
13873	prompt	1267	56126
13874	prompt	763	56130
13875	prompt	328	56132
13876	prompt	1628	56134
13877	prompt	487	56142
13878	prompt	328	56144
13879	prompt	1628	56146
13880	prompt	763	56154
13881	prompt	5046	56156
13882	prompt	591	56159
13883	prompt	763	56163
13884	prompt	328	56165
13885	prompt	6065	56167
13886	prompt	3886	56171
13887	prompt	487	56177
13888	prompt	328	56179
13889	prompt	4532	56181
13890	prompt	763	56192
13891	prompt	328	56194
13892	prompt	9947	56196
13893	prompt	411	56199
13894	prompt	5224	56204
13895	prompt	310	56209
13896	prompt	1791	56212
13897	prompt	264	56219
13898	prompt	31838	56221
13899	prompt	3274	56232
13900	prompt	1103	56237
13901	prompt	364	56242
13902	prompt	678	56246
13903	prompt	1428	56251
13904	prompt	10505	56259
13905	prompt	3669	56266
13906	prompt	13	56274
13907	prompt	1061	56275
13908	prompt	8346	56280
13909	prompt	488	56286
13910	prompt	3627	56290
13911	prompt	4936	56296
13912	prompt	11	56305
13913	prompt	29249	56306
13914	prompt	6150	56315
13915	prompt	8806	56323
13916	prompt	11	56329
13917	prompt	321	56330
13918	prompt	19264	56334
13919	prompt	16908	56346
13920	prompt	2022	56355
13921	prompt	310	56359
13922	prompt	279	56362
13923	prompt	1156	56366
13924	prompt	6889	56371
13925	prompt	77	56373
13926	prompt	2064	56374
13927	prompt	1048	56376
13928	prompt	8346	56381
13929	prompt	279	56387
13930	prompt	1156	56391
13931	prompt	3418	56396
13932	prompt	279	56407
13933	prompt	4936	56411
13934	prompt	314	56420
13935	prompt	279	56423
13936	prompt	3274	56427
13937	prompt	321	56432
13938	prompt	7830	56436
13939	prompt	4936	56444
13940	prompt	314	56453
13941	prompt	836	56456
13942	prompt	7154	56462
13943	prompt	6889	56471
13944	prompt	77	56473
13945	prompt	1639	56474
13946	prompt	550	56476
13947	prompt	3095	56478
13948	prompt	310	56483
13949	prompt	5272	56486
13950	prompt	1061	56490
13951	prompt	13086	56495
13952	prompt	1639	56500
13953	prompt	1639	56502
13954	prompt	9947	56504
13955	prompt	411	56507
13956	prompt	5224	56512
13957	prompt	453	56517
13958	prompt	60894	56521
13959	prompt	303	56529
13960	prompt	1439	56532
13961	prompt	24481	56538
13962	prompt	6964	56548
13963	prompt	77	56550
13964	prompt	1639	56551
13965	prompt	12	56553
13966	prompt	21412	56554
13967	prompt	7072	56562
13968	prompt	28253	56568
13969	prompt	8806	56573
13970	prompt	471	56579
13971	prompt	3095	56581
13972	prompt	264	56586
13973	prompt	3274	56588
13974	prompt	7225	56593
13975	prompt	220	56602
13976	prompt	18	56603
13977	prompt	466	56604
13978	prompt	777	56607
13979	prompt	12103	56612
13980	prompt	7123	56621
13981	prompt	466	56627
13982	prompt	5975	56630
13983	prompt	1639	56638
13984	prompt	12	56640
13985	prompt	11248	56641
13986	prompt	9885	56645
13987	prompt	25806	56648
13988	prompt	321	56653
13989	prompt	6150	56657
13990	prompt	8806	56665
13991	prompt	471	56671
13992	prompt	44920	56673
13993	prompt	421	56679
13994	prompt	1325	56684
13995	prompt	16097	56692
13996	prompt	8842	56700
13997	prompt	466	56709
13998	prompt	5081	56712
13999	prompt	7289	56721
14000	prompt	1639	56732
14001	prompt	12	56734
14002	prompt	9392	56735
14003	prompt	3728	56740
14004	prompt	471	56745
14005	prompt	3095	56747
14006	prompt	1608	56752
14007	prompt	3019	56758
14008	prompt	3728	56763
14009	prompt	11	56768
14010	prompt	1791	56769
14011	prompt	264	56776
14012	prompt	3274	56778
14013	prompt	1103	56783
14014	prompt	310	56788
14015	prompt	3627	56791
14016	prompt	279	56797
14017	prompt	944	56801
14018	prompt	1639	56806
14019	prompt	12	56808
14020	prompt	2570	56809
14021	prompt	20335	56814
14022	prompt	7154	56825
14023	prompt	11466	56834
14024	prompt	1103	56839
14025	prompt	471	56844
14026	prompt	3095	56846
14027	prompt	279	56851
14028	prompt	1156	56855
14029	prompt	5774	56860
14030	prompt	16561	56869
14031	prompt	488	56874
14032	prompt	310	56878
14033	prompt	958	56881
14034	prompt	279	56885
14035	prompt	11466	56889
14036	prompt	1103	56894
14037	prompt	1639	56899
14038	prompt	12	56901
14039	prompt	2570	56902
14040	prompt	5529	56907
14041	prompt	5081	56916
14042	prompt	8806	56925
14043	prompt	471	56931
14044	prompt	3095	56933
14045	prompt	3719	56938
14046	prompt	3300	56944
14047	prompt	264	56952
14048	prompt	1103	56954
14049	prompt	314	56959
14050	prompt	2433	56962
14051	prompt	310	56969
14052	prompt	381	56972
14053	prompt	2725	56975
14054	prompt	318	56980
14055	prompt	3946	56982
14056	prompt	290	56988
14057	prompt	466	56990
14058	prompt	30644	56993
14059	prompt	70221	56999
14060	prompt	10383	57009
14061	prompt	77	57011
14062	prompt	12	57012
14063	prompt	4486	57013
14064	prompt	11955	57019
14065	prompt	491	57029
14066	prompt	10895	57033
14067	prompt	471	57046
14068	prompt	65944	57048
14069	prompt	11969	57060
14070	prompt	1156	57068
14071	prompt	8242	57073
14072	prompt	430	57086
14073	prompt	8806	57089
14074	prompt	1639	57095
14075	prompt	12	57097
14076	prompt	3095	57098
14077	prompt	488	57103
14078	prompt	1151	57107
14079	prompt	3133	57113
14080	prompt	383	57121
14081	prompt	264	57124
14082	prompt	3274	57126
14083	prompt	471	57131
14084	prompt	4246	57133
14085	prompt	424	57138
14086	prompt	430	57141
14087	prompt	303	57144
14088	prompt	26324	57147
14089	prompt	54588	57156
14090	prompt	6941	57163
14091	prompt	944	57173
14092	prompt	1639	57178
14093	prompt	12	57180
14094	prompt	4486	57181
14095	prompt	25720	57187
14096	prompt	264	57198
14097	prompt	3274	57200
14098	prompt	471	57205
14099	prompt	4246	57207
14100	prompt	424	57212
14101	prompt	430	57215
14102	prompt	7888	57218
14103	prompt	321	57228
14104	prompt	884	57232
14105	prompt	866	57236
14106	prompt	491	57240
14107	prompt	1732	57244
14108	prompt	5072	57251
14109	prompt	8806	57254
14110	prompt	10782	57260
14111	prompt	2261	57271
14112	prompt	7873	57278
14113	prompt	1639	57293
14114	prompt	1639	57295
14115	prompt	550	57297
14116	prompt	3095	57299
14117	prompt	4045	57304
14118	prompt	310	57308
14119	prompt	5272	57311
14120	prompt	1061	57315
14121	prompt	13086	57320
14122	prompt	1639	57325
14123	prompt	1639	57327
14124	prompt	33970	57329
14125	prompt	1608	57333
14126	prompt	411	57339
14127	prompt	5224	57344
14128	prompt	948	57349
14129	prompt	6964	57354
14130	prompt	77	57356
14131	prompt	12	57357
14132	prompt	2532	57358
14133	prompt	369	57364
14134	prompt	1132	57367
14135	prompt	264	57372
14136	prompt	3074	57374
14137	prompt	11	57381
14138	prompt	29350	57382
14139	prompt	3274	57398
14140	prompt	1639	57403
14141	prompt	12	57405
14142	prompt	561	57406
14143	prompt	3274	57410
14144	prompt	369	57415
14145	prompt	34468	57418
14146	prompt	321	57426
14147	prompt	14419	57430
14148	prompt	424	57439
14149	prompt	5529	57442
14150	prompt	874	57451
14151	prompt	38863	57454
14152	prompt	8495	57469
14153	prompt	1639	57477
14154	prompt	12	57479
14155	prompt	561	57480
14156	prompt	3274	57484
14157	prompt	628	57489
14158	prompt	381	57493
14159	prompt	7888	57496
14160	prompt	303	57506
14161	prompt	2599	57509
14162	prompt	1056	57514
14163	prompt	220	57519
14164	prompt	18	57520
14165	prompt	34468	57521
14166	prompt	7123	57529
14167	prompt	1639	57535
14168	prompt	12	57537
14169	prompt	561	57538
14170	prompt	3274	57542
14171	prompt	369	57547
14172	prompt	30108	57550
14173	prompt	7281	57557
14174	prompt	1605	57565
14175	prompt	466	57572
14176	prompt	45077	57575
14177	prompt	1639	57589
14178	prompt	1639	57591
14179	prompt	26889	57593
14180	prompt	421	57597
14181	prompt	488	57602
14182	prompt	1220	57606
14183	prompt	524	57613
14184	prompt	958	57617
14185	prompt	411	57621
14186	prompt	5224	57626
14187	prompt	413	57631
14188	prompt	1017	57634
14189	prompt	369	57640
14190	prompt	1132	57643
14191	prompt	799	57648
14192	prompt	34468	57652
14193	prompt	3274	57660
14194	prompt	310	57665
14195	prompt	635	57668
14196	prompt	13	57671
14197	prompt	733	57672
14198	prompt	411	57675
14199	prompt	1105	57680
14200	prompt	488	57685
14201	prompt	513	57689
14202	prompt	2577	57693
14203	prompt	974	57700
14204	prompt	1066	57704
14205	prompt	3604	57709
14206	prompt	279	57715
14207	prompt	3274	57719
14208	prompt	5774	57724
14209	prompt	6889	57733
14210	prompt	77	57735
14211	prompt	1639	57736
14212	prompt	550	57738
14213	prompt	5261	57740
14214	prompt	23804	57745
14215	prompt	1639	57752
14216	prompt	1639	57754
14217	prompt	12	57756
14218	prompt	2972	57757
14219	prompt	11170	57760
14220	prompt	92217	57767
14221	prompt	357	57770
14222	prompt	9522	57772
14223	prompt	11	57778
14224	prompt	87941	57779
14225	prompt	2192	57790
14226	prompt	303	57796
14227	prompt	46011	57799
14228	prompt	1304	57810
14229	prompt	318	57815
14230	prompt	68	57817
14231	prompt	1257	57818
14232	prompt	2487	57820
14233	prompt	7018	57822
14234	prompt	25128	57825
14235	prompt	16163	57828
14236	prompt	9584	57843
14237	prompt	303	57847
14238	prompt	5677	57850
14239	prompt	6195	57856
14240	prompt	60592	57861
14241	prompt	59	57864
14242	prompt	77	57865
14243	prompt	12	57866
14244	prompt	2972	57867
14245	prompt	4532	57870
14246	prompt	92217	57881
14247	prompt	3437	57884
14248	prompt	3749	57889
14249	prompt	310	57895
14250	prompt	381	57898
14251	prompt	2725	57901
14252	prompt	1639	57906
14253	prompt	12	57908
14254	prompt	2972	57909
14255	prompt	2932	57912
14256	prompt	1774	57918
14257	prompt	332	57922
14258	prompt	318	57924
14259	prompt	12439	57926
14260	prompt	1590	57934
14261	prompt	25790	57936
14262	prompt	18677	57944
14263	prompt	1304	57955
14264	prompt	6625	57960
14265	prompt	303	57966
14266	prompt	279	57969
14267	prompt	34318	57973
14268	prompt	948	57981
14269	prompt	279	57986
14270	prompt	3274	57990
14271	prompt	369	57995
14272	prompt	303	57998
14273	prompt	26324	58001
14274	prompt	318	58010
14275	prompt	68	58012
14276	prompt	1257	58013
14277	prompt	2487	58015
14278	prompt	7018	58017
14279	prompt	25128	58020
14280	prompt	286	58023
14281	prompt	16163	58026
14282	prompt	9584	58041
14283	prompt	59	58045
14284	prompt	1764	58046
14285	prompt	1368	58049
14286	prompt	38136	58052
14287	prompt	11	58060
14288	prompt	279	58061
14289	prompt	34318	58065
14290	prompt	4774	58073
14291	prompt	279	58079
14292	prompt	3704	58083
14293	prompt	4370	58091
14294	prompt	6889	58099
14295	prompt	77	58101
14296	prompt	1639	58102
14297	prompt	2324	58104
14298	prompt	8806	58107
14299	prompt	513	58113
14300	prompt	3354	58117
14301	prompt	440	58125
14302	prompt	2552	58130
14303	prompt	1510	58137
14304	prompt	27293	58139
14305	prompt	63	58146
14306	prompt	6889	58147
14307	prompt	77	58149
14308	prompt	1639	58150
14309	prompt	550	58152
14310	prompt	24886	58154
14311	prompt	1639	58159
14312	prompt	1639	58161
14313	prompt	12	58163
14314	prompt	4091	58164
14315	prompt	8806	58171
14316	prompt	440	58177
14317	prompt	2708	58182
14318	prompt	11	58188
14319	prompt	3050	58189
14320	prompt	14448	58198
14321	prompt	421	58207
14322	prompt	7276	58212
14323	prompt	279	58221
14324	prompt	14830	58225
14325	prompt	1639	58233
14326	prompt	12	58235
14327	prompt	4486	58236
14328	prompt	6611	58242
14329	prompt	8806	58251
14330	prompt	11	58257
14331	prompt	958	58258
14332	prompt	5261	58262
14333	prompt	4149	58267
14334	prompt	310	58273
14335	prompt	716	58276
14336	prompt	685	58280
14337	prompt	18948	58283
14338	prompt	318	58296
14339	prompt	21252	58298
14340	prompt	3359	58304
14341	prompt	23857	58306
14342	prompt	1311	58312
14343	prompt	8	58314
14344	prompt	413	58315
14345	prompt	4221	58318
14346	prompt	1639	58325
14347	prompt	12	58327
14348	prompt	4109	58328
14349	prompt	5261	58334
14350	prompt	826	58339
14351	prompt	1118	58343
14352	prompt	310	58349
14353	prompt	5471	58352
14354	prompt	6611	58358
14355	prompt	21814	58367
14356	prompt	8806	58377
14357	prompt	1639	58383
14358	prompt	487	58385
14359	prompt	328	58387
14360	prompt	13390	58389
14361	prompt	763	58399
14362	prompt	5046	58401
14363	prompt	3	58404
14364	prompt	16838	58405
14365	prompt	763	58411
14366	prompt	328	58413
14367	prompt	2349	58415
14368	prompt	1074	58420
14369	prompt	2164	58423
14370	prompt	76939	58427
14371	prompt	2572	58434
14372	prompt	3336	58438
14373	prompt	2850	58440
14374	prompt	14	58444
14375	prompt	17	58445
14376	prompt	15	58446
14377	prompt	17	58447
14378	prompt	15	58448
14379	prompt	12	58449
14380	prompt	16	58450
14381	prompt	17	58451
14382	prompt	59082	58452
14383	prompt	487	58459
14384	prompt	328	58461
14385	prompt	1267	58463
14386	prompt	763	58467
14387	prompt	328	58469
14388	prompt	1640	58471
14389	prompt	487	58477
14390	prompt	328	58479
14391	prompt	12811	58481
14392	prompt	763	58491
14393	prompt	5046	58493
14394	prompt	11170	58496
14395	prompt	763	58503
14396	prompt	5046	58505
14397	prompt	4532	58508
14398	prompt	763	58519
14399	prompt	328	58521
14400	prompt	32	58523
14401	prompt	9522	58524
14402	prompt	2192	58530
14403	prompt	364	58536
14404	prompt	279	58540
14405	prompt	3274	58544
14406	prompt	487	58549
14407	prompt	328	58551
14408	prompt	1267	58553
14409	prompt	763	58557
14410	prompt	328	58559
14411	prompt	889	58561
14412	prompt	13933	58567
14413	prompt	328	58570
14414	prompt	4532	58572
14415	prompt	763	58583
14416	prompt	5046	58585
14417	prompt	4532	58588
14418	prompt	763	58599
14419	prompt	328	58601
14420	prompt	3710	58603
14421	prompt	3749	58607
14422	prompt	310	58613
14423	prompt	381	58616
14424	prompt	2725	58619
14425	prompt	487	58624
14426	prompt	328	58626
14427	prompt	1267	58628
14428	prompt	763	58632
14429	prompt	328	58634
14430	prompt	889	58636
14431	prompt	13933	58642
14432	prompt	328	58645
14433	prompt	2932	58647
14434	prompt	1774	58653
14435	prompt	763	58657
14436	prompt	5046	58659
14437	prompt	4532	58662
14438	prompt	763	58673
14439	prompt	328	58675
14440	prompt	20545	58677
14441	prompt	18677	58684
14442	prompt	1304	58695
14443	prompt	6625	58700
14444	prompt	303	58706
14445	prompt	34318	58709
14446	prompt	948	58717
14447	prompt	303	58722
14448	prompt	26324	58725
14449	prompt	318	58734
14450	prompt	68	58736
14451	prompt	1257	58737
14452	prompt	2487	58739
14453	prompt	7018	58741
14454	prompt	18417	58744
14455	prompt	6813	58751
14456	prompt	60592	58757
14457	prompt	487	58760
14458	prompt	328	58762
14459	prompt	1267	58764
14460	prompt	763	58768
14461	prompt	328	58770
14462	prompt	889	58772
14463	prompt	13933	58778
14464	prompt	328	58781
14465	prompt	17111	58783
14466	prompt	763	58791
14467	prompt	5046	58793
14468	prompt	4532	58796
14469	prompt	763	58807
14470	prompt	328	58809
14471	prompt	6737	58811
14472	prompt	84823	58813
14473	prompt	10836	58820
14474	prompt	310	58829
14475	prompt	15043	58832
14476	prompt	310	58839
14477	prompt	279	58842
14478	prompt	3274	58846
14479	prompt	487	58851
14480	prompt	328	58853
14481	prompt	1267	58855
14482	prompt	763	58859
14483	prompt	328	58861
14484	prompt	1640	58863
14485	prompt	487	58869
14486	prompt	328	58871
14487	prompt	3573	58873
14488	prompt	7729	58881
14489	prompt	763	58886
14490	prompt	5046	58888
14491	prompt	1267	58891
14492	prompt	763	58895
14493	prompt	328	58897
14494	prompt	889	58899
14495	prompt	13933	58905
14496	prompt	328	58908
14497	prompt	34325	58910
14498	prompt	7654	58920
14499	prompt	763	58930
14500	prompt	313	58932
14501	prompt	3307	58934
14502	prompt	2069	58936
14503	prompt	328	58938
14504	prompt	6081	58940
14505	prompt	763	58948
14506	prompt	4241	58950
14507	prompt	11170	58953
14508	prompt	487	58960
14509	prompt	328	58962
14510	prompt	4532	58964
14511	prompt	7664	58975
14512	prompt	328	58978
14513	prompt	34325	58980
14514	prompt	7654	58990
14515	prompt	763	59000
14516	prompt	867	59002
14517	prompt	72964	59008
14518	prompt	198	59011
14519	prompt	4754	59012
14520	prompt	1267	59014
14521	prompt	763	59018
14522	prompt	328	59020
14523	prompt	1628	59022
14524	prompt	487	59030
14525	prompt	328	59032
14526	prompt	1628	59034
14527	prompt	763	59042
14528	prompt	5046	59044
14529	prompt	591	59047
14530	prompt	763	59051
14531	prompt	328	59053
14532	prompt	6065	59055
14533	prompt	1882	59059
14534	prompt	487	59062
14535	prompt	328	59064
14536	prompt	4532	59066
14537	prompt	763	59077
14538	prompt	328	59079
14539	prompt	9947	59081
14540	prompt	411	59084
14541	prompt	5224	59089
14542	prompt	310	59094
14543	prompt	16672	59097
14544	prompt	264	59106
14545	prompt	3274	59108
14546	prompt	539	59113
14547	prompt	1141	59116
14548	prompt	2937	59120
14549	prompt	494	59123
14550	prompt	279	59128
14551	prompt	3274	59132
14552	prompt	1103	59137
14553	prompt	6889	59142
14554	prompt	77	59144
14555	prompt	1639	59145
14556	prompt	550	59147
14557	prompt	3095	59149
14558	prompt	310	59154
14559	prompt	5272	59157
14560	prompt	1061	59161
14561	prompt	13086	59166
14562	prompt	1639	59171
14563	prompt	1639	59173
14564	prompt	12	59175
14565	prompt	3095	59176
14566	prompt	488	59181
14567	prompt	1144	59185
14568	prompt	279	59190
14569	prompt	2400	59194
14570	prompt	3874	59199
14571	prompt	321	59211
14572	prompt	2193	59215
14573	prompt	1518	59223
14574	prompt	5732	59230
14575	prompt	944	59239
14576	prompt	383	59244
14577	prompt	264	59247
14578	prompt	3274	59249
14579	prompt	1639	59254
14580	prompt	12	59256
14581	prompt	1946	59257
14582	prompt	3418	59260
14583	prompt	3274	59271
14584	prompt	18948	59276
14585	prompt	318	59289
14586	prompt	12195	59291
14587	prompt	424	59295
14588	prompt	9714	59298
14589	prompt	11	59305
14590	prompt	1092	59306
14591	prompt	9714	59311
14592	prompt	424	59318
14593	prompt	10383	59321
14594	prompt	77	59323
14595	prompt	12	59324
14596	prompt	4486	59325
14597	prompt	1602	59331
14598	prompt	12244	59337
14599	prompt	264	59346
14600	prompt	3274	59348
14601	prompt	11	59353
14602	prompt	310	59354
14603	prompt	615	59357
14604	prompt	4434	59361
14605	prompt	8242	59370
14606	prompt	1639	59383
14607	prompt	1639	59385
14608	prompt	550	59387
14609	prompt	8984	59389
14610	prompt	1639	59396
14611	prompt	1639	59398
14612	prompt	15964	59400
14613	prompt	2400	59407
14614	prompt	3274	59412
14615	prompt	3447	59417
14616	prompt	6964	59425
14617	prompt	77	59427
14618	prompt	12	59428
14619	prompt	2972	59429
14620	prompt	11170	59432
14621	prompt	92217	59439
14622	prompt	5261	59442
14623	prompt	2192	59447
14624	prompt	1639	59453
14625	prompt	12	59455
14626	prompt	2972	59456
14627	prompt	4532	59459
14628	prompt	92217	59470
14629	prompt	60552	59473
14630	prompt	8242	59482
14631	prompt	321	59495
14632	prompt	2193	59499
14633	prompt	1639	59507
14634	prompt	12	59509
14635	prompt	2972	59510
14636	prompt	2738	59513
14637	prompt	92217	59519
14638	prompt	359	59522
14639	prompt	27293	59524
14640	prompt	504	59531
14641	prompt	359	59533
14642	prompt	258	59535
14643	prompt	26324	59537
14644	prompt	504	59546
14645	prompt	466	59548
14646	prompt	359	59551
14647	prompt	33586	59553
14648	prompt	15313	59562
14649	prompt	77	59564
14650	prompt	12	59565
14651	prompt	2972	59566
14652	prompt	21252	59569
14653	prompt	92217	59575
14654	prompt	44920	59578
14655	prompt	8318	59584
14656	prompt	383	59592
14657	prompt	411	59595
14658	prompt	799	59600
14659	prompt	310	59604
14660	prompt	4434	59607
14661	prompt	1639	59616
14662	prompt	12	59618
14663	prompt	2972	59619
14664	prompt	59276	59622
14665	prompt	1311	59629
14666	prompt	92217	59631
14667	prompt	44920	59634
14668	prompt	421	59640
14669	prompt	1902	59645
14670	prompt	4434	59650
14671	prompt	1518	59659
14672	prompt	411	59666
14673	prompt	799	59671
14674	prompt	628	59675
14675	prompt	1151	59679
14676	prompt	1639	59685
14677	prompt	1639	59687
14678	prompt	550	59689
14679	prompt	24886	59691
14680	prompt	1639	59696
14681	prompt	1639	59698
14682	prompt	12	59700
14683	prompt	4486	59701
14684	prompt	42764	59707
14685	prompt	264	59716
14686	prompt	3274	59718
14687	prompt	11	59723
14688	prompt	9845	59724
14689	prompt	1141	59731
14690	prompt	18716	59735
14691	prompt	1311	59743
14692	prompt	1103	59745
14693	prompt	369	59750
14694	prompt	4147	59753
14695	prompt	1518	59759
14696	prompt	6941	59766
14697	prompt	944	59776
14698	prompt	6889	59781
14699	prompt	77	59783
14700	prompt	12	59784
14701	prompt	5272	59785
14702	prompt	5261	59789
14703	prompt	826	59794
14704	prompt	310	59798
14705	prompt	1436	59801
14706	prompt	660	59805
14707	prompt	8806	59809
14708	prompt	303	59815
14709	prompt	11782	59818
14710	prompt	1304	59826
14711	prompt	6889	59831
14712	prompt	77	59833
14713	prompt	487	59834
14714	prompt	328	59836
14715	prompt	13390	59838
14716	prompt	763	59848
14717	prompt	5046	59850
14718	prompt	3	59853
14719	prompt	16838	59854
14720	prompt	763	59860
14721	prompt	328	59862
14722	prompt	2349	59864
14723	prompt	1074	59869
14724	prompt	2164	59872
14725	prompt	76939	59876
14726	prompt	2572	59883
14727	prompt	3336	59887
14728	prompt	2850	59889
14729	prompt	14	59893
14730	prompt	17	59894
14731	prompt	15	59895
14732	prompt	17	59896
14733	prompt	15	59897
14734	prompt	12	59898
14735	prompt	16	59899
14736	prompt	17	59900
14737	prompt	59082	59901
14738	prompt	487	59908
14739	prompt	328	59910
14740	prompt	1267	59912
14741	prompt	763	59916
14742	prompt	328	59918
14743	prompt	1640	59920
14744	prompt	487	59926
14745	prompt	328	59928
14746	prompt	12811	59930
14747	prompt	763	59940
14748	prompt	5046	59942
14749	prompt	77903	59945
14750	prompt	763	59951
14751	prompt	5046	59953
14752	prompt	4532	59956
14753	prompt	763	59967
14754	prompt	328	59969
14755	prompt	760	59971
14756	prompt	2937	59974
14757	prompt	314	59977
14758	prompt	279	59980
14759	prompt	3274	59984
14760	prompt	310	59989
14761	prompt	16672	59992
14762	prompt	487	60001
14763	prompt	328	60003
14764	prompt	1267	60005
14765	prompt	763	60009
14766	prompt	328	60011
14767	prompt	889	60013
14768	prompt	8934	60019
14769	prompt	2069	60021
14770	prompt	328	60023
14771	prompt	6081	60025
14772	prompt	763	60033
14773	prompt	4241	60035
14774	prompt	77903	60038
14775	prompt	7664	60044
14776	prompt	328	60047
14777	prompt	34325	60049
14778	prompt	7654	60059
14779	prompt	763	60069
14780	prompt	867	60071
14781	prompt	72964	60077
14782	prompt	198	60080
14783	prompt	4754	60081
14784	prompt	1267	60083
14785	prompt	763	60087
14786	prompt	328	60089
14787	prompt	1628	60091
14788	prompt	487	60099
14789	prompt	328	60101
14790	prompt	1628	60103
14791	prompt	763	60111
14792	prompt	5046	60113
14793	prompt	591	60116
14794	prompt	763	60120
14795	prompt	328	60122
14796	prompt	6065	60124
14797	prompt	826	60128
14798	prompt	487	60132
14799	prompt	328	60134
14800	prompt	4532	60136
14801	prompt	763	60147
14802	prompt	328	60149
14803	prompt	9947	60151
14804	prompt	411	60154
14805	prompt	5224	60159
14806	prompt	310	60164
14807	prompt	1103	60167
14808	prompt	660	60172
14809	prompt	8806	60176
14810	prompt	303	60182
14811	prompt	279	60185
14812	prompt	3274	60189
14813	prompt	1103	60194
14814	prompt	6889	60199
14815	prompt	77	60201
14816	prompt	1639	60202
14817	prompt	550	60204
14818	prompt	3095	60206
14819	prompt	310	60211
14820	prompt	5272	60214
14821	prompt	1061	60218
14822	prompt	13086	60223
14823	prompt	1639	60228
14824	prompt	1639	60230
14825	prompt	12	60232
14826	prompt	1946	60233
14827	prompt	1436	60236
14828	prompt	1092	60240
14829	prompt	8806	60245
14830	prompt	513	60251
14831	prompt	2420	60255
14832	prompt	310	60265
14833	prompt	944	60268
14834	prompt	383	60273
14835	prompt	318	60276
14836	prompt	2738	60278
14837	prompt	25	60284
14838	prompt	359	60285
14839	prompt	27293	60287
14840	prompt	504	60294
14841	prompt	874	60296
14842	prompt	6171	60299
14843	prompt	11	60305
14844	prompt	524	60306
14845	prompt	18716	60310
14846	prompt	10383	60318
14847	prompt	77	60320
14848	prompt	12	60321
14849	prompt	1946	60322
14850	prompt	1716	60325
14851	prompt	7830	60331
14852	prompt	4936	60339
14853	prompt	383	60348
14854	prompt	279	60351
14855	prompt	2313	60355
14856	prompt	1639	60363
14857	prompt	12	60365
14858	prompt	1946	60366
14859	prompt	1423	60369
14860	prompt	8806	60374
14861	prompt	421	60380
14862	prompt	513	60385
14863	prompt	18716	60389
14864	prompt	321	60397
14865	prompt	1144	60401
14866	prompt	18948	60406
14867	prompt	19072	60419
14868	prompt	1639	60428
14869	prompt	12	60430
14870	prompt	4486	60431
14871	prompt	25720	60437
14872	prompt	264	60448
14873	prompt	3274	60450
14874	prompt	11	60455
14875	prompt	310	60456
14876	prompt	1716	60459
14877	prompt	364	60465
14878	prompt	13238	60469
14879	prompt	632	60475
14880	prompt	59276	60478
14881	prompt	944	60485
14882	prompt	466	60490
14883	prompt	3591	60493
14884	prompt	279	60499
14885	prompt	1727	60503
14886	prompt	2420	60508
14887	prompt	3274	60518
14888	prompt	1639	60523
14889	prompt	12	60525
14890	prompt	2972	60526
14891	prompt	4551	60529
14892	prompt	776	60532
14893	prompt	3133	60535
14894	prompt	383	60543
14895	prompt	8806	60546
14896	prompt	303	60552
14897	prompt	2937	60555
14898	prompt	1906	60558
14899	prompt	332	60564
14900	prompt	318	60566
14901	prompt	86806	60568
14902	prompt	2937	60574
14903	prompt	1118	60577
14904	prompt	8	60583
14905	prompt	948	60584
14906	prompt	5081	60589
14907	prompt	8806	60598
14908	prompt	513	60604
14909	prompt	2420	60608
14910	prompt	11	60618
14911	prompt	430	60619
14912	prompt	6575	60622
14913	prompt	8806	60630
14914	prompt	3428	60636
14915	prompt	716	60642
14916	prompt	685	60646
14917	prompt	2193	60649
14918	prompt	364	60657
14919	prompt	2843	60661
14920	prompt	5981	60667
14921	prompt	1639	60672
14922	prompt	1639	60674
14923	prompt	550	60676
14924	prompt	8984	60678
14925	prompt	1639	60685
14926	prompt	1639	60687
14927	prompt	15964	60689
14928	prompt	264	60696
14929	prompt	11782	60698
14930	prompt	314	60706
14931	prompt	1754	60709
14932	prompt	3274	60714
14933	prompt	6964	60719
14934	prompt	77	60721
14935	prompt	12	60722
14936	prompt	2972	60723
14937	prompt	306	60726
14938	prompt	92217	60728
14939	prompt	5261	60731
14940	prompt	12448	60736
14941	prompt	318	60747
14942	prompt	784	60749
14943	prompt	440	60752
14944	prompt	5261	60757
14945	prompt	1882	60762
14946	prompt	11	60765
14947	prompt	5261	60766
14948	prompt	4149	60771
14949	prompt	10383	60777
14950	prompt	77	60779
14951	prompt	12	60780
14952	prompt	2972	60781
14953	prompt	11170	60784
14954	prompt	92217	60791
14955	prompt	35312	60794
14956	prompt	3874	60800
14957	prompt	314	60812
14958	prompt	279	60815
14959	prompt	3274	60819
14960	prompt	1639	60824
14961	prompt	12	60826
14962	prompt	2972	60827
14963	prompt	2738	60830
14964	prompt	92217	60836
14965	prompt	359	60839
14966	prompt	27293	60841
14967	prompt	504	60848
14968	prompt	359	60850
14969	prompt	258	60852
14970	prompt	26324	60854
14971	prompt	504	60863
14972	prompt	466	60865
14973	prompt	359	60868
14974	prompt	33586	60870
14975	prompt	15313	60879
14976	prompt	77	60881
14977	prompt	12	60882
14978	prompt	2972	60883
14979	prompt	7862	60886
14980	prompt	92217	60891
14981	prompt	20086	60894
14982	prompt	2937	60900
14983	prompt	413	60903
14984	prompt	12244	60906
14985	prompt	11	60915
14986	prompt	4147	60916
14987	prompt	413	60922
14988	prompt	2420	60925
14989	prompt	1639	60935
14990	prompt	12	60937
14991	prompt	2972	60938
14992	prompt	59276	60941
14993	prompt	1311	60948
14994	prompt	92217	60950
14995	prompt	1697	60953
14996	prompt	314	60958
14997	prompt	1724	60961
14998	prompt	3274	60966
14999	prompt	27437	60971
15000	prompt	421	60975
15001	prompt	1902	60980
15002	prompt	381	60985
15003	prompt	19072	60988
15004	prompt	1118	60997
15005	prompt	318	61003
15006	prompt	23977	61005
15007	prompt	440	61010
15008	prompt	18716	61015
15009	prompt	1311	61023
15010	prompt	4021	61025
15011	prompt	381	61032
15012	prompt	11324	61035
15013	prompt	2980	61043
15014	prompt	18948	61049
15015	prompt	8563	61062
15016	prompt	10383	61070
15017	prompt	77	61072
15018	prompt	1639	61073
15019	prompt	9947	61075
15020	prompt	5261	61078
15021	prompt	1882	61083
15022	prompt	440	61086
15023	prompt	264	61091
15024	prompt	3050	61093
15025	prompt	3274	61102
15026	prompt	2937	61107
15027	prompt	310	61110
15028	prompt	1593	61113
15029	prompt	2400	61118
15030	prompt	3447	61123
15031	prompt	2583	61131
15032	prompt	3874	61141
15033	prompt	321	61153
15034	prompt	5853	61157
15035	prompt	6889	61166
15036	prompt	77	61168
15037	prompt	487	61169
15038	prompt	328	61171
15039	prompt	13390	61173
15040	prompt	763	61183
15041	prompt	5046	61185
15042	prompt	3	61188
15043	prompt	16838	61189
15044	prompt	763	61195
15045	prompt	328	61197
15046	prompt	2349	61199
15047	prompt	1074	61204
15048	prompt	2164	61207
15049	prompt	76939	61211
15050	prompt	2572	61218
15051	prompt	3336	61222
15052	prompt	2850	61224
15053	prompt	14	61228
15054	prompt	17	61229
15055	prompt	15	61230
15056	prompt	17	61231
15057	prompt	15	61232
15058	prompt	12	61233
15059	prompt	16	61234
15060	prompt	17	61235
15061	prompt	59082	61236
15062	prompt	487	61243
15063	prompt	328	61245
15064	prompt	1267	61247
15065	prompt	763	61251
15066	prompt	328	61253
15067	prompt	1640	61255
15068	prompt	487	61261
15069	prompt	328	61263
15070	prompt	12811	61265
15071	prompt	763	61275
15072	prompt	15969	61277
15073	prompt	328	61281
15074	prompt	34325	61283
15075	prompt	7654	61293
15076	prompt	763	61303
15077	prompt	867	61305
15078	prompt	72964	61311
15079	prompt	198	61314
15080	prompt	4754	61315
15081	prompt	1267	61317
15082	prompt	763	61321
15083	prompt	328	61323
15084	prompt	1628	61325
15085	prompt	487	61333
15086	prompt	328	61335
15087	prompt	1628	61337
15088	prompt	763	61345
15089	prompt	5046	61347
15090	prompt	591	61350
15091	prompt	763	61354
15092	prompt	328	61356
15093	prompt	6065	61358
15094	prompt	4935	61362
15095	prompt	487	61368
15096	prompt	328	61370
15097	prompt	4532	61372
15098	prompt	763	61383
15099	prompt	328	61385
15100	prompt	1113	61387
15101	prompt	55778	61389
15102	prompt	25	61397
15103	prompt	24016	61398
15104	prompt	8806	61409
15105	prompt	460	61415
15106	prompt	836	61422
15107	prompt	2468	61428
15108	prompt	999	61435
15109	prompt	1752	61440
15110	prompt	303	61445
15111	prompt	279	61448
15112	prompt	5224	61452
15113	prompt	1067	61457
15114	prompt	11	61464
15115	prompt	321	61465
15116	prompt	488	61469
15117	prompt	5091	61473
15118	prompt	264	61481
15119	prompt	361	61483
15120	prompt	7945	61485
15121	prompt	87601	61489
15122	prompt	29	61502
15123	prompt	440	61503
15124	prompt	279	61508
15125	prompt	1788	61512
15126	prompt	1752	61517
15127	prompt	948	61522
15128	prompt	279	61527
15129	prompt	3274	61531
15130	prompt	43117	61536
15131	prompt	6889	61546
15132	prompt	77	61548
15133	prompt	12	61549
15134	prompt	1690	61550
15135	prompt	26156	61554
15136	prompt	8806	61559
15137	prompt	25	61565
15138	prompt	10386	61566
15139	prompt	1608	61573
15140	prompt	279	61579
15141	prompt	4310	61583
15142	prompt	5224	61588
15143	prompt	383	61593
15144	prompt	421	61596
15145	prompt	2468	61601
15146	prompt	999	61608
15147	prompt	1752	61613
15148	prompt	1892	61618
15149	prompt	424	61622
15150	prompt	5435	61625
15151	prompt	19463	61634
15152	prompt	20886	61641
15153	prompt	600	61645
15154	prompt	6889	61648
15155	prompt	77	61650
15156	prompt	12	61651
15157	prompt	1690	61652
15158	prompt	2136	61656
15159	prompt	24911	61662
15160	prompt	8806	61668
15161	prompt	25	61674
15162	prompt	958	61675
15163	prompt	279	61679
15164	prompt	20086	61683
15165	prompt	5224	61689
15166	prompt	1067	61694
15167	prompt	5774	61701
15168	prompt	13	61710
15169	prompt	3054	61711
15170	prompt	4045	61714
15171	prompt	4310	61718
15172	prompt	279	61723
15173	prompt	641	61727
15174	prompt	2911	61729
15175	prompt	999	61735
15176	prompt	1892	61740
15177	prompt	424	61744
15178	prompt	369	61747
15179	prompt	264	61750
15180	prompt	80350	61752
15181	prompt	310	61760
15182	prompt	279	61763
15183	prompt	2400	61767
15184	prompt	1146	61772
15185	prompt	7838	61776
15186	prompt	10125	61781
15187	prompt	34534	61794
15188	prompt	318	61805
15189	prompt	5202	61807
15190	prompt	43	61811
15191	prompt	8	61812
15192	prompt	321	61813
15193	prompt	668	61817
15194	prompt	16000	61822
15195	prompt	678	61831
15196	prompt	2193	61836
15197	prompt	3136	61844
15198	prompt	6889	61851
15199	prompt	77	61853
15200	prompt	12	61854
15201	prompt	1690	61855
15202	prompt	8434	61859
15203	prompt	24911	61866
15204	prompt	8806	61872
15205	prompt	25	61878
15206	prompt	10386	61879
15207	prompt	1608	61886
15208	prompt	279	61892
15209	prompt	4310	61896
15210	prompt	5224	61901
15211	prompt	383	61906
15212	prompt	279	61909
15213	prompt	2468	61913
15214	prompt	999	61920
15215	prompt	1752	61925
15216	prompt	1892	61930
15217	prompt	424	61934
15218	prompt	5435	61937
15219	prompt	279	61946
15220	prompt	70755	61950
15221	prompt	8434	61959
15222	prompt	3669	61966
15223	prompt	2468	61974
15224	prompt	318	61981
15225	prompt	23310	61983
15226	prompt	430	61987
15227	prompt	26156	61990
15228	prompt	69884	61995
15229	prompt	77	61998
15230	prompt	1639	61999
15231	prompt	12	62001
15232	prompt	47038	62002
15233	prompt	2468	62012
15234	prompt	494	62019
15235	prompt	264	62024
15236	prompt	4162	62026
15237	prompt	466	62034
15238	prompt	7888	62037
15239	prompt	3274	62047
15240	prompt	318	62052
15241	prompt	6530	62054
15242	prompt	12168	62064
15243	prompt	11	62070
15244	prompt	8057	62071
15245	prompt	11	62077
15246	prompt	466	62078
15247	prompt	8434	62081
15248	prompt	3669	62088
15249	prompt	10383	62096
15250	prompt	77	62098
15251	prompt	12	62099
15252	prompt	36363	62100
15253	prompt	264	62106
15254	prompt	3274	62108
15255	prompt	816	62113
15256	prompt	5555	62116
15257	prompt	23812	62126
15258	prompt	279	62138
15259	prompt	3274	62142
15260	prompt	1639	62147
15261	prompt	12	62149
15262	prompt	5019	62150
15263	prompt	279	62158
15264	prompt	3274	62162
15265	prompt	2468	62167
15266	prompt	3055	62174
15267	prompt	440	62180
15268	prompt	2552	62185
15269	prompt	1928	62192
15270	prompt	1639	62204
15271	prompt	12	62206
15272	prompt	5272	62207
15273	prompt	2424	62211
15274	prompt	10938	62217
15275	prompt	318	62222
15276	prompt	2186	62224
15277	prompt	8	62231
15278	prompt	310	62232
15279	prompt	3655	62235
15280	prompt	364	62240
15281	prompt	3274	62244
15282	prompt	9463	62249
15283	prompt	1639	62260
15284	prompt	12	62262
15285	prompt	5272	62263
15286	prompt	2424	62267
15287	prompt	11871	62273
15288	prompt	364	62279
15289	prompt	2397	62283
15290	prompt	76068	62287
15291	prompt	1716	62296
15292	prompt	314	62302
15293	prompt	1428	62305
15294	prompt	2552	62313
15295	prompt	1639	62320
15296	prompt	12	62322
15297	prompt	5261	62323
15298	prompt	27437	62328
15299	prompt	628	62332
15300	prompt	381	62336
15301	prompt	1669	62339
15302	prompt	1608	62345
15303	prompt	279	62351
15304	prompt	593	62355
15305	prompt	23977	62357
15306	prompt	3108	62362
15307	prompt	1639	62370
15308	prompt	12	62372
15309	prompt	20457	62373
15310	prompt	440	62379
15311	prompt	660	62384
15312	prompt	3274	62388
15313	prompt	4346	62393
15314	prompt	25	62399
15315	prompt	3870	62400
15316	prompt	41535	62411
15317	prompt	11	62418
15318	prompt	3203	62419
15319	prompt	12636	62425
15320	prompt	11	62432
15321	prompt	321	62433
15322	prompt	8434	62437
15323	prompt	15243	62444
15324	prompt	487	62453
15325	prompt	328	62455
15326	prompt	13390	62457
15327	prompt	763	62467
15328	prompt	5046	62469
15329	prompt	3	62472
15330	prompt	16838	62473
15331	prompt	763	62479
15332	prompt	328	62481
15333	prompt	2349	62483
15334	prompt	1074	62488
15335	prompt	2164	62491
15336	prompt	76939	62495
15337	prompt	2572	62502
15338	prompt	3336	62506
15339	prompt	2850	62508
15340	prompt	14	62512
15341	prompt	17	62513
15342	prompt	15	62514
15343	prompt	17	62515
15344	prompt	15	62516
15345	prompt	12	62517
15346	prompt	16	62518
15347	prompt	17	62519
15348	prompt	59082	62520
15349	prompt	487	62527
15350	prompt	328	62529
15351	prompt	1267	62531
15352	prompt	763	62535
15353	prompt	328	62537
15354	prompt	1640	62539
15355	prompt	487	62545
15356	prompt	328	62547
15357	prompt	12811	62549
15358	prompt	763	62559
15359	prompt	5046	62561
15360	prompt	7945	62564
15361	prompt	816	62568
15362	prompt	763	62571
15363	prompt	5046	62573
15364	prompt	4532	62576
15365	prompt	763	62587
15366	prompt	328	62589
15367	prompt	760	62591
15368	prompt	3274	62594
15369	prompt	2937	62599
15370	prompt	310	62602
15371	prompt	615	62605
15372	prompt	2468	62609
15373	prompt	494	62616
15374	prompt	487	62621
15375	prompt	328	62623
15376	prompt	1267	62625
15377	prompt	763	62629
15378	prompt	328	62631
15379	prompt	889	62633
15380	prompt	13933	62639
15381	prompt	328	62642
15382	prompt	4425	62644
15383	prompt	763	62649
15384	prompt	5046	62651
15385	prompt	4532	62654
15386	prompt	763	62665
15387	prompt	328	62667
15388	prompt	23922	62669
15389	prompt	310	62676
15390	prompt	3655	62679
15391	prompt	364	62684
15392	prompt	9463	62688
15393	prompt	487	62699
15394	prompt	328	62701
15395	prompt	2186	62703
15396	prompt	763	62710
15397	prompt	804	62712
15398	prompt	11	62717
15399	prompt	328	62718
15400	prompt	1267	62720
15401	prompt	763	62724
15402	prompt	328	62726
15403	prompt	5925	62728
15404	prompt	13933	62735
15405	prompt	328	62738
15406	prompt	13745	62740
15407	prompt	763	62747
15408	prompt	5046	62749
15409	prompt	4532	62752
15410	prompt	763	62763
15411	prompt	328	62765
15412	prompt	5786	62767
15413	prompt	3655	62770
15414	prompt	854	62775
15415	prompt	303	62780
15416	prompt	9537	62783
15417	prompt	487	62786
15418	prompt	328	62788
15419	prompt	2186	62790
15420	prompt	763	62797
15421	prompt	220	62799
15422	prompt	18	62800
15423	prompt	15	62801
15424	prompt	15	62802
15425	prompt	15	62803
15426	prompt	15	62804
15427	prompt	11	62805
15428	prompt	328	62806
15429	prompt	1267	62808
15430	prompt	763	62812
15431	prompt	328	62814
15432	prompt	3946	62816
15433	prompt	487	62822
15434	prompt	328	62824
15435	prompt	36733	62826
15436	prompt	763	62833
15437	prompt	220	62835
15438	prompt	15	62836
15439	prompt	11	62837
15440	prompt	328	62838
15441	prompt	37890	62840
15442	prompt	763	62847
15443	prompt	220	62849
15444	prompt	21	62850
15445	prompt	15	62851
15446	prompt	15	62852
15447	prompt	15	62853
15448	prompt	15	62854
15449	prompt	15	62855
15450	prompt	36892	62856
15451	prompt	328	62859
15452	prompt	6081	62861
15453	prompt	763	62869
15454	prompt	4241	62871
15455	prompt	7945	62874
15456	prompt	816	62878
15457	prompt	487	62881
15458	prompt	328	62883
15459	prompt	4425	62885
15460	prompt	487	62890
15461	prompt	328	62892
15462	prompt	13745	62894
15463	prompt	7664	62901
15464	prompt	328	62904
15465	prompt	34325	62906
15466	prompt	7654	62916
15467	prompt	763	62926
15468	prompt	867	62928
15469	prompt	72964	62934
15470	prompt	198	62937
15471	prompt	4754	62938
15472	prompt	1267	62940
15473	prompt	763	62944
15474	prompt	328	62946
15475	prompt	1628	62948
15476	prompt	487	62956
15477	prompt	328	62958
15478	prompt	1628	62960
15479	prompt	763	62968
15480	prompt	5046	62970
15481	prompt	591	62973
15482	prompt	763	62977
15483	prompt	328	62979
15484	prompt	6065	62981
15485	prompt	10358	62985
15486	prompt	487	62989
15487	prompt	328	62991
15488	prompt	4532	62993
15489	prompt	763	63004
15490	prompt	2823	63006
15491	prompt	77	63009
15492	prompt	12	63010
15493	prompt	85912	63011
15494	prompt	264	63017
15495	prompt	4162	63019
15496	prompt	3870	63027
15497	prompt	3274	63038
15498	prompt	539	63043
15499	prompt	1141	63046
15500	prompt	2937	63050
15501	prompt	1639	63053
15502	prompt	12	63055
15503	prompt	36363	63056
15504	prompt	264	63062
15505	prompt	3274	63064
15506	prompt	816	63069
15507	prompt	5555	63072
15508	prompt	23812	63082
15509	prompt	279	63094
15510	prompt	3274	63098
15511	prompt	310	63103
15512	prompt	2842	63106
15513	prompt	1639	63111
15514	prompt	12	63113
15515	prompt	5019	63114
15516	prompt	264	63122
15517	prompt	2316	63124
15518	prompt	466	63132
15519	prompt	7652	63135
15520	prompt	2552	63143
15521	prompt	1639	63150
15522	prompt	12	63152
15523	prompt	5272	63153
15524	prompt	411	63157
15525	prompt	5224	63162
15526	prompt	948	63167
15527	prompt	488	63172
15528	prompt	1144	63176
15529	prompt	310	63181
15530	prompt	28685	63184
15531	prompt	264	63194
15532	prompt	1248	63196
15533	prompt	51695	63201
15534	prompt	3274	63209
15535	prompt	1639	63214
15536	prompt	487	63216
15537	prompt	328	63218
15538	prompt	13390	63220
15539	prompt	763	63230
15540	prompt	5046	63232
15541	prompt	3	63235
15542	prompt	16838	63236
15543	prompt	763	63242
15544	prompt	328	63244
15545	prompt	2349	63246
15546	prompt	1074	63251
15547	prompt	2164	63254
15548	prompt	76939	63258
15549	prompt	2572	63265
15550	prompt	3336	63269
15551	prompt	2850	63271
15552	prompt	14	63275
15553	prompt	17	63276
15554	prompt	15	63277
15555	prompt	17	63278
15556	prompt	15	63279
15557	prompt	12	63280
15558	prompt	16	63281
15559	prompt	17	63282
15560	prompt	59082	63283
15561	prompt	487	63290
15562	prompt	328	63292
15563	prompt	1267	63294
15564	prompt	763	63298
15565	prompt	328	63300
15566	prompt	1640	63302
15567	prompt	487	63308
15568	prompt	328	63310
15569	prompt	12811	63312
15570	prompt	763	63322
15571	prompt	5046	63324
15572	prompt	7945	63327
15573	prompt	816	63331
15574	prompt	763	63334
15575	prompt	5046	63336
15576	prompt	4532	63339
15577	prompt	763	63350
15578	prompt	328	63352
15579	prompt	760	63354
15580	prompt	2937	63357
15581	prompt	314	63360
15582	prompt	279	63363
15583	prompt	3870	63367
15584	prompt	3274	63378
15585	prompt	310	63383
15586	prompt	2842	63386
15587	prompt	487	63391
15588	prompt	328	63393
15589	prompt	1267	63395
15590	prompt	763	63399
15591	prompt	328	63401
15592	prompt	889	63403
15593	prompt	13933	63409
15594	prompt	328	63412
15595	prompt	20728	63414
15596	prompt	816	63419
15597	prompt	763	63422
15598	prompt	5046	63424
15599	prompt	4532	63427
15600	prompt	763	63438
15601	prompt	328	63440
15602	prompt	49617	63442
15603	prompt	25	63452
15604	prompt	958	63453
15605	prompt	3274	63457
15606	prompt	816	63462
15607	prompt	4370	63465
15608	prompt	487	63473
15609	prompt	328	63475
15610	prompt	1267	63477
15611	prompt	763	63481
15612	prompt	328	63483
15613	prompt	889	63485
15614	prompt	8934	63491
15615	prompt	2069	63493
15616	prompt	328	63495
15617	prompt	34325	63497
15618	prompt	7654	63507
15619	prompt	763	63517
15620	prompt	867	63519
15621	prompt	72964	63525
15622	prompt	198	63528
15623	prompt	4754	63529
15624	prompt	1267	63531
15625	prompt	763	63535
15626	prompt	328	63537
15627	prompt	1628	63539
15628	prompt	487	63547
15629	prompt	328	63549
15630	prompt	1628	63551
15631	prompt	763	63559
15632	prompt	5046	63561
15633	prompt	591	63564
15634	prompt	763	63568
15635	prompt	328	63570
15636	prompt	6065	63572
15637	prompt	4149	63576
15638	prompt	487	63582
15639	prompt	328	63584
15640	prompt	4532	63586
15641	prompt	763	63597
15642	prompt	328	63599
15643	prompt	9947	63601
15644	prompt	411	63604
15645	prompt	5224	63609
15646	prompt	310	63614
15647	prompt	2560	63617
15648	prompt	264	63624
15649	prompt	3274	63626
15650	prompt	303	63631
15651	prompt	279	63634
15652	prompt	3274	63638
15653	prompt	1103	63643
15654	prompt	6889	63648
15655	prompt	77	63650
15656	prompt	1639	63651
15657	prompt	550	63653
15658	prompt	3095	63655
15659	prompt	310	63660
15660	prompt	5272	63663
15661	prompt	1061	63667
15662	prompt	13086	63672
15663	prompt	1639	63677
15664	prompt	1639	63679
15665	prompt	332	63681
15666	prompt	8679	63683
15667	prompt	8806	63687
15668	prompt	430	63693
15669	prompt	19072	63696
15670	prompt	64700	63705
15671	prompt	59	63708
15672	prompt	77	63709
15673	prompt	12	63710
15674	prompt	3095	63711
15675	prompt	488	63716
15676	prompt	599	63720
15677	prompt	7888	63725
15678	prompt	279	63735
15679	prompt	944	63739
15680	prompt	7246	63744
15681	prompt	303	63754
15682	prompt	264	63757
15683	prompt	3274	63759
15684	prompt	1639	63764
15685	prompt	12	63766
15686	prompt	3095	63767
15687	prompt	264	63772
15688	prompt	3274	63774
15689	prompt	369	63779
15690	prompt	874	63782
15691	prompt	4860	63785
15692	prompt	4221	63792
15693	prompt	466	63799
15694	prompt	682	63802
15695	prompt	978	63806
15696	prompt	49948	63811
15697	prompt	28958	63818
15698	prompt	1639	63822
15699	prompt	12	63824
15700	prompt	64872	63825
15701	prompt	25	63835
15702	prompt	22516	63836
15703	prompt	1804	63843
15704	prompt	678	63848
15705	prompt	12244	63853
15706	prompt	8806	63862
15707	prompt	430	63868
15708	prompt	19072	63871
15709	prompt	948	63880
15710	prompt	488	63885
15711	prompt	6052	63889
15712	prompt	1070	63896
15713	prompt	1639	63901
15714	prompt	12	63903
15715	prompt	4486	63904
15716	prompt	50716	63910
15717	prompt	11	63920
15718	prompt	1562	63921
15719	prompt	5261	63926
15720	prompt	826	63931
15721	prompt	310	63935
15722	prompt	1423	63938
15723	prompt	678	63943
15724	prompt	1727	63948
15725	prompt	3274	63953
15726	prompt	1639	63958
15727	prompt	1639	63960
15728	prompt	12	63962
15729	prompt	25835	63963
15730	prompt	1804	63968
15731	prompt	264	63973
15732	prompt	3274	63975
15733	prompt	430	63980
15734	prompt	7888	63983
15735	prompt	948	63993
15736	prompt	488	63998
15737	prompt	599	64002
15738	prompt	38425	64007
15739	prompt	56	64012
15740	prompt	25400	64013
15741	prompt	424	64026
15742	prompt	1639	64029
15743	prompt	12	64031
15744	prompt	1368	64032
15745	prompt	488	64035
15746	prompt	12460	64039
15747	prompt	5787	64049
15748	prompt	11	64056
15749	prompt	80265	64057
15750	prompt	11	64066
15751	prompt	466	64067
15752	prompt	4021	64070
15753	prompt	6052	64077
15754	prompt	11	64084
15755	prompt	2426	64085
15756	prompt	279	64090
15757	prompt	3274	64094
15758	prompt	430	64099
15759	prompt	303	64102
15760	prompt	26324	64105
15761	prompt	1639	64114
15762	prompt	12	64116
15763	prompt	3095	64117
15764	prompt	18716	64122
15765	prompt	11	64130
15766	prompt	1791	64131
15767	prompt	264	64138
15768	prompt	491	64140
15769	prompt	3274	64144
15770	prompt	21988	64149
15771	prompt	1092	64160
15772	prompt	3749	64165
15773	prompt	310	64171
15774	prompt	381	64174
15775	prompt	19072	64177
15776	prompt	1639	64186
15777	prompt	12	64188
15778	prompt	14271	64189
15779	prompt	1804	64195
15780	prompt	264	64200
15781	prompt	3274	64202
15782	prompt	430	64207
15783	prompt	7888	64210
15784	prompt	413	64220
15785	prompt	6964	64223
15786	prompt	77	64225
15787	prompt	220	64226
15788	prompt	471	64227
15789	prompt	19537	64229
15790	prompt	513	64235
15791	prompt	20738	64239
15792	prompt	1639	64247
15793	prompt	220	64249
15794	prompt	471	64250
15795	prompt	29806	64252
15796	prompt	369	64267
15797	prompt	6907	64270
15798	prompt	1639	64278
15799	prompt	220	64280
15800	prompt	471	64281
15801	prompt	1394	64283
15802	prompt	22339	64287
15803	prompt	77397	64299
15804	prompt	5787	64310
15805	prompt	1639	64317
15806	prompt	220	64319
15807	prompt	471	64320
15808	prompt	1394	64322
15809	prompt	7448	64326
15810	prompt	914	64333
15811	prompt	1423	64335
15812	prompt	5689	64340
15813	prompt	3425	64350
15814	prompt	466	64356
15815	prompt	18948	64359
15816	prompt	1639	64372
15817	prompt	1639	64374
15818	prompt	332	64376
15819	prompt	6233	64378
15820	prompt	8806	64384
15821	prompt	64700	64390
15822	prompt	59	64393
15823	prompt	77	64394
15824	prompt	12	64395
15825	prompt	3095	64396
15826	prompt	264	64401
15827	prompt	3274	64403
15828	prompt	369	64408
15829	prompt	874	64411
15830	prompt	4860	64414
15831	prompt	9468	64421
15832	prompt	466	64430
15833	prompt	557	64433
15834	prompt	3354	64437
15835	prompt	303	64445
15836	prompt	1412	64448
15837	prompt	1639	64454
15838	prompt	12	64456
15839	prompt	19427	64457
15840	prompt	2552	64465
15841	prompt	310	64472
15842	prompt	1510	64475
15843	prompt	25673	64477
15844	prompt	63	64484
15845	prompt	29754	64485
15846	prompt	27245	64497
15847	prompt	279	64505
15848	prompt	3274	64509
15849	prompt	1639	64514
15850	prompt	1639	64516
15851	prompt	332	64518
15852	prompt	4149	64520
15853	prompt	3274	64526
15854	prompt	3447	64531
15855	prompt	64700	64539
15856	prompt	59	64542
15857	prompt	77	64543
15858	prompt	12	64544
15859	prompt	3095	64545
15860	prompt	8242	64550
15861	prompt	2222	64563
15862	prompt	466	64570
15863	prompt	3512	64573
15864	prompt	46767	64580
15865	prompt	1639	64588
15866	prompt	12	64590
15867	prompt	3095	64591
15868	prompt	29593	64596
15869	prompt	18948	64609
15870	prompt	1881	64622
15871	prompt	8806	64630
15872	prompt	1639	64636
15873	prompt	1639	64638
15874	prompt	550	64640
15875	prompt	23804	64642
15876	prompt	1394	64649
15877	prompt	2885	64653
15878	prompt	5376	64657
15879	prompt	1639	64664
15880	prompt	1639	64666
15881	prompt	12	64668
15882	prompt	2972	64669
15883	prompt	2738	64672
15884	prompt	92217	64678
15885	prompt	561	64681
15886	prompt	3274	64685
15887	prompt	2552	64690
15888	prompt	318	64697
15889	prompt	3924	64699
15890	prompt	7848	64702
15891	prompt	58144	64709
15892	prompt	3559	64718
15893	prompt	10383	64724
15894	prompt	77	64726
15895	prompt	12	64727
15896	prompt	2972	64728
15897	prompt	11170	64731
15898	prompt	92217	64738
15899	prompt	10079	64741
15900	prompt	279	64748
15901	prompt	3274	64752
15902	prompt	2192	64757
15903	prompt	318	64763
15904	prompt	196457	64765
15905	prompt	1340	64770
15906	prompt	1304	64775
15907	prompt	11	64780
15908	prompt	378	64781
15909	prompt	1257	64783
15910	prompt	2487	64785
15911	prompt	7018	64787
15912	prompt	6516	64790
15913	prompt	6813	64793
15914	prompt	60592	64799
15915	prompt	59	64802
15916	prompt	77	64803
15917	prompt	12	64804
15918	prompt	2972	64805
15919	prompt	4532	64808
15920	prompt	92217	64819
15921	prompt	10079	64822
15922	prompt	279	64829
15923	prompt	3274	64833
15924	prompt	3874	64838
15925	prompt	1639	64850
15926	prompt	12	64852
15927	prompt	2972	64853
15928	prompt	2932	64856
15929	prompt	1774	64862
15930	prompt	92217	64866
15931	prompt	25790	64869
15932	prompt	18677	64877
15933	prompt	1304	64888
15934	prompt	6625	64893
15935	prompt	303	64899
15936	prompt	34318	64902
15937	prompt	948	64910
15938	prompt	303	64915
15939	prompt	26324	64918
15940	prompt	318	64927
15941	prompt	68	64929
15942	prompt	1257	64930
15943	prompt	2487	64932
15944	prompt	7018	64934
15945	prompt	18417	64937
15946	prompt	6813	64944
15947	prompt	60592	64950
15948	prompt	59	64953
15949	prompt	77	64954
15950	prompt	12	64955
15951	prompt	2972	64956
15952	prompt	7862	64959
15953	prompt	92217	64964
15954	prompt	10079	64967
15955	prompt	279	64974
15956	prompt	3274	64978
15957	prompt	6171	64983
15958	prompt	318	64989
15959	prompt	7838	64991
15960	prompt	803	64996
15961	prompt	10383	65001
15962	prompt	77	65003
15963	prompt	12	65004
15964	prompt	2972	65005
15965	prompt	17111	65008
15966	prompt	92217	65016
15967	prompt	38754	65019
15968	prompt	10836	65025
15969	prompt	6679	65034
15970	prompt	1083	65039
15971	prompt	279	65044
15972	prompt	3274	65048
15973	prompt	318	65053
15974	prompt	723	65055
15975	prompt	264	65058
15976	prompt	1328	65060
15977	prompt	310	65064
15978	prompt	819	65067
15979	prompt	310	65072
15980	prompt	3572	65075
15981	prompt	424	65082
15982	prompt	10383	65085
15983	prompt	77	65087
15984	prompt	12	65088
15985	prompt	2972	65089
15986	prompt	698	65092
15987	prompt	28830	65095
15988	prompt	92217	65101
15989	prompt	4246	65104
15990	prompt	8806	65109
15991	prompt	421	65115
15992	prompt	4021	65120
15993	prompt	1151	65127
15994	prompt	2980	65133
15995	prompt	411	65139
15996	prompt	799	65144
15997	prompt	43117	65148
15998	prompt	1639	65158
15999	prompt	12	65160
16000	prompt	2972	65161
16001	prompt	698	65164
16002	prompt	92533	65167
16003	prompt	1311	65174
16004	prompt	92217	65176
16005	prompt	4246	65179
16006	prompt	8806	65184
16007	prompt	421	65190
16008	prompt	1902	65195
16009	prompt	4434	65200
16010	prompt	1518	65209
16011	prompt	411	65216
16012	prompt	799	65221
16013	prompt	628	65225
16014	prompt	1151	65229
16015	prompt	1639	65235
16016	prompt	1639	65237
16017	prompt	550	65239
16018	prompt	7848	65241
16019	prompt	58144	65248
16020	prompt	1639	65257
16021	prompt	1639	65259
16022	prompt	2442	65261
16023	prompt	65332	65267
16024	prompt	25	65278
16025	prompt	1510	65279
16026	prompt	27293	65281
16027	prompt	63	65288
16028	prompt	11069	65289
16029	prompt	1510	65293
16030	prompt	258	65295
16031	prompt	26324	65297
16032	prompt	63	65306
16033	prompt	11069	65307
16034	prompt	1510	65311
16035	prompt	33586	65313
16036	prompt	59012	65322
16037	prompt	77	65324
16038	prompt	1639	65325
16039	prompt	9947	65327
16040	prompt	1510	65330
16041	prompt	25673	65332
16042	prompt	63	65339
16043	prompt	310	65340
16044	prompt	29754	65343
16045	prompt	3921	65355
16046	prompt	264	65362
16047	prompt	3274	65364
16048	prompt	6889	65369
16049	prompt	77	65371
16050	prompt	1639	65372
16051	prompt	550	65374
16052	prompt	769	65376
16053	prompt	278	65379
16054	prompt	22967	65381
16055	prompt	1639	65386
16056	prompt	1639	65388
16057	prompt	7825	65390
16058	prompt	2617	65394
16059	prompt	310	65399
16060	prompt	1301	65402
16061	prompt	264	65407
16062	prompt	3274	65409
16063	prompt	579	65414
16064	prompt	5362	65416
16065	prompt	1528	65423
16066	prompt	1608	65429
16067	prompt	1510	65435
16068	prompt	6065	65437
16069	prompt	1882	65441
16070	prompt	63	65444
16071	prompt	1518	65445
16072	prompt	20368	65452
16073	prompt	424	65461
16074	prompt	6889	65464
16075	prompt	77	65466
16076	prompt	1639	65467
16077	prompt	550	65469
16078	prompt	24508	65471
16079	prompt	1639	65480
16080	prompt	1639	65482
16081	prompt	8679	65484
16082	prompt	3274	65488
16083	prompt	430	65493
16084	prompt	303	65496
16085	prompt	4936	65499
16086	prompt	948	65508
16087	prompt	5732	65513
16088	prompt	944	65522
16089	prompt	6964	65527
16090	prompt	77	65529
16091	prompt	71093	65530
16092	prompt	2164	65533
16093	prompt	1639	65537
16094	prompt	62070	65539
16095	prompt	77903	65542
16096	prompt	11356	65548
16097	prompt	7018	65551
16098	prompt	16	65554
16099	prompt	15738	65555
16100	prompt	7018	65558
16101	prompt	2738	65561
16102	prompt	11356	65567
16103	prompt	7018	65570
16104	prompt	258	65573
16105	prompt	26324	65575
16106	prompt	2037	65584
16107	prompt	10713	65586
16108	prompt	77	65588
16109	prompt	13475	65589
16110	prompt	59012	65591
16111	prompt	77	65593
16112	prompt	1639	65594
16113	prompt	8679	65596
16114	prompt	3274	65600
16115	prompt	430	65605
16116	prompt	7888	65608
16117	prompt	1238	65618
16118	prompt	23522	65624
16119	prompt	944	65634
16120	prompt	6964	65639
16121	prompt	77	65641
16122	prompt	71093	65642
16123	prompt	2164	65645
16124	prompt	1639	65649
16125	prompt	62070	65651
16126	prompt	77903	65654
16127	prompt	11356	65660
16128	prompt	7018	65663
16129	prompt	16	65666
16130	prompt	15738	65667
16131	prompt	7018	65670
16132	prompt	2738	65673
16133	prompt	11356	65679
16134	prompt	7018	65682
16135	prompt	33586	65685
16136	prompt	2037	65694
16137	prompt	10713	65696
16138	prompt	77	65698
16139	prompt	13475	65699
16140	prompt	59012	65701
16141	prompt	77	65703
16142	prompt	1639	65704
16143	prompt	6233	65706
16144	prompt	264	65712
16145	prompt	3274	65714
16146	prompt	6964	65719
16147	prompt	77	65721
16148	prompt	71093	65722
16149	prompt	2164	65725
16150	prompt	1639	65729
16151	prompt	62070	65731
16152	prompt	77903	65734
16153	prompt	11356	65740
16154	prompt	7018	65743
16155	prompt	16	65746
16156	prompt	15738	65747
16157	prompt	7018	65750
16158	prompt	2738	65753
16159	prompt	11356	65759
16160	prompt	7018	65762
16161	prompt	25673	65765
16162	prompt	2037	65772
16163	prompt	10713	65774
16164	prompt	77	65776
16165	prompt	13475	65777
16166	prompt	59012	65779
16167	prompt	77	65781
16168	prompt	1639	65782
16169	prompt	44027	65784
16170	prompt	264	65789
16171	prompt	3274	65791
16172	prompt	539	65796
16173	prompt	6047	65799
16174	prompt	6171	65807
16175	prompt	6964	65813
16176	prompt	77	65815
16177	prompt	71093	65816
16178	prompt	2164	65819
16179	prompt	1639	65823
16180	prompt	62070	65825
16181	prompt	77903	65828
16182	prompt	11356	65834
16183	prompt	7018	65837
16184	prompt	16	65840
16185	prompt	15738	65841
16186	prompt	7018	65844
16187	prompt	7862	65847
16188	prompt	11356	65852
16189	prompt	7018	65855
16190	prompt	2329	65858
16191	prompt	11163	65860
16192	prompt	2037	65865
16193	prompt	10713	65867
16194	prompt	77	65869
16195	prompt	13475	65870
16196	prompt	59012	65872
16197	prompt	77	65874
16198	prompt	1639	65875
16199	prompt	1591	65877
16200	prompt	685	65880
16201	prompt	3274	65883
16202	prompt	18948	65888
16203	prompt	6964	65901
16204	prompt	77	65903
16205	prompt	71093	65904
16206	prompt	2164	65907
16207	prompt	1639	65911
16208	prompt	62070	65913
16209	prompt	77903	65916
16210	prompt	11356	65922
16211	prompt	7018	65925
16212	prompt	17	65928
16213	prompt	15738	65929
16214	prompt	7018	65932
16215	prompt	698	65935
16216	prompt	92533	65938
16217	prompt	1311	65945
16218	prompt	11356	65947
16219	prompt	498	65950
16220	prompt	2037	65952
16221	prompt	16	65954
16222	prompt	72547	65955
16223	prompt	10713	65958
16224	prompt	77	65960
16225	prompt	13475	65961
16226	prompt	59012	65963
16227	prompt	77	65965
16228	prompt	487	65966
16229	prompt	328	65968
16230	prompt	13390	65970
16231	prompt	763	65980
16232	prompt	5046	65982
16233	prompt	3	65985
16234	prompt	16838	65986
16235	prompt	763	65992
16236	prompt	328	65994
16237	prompt	2349	65996
16238	prompt	1074	66001
16239	prompt	2164	66004
16240	prompt	76939	66008
16241	prompt	2572	66015
16242	prompt	3336	66019
16243	prompt	2850	66021
16244	prompt	14	66025
16245	prompt	17	66026
16246	prompt	15	66027
16247	prompt	17	66028
16248	prompt	15	66029
16249	prompt	12	66030
16250	prompt	16	66031
16251	prompt	17	66032
16252	prompt	59082	66033
16253	prompt	487	66040
16254	prompt	328	66042
16255	prompt	1267	66044
16256	prompt	763	66048
16257	prompt	328	66050
16258	prompt	1640	66052
16259	prompt	487	66058
16260	prompt	328	66060
16261	prompt	12811	66062
16262	prompt	763	66072
16263	prompt	5046	66074
16264	prompt	77903	66077
16265	prompt	763	66083
16266	prompt	5046	66085
16267	prompt	4532	66088
16268	prompt	763	66099
16269	prompt	328	66101
16270	prompt	760	66103
16271	prompt	2937	66106
16272	prompt	314	66109
16273	prompt	279	66112
16274	prompt	3274	66116
16275	prompt	310	66121
16276	prompt	2560	66124
16277	prompt	487	66131
16278	prompt	328	66133
16279	prompt	1267	66135
16280	prompt	763	66139
16281	prompt	328	66141
16282	prompt	889	66143
16283	prompt	13933	66149
16284	prompt	328	66152
16285	prompt	11170	66154
16286	prompt	763	66161
16287	prompt	5046	66163
16288	prompt	4532	66166
16289	prompt	763	66177
16290	prompt	328	66179
16291	prompt	3446	66181
16292	prompt	3704	66184
16293	prompt	364	66192
16294	prompt	279	66196
16295	prompt	3274	66200
16296	prompt	487	66205
16297	prompt	328	66207
16298	prompt	1267	66209
16299	prompt	763	66213
16300	prompt	328	66215
16301	prompt	889	66217
16302	prompt	13933	66223
16303	prompt	328	66226
16304	prompt	4532	66228
16305	prompt	763	66239
16306	prompt	5046	66241
16307	prompt	4532	66244
16308	prompt	763	66255
16309	prompt	328	66257
16310	prompt	3446	66259
16311	prompt	3874	66262
16312	prompt	364	66274
16313	prompt	279	66278
16314	prompt	3274	66282
16315	prompt	487	66287
16316	prompt	328	66289
16317	prompt	1267	66291
16318	prompt	763	66295
16319	prompt	328	66297
16320	prompt	889	66299
16321	prompt	13933	66305
16322	prompt	328	66308
16323	prompt	2932	66310
16324	prompt	1774	66316
16325	prompt	763	66320
16326	prompt	5046	66322
16327	prompt	4532	66325
16328	prompt	763	66336
16329	prompt	328	66338
16330	prompt	20545	66340
16331	prompt	18677	66347
16332	prompt	1304	66358
16333	prompt	6625	66363
16334	prompt	303	66369
16335	prompt	34318	66372
16336	prompt	948	66380
16337	prompt	303	66385
16338	prompt	26324	66388
16339	prompt	318	66397
16340	prompt	68	66399
16341	prompt	1257	66400
16342	prompt	2487	66402
16343	prompt	7018	66404
16344	prompt	18417	66407
16345	prompt	6813	66414
16346	prompt	60592	66420
16347	prompt	487	66423
16348	prompt	328	66425
16349	prompt	1267	66427
16350	prompt	763	66431
16351	prompt	328	66433
16352	prompt	889	66435
16353	prompt	13933	66441
16354	prompt	328	66444
16355	prompt	2738	66446
16356	prompt	763	66452
16357	prompt	5046	66454
16358	prompt	4532	66457
16359	prompt	763	66468
16360	prompt	328	66470
16361	prompt	3446	66472
16362	prompt	2552	66475
16363	prompt	364	66482
16364	prompt	279	66486
16365	prompt	3274	66490
16366	prompt	487	66495
16367	prompt	328	66497
16368	prompt	3639	66499
16369	prompt	2056	66502
16370	prompt	763	66504
16371	prompt	59670	66506
16372	prompt	1267	66510
16373	prompt	763	66514
16374	prompt	328	66516
16375	prompt	889	66518
16376	prompt	487	66524
16377	prompt	328	66526
16378	prompt	8746	66528
16379	prompt	763	66532
16380	prompt	4241	66534
16381	prompt	27293	66537
16382	prompt	487	66544
16383	prompt	328	66546
16384	prompt	258	66548
16385	prompt	26324	66550
16386	prompt	487	66559
16387	prompt	328	66561
16388	prompt	33586	66563
16389	prompt	1293	66572
16390	prompt	2069	66574
16391	prompt	5046	66576
16392	prompt	1267	66579
16393	prompt	763	66583
16394	prompt	328	66585
16395	prompt	889	66587
16396	prompt	487	66593
16397	prompt	328	66595
16398	prompt	989	66597
16399	prompt	763	66602
16400	prompt	328	66604
16401	prompt	25673	66606
16402	prompt	8934	66613
16403	prompt	63893	66615
16404	prompt	328	66618
16405	prompt	698	66620
16406	prompt	28830	66623
16407	prompt	763	66629
16408	prompt	5046	66631
16409	prompt	4532	66634
16410	prompt	763	66645
16411	prompt	328	66647
16412	prompt	6065	66649
16413	prompt	27437	66653
16414	prompt	421	66657
16415	prompt	411	66662
16416	prompt	3274	66667
16417	prompt	9714	66672
16418	prompt	487	66679
16419	prompt	328	66681
16420	prompt	1267	66683
16421	prompt	763	66687
16422	prompt	328	66689
16423	prompt	1595	66691
16424	prompt	487	66696
16425	prompt	328	66698
16426	prompt	3494	66700
16427	prompt	763	66705
16428	prompt	5046	66707
16429	prompt	1267	66710
16430	prompt	763	66714
16431	prompt	328	66716
16432	prompt	889	66718
16433	prompt	8934	66724
16434	prompt	2069	66726
16435	prompt	328	66728
16436	prompt	698	66730
16437	prompt	92533	66733
16438	prompt	1311	66740
16439	prompt	763	66742
16440	prompt	5046	66744
16441	prompt	4532	66747
16442	prompt	763	66758
16443	prompt	328	66760
16444	prompt	6065	66762
16445	prompt	27437	66766
16446	prompt	421	66770
16447	prompt	2424	66775
16448	prompt	411	66781
16449	prompt	3274	66786
16450	prompt	487	66791
16451	prompt	328	66793
16452	prompt	1267	66795
16453	prompt	763	66799
16454	prompt	328	66801
16455	prompt	1595	66803
16456	prompt	487	66808
16457	prompt	328	66810
16458	prompt	3494	66812
16459	prompt	763	66817
16460	prompt	5046	66819
16461	prompt	1267	66822
16462	prompt	763	66826
16463	prompt	328	66828
16464	prompt	889	66830
16465	prompt	8934	66836
16466	prompt	2069	66838
16467	prompt	328	66840
16468	prompt	7862	66842
16469	prompt	763	66847
16470	prompt	5046	66849
16471	prompt	4532	66852
16472	prompt	763	66863
16473	prompt	328	66865
16474	prompt	3446	66867
16475	prompt	6171	66870
16476	prompt	364	66876
16477	prompt	279	66880
16478	prompt	3274	66884
16479	prompt	487	66889
16480	prompt	328	66891
16481	prompt	1267	66893
16482	prompt	763	66897
16483	prompt	328	66899
16484	prompt	889	66901
16485	prompt	13933	66907
16486	prompt	328	66910
16487	prompt	17111	66912
16488	prompt	763	66920
16489	prompt	5046	66922
16490	prompt	4532	66925
16491	prompt	763	66936
16492	prompt	328	66938
16493	prompt	14189	66940
16494	prompt	6679	66948
16495	prompt	310	66953
16496	prompt	10562	66956
16497	prompt	1083	66962
16498	prompt	279	66967
16499	prompt	3274	66971
16500	prompt	13	66976
16501	prompt	2488	66977
16502	prompt	264	66981
16503	prompt	1328	66983
16504	prompt	310	66987
16505	prompt	819	66990
16506	prompt	310	66995
16507	prompt	3572	66998
16508	prompt	424	67005
16509	prompt	10152	67008
16510	prompt	328	67011
16511	prompt	1267	67013
16512	prompt	763	67017
16513	prompt	328	67019
16514	prompt	1640	67021
16515	prompt	487	67027
16516	prompt	328	67029
16517	prompt	3573	67031
16518	prompt	7729	67039
16519	prompt	763	67044
16520	prompt	5046	67046
16521	prompt	1267	67049
16522	prompt	763	67053
16523	prompt	328	67055
16524	prompt	889	67057
16525	prompt	13933	67063
16526	prompt	328	67066
16527	prompt	34325	67068
16528	prompt	7654	67078
16529	prompt	763	67088
16530	prompt	313	67090
16531	prompt	3307	67092
16532	prompt	2069	67094
16533	prompt	328	67096
16534	prompt	6081	67098
16535	prompt	763	67106
16536	prompt	4241	67108
16537	prompt	77903	67111
16538	prompt	7664	67117
16539	prompt	328	67120
16540	prompt	34325	67122
16541	prompt	7654	67132
16542	prompt	763	67142
16543	prompt	867	67144
16544	prompt	72964	67150
16545	prompt	198	67153
16546	prompt	4754	67154
16547	prompt	1267	67156
16548	prompt	763	67160
16549	prompt	328	67162
16550	prompt	1628	67164
16551	prompt	487	67172
16552	prompt	328	67174
16553	prompt	1628	67176
16554	prompt	763	67184
16555	prompt	5046	67186
16556	prompt	591	67189
16557	prompt	763	67193
16558	prompt	328	67195
16559	prompt	5793	67197
16560	prompt	20087	67200
16561	prompt	487	67205
16562	prompt	328	67207
16563	prompt	4532	67209
16564	prompt	763	67220
16565	prompt	328	67222
16566	prompt	20087	67224
16567	prompt	287	67229
16568	prompt	264	67231
16569	prompt	5375	67233
16570	prompt	11	67237
16571	prompt	31637	67238
16572	prompt	279	67247
16573	prompt	2081	67251
16574	prompt	310	67256
16575	prompt	48794	67259
16576	prompt	11	67268
16577	prompt	321	67269
16578	prompt	10926	67273
16579	prompt	1510	67281
16580	prompt	39242	67283
16581	prompt	63	67289
16582	prompt	2272	67290
16583	prompt	424	67298
16584	prompt	1608	67301
16585	prompt	264	67307
16586	prompt	2526	67309
16587	prompt	4778	67315
16588	prompt	1558	67320
16589	prompt	6889	67326
16590	prompt	77	67328
16591	prompt	1639	67329
16592	prompt	12	67331
16593	prompt	426	67332
16594	prompt	6015	67334
16595	prompt	383	67338
16596	prompt	36027	67341
16597	prompt	78208	67355
16598	prompt	33848	67363
16599	prompt	1892	67368
16600	prompt	958	67372
16601	prompt	449	67376
16602	prompt	36027	67379
16603	prompt	76433	67393
16604	prompt	5224	67397
16605	prompt	466	67402
16606	prompt	1510	67405
16607	prompt	840	67407
16608	prompt	63	67409
16609	prompt	364	67410
16610	prompt	1782	67414
16611	prompt	4370	67420
16612	prompt	6889	67428
16613	prompt	77	67430
16614	prompt	12	67431
16615	prompt	9830	67432
16616	prompt	369	67437
16617	prompt	31451	67440
16618	prompt	310	67449
16619	prompt	58987	67452
16620	prompt	13	67458
16621	prompt	10934	67459
16622	prompt	37309	67465
16623	prompt	68754	67470
16624	prompt	513	67480
16625	prompt	5743	67484
16626	prompt	310	67493
16627	prompt	488	67496
16628	prompt	4598	67500
16629	prompt	1056	67507
16630	prompt	7854	67512
16631	prompt	26	67521
16632	prompt	1562	67522
16633	prompt	1495	67527
16634	prompt	440	67533
16635	prompt	279	67538
16636	prompt	6221	67542
16637	prompt	5375	67551
16638	prompt	6889	67555
16639	prompt	77	67557
16640	prompt	12	67558
16641	prompt	77691	67559
16642	prompt	513	67569
16643	prompt	19954	67573
16644	prompt	364	67580
16645	prompt	220	67584
16646	prompt	16	67585
16647	prompt	20	67586
16648	prompt	4276	67587
16649	prompt	791	67595
16650	prompt	5375	67599
16651	prompt	10152	67603
16652	prompt	328	67606
16653	prompt	13390	67608
16654	prompt	763	67618
16655	prompt	5046	67620
16656	prompt	3	67623
16657	prompt	16838	67624
16658	prompt	763	67630
16659	prompt	328	67632
16660	prompt	2349	67634
16661	prompt	1074	67639
16662	prompt	2164	67642
16663	prompt	76939	67646
16664	prompt	2572	67653
16665	prompt	3336	67657
16666	prompt	2850	67659
16667	prompt	14	67663
16668	prompt	17	67664
16669	prompt	15	67665
16670	prompt	17	67666
16671	prompt	15	67667
16672	prompt	12	67668
16673	prompt	16	67669
16674	prompt	17	67670
16675	prompt	59082	67671
16676	prompt	487	67678
16677	prompt	328	67680
16678	prompt	1267	67682
16679	prompt	763	67686
16680	prompt	328	67688
16681	prompt	1640	67690
16682	prompt	487	67696
16683	prompt	328	67698
16684	prompt	12811	67700
16685	prompt	763	67710
16686	prompt	5046	67712
16687	prompt	1050	67715
16688	prompt	763	67718
16689	prompt	5046	67720
16690	prompt	4532	67723
16691	prompt	763	67734
16692	prompt	328	67736
16693	prompt	760	67738
16694	prompt	5375	67741
16695	prompt	310	67745
16696	prompt	7560	67748
16697	prompt	2144	67754
16698	prompt	494	67762
16699	prompt	487	67767
16700	prompt	328	67769
16701	prompt	1267	67771
16702	prompt	763	67775
16703	prompt	328	67777
16704	prompt	889	67779
16705	prompt	487	67785
16706	prompt	328	67787
16707	prompt	2171	67789
16708	prompt	763	67795
16709	prompt	328	67797
16710	prompt	5880	67799
16711	prompt	13933	67802
16712	prompt	328	67805
16713	prompt	39242	67807
16714	prompt	763	67813
16715	prompt	5046	67815
16716	prompt	4532	67818
16717	prompt	763	67829
16718	prompt	328	67831
16719	prompt	760	67833
16720	prompt	9640	67836
16721	prompt	310	67843
16722	prompt	1542	67846
16723	prompt	383	67850
16724	prompt	279	67853
16725	prompt	40071	67857
16726	prompt	2144	67865
16727	prompt	487	67873
16728	prompt	328	67875
16729	prompt	1267	67877
16730	prompt	763	67881
16731	prompt	328	67883
16732	prompt	889	67885
16733	prompt	8934	67891
16734	prompt	2069	67893
16735	prompt	328	67895
16736	prompt	6081	67897
16737	prompt	763	67905
16738	prompt	4241	67907
16739	prompt	1050	67910
16740	prompt	487	67913
16741	prompt	328	67915
16742	prompt	39242	67917
16743	prompt	7664	67923
16744	prompt	328	67926
16745	prompt	34325	67928
16746	prompt	7654	67938
16747	prompt	763	67948
16748	prompt	867	67950
16749	prompt	72964	67956
16750	prompt	198	67959
16751	prompt	4754	67960
16752	prompt	1267	67962
16753	prompt	763	67966
16754	prompt	328	67968
16755	prompt	1628	67970
16756	prompt	487	67978
16757	prompt	328	67980
16758	prompt	1628	67982
16759	prompt	763	67990
16760	prompt	5046	67992
16761	prompt	591	67995
16762	prompt	763	67999
16763	prompt	328	68001
16764	prompt	5793	68003
16765	prompt	5708	68006
16766	prompt	487	68012
16767	prompt	328	68014
16768	prompt	4532	68016
16769	prompt	763	68027
16770	prompt	328	68029
16771	prompt	5708	68031
16772	prompt	279	68037
16773	prompt	3370	68041
16774	prompt	13	68045
16775	prompt	5019	68046
16776	prompt	1067	68054
16777	prompt	9714	68061
16778	prompt	440	68068
16779	prompt	14865	68073
16780	prompt	321	68080
16781	prompt	33848	68084
16782	prompt	13	68089
16783	prompt	2201	68090
16784	prompt	14934	68093
16785	prompt	6889	68098
16786	prompt	77	68100
16787	prompt	1639	68101
16788	prompt	12	68103
16789	prompt	561	68104
16790	prompt	1428	68108
16791	prompt	2182	68116
16792	prompt	369	68122
16793	prompt	5589	68125
16794	prompt	220	68130
16795	prompt	17	68131
16796	prompt	15	68132
16797	prompt	17	68133
16798	prompt	21	68134
16799	prompt	1892	68135
16800	prompt	958	68139
16801	prompt	411	68143
16802	prompt	948	68148
16803	prompt	14603	68153
16804	prompt	364	68163
16805	prompt	3110	68167
16806	prompt	1928	68174
16807	prompt	6889	68186
16808	prompt	77	68188
16809	prompt	12	68189
16810	prompt	1510	68190
16811	prompt	20327	68192
16812	prompt	67821	68199
16813	prompt	63	68207
16814	prompt	593	68208
16815	prompt	1510	68210
16816	prompt	59276	68212
16817	prompt	67821	68219
16818	prompt	63	68227
16819	prompt	3915	68228
16820	prompt	2961	68235
16821	prompt	6889	68243
16822	prompt	77	68245
16823	prompt	12	68246
16824	prompt	4486	68247
16825	prompt	34579	68253
16826	prompt	494	68263
16827	prompt	2961	68268
16828	prompt	11	68276
16829	prompt	809	68277
16830	prompt	440	68281
16831	prompt	264	68286
16832	prompt	7018	68288
16833	prompt	31138	68291
16834	prompt	72481	68298
16835	prompt	1103	68301
16836	prompt	314	68306
16837	prompt	279	68309
16838	prompt	33848	68313
16839	prompt	488	68318
16840	prompt	1429	68322
16841	prompt	430	68327
16842	prompt	48794	68330
16843	prompt	7500	68339
16844	prompt	10152	68345
16845	prompt	328	68348
16846	prompt	13390	68350
16847	prompt	763	68360
16848	prompt	5046	68362
16849	prompt	3	68365
16850	prompt	16838	68366
16851	prompt	763	68372
16852	prompt	328	68374
16853	prompt	2349	68376
16854	prompt	1074	68381
16855	prompt	2164	68384
16856	prompt	76939	68388
16857	prompt	2572	68395
16858	prompt	3336	68399
16859	prompt	2850	68401
16860	prompt	14	68405
16861	prompt	17	68406
16862	prompt	15	68407
16863	prompt	17	68408
16864	prompt	15	68409
16865	prompt	12	68410
16866	prompt	16	68411
16867	prompt	17	68412
16868	prompt	59082	68413
16869	prompt	487	68420
16870	prompt	328	68422
16871	prompt	1267	68424
16872	prompt	763	68428
16873	prompt	328	68430
16874	prompt	1640	68432
16875	prompt	487	68438
16876	prompt	328	68440
16877	prompt	12811	68442
16878	prompt	763	68452
16879	prompt	5046	68454
16880	prompt	1574	68457
16881	prompt	763	68462
16882	prompt	5046	68464
16883	prompt	4532	68467
16884	prompt	763	68478
16885	prompt	328	68480
16886	prompt	760	68482
16887	prompt	2624	68485
16888	prompt	3134	68492
16889	prompt	310	68498
16890	prompt	958	68501
16891	prompt	487	68505
16892	prompt	328	68507
16893	prompt	1267	68509
16894	prompt	763	68513
16895	prompt	328	68515
16896	prompt	889	68517
16897	prompt	487	68523
16898	prompt	328	68525
16899	prompt	1030	68527
16900	prompt	4232	68530
16901	prompt	763	68536
16902	prompt	220	68538
16903	prompt	17	68539
16904	prompt	2069	68540
16905	prompt	328	68542
16906	prompt	20327	68544
16907	prompt	67821	68551
16908	prompt	763	68559
16909	prompt	5046	68561
16910	prompt	4532	68564
16911	prompt	763	68575
16912	prompt	328	68577
16913	prompt	7081	68579
16914	prompt	2830	68583
16915	prompt	2624	68591
16916	prompt	2961	68598
16917	prompt	494	68606
16918	prompt	1439	68611
16919	prompt	29482	68617
16920	prompt	487	68625
16921	prompt	328	68627
16922	prompt	1267	68629
16923	prompt	763	68633
16924	prompt	328	68635
16925	prompt	1595	68637
16926	prompt	487	68642
16927	prompt	328	68644
16928	prompt	3494	68646
16929	prompt	763	68651
16930	prompt	5046	68653
16931	prompt	1267	68656
16932	prompt	763	68660
16933	prompt	328	68662
16934	prompt	889	68664
16935	prompt	8934	68670
16936	prompt	2069	68672
16937	prompt	328	68674
16938	prompt	59276	68676
16939	prompt	67821	68683
16940	prompt	763	68691
16941	prompt	5046	68693
16942	prompt	4532	68696
16943	prompt	763	68707
16944	prompt	328	68709
16945	prompt	25320	68711
16946	prompt	2830	68716
16947	prompt	2624	68724
16948	prompt	2961	68731
16949	prompt	494	68739
16950	prompt	1439	68744
16951	prompt	29482	68750
16952	prompt	487	68758
16953	prompt	328	68760
16954	prompt	1267	68762
16955	prompt	763	68766
16956	prompt	328	68768
16957	prompt	1595	68770
16958	prompt	487	68775
16959	prompt	328	68777
16960	prompt	3494	68779
16961	prompt	763	68784
16962	prompt	5046	68786
16963	prompt	1267	68789
16964	prompt	763	68793
16965	prompt	328	68795
16966	prompt	889	68797
16967	prompt	29958	68803
16968	prompt	2069	68806
16969	prompt	328	68808
16970	prompt	6081	68810
16971	prompt	763	68818
16972	prompt	4241	68820
16973	prompt	1574	68823
16974	prompt	7664	68828
16975	prompt	328	68831
16976	prompt	34325	68833
16977	prompt	7654	68843
16978	prompt	763	68853
16979	prompt	867	68855
16980	prompt	72964	68861
16981	prompt	198	68864
16982	prompt	4754	68865
16983	prompt	1267	68867
16984	prompt	763	68871
16985	prompt	328	68873
16986	prompt	1628	68875
16987	prompt	487	68883
16988	prompt	328	68885
16989	prompt	1628	68887
16990	prompt	763	68895
16991	prompt	5046	68897
16992	prompt	591	68900
16993	prompt	763	68904
16994	prompt	328	68906
16995	prompt	60654	68908
16996	prompt	487	68916
16997	prompt	328	68918
16998	prompt	4532	68920
16999	prompt	763	68931
17000	prompt	328	68933
17001	prompt	16668	68935
17002	prompt	264	68942
17003	prompt	27370	68944
17004	prompt	5148	68953
17005	prompt	421	68960
17006	prompt	62929	68965
17007	prompt	942	68974
17008	prompt	5081	68978
17009	prompt	1146	68987
17010	prompt	53030	68991
17011	prompt	6117	68997
17012	prompt	35880	69006
17013	prompt	13	69015
17014	prompt	5374	69016
17015	prompt	36879	69021
17016	prompt	1542	69026
17017	prompt	303	69030
17018	prompt	279	69033
17019	prompt	3870	69037
17020	prompt	1892	69048
17021	prompt	411	69052
17022	prompt	5224	69057
17023	prompt	4523	69062
17024	prompt	6849	69070
17025	prompt	440	69082
17026	prompt	264	69087
17027	prompt	3274	69089
17028	prompt	2937	69094
17029	prompt	11	69097
17030	prompt	321	69098
17031	prompt	264	69102
17032	prompt	361	69104
17033	prompt	7945	69106
17034	prompt	87601	69110
17035	prompt	29	69123
17036	prompt	28712	69124
17037	prompt	948	69132
17038	prompt	279	69137
17039	prompt	27370	69141
17040	prompt	43117	69150
17041	prompt	13	69160
17042	prompt	5272	69161
17043	prompt	593	69165
17044	prompt	1715	69167
17045	prompt	36879	69171
17046	prompt	310	69176
17047	prompt	3609	69179
17048	prompt	3756	69185
17049	prompt	4936	69190
17050	prompt	6889	69199
17051	prompt	77	69201
17052	prompt	1639	69202
17053	prompt	32	69204
17054	prompt	27370	69205
17055	prompt	13976	69214
17056	prompt	944	69225
17057	prompt	3808	69230
17058	prompt	1599	69237
17059	prompt	12636	69242
17060	prompt	1892	69249
17061	prompt	310	69253
17062	prompt	381	69256
17063	prompt	15352	69259
17064	prompt	318	69273
17065	prompt	442	69275
17066	prompt	50932	69277
17067	prompt	321	69284
17068	prompt	3311	69288
17069	prompt	303	69294
17070	prompt	14835	69297
17071	prompt	681	69306
17072	prompt	310	69308
17073	prompt	381	69311
17074	prompt	16021	69314
17075	prompt	318	69324
17076	prompt	258	69326
17077	prompt	36312	69328
17078	prompt	37178	69337
17079	prompt	321	69350
17080	prompt	27483	69354
17081	prompt	41306	69361
17082	prompt	11988	69366
17083	prompt	1518	69373
17084	prompt	38176	69380
17085	prompt	681	69391
17086	prompt	466	69393
17087	prompt	310	69396
17088	prompt	1831	69399
17089	prompt	383	69404
17090	prompt	5281	69407
17091	prompt	799	69413
17092	prompt	2193	69417
17093	prompt	628	69425
17094	prompt	914	69429
17095	prompt	3222	69431
17096	prompt	318	69436
17097	prompt	76	69438
17098	prompt	17293	69439
17099	prompt	11	69448
17100	prompt	71985	69449
17101	prompt	11	69456
17102	prompt	6979	69457
17103	prompt	93133	69463
17104	prompt	553	69470
17105	prompt	561	69472
17106	prompt	5148	69476
17107	prompt	369	69483
17108	prompt	1332	69486
17109	prompt	488	69492
17110	prompt	15688	69496
17111	prompt	421	69503
17112	prompt	5759	69508
17113	prompt	25	69518
17114	prompt	1092	69519
17115	prompt	6985	69524
17116	prompt	680	69529
17117	prompt	11	69533
17118	prompt	1092	69534
17119	prompt	84828	69539
17120	prompt	11	69548
17121	prompt	1092	69549
17122	prompt	49564	69554
17123	prompt	4603	69562
17124	prompt	6889	69566
17125	prompt	77	69568
17126	prompt	1639	69569
17127	prompt	30074	69571
17128	prompt	1562	69575
17129	prompt	411	69580
17130	prompt	5224	69585
17131	prompt	948	69590
17132	prompt	279	69595
17133	prompt	1156	69599
17134	prompt	682	69604
17135	prompt	20335	69608
17136	prompt	39421	69619
17137	prompt	1083	69625
17138	prompt	7072	69630
17139	prompt	40551	69636
17140	prompt	67518	69642
17141	prompt	2096	69650
17142	prompt	13	69656
17143	prompt	5374	69657
17144	prompt	36879	69662
17145	prompt	628	69667
17146	prompt	17503	69671
17147	prompt	21259	69677
17148	prompt	314	69684
17149	prompt	12636	69687
17150	prompt	321	69694
17151	prompt	23304	69698
17152	prompt	264	69706
17153	prompt	3349	69708
17154	prompt	3202	69714
17155	prompt	314	69721
17156	prompt	10885	69724
17157	prompt	26	69731
17158	prompt	279	69732
17159	prompt	1156	69736
17160	prompt	1902	69741
17161	prompt	1622	69746
17162	prompt	421	69754
17163	prompt	5281	69759
17164	prompt	11	69765
17165	prompt	524	69766
17166	prompt	599	69770
17167	prompt	424	69775
17168	prompt	65316	69778
17169	prompt	13	69787
17170	prompt	30299	69788
17171	prompt	3278	69797
17172	prompt	3309	69801
17173	prompt	3254	69804
17174	prompt	799	69810
17175	prompt	314	69814
17176	prompt	6964	69817
17177	prompt	77	69819
17178	prompt	12	69820
17179	prompt	561	69821
17180	prompt	1156	69825
17181	prompt	5064	69830
17182	prompt	279	69839
17183	prompt	15698	69843
17184	prompt	7018	69851
17185	prompt	355	69854
17186	prompt	371	69856
17187	prompt	565	69858
17188	prompt	521	69860
17189	prompt	2037	69863
17190	prompt	303	69865
17191	prompt	836	69868
17192	prompt	9640	69874
17193	prompt	318	69881
17194	prompt	9053	69883
17195	prompt	3172	69886
17196	prompt	1436	69889
17197	prompt	264	69893
17198	prompt	1785	69895
17199	prompt	12	69902
17200	prompt	75240	69903
17201	prompt	47354	69911
17202	prompt	424	69922
17203	prompt	69884	69925
17204	prompt	77	69928
17205	prompt	12	69929
17206	prompt	64599	69930
17207	prompt	565	69935
17208	prompt	521	69937
17209	prompt	369	69940
17210	prompt	383	69943
17211	prompt	364	69946
17212	prompt	279	69950
17213	prompt	3669	69954
17214	prompt	318	69962
17215	prompt	64	69964
17216	prompt	1785	69965
17217	prompt	12	69972
17218	prompt	75240	69973
17219	prompt	40988	69981
17220	prompt	424	69990
17221	prompt	8	69993
17222	prompt	1892	69994
17223	prompt	1436	69998
17224	prompt	2972	70002
17225	prompt	52	70005
17226	prompt	65100	70006
17227	prompt	565	70009
17228	prompt	521	70011
17229	prompt	332	70014
17230	prompt	3559	70016
17231	prompt	6889	70022
17232	prompt	77	70024
17233	prompt	12	70025
17234	prompt	561	70026
17235	prompt	1156	70030
17236	prompt	5774	70035
17237	prompt	4439	70044
17238	prompt	488	70050
17239	prompt	310	70054
17240	prompt	1542	70057
17241	prompt	264	70061
17242	prompt	27370	70063
17243	prompt	466	70072
17244	prompt	958	70075
17245	prompt	7072	70079
17246	prompt	40551	70085
17247	prompt	67518	70091
17248	prompt	2096	70099
17249	prompt	303	70105
17250	prompt	836	70108
17251	prompt	1765	70114
17252	prompt	4105	70118
17253	prompt	318	70124
17254	prompt	2037	70126
17255	prompt	784	70128
17256	prompt	264	70131
17257	prompt	27370	70133
17258	prompt	15738	70142
17259	prompt	7018	70145
17260	prompt	5917	70148
17261	prompt	264	70151
17262	prompt	27370	70153
17263	prompt	15738	70162
17264	prompt	7018	70165
17265	prompt	29193	70168
17266	prompt	680	70171
17267	prompt	12636	70175
17268	prompt	15738	70182
17269	prompt	7018	70185
17270	prompt	20923	70188
17271	prompt	467	70192
17272	prompt	7454	70195
17273	prompt	411	70199
17274	prompt	440	70204
17275	prompt	1146	70209
17276	prompt	53030	70213
17277	prompt	59	70219
17278	prompt	1764	70220
17279	prompt	561	70223
17280	prompt	2466	70227
17281	prompt	1902	70231
17282	prompt	381	70236
17283	prompt	303	70239
17284	prompt	279	70242
17285	prompt	1156	70246
17286	prompt	579	70251
17287	prompt	4105	70253
17288	prompt	1892	70259
17289	prompt	264	70263
17290	prompt	3274	70265
17291	prompt	421	70270
17292	prompt	1000	70275
17293	prompt	15756	70281
17294	prompt	8495	70288
17295	prompt	494	70296
17296	prompt	264	70301
17297	prompt	27370	70303
17298	prompt	1503	70312
17299	prompt	524	70317
17300	prompt	1698	70321
17301	prompt	6889	70327
17302	prompt	77	70329
17303	prompt	12	70330
17304	prompt	561	70331
17305	prompt	1156	70335
17306	prompt	26019	70340
17307	prompt	264	70348
17308	prompt	9653	70350
17309	prompt	466	70356
17310	prompt	35414	70359
17311	prompt	3108	70365
17312	prompt	6483	70373
17313	prompt	10895	70379
17314	prompt	3184	70392
17315	prompt	488	70397
17316	prompt	310	70401
17317	prompt	1562	70404
17318	prompt	58144	70409
17319	prompt	6889	70418
17320	prompt	77	70420
17321	prompt	12	70421
17322	prompt	561	70422
17323	prompt	1156	70426
17324	prompt	4439	70431
17325	prompt	488	70437
17326	prompt	310	70441
17327	prompt	1542	70444
17328	prompt	264	70448
17329	prompt	3050	70450
17330	prompt	6725	70459
17331	prompt	466	70465
17332	prompt	6568	70468
17333	prompt	27370	70474
17334	prompt	6889	70483
17335	prompt	77	70485
17336	prompt	1639	70486
17337	prompt	2381	70488
17338	prompt	866	70491
17339	prompt	975	70495
17340	prompt	3274	70501
17341	prompt	1892	70506
17342	prompt	1442	70510
17343	prompt	799	70515
17344	prompt	421	70519
17345	prompt	1000	70524
17346	prompt	9077	70530
17347	prompt	8495	70538
17348	prompt	494	70546
17349	prompt	14835	70551
17350	prompt	2074	70560
17351	prompt	1892	70563
17352	prompt	635	70567
17353	prompt	4045	70570
17354	prompt	1562	70574
17355	prompt	411	70579
17356	prompt	5224	70584
17357	prompt	13	70589
17358	prompt	5272	70590
17359	prompt	279	70594
17360	prompt	20086	70598
17361	prompt	5224	70604
17362	prompt	364	70609
17363	prompt	3714	70613
17364	prompt	1146	70624
17365	prompt	53030	70628
17366	prompt	11	70634
17367	prompt	466	70635
17368	prompt	25899	70638
17369	prompt	7276	70646
17370	prompt	1092	70655
17371	prompt	264	70660
17372	prompt	7072	70662
17373	prompt	40551	70668
17374	prompt	27370	70674
17375	prompt	1362	70683
17376	prompt	635	70689
17377	prompt	321	70692
17378	prompt	1204	70696
17379	prompt	1691	70700
17380	prompt	424	70705
17381	prompt	1000	70708
17382	prompt	16757	70714
17383	prompt	2695	70722
17384	prompt	11	70727
17385	prompt	321	70728
17386	prompt	2466	70732
17387	prompt	279	70736
17388	prompt	1156	70740
17389	prompt	3315	70745
17390	prompt	310	70753
17391	prompt	1542	70756
17392	prompt	424	70760
17393	prompt	13	70763
17394	prompt	82210	70764
17395	prompt	781	70772
17396	prompt	628	70777
17397	prompt	2466	70781
17398	prompt	364	70785
17399	prompt	799	70789
17400	prompt	440	70793
17401	prompt	7018	70798
17402	prompt	784	70801
17403	prompt	264	70804
17404	prompt	27370	70806
17405	prompt	2037	70815
17406	prompt	303	70817
17407	prompt	264	70820
17408	prompt	3725	70822
17409	prompt	1876	70829
17410	prompt	310	70837
17411	prompt	10390	70840
17412	prompt	279	70845
17413	prompt	2466	70849
17414	prompt	6889	70853
17415	prompt	77	70855
17416	prompt	1639	70856
17417	prompt	4350	70858
17418	prompt	488	70862
17419	prompt	635	70866
17420	prompt	1562	70869
17421	prompt	424	70874
17422	prompt	11	70877
17423	prompt	279	70878
17424	prompt	1245	70882
17425	prompt	3166	70888
17426	prompt	369	70893
17427	prompt	3428	70896
17428	prompt	2972	70902
17429	prompt	8243	70905
17430	prompt	15745	70907
17431	prompt	92217	70911
17432	prompt	51700	70914
17433	prompt	7147	70920
17434	prompt	1118	70927
17435	prompt	318	70933
17436	prompt	1551	70935
17437	prompt	279	70939
17438	prompt	3425	70943
17439	prompt	11	70949
17440	prompt	1423	70950
17441	prompt	279	70955
17442	prompt	11407	70959
17443	prompt	11	70968
17444	prompt	6676	70969
17445	prompt	279	70975
17446	prompt	3515	70979
17447	prompt	8	70984
17448	prompt	310	70985
17449	prompt	6779	70988
17450	prompt	279	70997
17451	prompt	944	71001
17452	prompt	8757	71006
17453	prompt	11	71011
17454	prompt	1179	71012
17455	prompt	1562	71017
17456	prompt	58144	71022
17457	prompt	310	71031
17458	prompt	14855	71034
17459	prompt	888	71043
17460	prompt	424	71048
17461	prompt	13	71051
17462	prompt	1394	71052
17463	prompt	1459	71056
17464	prompt	914	71060
17465	prompt	1144	71062
17466	prompt	310	71067
17467	prompt	1366	71070
17468	prompt	279	71075
17469	prompt	5893	71079
17470	prompt	1518	71085
17471	prompt	279	71092
17472	prompt	348	71096
17473	prompt	7945	71098
17474	prompt	9	71102
17475	prompt	1892	71103
17476	prompt	1132	71107
17477	prompt	1518	71112
17478	prompt	279	71119
17479	prompt	348	71123
17480	prompt	20923	71125
17481	prompt	467	71129
17482	prompt	2096	71132
17483	prompt	2923	71138
17484	prompt	9	71143
17485	prompt	6889	71144
17486	prompt	77	71146
17487	prompt	1639	71147
17488	prompt	10522	71149
17489	prompt	3074	71155
17490	prompt	78795	71162
17491	prompt	84452	71168
17492	prompt	488	71178
17493	prompt	628	71182
17494	prompt	8516	71186
17495	prompt	3808	71192
17496	prompt	10263	71199
17497	prompt	6964	71205
17498	prompt	77	71207
17499	prompt	12	71208
17500	prompt	2972	71209
17501	prompt	15771	71212
17502	prompt	2598	71217
17503	prompt	332	71222
17504	prompt	1892	71224
17505	prompt	14835	71228
17506	prompt	12361	71237
17507	prompt	888	71245
17508	prompt	9468	71250
17509	prompt	51010	71259
17510	prompt	82	71269
17511	prompt	11069	71270
17512	prompt	31838	71274
17513	prompt	2336	71285
17514	prompt	1639	71289
17515	prompt	12	71291
17516	prompt	2972	71292
17517	prompt	19846	71295
17518	prompt	332	71301
17519	prompt	1892	71303
17520	prompt	11315	71307
17521	prompt	6729	71313
17522	prompt	314	71319
17523	prompt	443	71322
17524	prompt	9209	71324
17525	prompt	19222	71336
17526	prompt	11069	71347
17527	prompt	16060	71351
17528	prompt	37589	71358
17529	prompt	1639	71368
17530	prompt	12	71370
17531	prompt	2972	71371
17532	prompt	18842	71374
17533	prompt	332	71380
17534	prompt	1892	71382
17535	prompt	14890	71386
17536	prompt	11069	71397
17537	prompt	1423	71401
17538	prompt	11069	71406
17539	prompt	27483	71410
17540	prompt	277	71417
17541	prompt	32365	71419
17542	prompt	9845	71424
17543	prompt	318	71431
17544	prompt	8422	71433
17545	prompt	3559	71440
17546	prompt	10383	71446
17547	prompt	77	71448
17548	prompt	12	71449
17549	prompt	2972	71450
17550	prompt	26539	71453
17551	prompt	332	71461
17552	prompt	1892	71463
17553	prompt	7072	71467
17554	prompt	24324	71473
17555	prompt	22424	71479
17556	prompt	11069	71485
17557	prompt	5365	71489
17558	prompt	27864	71494
17559	prompt	11069	71499
17560	prompt	6569	71503
17561	prompt	26025	71507
17562	prompt	1639	71514
17563	prompt	12	71516
17564	prompt	2972	71517
17565	prompt	44	71520
17566	prompt	33335	71521
17567	prompt	332	71527
17568	prompt	1892	71529
17569	prompt	6779	71533
17570	prompt	6386	71542
17571	prompt	11069	71548
17572	prompt	5000	71552
17573	prompt	1754	71562
17574	prompt	318	71567
17575	prompt	1715	71569
17576	prompt	9066	71573
17577	prompt	29310	71577
17578	prompt	8	71587
17579	prompt	11069	71588
17580	prompt	9845	71592
17581	prompt	1639	71599
17582	prompt	1639	71601
17583	prompt	2381	71603
17584	prompt	7875	71606
17585	prompt	944	71613
17586	prompt	11	71618
17587	prompt	1542	71619
17588	prompt	3679	71623
17589	prompt	303	71631
17590	prompt	8240	71634
17591	prompt	1892	71643
17592	prompt	1301	71647
17593	prompt	1754	71652
17594	prompt	1067	71657
17595	prompt	1518	71664
17596	prompt	28177	71671
17597	prompt	279	71680
17598	prompt	1727	71684
17599	prompt	9956	71689
17600	prompt	13	71695
17601	prompt	1394	71696
17602	prompt	4565	71700
17603	prompt	303	71705
17604	prompt	279	71708
17605	prompt	6136	71712
17606	prompt	26	71717
17607	prompt	1754	71718
17608	prompt	27370	71723
17609	prompt	369	71732
17610	prompt	799	71735
17611	prompt	1575	71739
17612	prompt	29331	71744
17613	prompt	15886	71747
17614	prompt	8145	71751
17615	prompt	9502	71755
17616	prompt	6889	71759
17617	prompt	77	71761
17618	prompt	1639	71762
17619	prompt	332	71764
17620	prompt	52	71766
17621	prompt	65100	71767
17622	prompt	565	71770
17623	prompt	521	71772
17624	prompt	159029	71775
17625	prompt	3095	71778
17626	prompt	264	71783
17627	prompt	1785	71785
17628	prompt	12	71792
17629	prompt	75240	71793
17630	prompt	40988	71801
17631	prompt	34937	71810
17632	prompt	565	71815
17633	prompt	521	71817
17634	prompt	369	71820
17635	prompt	383	71823
17636	prompt	11	71826
17637	prompt	421	71827
17638	prompt	3278	71832
17639	prompt	3309	71836
17640	prompt	369	71839
17641	prompt	10932	71842
17642	prompt	25	71851
17643	prompt	3049	71852
17644	prompt	321	71859
17645	prompt	1542	71863
17646	prompt	264	71867
17647	prompt	27370	71869
17648	prompt	364	71878
17649	prompt	1396	71882
17650	prompt	64396	71888
17651	prompt	3274	71900
17652	prompt	539	71905
17653	prompt	1581	71908
17654	prompt	13	71916
17655	prompt	561	71917
17656	prompt	5614	71921
17657	prompt	369	71926
17658	prompt	279	71929
17659	prompt	1379	71933
17660	prompt	70042	71938
17661	prompt	11	71949
17662	prompt	4252	71950
17663	prompt	4087	71958
17664	prompt	488	71965
17665	prompt	628	71969
17666	prompt	7936	71973
17667	prompt	1892	71981
17668	prompt	3817	71985
17669	prompt	2695	71991
17670	prompt	369	71996
17671	prompt	524	71999
17672	prompt	264	72003
17673	prompt	20908	72005
17674	prompt	13	72016
17675	prompt	1690	72017
17676	prompt	7072	72021
17677	prompt	78795	72027
17678	prompt	944	72033
17679	prompt	318	72038
17680	prompt	7744	72040
17681	prompt	2598	72045
17682	prompt	11069	72050
17683	prompt	2790	72054
17684	prompt	11069	72061
17685	prompt	4072	72065
17686	prompt	11069	72075
17687	prompt	3286	72079
17688	prompt	681	72086
17689	prompt	421	72088
17690	prompt	3428	72093
17691	prompt	3254	72099
17692	prompt	3679	72105
17693	prompt	84452	72113
17694	prompt	303	72123
17695	prompt	8240	72126
17696	prompt	1892	72135
17697	prompt	799	72139
17698	prompt	791	72143
17699	prompt	9956	72147
17700	prompt	1892	72153
17701	prompt	748	72157
17702	prompt	488	72160
17703	prompt	4565	72164
17704	prompt	303	72169
17705	prompt	279	72172
17706	prompt	6136	72176
17707	prompt	1881	72181
17708	prompt	1070	72189
17709	prompt	13	72194
17710	prompt	561	72195
17711	prompt	4131	72199
17712	prompt	12261	72207
17713	prompt	3559	72216
17714	prompt	318	72222
17715	prompt	327	72224
17716	prompt	2909	72226
17717	prompt	41306	72230
17718	prompt	9845	72235
17719	prompt	11	72242
17720	prompt	7072	72243
17721	prompt	24324	72249
17722	prompt	22424	72255
17723	prompt	11	72261
17724	prompt	76591	72262
17725	prompt	9451	72275
17726	prompt	11	72282
17727	prompt	6136	72283
17728	prompt	19287	72288
17729	prompt	1589	72291
17730	prompt	1676	72294
17731	prompt	856	72296
17732	prompt	8	72298
17733	prompt	513	72299
17734	prompt	279	72303
17735	prompt	7141	72307
17736	prompt	26	72313
17737	prompt	3608	72314
17738	prompt	1092	72319
17739	prompt	17759	72324
17740	prompt	279	72329
17741	prompt	3274	72333
17742	prompt	13	72338
17743	prompt	60014	72339
17744	prompt	8574	72344
17745	prompt	62929	72351
17746	prompt	1060	72360
17747	prompt	440	72365
17748	prompt	84452	72370
17749	prompt	321	72380
17750	prompt	27483	72384
17751	prompt	277	72391
17752	prompt	32365	72393
17753	prompt	66532	72398
17754	prompt	678	72408
17755	prompt	14192	72413
17756	prompt	1892	72422
17757	prompt	7014	72426
17758	prompt	279	72433
17759	prompt	944	72437
17760	prompt	369	72442
17761	prompt	34468	72445
17762	prompt	466	72453
17763	prompt	2582	72456
17764	prompt	23185	72464
17765	prompt	13	72473
17766	prompt	33960	72474
17767	prompt	1132	72479
17768	prompt	383	72484
17769	prompt	7281	72487
17770	prompt	1605	72495
17771	prompt	10263	72502
17772	prompt	466	72508
17773	prompt	34468	72511
17774	prompt	21461	72519
17775	prompt	49133	72530
17776	prompt	13	72536
17777	prompt	3095	72537
17778	prompt	264	72542
17779	prompt	25680	72544
17780	prompt	2640	72553
17781	prompt	34937	72558
17782	prompt	565	72563
17783	prompt	521	72565
17784	prompt	369	72568
17785	prompt	974	72571
17786	prompt	11	72575
17787	prompt	39771	72576
17788	prompt	310	72583
17789	prompt	279	72586
17790	prompt	3278	72590
17791	prompt	3309	72594
17792	prompt	5728	72597
17793	prompt	3294	72602
17794	prompt	6889	72608
17795	prompt	77	72610
17796	prompt	1639	72611
17797	prompt	11839	72613
17798	prompt	279	72617
17799	prompt	5148	72621
17800	prompt	7147	72628
17801	prompt	4417	72635
17802	prompt	1510	72639
17803	prompt	2208	72641
17804	prompt	63	72647
17805	prompt	1892	72648
17806	prompt	635	72652
17807	prompt	524	72655
17808	prompt	9357	72659
17809	prompt	424	72665
17810	prompt	310	72668
17811	prompt	264	72671
17812	prompt	999	72673
17813	prompt	1118	72678
17814	prompt	13	72684
17815	prompt	6983	72685
17816	prompt	27757	72691
17817	prompt	9184	72702
17818	prompt	63815	72716
17819	prompt	1141	72725
17820	prompt	5148	72729
17821	prompt	310	72736
17822	prompt	264	72739
17823	prompt	999	72741
17824	prompt	1172	72746
17825	prompt	279	72752
17826	prompt	3669	72756
17827	prompt	6025	72764
17828	prompt	321	72774
17829	prompt	4523	72778
17830	prompt	279	72786
17831	prompt	1752	72790
17832	prompt	303	72795
17833	prompt	279	72798
17834	prompt	5224	72802
17835	prompt	1067	72807
17836	prompt	13	72814
17837	prompt	1946	72815
17838	prompt	28662	72818
17839	prompt	383	72826
17840	prompt	264	72829
17841	prompt	27370	72831
17842	prompt	11	72840
17843	prompt	4351	72841
17844	prompt	421	72846
17845	prompt	999	72851
17846	prompt	440	72856
17847	prompt	9357	72861
17848	prompt	57430	72867
17849	prompt	321	72872
17850	prompt	311	72876
17851	prompt	3309	72879
17852	prompt	7378	72882
17853	prompt	58144	72886
17854	prompt	440	72895
17855	prompt	51891	72900
17856	prompt	2208	72903
17857	prompt	1757	72909
17858	prompt	25	72913
17859	prompt	7018	72914
17860	prompt	27	72917
17861	prompt	2267	72918
17862	prompt	29	72922
17863	prompt	2037	72923
17864	prompt	5368	72925
17865	prompt	4370	72927
17866	prompt	314	72935
17867	prompt	577	72938
17868	prompt	2379	72942
17869	prompt	279	72948
17870	prompt	2400	72952
17871	prompt	5148	72957
17872	prompt	6889	72964
17873	prompt	77	72966
17874	prompt	1639	72967
17875	prompt	11179	72969
17876	prompt	5148	72974
17877	prompt	1902	72981
17878	prompt	3060	72986
17879	prompt	440	72992
17880	prompt	1510	72997
17881	prompt	1479	72999
17882	prompt	713	73005
17883	prompt	8557	73011
17884	prompt	283	73016
17885	prompt	14485	73018
17886	prompt	5368	73023
17887	prompt	6964	73025
17888	prompt	77	73027
17889	prompt	220	73028
17890	prompt	7250	73029
17891	prompt	713	73036
17892	prompt	8557	73042
17893	prompt	283	73047
17894	prompt	27238	73049
17895	prompt	77	73052
17896	prompt	262	73053
17897	prompt	803	73056
17898	prompt	25	73061
17899	prompt	359	73062
17900	prompt	3772	73064
17901	prompt	11925	73068
17902	prompt	27189	73071
17903	prompt	78300	73074
17904	prompt	504	73080
17905	prompt	59	73082
17906	prompt	77	73083
17907	prompt	262	73084
17908	prompt	3874	73087
17909	prompt	25	73099
17910	prompt	359	73100
17911	prompt	9592	73102
17912	prompt	1274	73106
17913	prompt	27189	73109
17914	prompt	6813	73112
17915	prompt	321	73118
17916	prompt	28647	73122
17917	prompt	25689	73130
17918	prompt	504	73136
17919	prompt	256	73138
17920	prompt	434	73140
17921	prompt	799	73143
17922	prompt	8187	73147
17923	prompt	11	73152
17924	prompt	6625	73153
17925	prompt	303	73159
17926	prompt	7634	73162
17927	prompt	7027	73173
17928	prompt	1639	73180
17929	prompt	262	73182
17930	prompt	33286	73185
17931	prompt	25	73192
17932	prompt	498	73193
17933	prompt	3235	73195
17934	prompt	434	73238
17935	prompt	799	73241
17936	prompt	4202	73245
17937	prompt	791	73251
17938	prompt	9956	73255
17939	prompt	363	73261
17940	prompt	1562	73263
17941	prompt	1639	73268
17942	prompt	406	73270
17943	prompt	313	73275
17944	prompt	2192	73277
17945	prompt	25	73283
17946	prompt	359	73284
17947	prompt	25722	73286
17948	prompt	504	73290
17949	prompt	7472	73292
17950	prompt	25	73299
17951	prompt	359	73300
17952	prompt	36940	73302
17953	prompt	1228	73306
17954	prompt	17872	73311
17955	prompt	364	73316
17956	prompt	58558	73320
17957	prompt	6	73328
17958	prompt	2390	73329
17959	prompt	59	73332
17960	prompt	77	73333
17961	prompt	406	73334
17962	prompt	313	73339
17963	prompt	2192	73341
17964	prompt	25	73347
17965	prompt	359	73348
17966	prompt	25128	73350
17967	prompt	504	73353
17968	prompt	7472	73355
17969	prompt	25	73362
17970	prompt	359	73363
17971	prompt	588	73365
17972	prompt	8057	73368
17973	prompt	791	73374
17974	prompt	1274	73378
17975	prompt	27189	73381
17976	prompt	1228	73384
17977	prompt	6	73389
17978	prompt	2390	73390
17979	prompt	59	73393
17980	prompt	77	73394
17981	prompt	262	73395
17982	prompt	10339	73398
17983	prompt	59	73401
17984	prompt	77	73402
17985	prompt	220	73403
17986	prompt	49575	73404
17987	prompt	77	73407
17988	prompt	220	73408
17989	prompt	434	73409
17990	prompt	5148	73412
17991	prompt	2407	73419
17992	prompt	8211	73424
17993	prompt	1532	73431
17994	prompt	1892	73436
17995	prompt	958	73440
17996	prompt	8057	73444
17997	prompt	27922	73450
17998	prompt	44564	73453
17999	prompt	27922	73461
18000	prompt	49534	73464
18001	prompt	27922	73472
18002	prompt	24344	73475
18003	prompt	27922	73480
18004	prompt	813	73483
18005	prompt	60607	73486
18006	prompt	77	73489
18007	prompt	220	73490
18008	prompt	9956	73491
18009	prompt	482	73497
18010	prompt	25722	73499
18011	prompt	837	73503
18012	prompt	59	73505
18013	prompt	77	73506
18014	prompt	220	73507
18015	prompt	713	73508
18016	prompt	1274	73514
18017	prompt	27189	73517
18018	prompt	283	73520
18019	prompt	2454	73522
18020	prompt	8057	73528
18021	prompt	482	73534
18022	prompt	36940	73536
18023	prompt	20068	73540
18024	prompt	17872	73543
18025	prompt	364	73548
18026	prompt	21979	73552
18027	prompt	23214	73558
18028	prompt	504	73566
18029	prompt	313	73568
18030	prompt	16838	73570
18031	prompt	25	73576
18032	prompt	12406	73577
18033	prompt	11568	73580
18034	prompt	56	73582
18035	prompt	44678	73583
18036	prompt	5242	73590
18037	prompt	59	73592
18038	prompt	77	73593
18039	prompt	220	73594
18040	prompt	95344	73595
18041	prompt	77	73600
18042	prompt	1639	73601
18043	prompt	760	73603
18044	prompt	1510	73606
18045	prompt	5317	73608
18046	prompt	63	73612
18047	prompt	1576	73613
18048	prompt	1902	73620
18049	prompt	381	73625
18050	prompt	264	73628
18051	prompt	80610	73630
18052	prompt	436	73635
18053	prompt	57465	73637
18054	prompt	1892	73643
18055	prompt	874	73647
18056	prompt	7101	73650
18057	prompt	11	73660
18058	prompt	709	73661
18059	prompt	6526	73670
18060	prompt	11	73676
18061	prompt	41139	73677
18062	prompt	11	73685
18063	prompt	466	73686
18064	prompt	3683	73689
18065	prompt	35282	73698
18066	prompt	13	73712
18067	prompt	12296	73713
18068	prompt	4881	73722
18069	prompt	25	73729
18070	prompt	1510	73730
18071	prompt	591	73732
18072	prompt	7561	73736
18073	prompt	1510	73738
18074	prompt	4532	73740
18075	prompt	27653	73751
18076	prompt	11906	73753
18077	prompt	25	73762
18078	prompt	1510	73763
18079	prompt	9033	73765
18080	prompt	1206	73769
18081	prompt	9947	73771
18082	prompt	63	73774
18083	prompt	318	73775
18084	prompt	67016	73777
18085	prompt	303	73782
18086	prompt	279	73785
18087	prompt	27370	73789
18088	prompt	1103	73798
18089	prompt	681	73803
18090	prompt	1510	73805
18091	prompt	734	73807
18092	prompt	2191	73809
18093	prompt	27653	73813
18094	prompt	5272	73815
18095	prompt	279	73819
18096	prompt	80612	73823
18097	prompt	9956	73828
18098	prompt	14865	73834
18099	prompt	303	73841
18100	prompt	8557	73844
18101	prompt	2063	73849
18102	prompt	2191	73852
18103	prompt	430	73856
18104	prompt	303	73859
18105	prompt	9956	73862
18106	prompt	363	73868
18107	prompt	6526	73870
18108	prompt	1892	73876
18109	prompt	14865	73880
18110	prompt	513	73887
18111	prompt	17515	73891
18112	prompt	6681	73899
18113	prompt	26	73907
18114	prompt	264	73908
18115	prompt	9956	73910
18116	prompt	363	73916
18117	prompt	1562	73918
18118	prompt	440	73923
18119	prompt	874	73928
18120	prompt	12219	73931
18121	prompt	8557	73940
18122	prompt	4202	73945
18123	prompt	1066	73951
18124	prompt	5055	73956
18125	prompt	1141	73961
18126	prompt	1765	73965
18127	prompt	4936	73969
18128	prompt	1809	73978
18129	prompt	13	73984
18130	prompt	2604	73985
18131	prompt	1510	73989
18132	prompt	2448	73991
18133	prompt	63	73996
18134	prompt	310	73997
18135	prompt	264	74000
18136	prompt	9956	74002
18137	prompt	4202	74008
18138	prompt	948	74014
18139	prompt	421	74019
18140	prompt	9956	74024
18141	prompt	5533	74030
18142	prompt	264	74035
18143	prompt	3050	74037
18144	prompt	1558	74046
18145	prompt	2723	74052
18146	prompt	6889	74061
18147	prompt	77	74063
18148	prompt	1639	74064
18149	prompt	5726	74066
18150	prompt	2407	74072
18151	prompt	28707	74077
18152	prompt	6964	74083
18153	prompt	77	74085
18154	prompt	12	74086
18155	prompt	8057	74087
18156	prompt	69798	74093
18157	prompt	25	74100
18158	prompt	886	74101
18159	prompt	11	74108
18160	prompt	11837	74109
18161	prompt	4666	74114
18162	prompt	313	74116
18163	prompt	1448	74118
18164	prompt	4666	74123
18165	prompt	886	74125
18166	prompt	11	74132
18167	prompt	9956	74133
18168	prompt	4666	74139
18169	prompt	886	74141
18170	prompt	11	74148
18171	prompt	10485	74149
18172	prompt	4666	74156
18173	prompt	1576	74158
18174	prompt	11	74165
18175	prompt	1558	74166
18176	prompt	4666	74172
18177	prompt	886	74174
18178	prompt	11	74181
18179	prompt	29310	74182
18180	prompt	4666	74192
18181	prompt	359	74194
18182	prompt	1715	74196
18183	prompt	9066	74200
18184	prompt	504	74204
18185	prompt	8057	74206
18186	prompt	900	74212
18187	prompt	4666	74216
18188	prompt	886	74218
18189	prompt	87565	74225
18190	prompt	7076	74228
18191	prompt	16671	74236
18192	prompt	29	74240
18193	prompt	1892	74241
18194	prompt	17503	74245
18195	prompt	264	74251
18196	prompt	1146	74253
18197	prompt	7838	74257
18198	prompt	13	74262
18199	prompt	16643	74263
18200	prompt	10485	74271
18201	prompt	11	74278
18202	prompt	4523	74279
18203	prompt	1141	74287
18204	prompt	1534	74291
18205	prompt	1414	74297
18206	prompt	430	74302
18207	prompt	264	74305
18208	prompt	886	74307
18209	prompt	13	74314
18210	prompt	2985	74315
18211	prompt	10485	74320
18212	prompt	318	74327
18213	prompt	64	74329
18214	prompt	4566	74330
18215	prompt	12179	74335
18216	prompt	681	74342
18217	prompt	279	74344
18218	prompt	1146	74348
18219	prompt	7838	74352
18220	prompt	369	74357
18221	prompt	9290	74360
18222	prompt	310	74367
18223	prompt	1562	74370
18224	prompt	264	74375
18225	prompt	15664	74377
18226	prompt	2974	74384
18227	prompt	4935	74388
18228	prompt	5224	74394
18229	prompt	321	74399
18230	prompt	8057	74403
18231	prompt	363	74409
18232	prompt	4523	74411
18233	prompt	279	74419
18234	prompt	31265	74423
18235	prompt	1576	74433
18236	prompt	1892	74440
18237	prompt	874	74444
18238	prompt	21621	74447
18239	prompt	4221	74455
18240	prompt	13	74462
18241	prompt	5019	74463
18242	prompt	819	74471
18243	prompt	413	74476
18244	prompt	279	74479
18245	prompt	1156	74483
18246	prompt	88367	74488
18247	prompt	279	74494
18248	prompt	8057	74498
18249	prompt	4937	74504
18250	prompt	22258	74508
18251	prompt	466	74512
18252	prompt	279	74515
18253	prompt	1146	74519
18254	prompt	7838	74523
18255	prompt	8460	74528
18256	prompt	383	74533
18257	prompt	264	74536
18258	prompt	14586	74538
18259	prompt	5165	74547
18260	prompt	1412	74551
18261	prompt	1238	74557
18262	prompt	58558	74563
18263	prompt	318	74571
18264	prompt	5147	74573
18265	prompt	440	74579
18266	prompt	641	74584
18267	prompt	5147	74586
18268	prompt	38642	74592
18269	prompt	4430	74600
18270	prompt	11837	74603
18271	prompt	2815	74608
18272	prompt	34282	74614
18273	prompt	279	74624
18274	prompt	2940	74628
18275	prompt	2306	74636
18276	prompt	13	74642
18277	prompt	11837	74643
18278	prompt	62272	74648
18279	prompt	20335	74654
18280	prompt	48233	74665
18281	prompt	411	74673
18282	prompt	8057	74678
18283	prompt	310	74684
18284	prompt	264	74687
18285	prompt	4936	74689
18286	prompt	1809	74698
18287	prompt	318	74704
18288	prompt	784	74706
18289	prompt	411	74709
18290	prompt	4613	74714
18291	prompt	14855	74721
18292	prompt	27922	74730
18293	prompt	44564	74733
18294	prompt	363	74741
18295	prompt	17102	74743
18296	prompt	310	74750
18297	prompt	5471	74753
18298	prompt	19963	74759
18299	prompt	383	74765
18300	prompt	279	74768
18301	prompt	3521	74772
18302	prompt	9956	74779
18303	prompt	363	74785
18304	prompt	1528	74787
18305	prompt	1892	74793
18306	prompt	1788	74797
18307	prompt	9956	74802
18308	prompt	886	74808
18309	prompt	11069	74815
18310	prompt	1788	74819
18311	prompt	1809	74824
18312	prompt	3618	74830
18313	prompt	553	74834
18314	prompt	11837	74836
18315	prompt	3090	74841
18316	prompt	34282	74847
18317	prompt	279	74857
18318	prompt	1558	74861
18319	prompt	364	74867
18320	prompt	411	74871
18321	prompt	8057	74876
18322	prompt	1562	74882
18323	prompt	13	74887
18324	prompt	7650	74888
18325	prompt	310	74896
18326	prompt	49325	74899
18327	prompt	1235	74904
18328	prompt	424	74908
18329	prompt	1892	74911
18330	prompt	279	74915
18331	prompt	8057	74919
18332	prompt	72906	74925
18333	prompt	279	74934
18334	prompt	1822	74938
18335	prompt	58621	74943
18336	prompt	1558	74948
18337	prompt	318	74954
18338	prompt	1719	74956
18339	prompt	19072	74959
18340	prompt	3669	74968
18341	prompt	1558	74976
18342	prompt	681	74982
18343	prompt	864	74984
18344	prompt	369	74990
18345	prompt	4409	74993
18346	prompt	2590	75000
18347	prompt	4252	75007
18348	prompt	13	75015
18349	prompt	8020	75016
18350	prompt	716	75021
18351	prompt	424	75025
18352	prompt	948	75028
18353	prompt	488	75033
18354	prompt	2224	75037
18355	prompt	7309	75040
18356	prompt	16021	75047
18357	prompt	264	75057
18358	prompt	2086	75059
18359	prompt	25165	75069
18360	prompt	17759	75074
18361	prompt	279	75079
18362	prompt	3274	75083
18363	prompt	26	75088
18364	prompt	948	75089
18365	prompt	41484	75094
18366	prompt	11	75101
18367	prompt	49325	75102
18368	prompt	13	75107
18369	prompt	11837	75108
18370	prompt	2011	75113
18371	prompt	33805	75116
18372	prompt	25	75123
18373	prompt	359	75124
18374	prompt	1715	75126
18375	prompt	9066	75130
18376	prompt	6	75134
18377	prompt	8213	75135
18378	prompt	279	75140
18379	prompt	8057	75144
18380	prompt	303	75150
18381	prompt	264	75153
18382	prompt	7478	75155
18383	prompt	15865	75161
18384	prompt	944	75165
18385	prompt	9066	75170
18386	prompt	1892	75174
18387	prompt	13073	75178
18388	prompt	19740	75182
18389	prompt	6334	75185
18390	prompt	29752	75188
18391	prompt	17	75191
18392	prompt	15	75192
18393	prompt	15	75193
18394	prompt	12	75194
18395	prompt	20	75195
18396	prompt	15	75196
18397	prompt	15	75197
18398	prompt	977	75198
18399	prompt	6302	75200
18400	prompt	478	75206
18401	prompt	12977	75208
18402	prompt	791	75213
18403	prompt	8057	75217
18404	prompt	681	75223
18405	prompt	958	75225
18406	prompt	25835	75229
18407	prompt	948	75234
18408	prompt	12636	75239
18409	prompt	64914	75246
18410	prompt	3425	75253
18411	prompt	303	75259
18412	prompt	14835	75262
18413	prompt	321	75271
18414	prompt	1000	75275
18415	prompt	5752	75281
18416	prompt	11712	75291
18417	prompt	26	75300
18418	prompt	279	75301
18419	prompt	944	75305
18420	prompt	9066	75310
18421	prompt	369	75314
18422	prompt	3129	75317
18423	prompt	12	75322
18424	prompt	44232	75323
18425	prompt	413	75330
18426	prompt	33702	75333
18427	prompt	13	75343
18428	prompt	11837	75344
18429	prompt	42681	75349
18430	prompt	900	75355
18431	prompt	5533	75359
18432	prompt	264	75364
18433	prompt	2446	75366
18434	prompt	1146	75373
18435	prompt	7838	75377
18436	prompt	913	75382
18437	prompt	318	75387
18438	prompt	68	75389
18439	prompt	1257	75390
18440	prompt	13	75392
18441	prompt	359	75393
18442	prompt	49537	75395
18443	prompt	504	75402
18444	prompt	359	75404
18445	prompt	1787	75406
18446	prompt	44199	75410
18447	prompt	261	75417
18448	prompt	837	75419
18449	prompt	4370	75421
18450	prompt	314	75429
18451	prompt	279	75432
18452	prompt	1581	75436
18453	prompt	27370	75444
18454	prompt	1146	75453
18455	prompt	7838	75457
18456	prompt	1892	75462
18457	prompt	19072	75466
18458	prompt	494	75475
18459	prompt	279	75480
18460	prompt	1788	75484
18461	prompt	18834	75489
18462	prompt	430	75498
18463	prompt	279	75501
18464	prompt	20086	75505
18465	prompt	5224	75511
18466	prompt	26	75516
18467	prompt	459	75517
18468	prompt	8027	75521
18469	prompt	440	75526
18470	prompt	10485	75531
18471	prompt	318	75538
18472	prompt	1719	75540
18473	prompt	2446	75543
18474	prompt	8057	75550
18475	prompt	579	75556
18476	prompt	1785	75558
18477	prompt	9640	75565
18478	prompt	5055	75572
18479	prompt	264	75577
18480	prompt	15664	75579
18481	prompt	2974	75586
18482	prompt	4935	75590
18483	prompt	7359	75596
18484	prompt	49465	75608
18485	prompt	69884	75617
18486	prompt	77	75620
18487	prompt	12	75621
18488	prompt	14855	75622
18489	prompt	23573	75631
18490	prompt	11	75637
18491	prompt	6228	75638
18492	prompt	16	75644
18493	prompt	11	75645
18494	prompt	6228	75646
18495	prompt	17	75652
18496	prompt	11	75653
18497	prompt	2423	75654
18498	prompt	1590	75658
18499	prompt	7076	75660
18500	prompt	16671	75668
18501	prompt	19630	75672
18502	prompt	1892	75675
18503	prompt	1542	75679
18504	prompt	1754	75683
18505	prompt	1455	75688
18506	prompt	1472	75693
18507	prompt	660	75701
18508	prompt	17102	75705
18509	prompt	27222	75712
18510	prompt	11	75726
18511	prompt	5486	75727
18512	prompt	21419	75730
18513	prompt	1881	75738
18514	prompt	17102	75746
18515	prompt	13	75753
18516	prompt	5561	75754
18517	prompt	357	75759
18518	prompt	628	75761
18519	prompt	381	75765
18520	prompt	303	75768
18521	prompt	6228	75771
18522	prompt	220	75777
18523	prompt	18	75778
18524	prompt	1345	75779
18525	prompt	1455	75785
18526	prompt	417	75790
18527	prompt	369	75792
18528	prompt	1990	75795
18529	prompt	303	75801
18530	prompt	6228	75804
18531	prompt	220	75810
18532	prompt	16	75811
18533	prompt	13	75812
18534	prompt	1061	75813
18535	prompt	369	75818
18536	prompt	279	75821
18537	prompt	11616	75825
18538	prompt	364	75833
18539	prompt	7072	75837
18540	prompt	48470	75843
18541	prompt	944	75849
18542	prompt	13	75854
18543	prompt	9447	75855
18544	prompt	52464	75860
18545	prompt	283	75866
18546	prompt	6103	75868
18547	prompt	467	75873
18548	prompt	3074	75876
18549	prompt	6203	75883
18550	prompt	8516	75888
18551	prompt	11	75894
18552	prompt	524	75895
18553	prompt	2542	75899
18554	prompt	8404	75903
18555	prompt	1284	75906
18556	prompt	86806	75908
18557	prompt	16520	75914
18558	prompt	48470	75918
18559	prompt	13	75924
18560	prompt	6983	75925
18561	prompt	6228	75931
18562	prompt	4667	75937
18563	prompt	20539	75946
18564	prompt	318	75955
18565	prompt	9590	75957
18566	prompt	2009	75961
18567	prompt	11	75967
18568	prompt	3889	75968
18569	prompt	1192	75977
18570	prompt	11	75981
18571	prompt	1857	75982
18572	prompt	8	75988
18573	prompt	1892	75989
18574	prompt	958	75993
18575	prompt	3889	75997
18576	prompt	1192	76006
18577	prompt	8750	76010
18578	prompt	303	76016
18579	prompt	2843	76019
18580	prompt	17102	76025
18581	prompt	310	76032
18582	prompt	2306	76035
18583	prompt	944	76041
18584	prompt	1973	76046
18585	prompt	29174	76054
18586	prompt	2193	76064
18587	prompt	1472	76072
18588	prompt	6228	76080
18589	prompt	220	76086
18590	prompt	16	76087
18591	prompt	579	76088
18592	prompt	460	76090
18593	prompt	869	76097
18594	prompt	13	76103
18595	prompt	357	76104
18596	prompt	6228	76106
18597	prompt	421	76112
18598	prompt	3659	76117
18599	prompt	20382	76124
18600	prompt	421	76130
18601	prompt	1455	76135
18602	prompt	310	76140
18603	prompt	1510	76143
18604	prompt	2827	76145
18605	prompt	63	76149
18606	prompt	321	76150
18607	prompt	88367	76154
18608	prompt	1141	76160
18609	prompt	9376	76164
18610	prompt	17102	76174
18611	prompt	6889	76181
18612	prompt	77	76183
18613	prompt	12	76184
18614	prompt	14835	76185
18615	prompt	23596	76194
18616	prompt	14852	76197
18617	prompt	25	76201
18618	prompt	2816	76202
18619	prompt	27	76208
18620	prompt	363	76209
18621	prompt	574	76211
18622	prompt	7076	76214
18623	prompt	16671	76222
18624	prompt	2372	76226
18625	prompt	1590	76228
18626	prompt	7076	76230
18627	prompt	16671	76238
18628	prompt	19630	76242
18629	prompt	1892	76245
18630	prompt	1542	76249
18631	prompt	8806	76253
18632	prompt	75352	76259
18633	prompt	13	76272
18634	prompt	1061	76273
18635	prompt	369	76278
18636	prompt	264	76281
18637	prompt	417	76283
18638	prompt	79854	76285
18639	prompt	25	76291
18640	prompt	68405	76292
18641	prompt	660	76299
18642	prompt	270	76303
18643	prompt	14852	76306
18644	prompt	1518	76310
18645	prompt	13064	76317
18646	prompt	13	76327
18647	prompt	357	76328
18648	prompt	75478	76330
18649	prompt	421	76336
18650	prompt	3659	76341
18651	prompt	318	76348
18652	prompt	269	76350
18653	prompt	6483	76352
18654	prompt	8057	76358
18655	prompt	5787	76364
18656	prompt	8	76371
18657	prompt	61161	76372
18658	prompt	310	76381
18659	prompt	1510	76384
18660	prompt	2827	76386
18661	prompt	63	76390
18662	prompt	303	76391
18663	prompt	279	76394
18664	prompt	1067	76398
18665	prompt	1287	76405
18666	prompt	1892	76411
18667	prompt	279	76415
18668	prompt	1562	76419
18669	prompt	4924	76424
18670	prompt	2496	76431
18671	prompt	57409	76437
18672	prompt	11	76445
18673	prompt	748	76446
18674	prompt	71570	76449
18675	prompt	5147	76452
18676	prompt	38642	76458
18677	prompt	44646	76466
18678	prompt	1518	76468
18679	prompt	1608	76475
18680	prompt	279	76481
18681	prompt	2961	76485
18682	prompt	13	76493
18683	prompt	5272	76494
18684	prompt	25835	76498
18685	prompt	948	76503
18686	prompt	488	76508
18687	prompt	34032	76512
18688	prompt	1144	76522
18689	prompt	660	76527
18690	prompt	2961	76531
18691	prompt	3658	76539
18692	prompt	6889	76548
18693	prompt	77	76550
18694	prompt	12	76551
18695	prompt	1433	76552
18696	prompt	7102	76556
18697	prompt	25	76564
18698	prompt	886	76565
18699	prompt	1590	76572
18700	prompt	715	76574
18701	prompt	1892	76579
18702	prompt	16201	76583
18703	prompt	264	76588
18704	prompt	4936	76590
18705	prompt	1876	76599
18706	prompt	310	76607
18707	prompt	279	76610
18708	prompt	1156	76614
18709	prompt	318	76619
18710	prompt	67016	76621
18711	prompt	430	76626
18712	prompt	264	76629
18713	prompt	62004	76631
18714	prompt	1500	76640
18715	prompt	3294	76645
18716	prompt	279	76651
18717	prompt	4936	76655
18718	prompt	4757	76664
18719	prompt	10383	76669
18720	prompt	77	76671
18721	prompt	12	76672
18722	prompt	9956	76673
18723	prompt	12146	76679
18724	prompt	25	76685
18725	prompt	886	76686
18726	prompt	1590	76693
18727	prompt	715	76695
18728	prompt	1892	76700
18729	prompt	1151	76704
18730	prompt	264	76710
18731	prompt	491	76712
18732	prompt	9956	76716
18733	prompt	26	76722
18734	prompt	16905	76723
18735	prompt	8057	76734
18736	prompt	363	76740
18737	prompt	6526	76742
18738	prompt	513	76748
18739	prompt	38710	76752
18740	prompt	1172	76760
18741	prompt	411	76766
18742	prompt	2192	76771
18743	prompt	303	76777
18744	prompt	279	76780
18745	prompt	4936	76784
18746	prompt	2940	76793
18747	prompt	1639	76801
18748	prompt	12	76803
18749	prompt	2736	76804
18750	prompt	25	76809
18751	prompt	866	76810
18752	prompt	1892	76814
18753	prompt	279	76818
18754	prompt	869	76822
18755	prompt	5642	76828
18756	prompt	430	76835
18757	prompt	58144	76838
18758	prompt	579	76847
18759	prompt	1510	76849
18760	prompt	2048	76851
18761	prompt	63	76855
18762	prompt	1879	76856
18763	prompt	11	76862
18764	prompt	2652	76863
18765	prompt	52907	76867
18766	prompt	318	76872
18767	prompt	9327	76874
18768	prompt	413	76883
18769	prompt	524	76886
18770	prompt	3766	76890
18771	prompt	553	76899
18772	prompt	9675	76901
18773	prompt	17839	76906
18774	prompt	14	76913
18775	prompt	18630	76914
18776	prompt	430	76921
18777	prompt	4880	76924
18778	prompt	4566	76931
18779	prompt	2663	76936
18780	prompt	303	76943
18781	prompt	279	76946
18782	prompt	5224	76950
18783	prompt	1562	76955
18784	prompt	11	76960
18785	prompt	4045	76961
18786	prompt	430	76965
18787	prompt	264	76968
18788	prompt	4566	76970
18789	prompt	89077	76975
18790	prompt	886	76983
18791	prompt	1892	76990
18792	prompt	1510	76994
18793	prompt	2048	76996
18794	prompt	25	77000
18795	prompt	498	77001
18796	prompt	2037	77003
18797	prompt	64	77005
18798	prompt	20633	77006
18799	prompt	15738	77009
18800	prompt	7018	77012
18801	prompt	65	77015
18802	prompt	20633	77016
18803	prompt	72547	77019
18804	prompt	7561	77022
18805	prompt	524	77024
18806	prompt	1510	77028
18807	prompt	2048	77030
18808	prompt	25	77034
18809	prompt	7018	77035
18810	prompt	58	77038
18811	prompt	3312	77039
18812	prompt	2037	77041
18813	prompt	64	77043
18814	prompt	20633	77044
18815	prompt	3312	77047
18816	prompt	15738	77049
18817	prompt	2423	77052
18818	prompt	60	77056
18819	prompt	2037	77057
18820	prompt	63	77059
18821	prompt	318	77060
18822	prompt	64	77062
18823	prompt	886	77063
18824	prompt	1806	77070
18825	prompt	1103	77075
18826	prompt	23716	77080
18827	prompt	279	77088
18828	prompt	5148	77092
18829	prompt	430	77099
18830	prompt	799	77102
18831	prompt	886	77106
18832	prompt	11	77113
18833	prompt	748	77114
18834	prompt	1510	77117
18835	prompt	2048	77119
18836	prompt	6720	77123
18837	prompt	63	77130
18838	prompt	14	77131
18839	prompt	63	77132
18840	prompt	2048	77133
18841	prompt	4617	77137
18842	prompt	63	77141
18843	prompt	2430	77142
18844	prompt	553	77148
18845	prompt	5272	77150
18846	prompt	411	77154
18847	prompt	310	77159
18848	prompt	5555	77162
18849	prompt	537	77172
18850	prompt	6725	77175
18851	prompt	84452	77181
18852	prompt	1892	77191
18853	prompt	378	77195
18854	prompt	1257	77197
18855	prompt	13	77199
18856	prompt	1440	77200
18857	prompt	264	77205
18858	prompt	3302	77207
18859	prompt	3296	77216
18860	prompt	11	77225
18861	prompt	2100	77226
18862	prompt	1752	77233
18863	prompt	11	77238
18864	prompt	466	77239
18865	prompt	2124	77242
18866	prompt	1576	77249
18867	prompt	5774	77256
18868	prompt	4370	77265
18869	prompt	314	77273
18870	prompt	4417	77276
18871	prompt	264	77280
18872	prompt	3008	77282
18873	prompt	52062	77287
18874	prompt	999	77295
18875	prompt	6889	77300
18876	prompt	77	77302
18877	prompt	12	77303
18878	prompt	7786	77304
18879	prompt	25	77311
18880	prompt	313	77312
18881	prompt	4873	77314
18882	prompt	25	77319
18883	prompt	1324	77320
18884	prompt	21940	77327
18885	prompt	11	77332
18886	prompt	7157	77333
18887	prompt	4406	77339
18888	prompt	1324	77342
18889	prompt	11	77349
18890	prompt	9376	77350
18891	prompt	4406	77360
18892	prompt	1324	77363
18893	prompt	92	77370
18894	prompt	1892	77371
18895	prompt	279	77375
18896	prompt	2404	77379
18897	prompt	579	77384
18898	prompt	3817	77386
18899	prompt	2100	77392
18900	prompt	494	77399
18901	prompt	279	77404
18902	prompt	1156	77408
18903	prompt	579	77413
18904	prompt	1088	77415
18905	prompt	5397	77417
18906	prompt	20	77419
18907	prompt	15	77420
18908	prompt	15	77421
18909	prompt	74	77422
18910	prompt	2037	77423
18911	prompt	12	77425
18912	prompt	3412	77426
18913	prompt	32740	77431
18914	prompt	13	77441
18915	prompt	1510	77442
18916	prompt	46793	77444
18917	prompt	13323	77450
18918	prompt	63	77456
18919	prompt	369	77457
18920	prompt	819	77460
18921	prompt	413	77465
18922	prompt	874	77468
18923	prompt	2100	77471
18924	prompt	557	77478
18925	prompt	716	77482
18926	prompt	13	77486
18927	prompt	1510	77487
18928	prompt	46793	77489
18929	prompt	8310	77495
18930	prompt	305	77498
18931	prompt	52434	77501
18932	prompt	4523	77504
18933	prompt	2468	77512
18934	prompt	10885	77519
18935	prompt	7157	77526
18936	prompt	411	77532
18937	prompt	2404	77537
18938	prompt	3808	77542
18939	prompt	279	77549
18940	prompt	1822	77553
18941	prompt	6136	77558
18942	prompt	321	77563
18943	prompt	660	77567
18944	prompt	84452	77571
18945	prompt	1892	77581
18946	prompt	279	77585
18947	prompt	7087	77589
18948	prompt	369	77594
18949	prompt	5904	77597
18950	prompt	11	77604
18951	prompt	524	77605
18952	prompt	791	77609
18953	prompt	27686	77613
18954	prompt	4804	77618
18955	prompt	13	77622
18956	prompt	1510	77623
18957	prompt	46793	77625
18958	prompt	88834	77631
18959	prompt	52434	77641
18960	prompt	4523	77644
18961	prompt	1510	77652
18962	prompt	2721	77654
18963	prompt	7	77657
18964	prompt	15	77658
18965	prompt	11	77659
18966	prompt	2702	77660
18967	prompt	471	77666
18968	prompt	7157	77668
18969	prompt	2072	77674
18970	prompt	7561	77677
18971	prompt	466	77679
18972	prompt	1510	77682
18973	prompt	43585	77684
18974	prompt	63	77692
18975	prompt	413	77693
18976	prompt	874	77696
18977	prompt	2100	77699
18978	prompt	13	77706
18979	prompt	561	77707
18980	prompt	2100	77711
18981	prompt	369	77718
18982	prompt	264	77721
18983	prompt	67536	77723
18984	prompt	21482	77728
18985	prompt	11	77736
18986	prompt	524	77737
18987	prompt	39099	77741
18988	prompt	25	77750
18989	prompt	2957	77751
18990	prompt	1510	77756
18991	prompt	91106	77758
18992	prompt	52434	77763
18993	prompt	23716	77766
18994	prompt	1510	77774
18995	prompt	4873	77776
18996	prompt	7561	77781
18997	prompt	4473	77783
18998	prompt	1510	77791
18999	prompt	7838	77793
19000	prompt	52434	77798
19001	prompt	6526	77801
19002	prompt	2430	77807
19003	prompt	13	77813
19004	prompt	5272	77814
19005	prompt	364	77818
19006	prompt	8476	77822
19007	prompt	28782	77830
19008	prompt	25	77836
19009	prompt	1510	77837
19010	prompt	3361	77839
19011	prompt	318	77844
19012	prompt	46793	77846
19013	prompt	13323	77852
19014	prompt	976	77858
19015	prompt	7786	77861
19016	prompt	88834	77868
19017	prompt	363	77878
19018	prompt	835	77880
19019	prompt	220	77882
19020	prompt	20	77883
19021	prompt	15	77884
19022	prompt	62	77885
19023	prompt	15	77886
19024	prompt	15	77887
19025	prompt	15	77888
19026	prompt	8	77889
19027	prompt	313	77890
19028	prompt	2423	77892
19029	prompt	333	77896
19030	prompt	7561	77898
19031	prompt	466	77900
19032	prompt	1064	77903
19033	prompt	26079	77910
19034	prompt	25	77918
19035	prompt	1510	77919
19036	prompt	989	77921
19037	prompt	426	77926
19038	prompt	841	77928
19039	prompt	1300	77930
19040	prompt	283	77932
19041	prompt	7786	77934
19042	prompt	13323	77941
19043	prompt	907	77947
19044	prompt	4013	77949
19045	prompt	12520	77954
19046	prompt	1818	77960
19047	prompt	6114	77962
19048	prompt	13323	77967
19049	prompt	593	77973
19050	prompt	220	77975
19051	prompt	16	77976
19052	prompt	15	77977
19053	prompt	15	77978
19054	prompt	62	77979
19055	prompt	15	77980
19056	prompt	15	77981
19057	prompt	15	77982
19058	prompt	8	77983
19059	prompt	535	77984
19060	prompt	220	77986
19061	prompt	20	77987
19062	prompt	63	77988
19063	prompt	6889	77989
19064	prompt	77	77991
19065	prompt	12	77992
19066	prompt	27370	77993
19067	prompt	3052	78002
19068	prompt	2126	78007
19069	prompt	3812	78009
19070	prompt	25	78012
19071	prompt	886	78013
19072	prompt	735	78020
19073	prompt	313	78022
19074	prompt	2208	78024
19075	prompt	1757	78030
19076	prompt	25	78034
19077	prompt	886	78035
19078	prompt	2069	78042
19079	prompt	2736	78044
19080	prompt	4666	78049
19081	prompt	866	78051
19082	prompt	1590	78055
19083	prompt	7076	78057
19084	prompt	16671	78065
19085	prompt	29	78069
19086	prompt	1892	78070
19087	prompt	1542	78074
19088	prompt	2361	78078
19089	prompt	27370	78086
19090	prompt	7147	78095
19091	prompt	430	78102
19092	prompt	264	78105
19093	prompt	1146	78107
19094	prompt	28253	78111
19095	prompt	321	78116
19096	prompt	460	78120
19097	prompt	8554	78127
19098	prompt	424	78136
19099	prompt	4523	78139
19100	prompt	13	78147
19101	prompt	9675	78148
19102	prompt	264	78153
19103	prompt	803	78155
19104	prompt	310	78160
19105	prompt	19268	78163
19106	prompt	264	78170
19107	prompt	6568	78172
19108	prompt	27370	78178
19109	prompt	318	78187
19110	prompt	23310	78189
19111	prompt	18834	78193
19112	prompt	430	78202
19113	prompt	313	78205
19114	prompt	591	78207
19115	prompt	25	78211
19116	prompt	7018	78212
19117	prompt	1076	78215
19118	prompt	2037	78218
19119	prompt	37556	78220
19120	prompt	466	78223
19121	prompt	313	78226
19122	prompt	2208	78228
19123	prompt	1757	78234
19124	prompt	92	78238
19125	prompt	310	78239
19126	prompt	1542	78242
19127	prompt	264	78246
19128	prompt	5148	78248
19129	prompt	999	78255
19130	prompt	488	78260
19131	prompt	457	78264
19132	prompt	5356	78266
19133	prompt	6575	78270
19134	prompt	13	78278
19135	prompt	561	78279
19136	prompt	1623	78283
19137	prompt	12863	78289
19138	prompt	411	78296
19139	prompt	1542	78301
19140	prompt	579	78305
19141	prompt	75336	78307
19142	prompt	1994	78319
19143	prompt	11	78323
19144	prompt	8057	78324
19145	prompt	5373	78330
19146	prompt	11	78338
19147	prompt	10999	78339
19148	prompt	8028	78345
19149	prompt	11	78352
19150	prompt	321	78353
19151	prompt	3817	78357
19152	prompt	7786	78363
19153	prompt	1892	78370
19154	prompt	1141	78374
19155	prompt	12636	78378
19156	prompt	4833	78385
19157	prompt	1172	78392
19158	prompt	264	78398
19159	prompt	7018	78400
19160	prompt	10107	78403
19161	prompt	116	78405
19162	prompt	803	78406
19163	prompt	2037	78411
19164	prompt	1809	78413
19165	prompt	303	78419
19166	prompt	593	78422
19167	prompt	1715	78424
19168	prompt	36879	78428
19169	prompt	321	78433
19170	prompt	1141	78437
19171	prompt	10885	78441
19172	prompt	1698	78448
19173	prompt	8574	78454
19174	prompt	7786	78461
19175	prompt	8310	78468
19176	prompt	305	78471
19177	prompt	973	78474
19178	prompt	561	78477
19179	prompt	2736	78481
19180	prompt	1626	78486
19181	prompt	8772	78492
19182	prompt	279	78500
19183	prompt	1623	78504
19184	prompt	579	78510
19185	prompt	1510	78512
19186	prompt	2048	78514
19187	prompt	63	78518
19188	prompt	3521	78519
19189	prompt	13	78526
19190	prompt	37617	78527
19191	prompt	286	78532
19192	prompt	369	78535
19193	prompt	799	78538
19194	prompt	2119	78542
19195	prompt	1132	78548
19196	prompt	25	78553
19197	prompt	27370	78554
19198	prompt	363	78563
19199	prompt	4613	78565
19200	prompt	264	78572
19201	prompt	1623	78574
19202	prompt	3659	78580
19203	prompt	13	78587
19204	prompt	64589	78588
19205	prompt	383	78595
19206	prompt	9496	78598
19207	prompt	803	78606
19208	prompt	593	78611
19209	prompt	58256	78613
19210	prompt	470	78620
19211	prompt	5148	78624
19212	prompt	1757	78631
19213	prompt	593	78635
19214	prompt	1623	78637
19215	prompt	18890	78643
19216	prompt	1412	78650
19217	prompt	26	78656
19218	prompt	2213	78657
19219	prompt	310	78663
19220	prompt	3579	78666
19221	prompt	75810	78673
19222	prompt	6889	78684
19223	prompt	77	78686
19224	prompt	1639	78687
19225	prompt	3036	78689
19226	prompt	53030	78692
19227	prompt	513	78698
19228	prompt	3125	78702
19229	prompt	836	78707
19230	prompt	1534	78713
19231	prompt	1414	78719
19232	prompt	3314	78724
19233	prompt	279	78727
19234	prompt	460	78731
19235	prompt	869	78738
19236	prompt	318	78744
19237	prompt	1856	78746
19238	prompt	264	78749
19239	prompt	3611	78751
19240	prompt	61170	78757
19241	prompt	1876	78764
19242	prompt	681	78772
19243	prompt	748	78774
19244	prompt	781	78777
19245	prompt	460	78782
19246	prompt	6891	78789
19247	prompt	795	78793
19248	prompt	13	78798
19249	prompt	1690	78799
19250	prompt	31838	78803
19251	prompt	2468	78814
19252	prompt	11	78821
19253	prompt	958	78822
19254	prompt	279	78826
19255	prompt	10485	78830
19256	prompt	2904	78837
19257	prompt	1892	78844
19258	prompt	10206	78848
19259	prompt	8311	78859
19260	prompt	506	78867
19261	prompt	279	78870
19262	prompt	5224	78874
19263	prompt	56905	78879
19264	prompt	6000	78884
19265	prompt	748	78890
19266	prompt	279	78893
19267	prompt	1558	78897
19268	prompt	58558	78903
19269	prompt	383	78911
19270	prompt	34131	78914
19271	prompt	6889	78923
19272	prompt	77	78925
19273	prompt	1639	78926
19274	prompt	60654	78928
19275	prompt	12636	78936
19276	prompt	628	78943
19277	prompt	5372	78947
19278	prompt	660	78953
19279	prompt	3669	78957
19280	prompt	69736	78965
19281	prompt	76433	78975
19282	prompt	7141	78979
19283	prompt	4417	78985
19284	prompt	13086	78989
19285	prompt	5708	78994
19286	prompt	1892	79000
19287	prompt	59716	79004
19288	prompt	2706	79012
19289	prompt	383	79017
19290	prompt	7244	79020
19291	prompt	791	79027
19292	prompt	8057	79031
19293	prompt	13	79037
19294	prompt	47731	79038
19295	prompt	266	79043
19296	prompt	25	79045
19297	prompt	15803	79046
19298	prompt	3032	79055
19299	prompt	32391	79060
19300	prompt	17406	79065
19301	prompt	76433	79074
19302	prompt	15814	79078
19303	prompt	318	79086
19304	prompt	68	79088
19305	prompt	1257	79089
19306	prompt	13	79091
19307	prompt	83712	79092
19308	prompt	768	79096
19309	prompt	39046	79099
19310	prompt	8	79102
19311	prompt	1189	79103
19312	prompt	381	79107
19313	prompt	26334	79110
19314	prompt	303	79117
19315	prompt	1901	79120
19316	prompt	1657	79125
19317	prompt	2805	79129
19318	prompt	2176	79131
19319	prompt	8213	79134
19320	prompt	6889	79139
19321	prompt	77	79141
19322	prompt	1639	79142
19323	prompt	43445	79144
19324	prompt	513	79151
19325	prompt	13983	79155
19326	prompt	12544	79161
19327	prompt	11	79172
19328	prompt	4045	79173
19329	prompt	84441	79177
19330	prompt	1892	79188
19331	prompt	913	79192
19332	prompt	31144	79197
19333	prompt	27718	79209
19334	prompt	25	79212
19335	prompt	886	79213
19336	prompt	1249	79220
19337	prompt	63	79222
19338	prompt	681	79223
19339	prompt	23344	79225
19340	prompt	11	79236
19341	prompt	321	79237
19342	prompt	92241	79241
19343	prompt	3564	79250
19344	prompt	310	79255
19345	prompt	4563	79258
19346	prompt	13	79264
19347	prompt	561	79265
19348	prompt	5148	79269
19349	prompt	2407	79276
19350	prompt	8213	79281
19351	prompt	303	79286
19352	prompt	449	79289
19353	prompt	3203	79292
19354	prompt	2193	79298
19355	prompt	1892	79306
19356	prompt	958	79310
19357	prompt	2454	79314
19358	prompt	5774	79320
19359	prompt	13	79329
19360	prompt	11429	79330
19361	prompt	11814	79339
19362	prompt	5617	79342
19363	prompt	21181	79348
19364	prompt	318	79352
19365	prompt	5202	79354
19366	prompt	11	79358
19367	prompt	4013	79359
19368	prompt	11	79364
19369	prompt	2816	79365
19370	prompt	11	79371
19371	prompt	4831	79372
19372	prompt	5946	79376
19373	prompt	513	79378
19374	prompt	2420	79382
19375	prompt	1892	79392
19376	prompt	3927	79396
19377	prompt	20427	79399
19378	prompt	1510	79403
19379	prompt	1851	79405
19380	prompt	10384	79409
19381	prompt	52434	79413
19382	prompt	14	79416
19383	prompt	63	79417
19384	prompt	8549	79418
19385	prompt	7581	79422
19386	prompt	52434	79429
19387	prompt	14	79432
19388	prompt	832	79433
19389	prompt	1657	79436
19390	prompt	1510	79440
19391	prompt	902	79442
19392	prompt	2544	79445
19393	prompt	363	79450
19394	prompt	7561	79452
19395	prompt	864	79454
19396	prompt	2430	79460
19397	prompt	318	79466
19398	prompt	19458	79468
19399	prompt	1000	79472
19400	prompt	1387	79478
19401	prompt	15227	79484
19402	prompt	1174	79491
19403	prompt	1440	79493
19404	prompt	47149	79498
19405	prompt	303	79509
19406	prompt	4417	79512
19407	prompt	1510	79516
19408	prompt	2048	79518
19409	prompt	7561	79522
19410	prompt	20555	79524
19411	prompt	2961	79530
19412	prompt	1238	79538
19413	prompt	279	79544
19414	prompt	27370	79548
19415	prompt	4523	79557
19416	prompt	11	79565
19417	prompt	321	79566
19418	prompt	364	79570
19419	prompt	83698	79574
19420	prompt	12904	79585
19421	prompt	279	79590
19422	prompt	8057	79594
19423	prompt	9640	79600
19424	prompt	14	79607
19425	prompt	1448	79608
19426	prompt	539	79613
19427	prompt	1857	79616
19428	prompt	13	79622
19429	prompt	2233	79623
19430	prompt	37115	79626
19431	prompt	466	79637
19432	prompt	5829	79640
19433	prompt	2764	79645
19434	prompt	5165	79648
19435	prompt	2528	79652
19436	prompt	6889	79659
19437	prompt	77	79661
19438	prompt	1639	79662
19439	prompt	16775	79664
19440	prompt	4981	79671
19441	prompt	14855	79674
19442	prompt	973	79683
19443	prompt	8020	79686
19444	prompt	5372	79691
19445	prompt	364	79697
19446	prompt	264	79701
19447	prompt	21419	79703
19448	prompt	318	79711
19449	prompt	44564	79713
19450	prompt	1881	79721
19451	prompt	17102	79729
19452	prompt	8	79736
19453	prompt	948	79737
19454	prompt	488	79742
19455	prompt	34032	79746
19456	prompt	1144	79756
19457	prompt	12719	79761
19458	prompt	4711	79765
19459	prompt	48470	79771
19460	prompt	2961	79777
19461	prompt	3658	79785
19462	prompt	6889	79794
19463	prompt	77	79796
19464	prompt	1639	79797
19465	prompt	32	79799
19466	prompt	21419	79800
19467	prompt	369	79808
19468	prompt	4252	79811
19469	prompt	25835	79819
19470	prompt	948	79824
19471	prompt	6228	79829
19472	prompt	443	79835
19473	prompt	3749	79837
19474	prompt	5144	79843
19475	prompt	6203	79849
19476	prompt	2193	79854
19477	prompt	494	79862
19478	prompt	660	79867
19479	prompt	314	79871
19480	prompt	6228	79874
19481	prompt	443	79880
19482	prompt	12	79882
19483	prompt	16	79883
19484	prompt	6964	79884
19485	prompt	77	79886
19486	prompt	12	79887
19487	prompt	48704	79888
19488	prompt	446	79892
19489	prompt	14	79894
19490	prompt	18479	79895
19491	prompt	3808	79900
19492	prompt	279	79907
19493	prompt	2400	79911
19494	prompt	1067	79916
19495	prompt	716	79923
19496	prompt	1518	79927
19497	prompt	11064	79934
19498	prompt	49625	79944
19499	prompt	944	79955
19500	prompt	1639	79960
19501	prompt	12	79962
19502	prompt	22044	79963
19503	prompt	9884	79969
19504	prompt	275	79972
19505	prompt	413	79974
19506	prompt	279	79977
19507	prompt	2702	79981
19508	prompt	1698	79987
19509	prompt	369	79993
19510	prompt	6942	79996
19511	prompt	318	80001
19512	prompt	2037	80003
19513	prompt	15	80005
19514	prompt	21851	80006
19515	prompt	1669	80011
19516	prompt	11069	80017
19517	prompt	10390	80021
19518	prompt	22188	80026
19519	prompt	11040	80039
19520	prompt	60592	80048
19521	prompt	59	80051
19522	prompt	77	80052
19523	prompt	12	80053
19524	prompt	21427	80054
19525	prompt	443	80060
19526	prompt	579	80062
19527	prompt	9640	80064
19528	prompt	14619	80071
19529	prompt	7018	80082
19530	prompt	1719	80085
19531	prompt	975	80088
19532	prompt	14192	80094
19533	prompt	2037	80103
19534	prompt	364	80105
19535	prompt	11960	80109
19536	prompt	1639	80120
19537	prompt	1639	80122
19538	prompt	32	80124
19539	prompt	21419	80125
19540	prompt	369	80133
19541	prompt	4045	80136
19542	prompt	33273	80140
19543	prompt	539	80150
19544	prompt	6964	80153
19545	prompt	77	80155
19546	prompt	12	80156
19547	prompt	7018	80157
19548	prompt	40	80160
19549	prompt	1144	80161
19550	prompt	310	80166
19551	prompt	43831	80169
19552	prompt	39724	80177
19553	prompt	61378	80181
19554	prompt	1118	80188
19555	prompt	2037	80194
19556	prompt	1892	80196
19557	prompt	635	80200
19558	prompt	424	80203
19559	prompt	4613	80206
19560	prompt	264	80213
19561	prompt	14855	80215
19562	prompt	6228	80224
19563	prompt	25	80230
19564	prompt	14855	80231
19565	prompt	23573	80240
19566	prompt	11	80246
19567	prompt	6228	80247
19568	prompt	32	80253
19569	prompt	11	80254
19570	prompt	427	80255
19571	prompt	574	80257
19572	prompt	5000	80260
19573	prompt	2477	80270
19574	prompt	81	80272
19575	prompt	10381	80273
19576	prompt	25393	80276
19577	prompt	1453	80280
19578	prompt	6228	80283
19579	prompt	33	80289
19580	prompt	10383	80290
19581	prompt	77	80292
19582	prompt	12	80293
19583	prompt	7018	80294
19584	prompt	760	80297
19585	prompt	17102	80300
19586	prompt	513	80307
19587	prompt	7059	80311
19588	prompt	1769	80319
19589	prompt	8387	80324
19590	prompt	2037	80333
19591	prompt	1892	80335
19592	prompt	421	80339
19593	prompt	579	80344
19594	prompt	1092	80346
19595	prompt	14855	80351
19596	prompt	363	80360
19597	prompt	3983	80362
19598	prompt	13	80369
19599	prompt	73533	80370
19600	prompt	17102	80379
19601	prompt	91050	80386
19602	prompt	20808	80390
19603	prompt	17102	80403
19604	prompt	6889	80410
19605	prompt	77	80412
19606	prompt	12	80413
19607	prompt	7018	80414
19608	prompt	2064	80417
19609	prompt	579	80419
19610	prompt	30835	80421
19611	prompt	1970	80429
19612	prompt	2037	80434
19613	prompt	1892	80436
19614	prompt	21419	80440
19615	prompt	37972	80448
19616	prompt	369	80456
19617	prompt	1865	80459
19618	prompt	13	80464
19619	prompt	1368	80465
19620	prompt	220	80468
19621	prompt	20	80469
19622	prompt	1423	80470
19623	prompt	382	80475
19624	prompt	1542	80478
19625	prompt	321	80482
19626	prompt	279	80486
19627	prompt	6103	80490
19628	prompt	467	80495
19629	prompt	4829	80498
19630	prompt	220	80504
19631	prompt	18	80505
19632	prompt	17044	80506
19633	prompt	279	80508
19634	prompt	24830	80512
19635	prompt	11	80520
19636	prompt	264	80521
19637	prompt	21419	80523
19638	prompt	78419	80531
19639	prompt	220	80538
19640	prompt	17	80539
19641	prompt	14	80540
19642	prompt	18	80541
19643	prompt	314	80542
19644	prompt	279	80545
19645	prompt	4778	80549
19646	prompt	1423	80554
19647	prompt	382	80559
19648	prompt	6	80562
19649	prompt	26750	80563
19650	prompt	854	80568
19651	prompt	6889	80573
19652	prompt	77	80575
19653	prompt	1639	80576
19654	prompt	10357	80578
19655	prompt	598	80580
19656	prompt	1228	80583
19657	prompt	25	80588
19658	prompt	413	80589
19659	prompt	488	80592
19660	prompt	5947	80596
19661	prompt	1639	80602
19662	prompt	220	80604
19663	prompt	713	80605
19664	prompt	264	80611
19665	prompt	283	80613
19666	prompt	2454	80615
19667	prompt	14835	80621
19668	prompt	18280	80630
19669	prompt	10383	80634
19670	prompt	77	80636
19671	prompt	220	80637
19672	prompt	713	80638
19673	prompt	292	80644
19674	prompt	283	80646
19675	prompt	5000	80648
19676	prompt	2784	80658
19677	prompt	8	80660
19678	prompt	285	80661
19679	prompt	434	80668
19680	prompt	43831	80671
19681	prompt	11	80679
19682	prompt	2336	80680
19683	prompt	11	80684
19684	prompt	3915	80685
19685	prompt	1892	80692
19686	prompt	874	80696
19687	prompt	5144	80699
19688	prompt	6203	80705
19689	prompt	23285	80710
19690	prompt	1639	80721
19691	prompt	220	80723
19692	prompt	713	80724
19693	prompt	272	80730
19694	prompt	283	80732
19695	prompt	2454	80734
19696	prompt	14835	80740
19697	prompt	1818	80749
19698	prompt	4617	80751
19699	prompt	18280	80755
19700	prompt	578	80759
19701	prompt	59	80761
19702	prompt	77	80762
19703	prompt	8761	80763
19704	prompt	5956	80767
19705	prompt	5000	80774
19706	prompt	3070	80784
19707	prompt	914	80790
19708	prompt	1144	80792
19709	prompt	279	80797
19710	prompt	21419	80801
19711	prompt	13	80809
19712	prompt	90002	80810
19713	prompt	430	80818
19714	prompt	264	80821
19715	prompt	14855	80823
19716	prompt	440	80832
19717	prompt	279	80837
19718	prompt	5000	80841
19719	prompt	4613	80851
19720	prompt	264	80858
19721	prompt	6228	80860
19722	prompt	13	80866
19723	prompt	3095	80867
19724	prompt	303	80872
19725	prompt	10179	80875
19726	prompt	25	80881
19727	prompt	14855	80882
19728	prompt	6889	80891
19729	prompt	77	80893
19730	prompt	1639	80894
19731	prompt	1073	80896
19732	prompt	3127	80899
19733	prompt	8057	80906
19734	prompt	363	80912
19735	prompt	6526	80914
19736	prompt	513	80920
19737	prompt	58118	80924
19738	prompt	506	80931
19739	prompt	1262	80934
19740	prompt	7	80938
19741	prompt	16	80939
19742	prompt	21	80940
19743	prompt	11	80941
19744	prompt	16809	80942
19745	prompt	34523	80946
19746	prompt	471	80952
19747	prompt	220	80954
19748	prompt	17	80955
19749	prompt	8	80956
19750	prompt	791	80957
19751	prompt	27370	80961
19752	prompt	1892	80970
19753	prompt	13230	80974
19754	prompt	6526	80981
19755	prompt	6951	80987
19756	prompt	321	80993
19757	prompt	1542	80997
19758	prompt	430	81001
19759	prompt	15250	81004
19760	prompt	1845	81010
19761	prompt	685	81015
19762	prompt	13	81018
19763	prompt	1394	81019
19764	prompt	628	81023
19765	prompt	1990	81027
19766	prompt	1440	81033
19767	prompt	220	81038
19768	prompt	16	81039
19769	prompt	15	81040
19770	prompt	15	81041
19771	prompt	3470	81042
19772	prompt	310	81048
19773	prompt	14835	81051
19774	prompt	27922	81060
19775	prompt	49534	81063
19776	prompt	363	81071
19777	prompt	321	81073
19778	prompt	781	81077
19779	prompt	660	81082
19780	prompt	4434	81086
19781	prompt	26	81095
19782	prompt	1132	81096
19783	prompt	3835	81101
19784	prompt	16	81103
19785	prompt	15	81104
19786	prompt	1542	81105
19787	prompt	506	81109
19788	prompt	866	81112
19789	prompt	4299	81116
19790	prompt	13	81123
19791	prompt	10342	81124
19792	prompt	8057	81130
19793	prompt	1698	81136
19794	prompt	3808	81142
19795	prompt	264	81149
19796	prompt	27370	81151
19797	prompt	579	81160
19798	prompt	18458	81162
19799	prompt	369	81171
19800	prompt	58118	81174
19801	prompt	506	81181
19802	prompt	220	81184
19803	prompt	16	81185
19804	prompt	15	81186
19805	prompt	15	81187
19806	prompt	15	81188
19807	prompt	1892	81189
19808	prompt	264	81193
19809	prompt	87522	81195
19810	prompt	58621	81203
19811	prompt	1142	81208
19812	prompt	9215	81213
19813	prompt	716	81217
19814	prompt	2944	81221
19815	prompt	3294	81225
19816	prompt	866	81231
19817	prompt	1865	81235
19818	prompt	27370	81240
19819	prompt	13	81249
19820	prompt	357	81250
19821	prompt	3074	81252
19822	prompt	14835	81259
19823	prompt	27922	81268
19824	prompt	49534	81271
19825	prompt	363	81279
19826	prompt	1562	81281
19827	prompt	25503	81286
19828	prompt	506	81294
19829	prompt	1379	81297
19830	prompt	220	81302
19831	prompt	19	81303
19832	prompt	15	81304
19833	prompt	24	81305
19834	prompt	21	81306
19835	prompt	3470	81307
19836	prompt	26	81313
19837	prompt	11946	81314
19838	prompt	777	81322
19839	prompt	369	81327
19840	prompt	449	81330
19841	prompt	11135	81333
19842	prompt	1412	81342
19843	prompt	11	81348
19844	prompt	524	81349
19845	prompt	264	81353
19846	prompt	20413	81355
19847	prompt	60735	81362
19848	prompt	362	81368
19849	prompt	6889	81373
19850	prompt	77	81375
19851	prompt	1639	81376
19852	prompt	760	81378
19853	prompt	41042	81381
19854	prompt	7072	81391
19855	prompt	48470	81397
19856	prompt	5215	81403
19857	prompt	1892	81411
19858	prompt	14855	81415
19859	prompt	539	81424
19860	prompt	1581	81427
19861	prompt	11	81435
19862	prompt	1754	81436
19863	prompt	12502	81441
19864	prompt	84828	81451
19865	prompt	430	81460
19866	prompt	4970	81463
19867	prompt	430	81468
19868	prompt	1141	81471
19869	prompt	3286	81475
19870	prompt	43117	81482
19871	prompt	6964	81492
19872	prompt	77	81494
19873	prompt	220	81495
19874	prompt	7250	81496
19875	prompt	713	81503
19876	prompt	8557	81509
19877	prompt	283	81514
19878	prompt	27238	81516
19879	prompt	77	81519
19880	prompt	262	81520
19881	prompt	803	81523
19882	prompt	25	81528
19883	prompt	359	81529
19884	prompt	18828	81531
19885	prompt	11249	81537
19886	prompt	5347	81540
19887	prompt	504	81545
19888	prompt	59	81547
19889	prompt	77	81548
19890	prompt	262	81549
19891	prompt	3874	81552
19892	prompt	25	81564
19893	prompt	359	81565
19894	prompt	18842	81567
19895	prompt	5324	81573
19896	prompt	3425	81581
19897	prompt	3808	81587
19898	prompt	14890	81594
19899	prompt	11	81605
19900	prompt	9845	81606
19901	prompt	1754	81613
19902	prompt	8996	81618
19903	prompt	504	81626
19904	prompt	59	81628
19905	prompt	77	81629
19906	prompt	262	81630
19907	prompt	33286	81633
19908	prompt	25	81640
19909	prompt	17915	81641
19910	prompt	2192	81644
19911	prompt	25	81650
19912	prompt	359	81651
19913	prompt	18842	81653
19914	prompt	6	81659
19915	prompt	2390	81660
19916	prompt	313	81663
19917	prompt	2192	81665
19918	prompt	25	81671
19919	prompt	359	81672
19920	prompt	31547	81674
19921	prompt	6	81680
19922	prompt	333	81681
19923	prompt	1089	81683
19924	prompt	59	81685
19925	prompt	77	81686
19926	prompt	220	81687
19927	prompt	49575	81688
19928	prompt	77	81691
19929	prompt	220	81692
19930	prompt	713	81693
19931	prompt	49148	81699
19932	prompt	81798	81703
19933	prompt	283	81710
19934	prompt	17915	81712
19935	prompt	767	81715
19936	prompt	25	81718
19937	prompt	359	81719
19938	prompt	54288	81721
19939	prompt	504	81725
19940	prompt	9640	81727
19941	prompt	25	81734
19942	prompt	359	81735
19943	prompt	1076	81737
19944	prompt	23952	81740
19945	prompt	313	81743
19946	prompt	767	81745
19947	prompt	25	81748
19948	prompt	359	81749
19949	prompt	57532	81751
19950	prompt	504	81755
19951	prompt	9640	81757
19952	prompt	25	81764
19953	prompt	359	81765
19954	prompt	1076	81767
19955	prompt	8017	81770
19956	prompt	17424	81772
19957	prompt	77	81774
19958	prompt	220	81775
19959	prompt	713	81776
19960	prompt	2961	81782
19961	prompt	283	81790
19962	prompt	2454	81792
19963	prompt	14855	81798
19964	prompt	11189	81807
19965	prompt	77	81809
19966	prompt	262	81810
19967	prompt	49148	81813
19968	prompt	81798	81817
19969	prompt	25427	81824
19970	prompt	77	81826
19971	prompt	262	81827
19972	prompt	293	81830
19973	prompt	574	81832
19974	prompt	8057	81835
19975	prompt	1446	81841
19976	prompt	63192	81843
19977	prompt	11	81850
19978	prompt	313	81851
19979	prompt	1448	81853
19980	prompt	25	81858
19981	prompt	1510	81859
19982	prompt	18828	81861
19983	prompt	36214	81867
19984	prompt	67	81870
19985	prompt	4582	81871
19986	prompt	27427	81875
19987	prompt	9956	81878
19988	prompt	25	81884
19989	prompt	359	81885
19990	prompt	18842	81887
19991	prompt	504	81893
19992	prompt	10485	81895
19993	prompt	25	81902
19994	prompt	61606	81903
19995	prompt	11521	81908
19996	prompt	44678	81912
19997	prompt	37556	81919
19998	prompt	59	81922
19999	prompt	77	81923
20000	prompt	262	81924
20001	prompt	3286	81927
20002	prompt	574	81934
20003	prompt	14835	81937
20004	prompt	80438	81946
20005	prompt	2571	81953
20006	prompt	793	81958
20007	prompt	4617	81962
20008	prompt	925	81966
20009	prompt	574	81968
20010	prompt	1659	81971
20011	prompt	574	81974
20012	prompt	59	81977
20013	prompt	77	81978
20014	prompt	406	81979
20015	prompt	8057	81984
20016	prompt	5628	81990
20017	prompt	2504	81992
20018	prompt	2909	81994
20019	prompt	277	81998
20020	prompt	32365	82000
20021	prompt	9845	82005
20022	prompt	25	82012
20023	prompt	3451	82013
20024	prompt	69	82016
20025	prompt	5877	82017
20026	prompt	27427	82023
20027	prompt	313	82026
20028	prompt	1448	82028
20029	prompt	25	82033
20030	prompt	1510	82034
20031	prompt	12089	82036
20032	prompt	36214	82042
20033	prompt	69	82045
20034	prompt	9427	82046
20035	prompt	27427	82051
20036	prompt	9956	82054
20037	prompt	25	82060
20038	prompt	359	82061
20039	prompt	31547	82063
20040	prompt	504	82069
20041	prompt	10485	82071
20042	prompt	25	82078
20043	prompt	28302	82079
20044	prompt	35	82083
20045	prompt	14376	82084
20046	prompt	44678	82087
20047	prompt	5242	82094
20048	prompt	59	82096
20049	prompt	77	82097
20050	prompt	285	82098
20051	prompt	641	82105
20052	prompt	3282	82107
20053	prompt	3620	82111
20054	prompt	574	82113
20055	prompt	9190	82116
20056	prompt	1076	82119
20057	prompt	69	82122
20058	prompt	11	82123
20059	prompt	34271	82124
20060	prompt	25	82132
20061	prompt	343	82133
20062	prompt	63099	82135
20063	prompt	59	82138
20064	prompt	77	82139
20065	prompt	262	82140
20066	prompt	11644	82143
20067	prompt	59	82146
20068	prompt	77	82147
20069	prompt	220	82148
20070	prompt	847	82149
20071	prompt	59	82151
20072	prompt	77	82152
20073	prompt	220	82153
20074	prompt	713	82154
20075	prompt	10457	82160
20076	prompt	283	82170
20077	prompt	2961	82172
20078	prompt	44859	82180
20079	prompt	973	82185
20080	prompt	5147	82188
20081	prompt	38642	82194
20082	prompt	553	82202
20083	prompt	5147	82204
20084	prompt	925	82210
20085	prompt	574	82212
20086	prompt	281	82215
20087	prompt	65385	82217
20088	prompt	8217	82221
20089	prompt	4458	82225
20090	prompt	284	82227
20091	prompt	12402	82229
20092	prompt	10383	82233
20093	prompt	77	82235
20094	prompt	220	82236
20095	prompt	460	82237
20096	prompt	313	82244
20097	prompt	10457	82246
20098	prompt	49575	82256
20099	prompt	77	82259
20100	prompt	220	82260
20101	prompt	434	82261
20102	prompt	27017	82264
20103	prompt	359	82274
20104	prompt	54288	82276
20105	prompt	6	82280
20106	prompt	14192	82281
20107	prompt	9845	82290
20108	prompt	1345	82297
20109	prompt	12502	82303
20110	prompt	359	82313
20111	prompt	57532	82315
20112	prompt	6	82319
20113	prompt	369	82320
20114	prompt	1990	82323
20115	prompt	32767	82329
20116	prompt	13	82339
20117	prompt	2233	82340
20118	prompt	37543	82343
20119	prompt	6784	82350
20120	prompt	52464	82355
20121	prompt	6889	82361
20122	prompt	77	82363
20123	prompt	1639	82364
20124	prompt	4350	82366
20125	prompt	264	82370
20126	prompt	21419	82372
20127	prompt	3314	82380
20128	prompt	4252	82383
20129	prompt	1892	82391
20130	prompt	7438	82395
20131	prompt	446	82399
20132	prompt	3808	82401
20133	prompt	660	82408
20134	prompt	14192	82412
20135	prompt	1518	82421
20136	prompt	11064	82428
20137	prompt	22188	82438
20138	prompt	6964	82451
20139	prompt	77	82453
20140	prompt	220	82454
20141	prompt	713	82455
20142	prompt	660	82461
20143	prompt	283	82465
20144	prompt	2454	82467
20145	prompt	14835	82473
20146	prompt	5263	82482
20147	prompt	1728	82484
20148	prompt	81798	82486
20149	prompt	4617	82493
20150	prompt	1446	82497
20151	prompt	574	82499
20152	prompt	1659	82502
20153	prompt	574	82505
20154	prompt	8057	82508
20155	prompt	1446	82514
20156	prompt	63192	82516
20157	prompt	11	82523
20158	prompt	313	82524
20159	prompt	16838	82526
20160	prompt	25	82532
20161	prompt	61606	82533
20162	prompt	11521	82538
20163	prompt	44678	82542
20164	prompt	92	82549
20165	prompt	7461	82550
20166	prompt	59	82553
20167	prompt	77	82554
20168	prompt	220	82555
20169	prompt	713	82556
20170	prompt	7438	82562
20171	prompt	446	82566
20172	prompt	290	82568
20173	prompt	283	82570
20174	prompt	7438	82572
20175	prompt	82525	82576
20176	prompt	1311	82579
20177	prompt	1643	82581
20178	prompt	2939	82585
20179	prompt	2380	82588
20180	prompt	19766	82592
20181	prompt	6720	82596
20182	prompt	38642	82603
20183	prompt	553	82611
20184	prompt	55659	82613
20185	prompt	2515	82620
20186	prompt	574	82622
20187	prompt	427	82625
20188	prompt	2571	82627
20189	prompt	793	82632
20190	prompt	578	82636
20191	prompt	220	82638
20192	prompt	434	82639
20193	prompt	68005	82642
20194	prompt	34032	82646
20195	prompt	3749	82656
20196	prompt	12719	82662
20197	prompt	506	82666
20198	prompt	2957	82669
20199	prompt	1639	82674
20200	prompt	220	82676
20201	prompt	713	82677
20202	prompt	23185	82683
20203	prompt	283	82692
20204	prompt	2454	82694
20205	prompt	14835	82700
20206	prompt	1446	82709
20207	prompt	290	82711
20208	prompt	446	82713
20209	prompt	290	82715
20210	prompt	4617	82717
20211	prompt	925	82721
20212	prompt	574	82723
20213	prompt	1659	82726
20214	prompt	574	82729
20215	prompt	8057	82732
20216	prompt	7	82738
20217	prompt	12089	82739
20218	prompt	52782	82745
20219	prompt	925	82751
20220	prompt	681	82753
20221	prompt	313	82755
20222	prompt	16838	82757
20223	prompt	25	82763
20224	prompt	28302	82764
20225	prompt	35	82768
20226	prompt	14376	82769
20227	prompt	44678	82772
20228	prompt	92	82779
20229	prompt	7461	82780
20230	prompt	59	82783
20231	prompt	77	82784
20232	prompt	1639	82785
20233	prompt	14199	82787
20234	prompt	19287	82791
20235	prompt	1589	82794
20236	prompt	25730	82797
20237	prompt	5215	82803
20238	prompt	1892	82811
20239	prompt	44734	82815
20240	prompt	310	82826
20241	prompt	264	82829
20242	prompt	2100	82831
20243	prompt	6964	82838
20244	prompt	77	82840
20245	prompt	220	82841
20246	prompt	713	82842
20247	prompt	21851	82848
20248	prompt	283	82853
20249	prompt	2958	82855
20250	prompt	59	82858
20251	prompt	77	82859
20252	prompt	220	82860
20253	prompt	1345	82861
20254	prompt	318	82867
20255	prompt	54288	82869
20256	prompt	1887	82873
20257	prompt	361	82880
20258	prompt	220	82882
20259	prompt	16	82883
20260	prompt	15	82884
20261	prompt	8	82885
20262	prompt	27238	82886
20263	prompt	77	82889
20264	prompt	262	82890
20265	prompt	713	82893
20266	prompt	1067	82899
20267	prompt	283	82906
20268	prompt	2454	82908
20269	prompt	8057	82914
20270	prompt	34821	82920
20271	prompt	9592	82923
20272	prompt	21851	82927
20273	prompt	303	82932
20274	prompt	411	82935
20275	prompt	1970	82940
20276	prompt	3051	82945
20277	prompt	6889	82949
20278	prompt	487	82951
20279	prompt	313	82953
20280	prompt	16838	82955
20281	prompt	25	82961
20282	prompt	66216	82962
20283	prompt	50	82966
20284	prompt	44678	82967
20285	prompt	5242	82974
20286	prompt	59	82976
20287	prompt	77	82977
20288	prompt	262	82978
20289	prompt	21851	82981
20290	prompt	2470	82986
20291	prompt	18280	82991
20292	prompt	1334	82995
20293	prompt	918	83001
20294	prompt	12914	83003
20295	prompt	10383	83006
20296	prompt	77	83008
20297	prompt	262	83009
20298	prompt	1433	83012
20299	prompt	17004	83016
20300	prompt	54288	83020
20301	prompt	1887	83024
20302	prompt	4324	83031
20303	prompt	16	83033
20304	prompt	15	83034
20305	prompt	1669	83035
20306	prompt	63	83041
20307	prompt	10383	83042
20308	prompt	77	83044
20309	prompt	220	83045
20310	prompt	49575	83046
20311	prompt	77	83049
20312	prompt	1639	83050
20313	prompt	14199	83052
20314	prompt	19287	83056
20315	prompt	1589	83059
20316	prompt	91480	83062
20317	prompt	5215	83069
20318	prompt	1892	83077
20319	prompt	5281	83081
20320	prompt	7739	83087
20321	prompt	310	83093
20322	prompt	279	83096
20323	prompt	1156	83100
20324	prompt	579	83105
20325	prompt	1088	83107
20326	prompt	5397	83109
20327	prompt	20	83111
20328	prompt	15	83112
20329	prompt	15	83113
20330	prompt	74	83114
20331	prompt	2037	83115
20332	prompt	32740	83117
20333	prompt	13	83127
20334	prompt	11912	83128
20335	prompt	383	83134
20336	prompt	7786	83137
20337	prompt	13323	83144
20338	prompt	25	83150
20339	prompt	440	83151
20340	prompt	874	83156
20341	prompt	2100	83159
20342	prompt	716	83166
20343	prompt	11	83170
20344	prompt	9376	83171
20345	prompt	363	83181
20346	prompt	369	83183
20347	prompt	38566	83186
20348	prompt	321	83195
20349	prompt	279	83199
20350	prompt	6136	83203
20351	prompt	1000	83208
20352	prompt	1542	83214
20353	prompt	7435	83218
20354	prompt	310	83227
20355	prompt	279	83230
20356	prompt	220	83234
20357	prompt	16	83235
20358	prompt	15	83236
20359	prompt	15	83237
20360	prompt	15	83238
20361	prompt	40551	83239
20362	prompt	1994	83245
20363	prompt	6889	83249
20364	prompt	77	83251
20365	prompt	220	83252
20366	prompt	713	83253
20367	prompt	21851	83259
20368	prompt	283	83264
20369	prompt	2958	83266
20370	prompt	59	83269
20371	prompt	77	83270
20372	prompt	220	83271
20373	prompt	1345	83272
20374	prompt	318	83278
20375	prompt	46793	83280
20376	prompt	13323	83286
20377	prompt	976	83292
20378	prompt	7786	83295
20379	prompt	88834	83302
20380	prompt	363	83312
20381	prompt	835	83314
20382	prompt	220	83316
20383	prompt	20	83317
20384	prompt	15	83318
20385	prompt	62	83319
20386	prompt	15	83320
20387	prompt	15	83321
20388	prompt	15	83322
20389	prompt	8	83323
20390	prompt	27238	83324
20391	prompt	77	83327
20392	prompt	262	83328
20393	prompt	713	83331
20394	prompt	1067	83337
20395	prompt	283	83344
20396	prompt	2454	83346
20397	prompt	8057	83352
20398	prompt	34821	83358
20399	prompt	9592	83361
20400	prompt	21851	83365
20401	prompt	303	83370
20402	prompt	411	83373
20403	prompt	1970	83378
20404	prompt	3051	83383
20405	prompt	6889	83387
20406	prompt	487	83389
20407	prompt	313	83391
20408	prompt	16838	83393
20409	prompt	25	83399
20410	prompt	66216	83400
20411	prompt	50	83404
20412	prompt	44678	83405
20413	prompt	5242	83412
20414	prompt	59	83414
20415	prompt	77	83415
20416	prompt	262	83416
20417	prompt	21851	83419
20418	prompt	2470	83424
20419	prompt	18280	83429
20420	prompt	1334	83433
20421	prompt	918	83439
20422	prompt	12914	83441
20423	prompt	10383	83444
20424	prompt	77	83446
20425	prompt	262	83447
20426	prompt	1433	83450
20427	prompt	17004	83454
20428	prompt	54288	83458
20429	prompt	1887	83462
20430	prompt	92	83469
20431	prompt	1669	83470
20432	prompt	11	83476
20433	prompt	3451	83477
20434	prompt	8549	83480
20435	prompt	16270	83484
20436	prompt	1818	83490
20437	prompt	6114	83492
20438	prompt	88834	83497
20439	prompt	27922	83507
20440	prompt	16	83510
20441	prompt	15	83511
20442	prompt	15	83512
20443	prompt	15	83513
20444	prompt	8866	83514
20445	prompt	74	83516
20446	prompt	9376	83517
20447	prompt	63	83527
20448	prompt	10383	83528
20449	prompt	77	83530
20450	prompt	220	83531
20451	prompt	49575	83532
20452	prompt	77	83535
20453	prompt	1639	83536
20454	prompt	1057	83538
20455	prompt	8056	83541
20456	prompt	12261	83547
20457	prompt	1892	83556
20458	prompt	70042	83560
20459	prompt	3286	83571
20460	prompt	318	83578
20461	prompt	3772	83580
20462	prompt	11069	83584
20463	prompt	7438	83588
20464	prompt	446	83592
20465	prompt	5972	83594
20466	prompt	3753	83597
20467	prompt	11069	83602
20468	prompt	16315	83606
20469	prompt	2759	83614
20470	prompt	704	83616
20471	prompt	6729	83619
20472	prompt	11069	83625
20473	prompt	6136	83629
20474	prompt	19287	83634
20475	prompt	1589	83637
20476	prompt	1676	83640
20477	prompt	856	83642
20478	prompt	85983	83644
20479	prompt	77	83647
20480	prompt	220	83648
20481	prompt	713	83649
20482	prompt	3753	83655
20483	prompt	283	83660
20484	prompt	491	83662
20485	prompt	2488	83666
20486	prompt	1453	83670
20487	prompt	10457	83673
20488	prompt	283	83683
20489	prompt	2958	83685
20490	prompt	59	83688
20491	prompt	77	83689
20492	prompt	220	83690
20493	prompt	1042	83691
20494	prompt	8785	83695
20495	prompt	283	83699
20496	prompt	220	83701
20497	prompt	15	83702
20498	prompt	1639	83703
20499	prompt	220	83705
20500	prompt	1345	83706
20501	prompt	318	83712
20502	prompt	51422	83714
20503	prompt	361	83717
20504	prompt	220	83719
20505	prompt	17	83720
20506	prompt	8	83721
20507	prompt	313	83722
20508	prompt	13076	83724
20509	prompt	434	83769
20510	prompt	6136	83772
20511	prompt	19287	83777
20512	prompt	1589	83780
20513	prompt	1676	83783
20514	prompt	856	83785
20515	prompt	1639	83787
20516	prompt	262	83789
20517	prompt	713	83792
20518	prompt	1669	83798
20519	prompt	283	83804
20520	prompt	318	83806
20521	prompt	11093	83808
20522	prompt	14835	83813
20523	prompt	7584	83822
20524	prompt	5078	83824
20525	prompt	4180	83827
20526	prompt	4617	83830
20527	prompt	925	83834
20528	prompt	574	83836
20529	prompt	1659	83839
20530	prompt	574	83842
20531	prompt	670	83845
20532	prompt	434	83854
20533	prompt	21419	83857
20534	prompt	25	83865
20535	prompt	6327	83866
20536	prompt	660	83874
20537	prompt	1423	83878
20538	prompt	382	83883
20539	prompt	411	83886
20540	prompt	4625	83891
20541	prompt	1639	83897
20542	prompt	406	83899
20543	prompt	8057	83904
20544	prompt	925	83910
20545	prompt	63192	83912
20546	prompt	11	83919
20547	prompt	313	83920
20548	prompt	24344	83922
20549	prompt	25	83927
20550	prompt	359	83928
20551	prompt	9592	83930
20552	prompt	504	83934
20553	prompt	10485	83936
20554	prompt	25	83943
20555	prompt	66216	83944
20556	prompt	50	83948
20557	prompt	63099	83949
20558	prompt	4430	83952
20559	prompt	5147	83955
20560	prompt	38642	83961
20561	prompt	553	83969
20562	prompt	55659	83971
20563	prompt	2515	83978
20564	prompt	574	83980
20565	prompt	427	83983
20566	prompt	918	83985
20567	prompt	12914	83987
20568	prompt	10383	83990
20569	prompt	77	83992
20570	prompt	262	83993
20571	prompt	713	83996
20572	prompt	7478	84002
20573	prompt	283	84008
20574	prompt	1669	84010
20575	prompt	6720	84016
20576	prompt	1818	84023
20577	prompt	574	84025
20578	prompt	729	84028
20579	prompt	27392	84030
20580	prompt	6644	84034
20581	prompt	4702	84038
20582	prompt	1818	84042
20583	prompt	7461	84044
20584	prompt	1779	84047
20585	prompt	434	84057
20586	prompt	7438	84060
20587	prompt	446	84064
20588	prompt	5972	84066
20589	prompt	12719	84069
20590	prompt	3753	84073
20591	prompt	1892	84078
20592	prompt	13983	84082
20593	prompt	1970	84088
20594	prompt	11	84093
20595	prompt	524	84094
20596	prompt	449	84098
20597	prompt	8057	84101
20598	prompt	1639	84107
20599	prompt	262	84109
20600	prompt	413	84112
20601	prompt	1451	84115
20602	prompt	68887	84118
20603	prompt	1887	84123
20604	prompt	8	84130
20605	prompt	313	84131
20606	prompt	8785	84133
20607	prompt	18983	84137
20608	prompt	2962	84140
20609	prompt	49575	84149
20610	prompt	77	84152
20611	prompt	262	84153
20612	prompt	8785	84156
20613	prompt	283	84160
20614	prompt	220	84162
20615	prompt	15	84163
20616	prompt	26	84164
20617	prompt	7478	84165
20618	prompt	8590	84171
20619	prompt	1818	84179
20620	prompt	574	84181
20621	prompt	3753	84184
20622	prompt	1316	84189
20623	prompt	4702	84193
20624	prompt	1818	84197
20625	prompt	7461	84199
20626	prompt	59	84202
20627	prompt	77	84203
20628	prompt	262	84204
20629	prompt	713	84207
20630	prompt	42912	84213
20631	prompt	283	84220
20632	prompt	2454	84222
20633	prompt	14835	84228
20634	prompt	925	84237
20635	prompt	2408	84239
20636	prompt	4617	84243
20637	prompt	1818	84247
20638	prompt	574	84249
20639	prompt	1659	84252
20640	prompt	574	84255
20641	prompt	1779	84258
20642	prompt	434	84268
20643	prompt	1396	84271
20644	prompt	7478	84277
20645	prompt	9584	84283
20646	prompt	42912	84287
20647	prompt	75352	84294
20648	prompt	29794	84307
20649	prompt	77	84311
20650	prompt	406	84312
20651	prompt	14835	84317
20652	prompt	6223	84326
20653	prompt	19321	84329
20654	prompt	2022	84336
20655	prompt	1780	84340
20656	prompt	16539	84343
20657	prompt	1780	84351
20658	prompt	265	84354
20659	prompt	751	84356
20660	prompt	6978	84359
20661	prompt	2117	84362
20662	prompt	2257	84365
20663	prompt	704	84367
20664	prompt	574	84370
20665	prompt	1659	84373
20666	prompt	574	84376
20667	prompt	256	84379
20668	prompt	434	84381
20669	prompt	2423	84384
20670	prompt	9264	84388
20671	prompt	539	84392
20672	prompt	220	84395
20673	prompt	18	84396
20674	prompt	12103	84397
20675	prompt	33800	84406
20676	prompt	1639	84413
20677	prompt	285	84415
20678	prompt	8057	84422
20679	prompt	5628	84428
20680	prompt	58223	84430
20681	prompt	7018	84435
20682	prompt	2288	84438
20683	prompt	65	84440
20684	prompt	29518	84441
20685	prompt	45304	84446
20686	prompt	4417	84449
20687	prompt	279	84453
20688	prompt	3451	84457
20689	prompt	75	84460
20690	prompt	704	84461
20691	prompt	92	84464
20692	prompt	17796	84465
20693	prompt	1892	84470
20694	prompt	1865	84474
20695	prompt	30	84479
20696	prompt	7561	84480
20697	prompt	313	84482
20698	prompt	24344	84484
20699	prompt	25	84489
20700	prompt	359	84490
20701	prompt	31547	84492
20702	prompt	504	84498
20703	prompt	10485	84500
20704	prompt	25	84507
20705	prompt	28302	84508
20706	prompt	35	84512
20707	prompt	14376	84513
20708	prompt	92	84516
20709	prompt	7461	84517
20710	prompt	59	84520
20711	prompt	77	84521
20712	prompt	285	84522
20713	prompt	641	84529
20714	prompt	3282	84531
20715	prompt	75504	84535
20716	prompt	574	84538
20717	prompt	9190	84541
20718	prompt	292	84544
20719	prompt	11	84546
20720	prompt	1865	84547
20721	prompt	25	84552
20722	prompt	5972	84553
20723	prompt	6720	84556
20724	prompt	38642	84563
20725	prompt	553	84571
20726	prompt	5147	84573
20727	prompt	3620	84579
20728	prompt	574	84581
20729	prompt	343	84584
20730	prompt	28817	84586
20731	prompt	553	84591
20732	prompt	3993	84593
20733	prompt	2518	84599
20734	prompt	220	84602
20735	prompt	17	84603
20736	prompt	333	84604
20737	prompt	24939	84606
20738	prompt	59	84610
20739	prompt	77	84611
20740	prompt	262	84612
20741	prompt	10457	84615
20742	prompt	2470	84625
20743	prompt	18280	84630
20744	prompt	17598	84634
20745	prompt	3438	84637
20746	prompt	6720	84640
20747	prompt	3620	84647
20748	prompt	574	84649
20749	prompt	343	84652
20750	prompt	28817	84654
20751	prompt	553	84659
20752	prompt	2117	84661
20753	prompt	3620	84664
20754	prompt	574	84666
20755	prompt	343	84669
20756	prompt	918	84671
20757	prompt	578	84673
20758	prompt	59	84675
20759	prompt	77	84676
20760	prompt	220	84677
20761	prompt	49575	84678
20762	prompt	77	84681
20763	prompt	220	84682
20764	prompt	460	84683
20765	prompt	10457	84690
20766	prompt	1639	84700
20767	prompt	220	84702
20768	prompt	434	84703
20769	prompt	7438	84706
20770	prompt	446	84710
20771	prompt	5972	84712
20772	prompt	1510	84715
20773	prompt	27392	84717
20774	prompt	7561	84721
20775	prompt	4045	84723
20776	prompt	1510	84727
20777	prompt	39673	84729
20778	prompt	63	84738
20779	prompt	1892	84739
20780	prompt	745	84743
20781	prompt	11315	84748
20782	prompt	5331	84754
20783	prompt	27384	84757
20784	prompt	14192	84763
20785	prompt	311	84772
20786	prompt	39420	84775
20787	prompt	1396	84781
20788	prompt	4625	84787
20789	prompt	321	84793
20790	prompt	424	84797
20791	prompt	2496	84800
20792	prompt	18729	84806
20793	prompt	4050	84813
20794	prompt	6889	84816
20795	prompt	77	84818
20796	prompt	1639	84819
20797	prompt	31978	84821
20798	prompt	12261	84828
20799	prompt	1892	84837
20800	prompt	4047	84841
20801	prompt	20182	84848
20802	prompt	26	84855
20803	prompt	3608	84856
20804	prompt	539	84861
20805	prompt	3274	84864
20806	prompt	321	84869
20807	prompt	29346	84873
20808	prompt	24765	84881
20809	prompt	6964	84888
20810	prompt	77	84890
20811	prompt	12	84891
20812	prompt	2331	84892
20813	prompt	2909	84895
20814	prompt	41306	84899
20815	prompt	9845	84904
20816	prompt	25	84911
20817	prompt	17503	84912
20818	prompt	443	84918
20819	prompt	9209	84920
20820	prompt	35371	84932
20821	prompt	1171	84938
20822	prompt	791	84941
20823	prompt	8996	84945
20824	prompt	11	84953
20825	prompt	1754	84954
20826	prompt	27710	84959
20827	prompt	310	84968
20828	prompt	36773	84971
20829	prompt	11118	84975
20830	prompt	13	84978
20831	prompt	25977	84979
20832	prompt	413	84984
20833	prompt	60052	84987
20834	prompt	35299	84991
20835	prompt	477	84996
20836	prompt	80306	84999
20837	prompt	13	85006
20838	prompt	36810	85007
20839	prompt	82	85015
20840	prompt	47675	85016
20841	prompt	67433	85026
20842	prompt	2543	85030
20843	prompt	13935	85032
20844	prompt	14192	85036
20845	prompt	494	85045
20846	prompt	38334	85050
20847	prompt	6889	85060
20848	prompt	77	85062
20849	prompt	262	85063
20850	prompt	713	85066
20851	prompt	12320	85072
20852	prompt	283	85078
20853	prompt	2454	85080
20854	prompt	14835	85086
20855	prompt	36927	85095
20856	prompt	6186	85101
20857	prompt	2231	85106
20858	prompt	3993	85108
20859	prompt	25	85114
20860	prompt	220	85115
20861	prompt	18	85116
20862	prompt	2069	85117
20863	prompt	1659	85119
20864	prompt	574	85122
20865	prompt	1659	85125
20866	prompt	574	85128
20867	prompt	59	85131
20868	prompt	77	85132
20869	prompt	406	85133
20870	prompt	8057	85138
20871	prompt	5628	85144
20872	prompt	20796	85146
20873	prompt	310	85149
20874	prompt	80306	85152
20875	prompt	25	85159
20876	prompt	3451	85160
20877	prompt	7611	85163
20878	prompt	7563	85168
20879	prompt	7650	85170
20880	prompt	310	85178
20881	prompt	1985	85181
20882	prompt	2686	85185
20883	prompt	10938	85189
20884	prompt	413	85194
20885	prompt	33955	85197
20886	prompt	13	85207
20887	prompt	7561	85208
20888	prompt	313	85210
20889	prompt	16838	85212
20890	prompt	25	85218
20891	prompt	28302	85219
20892	prompt	35	85223
20893	prompt	14376	85224
20894	prompt	92	85227
20895	prompt	7461	85228
20896	prompt	59	85231
20897	prompt	77	85232
20898	prompt	262	85233
20899	prompt	713	85236
20900	prompt	79476	85242
20901	prompt	283	85251
20902	prompt	12320	85253
20903	prompt	6720	85259
20904	prompt	38642	85266
20905	prompt	553	85274
20906	prompt	5147	85276
20907	prompt	3620	85282
20908	prompt	574	85284
20909	prompt	729	85287
20910	prompt	85	85289
20911	prompt	10730	85290
20912	prompt	2686	85294
20913	prompt	553	85298
20914	prompt	3993	85300
20915	prompt	2518	85306
20916	prompt	220	85309
20917	prompt	17	85310
20918	prompt	1639	85311
20919	prompt	12	85313
20920	prompt	66843	85314
20921	prompt	31699	85326
20922	prompt	159405	85330
20923	prompt	9845	85334
20924	prompt	25	85341
20925	prompt	948	85342
20926	prompt	264	85347
20927	prompt	8996	85349
20928	prompt	628	85357
20929	prompt	3564	85361
20930	prompt	303	85366
20931	prompt	777	85369
20932	prompt	1056	85374
20933	prompt	799	85379
20934	prompt	1560	85383
20935	prompt	11	85387
20936	prompt	2873	85388
20937	prompt	1754	85393
20938	prompt	85683	85398
20939	prompt	264	85407
20940	prompt	12103	85409
20941	prompt	17796	85418
20942	prompt	318	85423
20943	prompt	19321	85425
20944	prompt	2022	85432
20945	prompt	11	85436
20946	prompt	4610	85437
20947	prompt	11	85446
20948	prompt	21113	85447
20949	prompt	11	85452
20950	prompt	1503	85453
20951	prompt	36268	85458
20952	prompt	5331	85461
20953	prompt	93920	85464
20954	prompt	8	85471
20955	prompt	4370	85472
20956	prompt	314	85480
20957	prompt	443	85483
20958	prompt	18922	85485
20959	prompt	1985	85495
20960	prompt	15101	85499
20961	prompt	1892	85504
20962	prompt	18900	85508
20963	prompt	36584	85518
20964	prompt	7652	85526
20965	prompt	19174	85534
20966	prompt	86297	85540
20967	prompt	628	85551
20968	prompt	914	85555
20969	prompt	6889	85557
20970	prompt	77	85559
20971	prompt	12	85560
20972	prompt	19594	85561
20973	prompt	6729	85567
20974	prompt	25	85573
20975	prompt	6707	85574
20976	prompt	443	85583
20977	prompt	9209	85585
20978	prompt	13161	85597
20979	prompt	494	85606
20980	prompt	2086	85611
20981	prompt	25111	85621
20982	prompt	318	85628
20983	prompt	68	85630
20984	prompt	1257	85631
20985	prompt	13	85633
20986	prompt	30820	85634
20987	prompt	35718	85638
20988	prompt	11	85644
20989	prompt	5048	85645
20990	prompt	35718	85650
20991	prompt	11	85656
20992	prompt	1156	85657
20993	prompt	35718	85662
20994	prompt	681	85668
20995	prompt	5284	85670
20996	prompt	440	85676
20997	prompt	14835	85681
20998	prompt	23252	85690
20999	prompt	11	85697
21000	prompt	6569	85698
21001	prompt	26025	85702
21002	prompt	494	85709
21003	prompt	279	85714
21004	prompt	13239	85718
21005	prompt	1345	85725
21006	prompt	66002	85731
21007	prompt	286	85737
21008	prompt	279	85740
21009	prompt	1786	85744
21010	prompt	6498	85749
21011	prompt	494	85755
21012	prompt	37011	85760
21013	prompt	5072	85768
21014	prompt	13	85771
21015	prompt	81605	85772
21016	prompt	799	85778
21017	prompt	27841	85782
21018	prompt	4074	85785
21019	prompt	12	85790
21020	prompt	48786	85791
21021	prompt	948	85799
21022	prompt	279	85804
21023	prompt	6093	85808
21024	prompt	3433	85817
21025	prompt	369	85823
21026	prompt	6669	85826
21027	prompt	6889	85831
21028	prompt	77	85833
21029	prompt	12	85834
21030	prompt	20703	85835
21031	prompt	19287	85840
21032	prompt	1589	85843
21033	prompt	1676	85846
21034	prompt	856	85848
21035	prompt	25	85850
21036	prompt	364	85851
21037	prompt	9496	85855
21038	prompt	6948	85863
21039	prompt	17789	85868
21040	prompt	318	85878
21041	prompt	54288	85880
21042	prompt	11	85884
21043	prompt	4562	85885
21044	prompt	11	85892
21045	prompt	6607	85893
21046	prompt	4886	85898
21047	prompt	681	85904
21048	prompt	2426	85906
21049	prompt	75741	85911
21050	prompt	1423	85920
21051	prompt	382	85925
21052	prompt	2980	85928
21053	prompt	710	85934
21054	prompt	23173	85936
21055	prompt	18937	85948
21056	prompt	460	85955
21057	prompt	4161	85962
21058	prompt	491	85970
21059	prompt	13	85974
21060	prompt	8722	85975
21061	prompt	30494	85982
21062	prompt	318	85991
21063	prompt	3361	85993
21064	prompt	1698	85998
21065	prompt	361	86004
21066	prompt	443	86006
21067	prompt	8	86008
21068	prompt	3016	86009
21069	prompt	279	86014
21070	prompt	9495	86018
21071	prompt	6889	86023
21072	prompt	77	86025
21073	prompt	12	86026
21074	prompt	16923	86027
21075	prompt	24324	86033
21076	prompt	22424	86039
21077	prompt	25	86045
21078	prompt	14835	86046
21079	prompt	12636	86055
21080	prompt	1754	86062
21081	prompt	14603	86067
21082	prompt	264	86077
21083	prompt	2086	86079
21084	prompt	1560	86089
21085	prompt	318	86093
21086	prompt	1634	86095
21087	prompt	12218	86097
21088	prompt	11	86107
21089	prompt	539	86108
21090	prompt	6594	86111
21091	prompt	11	86119
21092	prompt	539	86120
21093	prompt	90366	86123
21094	prompt	11	86130
21095	prompt	539	86131
21096	prompt	7019	86134
21097	prompt	553	86139
21098	prompt	8618	86141
21099	prompt	369	86146
21100	prompt	17481	86149
21101	prompt	310	86155
21102	prompt	1092	86158
21103	prompt	279	86163
21104	prompt	3672	86167
21105	prompt	7099	86174
21106	prompt	26	86182
21107	prompt	5222	86183
21108	prompt	948	86190
21109	prompt	799	86195
21110	prompt	2624	86199
21111	prompt	8937	86206
21112	prompt	2677	86212
21113	prompt	914	86216
21114	prompt	1423	86218
21115	prompt	4156	86223
21116	prompt	6889	86234
21117	prompt	77	86236
21118	prompt	12	86237
21119	prompt	40948	86238
21120	prompt	60967	86245
21121	prompt	9451	86251
21122	prompt	25	86258
21123	prompt	264	86259
21124	prompt	1534	86261
21125	prompt	8057	86267
21126	prompt	421	86273
21127	prompt	16561	86278
21128	prompt	7018	86283
21129	prompt	12195	86286
21130	prompt	579	86290
21131	prompt	7167	86292
21132	prompt	1892	86300
21133	prompt	1410	86304
21134	prompt	2632	86308
21135	prompt	524	86313
21136	prompt	1542	86317
21137	prompt	11	86321
21138	prompt	3591	86322
21139	prompt	632	86328
21140	prompt	20392	86331
21141	prompt	11	86339
21142	prompt	2450	86340
21143	prompt	58256	86347
21144	prompt	30	86354
21145	prompt	2037	86355
21146	prompt	3437	86357
21147	prompt	424	86362
21148	prompt	13325	86365
21149	prompt	8772	86371
21150	prompt	279	86379
21151	prompt	1727	86383
21152	prompt	4625	86388
21153	prompt	314	86394
21154	prompt	944	86397
21155	prompt	6889	86402
21156	prompt	77	86404
21157	prompt	12	86405
21158	prompt	2233	86406
21159	prompt	20413	86409
21160	prompt	18009	86416
21161	prompt	25	86421
21162	prompt	413	86422
21163	prompt	264	86425
21164	prompt	27370	86427
21165	prompt	13854	86436
21166	prompt	9888	86443
21167	prompt	318	86452
21168	prompt	3369	86454
21169	prompt	10923	86457
21170	prompt	11	86459
21171	prompt	874	86460
21172	prompt	5331	86463
21173	prompt	1485	86466
21174	prompt	11	86469
21175	prompt	24102	86470
21176	prompt	681	86479
21177	prompt	1510	86481
21178	prompt	813	86483
21179	prompt	52434	86486
21180	prompt	1092	86489
21181	prompt	557	86494
21182	prompt	11878	86498
21183	prompt	1892	86506
21184	prompt	20413	86510
21185	prompt	60735	86517
21186	prompt	362	86523
21187	prompt	15339	86528
21188	prompt	430	86534
21189	prompt	7018	86537
21190	prompt	20170	86540
21191	prompt	4156	86547
21192	prompt	2037	86558
21193	prompt	948	86560
21194	prompt	424	86565
21195	prompt	3105	86568
21196	prompt	914	86573
21197	prompt	6889	86575
21198	prompt	77	86577
21199	prompt	1639	86578
21200	prompt	6731	86580
21201	prompt	310	86585
21202	prompt	1092	86588
21203	prompt	279	86593
21204	prompt	1156	86597
21205	prompt	4439	86602
21206	prompt	364	86608
21207	prompt	13	86612
21208	prompt	7018	86613
21209	prompt	3772	86616
21210	prompt	866	86620
21211	prompt	21851	86624
21212	prompt	2037	86629
21213	prompt	11069	86631
21214	prompt	264	86635
21215	prompt	2342	86637
21216	prompt	1423	86641
21217	prompt	382	86646
21218	prompt	11	86649
21219	prompt	3074	86650
21220	prompt	8015	86657
21221	prompt	1227	86659
21222	prompt	9845	86662
21223	prompt	13	86669
21224	prompt	7018	86670
21225	prompt	337	86673
21226	prompt	14025	86675
21227	prompt	391	86681
21228	prompt	23513	86683
21229	prompt	411	86689
21230	prompt	2037	86694
21231	prompt	466	86696
21232	prompt	7018	86699
21233	prompt	1323	86702
21234	prompt	15352	86704
21235	prompt	2037	86718
21236	prompt	11069	86720
21237	prompt	7875	86724
21238	prompt	42281	86731
21239	prompt	7087	86738
21240	prompt	11	86743
21241	prompt	220	86744
21242	prompt	18	86745
21243	prompt	4006	86746
21244	prompt	20	86749
21245	prompt	6695	86750
21246	prompt	27483	86755
21247	prompt	41306	86762
21248	prompt	1440	86767
21249	prompt	11	86772
21250	prompt	37589	86773
21251	prompt	6228	86783
21252	prompt	13	86789
21253	prompt	3095	86790
21254	prompt	41484	86795
21255	prompt	11	86802
21256	prompt	15192	86803
21257	prompt	8574	86808
21258	prompt	16908	86815
21259	prompt	2022	86824
21260	prompt	364	86828
21261	prompt	3302	86832
21262	prompt	10442	86841
21263	prompt	1015	86844
21264	prompt	14	86848
21265	prompt	46928	86849
21266	prompt	7154	86854
21267	prompt	321	86863
21268	prompt	8574	86867
21269	prompt	193288	86874
21270	prompt	477	86879
21271	prompt	364	86882
21272	prompt	3841	86886
21273	prompt	11988	86892
21274	prompt	6889	86899
21275	prompt	77	86901
21276	prompt	1639	86902
21277	prompt	9205	86904
21278	prompt	12261	86909
21279	prompt	7386	86918
21280	prompt	914	86923
21281	prompt	70042	86925
21282	prompt	1892	86936
21283	prompt	29346	86940
21284	prompt	11183	86948
21285	prompt	31338	86954
21286	prompt	287	86962
21287	prompt	948	86964
21288	prompt	279	86969
21289	prompt	3274	86973
21290	prompt	6526	86978
21291	prompt	364	86984
21292	prompt	424	86988
21293	prompt	318	86991
21294	prompt	85045	86993
21295	prompt	37641	87003
21296	prompt	11	87012
21297	prompt	638	87013
21298	prompt	5331	87018
21299	prompt	12306	87021
21300	prompt	28782	87025
21301	prompt	11	87031
21302	prompt	48372	87032
21303	prompt	67909	87039
21304	prompt	11	87050
21305	prompt	8554	87051
21306	prompt	17759	87060
21307	prompt	69884	87065
21308	prompt	77	87068
21309	prompt	1639	87069
21310	prompt	9947	87071
21311	prompt	411	87074
21312	prompt	5224	87079
21313	prompt	364	87084
21314	prompt	7072	87088
21315	prompt	28253	87094
21316	prompt	67518	87099
21317	prompt	2096	87107
21318	prompt	1332	87113
21319	prompt	2444	87119
21320	prompt	6195	87127
21321	prompt	1220	87132
21322	prompt	381	87139
21323	prompt	69892	87142
21324	prompt	318	87156
21325	prompt	79608	87158
21326	prompt	11	87163
21327	prompt	2876	87164
21328	prompt	1091	87174
21329	prompt	11	87177
21330	prompt	8145	87178
21331	prompt	9502	87182
21332	prompt	8	87186
21333	prompt	4598	87187
21334	prompt	1056	87194
21335	prompt	1558	87199
21336	prompt	30373	87205
21337	prompt	6889	87212
21338	prompt	77	87214
21339	prompt	1639	87215
21340	prompt	550	87217
21341	prompt	32292	87219
21342	prompt	1639	87226
21343	prompt	1639	87228
21344	prompt	760	87230
21345	prompt	5224	87233
21346	prompt	1067	87238
21347	prompt	5469	87245
21348	prompt	264	87254
21349	prompt	1542	87256
21350	prompt	739	87260
21351	prompt	13	87262
21352	prompt	1946	87263
21353	prompt	15227	87266
21354	prompt	1238	87273
21355	prompt	264	87279
21356	prompt	17548	87281
21357	prompt	11	87287
21358	prompt	5332	87288
21359	prompt	11	87293
21360	prompt	466	87294
21361	prompt	5148	87297
21362	prompt	4351	87304
21363	prompt	11	87309
21364	prompt	1303	87310
21365	prompt	17873	87314
21366	prompt	440	87319
21367	prompt	58144	87324
21368	prompt	2231	87333
21369	prompt	2208	87335
21370	prompt	1757	87341
21371	prompt	11	87345
21372	prompt	15227	87346
21373	prompt	3702	87353
21374	prompt	6516	87357
21375	prompt	739	87360
21376	prompt	5242	87362
21377	prompt	1892	87364
21378	prompt	279	87368
21379	prompt	21354	87372
21380	prompt	33702	87380
21381	prompt	8978	87390
21382	prompt	314	87397
21383	prompt	8057	87400
21384	prompt	363	87406
21385	prompt	6526	87408
21386	prompt	4523	87414
21387	prompt	19954	87422
21388	prompt	2961	87429
21389	prompt	21146	87437
21390	prompt	26	87447
21391	prompt	279	87448
21392	prompt	1118	87452
21393	prompt	18559	87458
21394	prompt	24571	87465
21395	prompt	1562	87469
21396	prompt	321	87474
21397	prompt	4156	87478
21398	prompt	1238	87489
21399	prompt	424	87495
21400	prompt	8213	87498
21401	prompt	3756	87503
21402	prompt	13	87508
21403	prompt	24919	87509
21404	prompt	5148	87514
21405	prompt	478	87521
21406	prompt	1788	87523
21407	prompt	2736	87528
21408	prompt	11069	87533
21409	prompt	220	87537
21410	prompt	16	87538
21411	prompt	15	87539
21412	prompt	15	87540
21413	prompt	4	87541
21414	prompt	6297	87542
21415	prompt	4062	87548
21416	prompt	13	87552
21417	prompt	2544	87553
21418	prompt	10384	87558
21419	prompt	27922	87562
21420	prompt	8549	87565
21421	prompt	7581	87569
21422	prompt	27922	87576
21423	prompt	902	87579
21424	prompt	2544	87582
21425	prompt	363	87587
21426	prompt	513	87589
21427	prompt	33829	87593
21428	prompt	303	87605
21429	prompt	18910	87608
21430	prompt	318	87616
21431	prompt	19458	87618
21432	prompt	1000	87622
21433	prompt	1387	87628
21434	prompt	411	87634
21435	prompt	8	87639
21436	prompt	1892	87640
21437	prompt	20555	87644
21438	prompt	2961	87650
21439	prompt	1238	87658
21440	prompt	279	87664
21441	prompt	27370	87668
21442	prompt	4523	87677
21443	prompt	11	87685
21444	prompt	466	87686
21445	prompt	1440	87689
21446	prompt	47149	87694
21447	prompt	4417	87705
21448	prompt	2736	87709
21449	prompt	13	87714
21450	prompt	426	87715
21451	prompt	3310	87717
21452	prompt	948	87724
21453	prompt	874	87729
21454	prompt	8064	87732
21455	prompt	369	87740
21456	prompt	2420	87743
21457	prompt	25	87753
21458	prompt	4310	87754
21459	prompt	8057	87759
21460	prompt	12	87765
21461	prompt	27	87766
21462	prompt	306	87767
21463	prompt	13867	87769
21464	prompt	2164	87771
21465	prompt	75	87775
21466	prompt	3425	87776
21467	prompt	303	87782
21468	prompt	279	87785
21469	prompt	34534	87789
21470	prompt	6025	87800
21471	prompt	321	87810
21472	prompt	1375	87814
21473	prompt	41287	87819
21474	prompt	264	87826
21475	prompt	39811	87828
21476	prompt	5148	87841
21477	prompt	10152	87848
21478	prompt	328	87851
21479	prompt	13390	87853
21480	prompt	763	87863
21481	prompt	5046	87865
21482	prompt	3	87868
21483	prompt	16838	87869
21484	prompt	763	87875
21485	prompt	328	87877
21486	prompt	2349	87879
21487	prompt	1074	87884
21488	prompt	2164	87887
21489	prompt	76939	87891
21490	prompt	2572	87898
21491	prompt	3336	87902
21492	prompt	2850	87904
21493	prompt	14	87908
21494	prompt	17	87909
21495	prompt	15	87910
21496	prompt	17	87911
21497	prompt	15	87912
21498	prompt	12	87913
21499	prompt	16	87914
21500	prompt	17	87915
21501	prompt	59082	87916
21502	prompt	487	87923
21503	prompt	328	87925
21504	prompt	1267	87927
21505	prompt	763	87931
21506	prompt	328	87933
21507	prompt	1640	87935
21508	prompt	487	87941
21509	prompt	328	87943
21510	prompt	12811	87945
21511	prompt	763	87955
21512	prompt	5046	87957
21513	prompt	2208	87960
21514	prompt	763	87966
21515	prompt	5046	87968
21516	prompt	4532	87971
21517	prompt	763	87982
21518	prompt	328	87984
21519	prompt	11748	87986
21520	prompt	91938	87990
21521	prompt	27370	88000
21522	prompt	5148	88009
21523	prompt	13	88016
21524	prompt	15011	88017
21525	prompt	3060	88022
21526	prompt	440	88028
21527	prompt	1510	88033
21528	prompt	1479	88035
21529	prompt	713	88041
21530	prompt	8557	88047
21531	prompt	283	88052
21532	prompt	313	88054
21533	prompt	803	88056
21534	prompt	11	88061
21535	prompt	3874	88062
21536	prompt	11	88074
21537	prompt	33286	88075
21538	prompt	333	88082
21539	prompt	63	88084
21540	prompt	318	88085
21541	prompt	49991	88087
21542	prompt	22419	88091
21543	prompt	11	88099
21544	prompt	874	88100
21545	prompt	23424	88103
21546	prompt	2663	88112
21547	prompt	8	88119
21548	prompt	7854	88120
21549	prompt	539	88129
21550	prompt	279	88132
21551	prompt	5148	88136
21552	prompt	2407	88143
21553	prompt	1608	88148
21554	prompt	8057	88154
21555	prompt	27922	88160
21556	prompt	44564	88163
21557	prompt	27922	88171
21558	prompt	49534	88174
21559	prompt	27922	88182
21560	prompt	24344	88185
21561	prompt	973	88190
21562	prompt	487	88193
21563	prompt	328	88195
21564	prompt	1267	88197
21565	prompt	763	88201
21566	prompt	328	88203
21567	prompt	889	88205
21568	prompt	487	88211
21569	prompt	328	88213
21570	prompt	58938	88215
21571	prompt	763	88224
21572	prompt	220	88226
21573	prompt	20	88227
21574	prompt	17	88228
21575	prompt	19	88229
21576	prompt	17	88230
21577	prompt	23	88231
21578	prompt	23	88232
21579	prompt	2069	88233
21580	prompt	328	88235
21581	prompt	591	88237
21582	prompt	763	88241
21583	prompt	5046	88243
21584	prompt	4532	88246
21585	prompt	763	88257
21586	prompt	328	88259
21587	prompt	657	88261
21588	prompt	314	88265
21589	prompt	264	88268
21590	prompt	60936	88270
21591	prompt	27370	88281
21592	prompt	318	88290
21593	prompt	44697	88292
21594	prompt	3309	88297
21595	prompt	466	88300
21596	prompt	494	88303
21597	prompt	641	88308
21598	prompt	51860	88310
21599	prompt	768	88313
21600	prompt	33902	88316
21601	prompt	36879	88321
21602	prompt	14	88326
21603	prompt	553	88327
21604	prompt	1737	88329
21605	prompt	17645	88333
21606	prompt	310	88338
21607	prompt	264	88341
21608	prompt	638	88343
21609	prompt	91938	88348
21610	prompt	5148	88358
21611	prompt	10152	88365
21612	prompt	328	88368
21613	prompt	1267	88370
21614	prompt	763	88374
21615	prompt	328	88376
21616	prompt	889	88378
21617	prompt	13933	88384
21618	prompt	328	88387
21619	prompt	4532	88389
21620	prompt	763	88400
21621	prompt	5046	88402
21622	prompt	4532	88405
21623	prompt	763	88416
21624	prompt	328	88418
21625	prompt	41906	88420
21626	prompt	2922	88423
21627	prompt	1892	88427
21628	prompt	716	88431
21629	prompt	279	88435
21630	prompt	27370	88439
21631	prompt	3874	88448
21632	prompt	303	88460
21633	prompt	279	88463
21634	prompt	5148	88467
21635	prompt	579	88474
21636	prompt	1510	88476
21637	prompt	5317	88478
21638	prompt	63	88482
21639	prompt	2424	88483
21640	prompt	10152	88489
21641	prompt	328	88492
21642	prompt	1267	88494
21643	prompt	763	88498
21644	prompt	328	88500
21645	prompt	889	88502
21646	prompt	13933	88508
21647	prompt	328	88511
21648	prompt	2034	88513
21649	prompt	763	88518
21650	prompt	5046	88520
21651	prompt	4532	88523
21652	prompt	763	88534
21653	prompt	328	88536
21654	prompt	41906	88538
21655	prompt	2922	88541
21656	prompt	1892	88545
21657	prompt	716	88549
21658	prompt	279	88553
21659	prompt	27370	88557
21660	prompt	2192	88566
21661	prompt	303	88572
21662	prompt	279	88575
21663	prompt	5148	88579
21664	prompt	579	88586
21665	prompt	1510	88588
21666	prompt	5317	88590
21667	prompt	63	88594
21668	prompt	2424	88595
21669	prompt	10152	88601
21670	prompt	328	88604
21671	prompt	1267	88606
21672	prompt	763	88610
21673	prompt	328	88612
21674	prompt	889	88614
21675	prompt	13933	88620
21676	prompt	328	88623
21677	prompt	2048	88625
21678	prompt	763	88629
21679	prompt	5046	88631
21680	prompt	4532	88634
21681	prompt	763	88645
21682	prompt	328	88647
21683	prompt	14863	88649
21684	prompt	1879	88657
21685	prompt	869	88663
21686	prompt	14469	88669
21687	prompt	310	88677
21688	prompt	279	88680
21689	prompt	5148	88684
21690	prompt	430	88691
21691	prompt	279	88694
21692	prompt	3521	88698
21693	prompt	1510	88705
21694	prompt	2048	88707
21695	prompt	7561	88711
21696	prompt	2652	88713
21697	prompt	52907	88717
21698	prompt	13	88722
21699	prompt	9675	88723
21700	prompt	17839	88728
21701	prompt	14	88735
21702	prompt	18630	88736
21703	prompt	430	88743
21704	prompt	4880	88746
21705	prompt	4566	88753
21706	prompt	2663	88758
21707	prompt	11	88765
21708	prompt	4045	88766
21709	prompt	430	88770
21710	prompt	264	88773
21711	prompt	4566	88775
21712	prompt	89077	88780
21713	prompt	886	88788
21714	prompt	1892	88795
21715	prompt	264	88799
21716	prompt	886	88801
21717	prompt	1806	88808
21718	prompt	1103	88813
21719	prompt	17758	88818
21720	prompt	1510	88825
21721	prompt	2048	88827
21722	prompt	6720	88831
21723	prompt	63	88838
21724	prompt	14	88839
21725	prompt	63	88840
21726	prompt	2048	88841
21727	prompt	4617	88845
21728	prompt	63	88849
21729	prompt	303	88850
21730	prompt	279	88853
21731	prompt	5148	88857
21732	prompt	13	88864
21733	prompt	5272	88865
21734	prompt	364	88869
21735	prompt	5555	88873
21736	prompt	1452	88883
21737	prompt	6725	88887
21738	prompt	84452	88893
21739	prompt	318	88903
21740	prompt	68	88905
21741	prompt	1257	88906
21742	prompt	13	88908
21743	prompt	264	88909
21744	prompt	3302	88911
21745	prompt	3296	88920
21746	prompt	553	88929
21747	prompt	13933	88931
21748	prompt	328	88934
21749	prompt	2208	88936
21750	prompt	1757	88942
21751	prompt	763	88946
21752	prompt	5046	88948
21753	prompt	4532	88951
21754	prompt	763	88962
21755	prompt	328	88964
21756	prompt	1757	88966
21757	prompt	310	88970
21758	prompt	264	88973
21759	prompt	27370	88975
21760	prompt	5148	88984
21761	prompt	999	88991
21762	prompt	383	88996
21763	prompt	12977	88999
21764	prompt	13	89004
21765	prompt	6983	89005
21766	prompt	58144	89011
21767	prompt	27757	89020
21768	prompt	63815	89031
21769	prompt	1141	89040
21770	prompt	5148	89044
21771	prompt	1172	89051
21772	prompt	279	89057
21773	prompt	3669	89061
21774	prompt	6025	89069
21775	prompt	321	89079
21776	prompt	4523	89083
21777	prompt	279	89091
21778	prompt	1752	89095
21779	prompt	303	89100
21780	prompt	279	89103
21781	prompt	5224	89107
21782	prompt	1067	89112
21783	prompt	13	89119
21784	prompt	1946	89120
21785	prompt	28662	89123
21786	prompt	11	89131
21787	prompt	4351	89132
21788	prompt	421	89137
21789	prompt	999	89142
21790	prompt	440	89147
21791	prompt	9357	89152
21792	prompt	57430	89158
21793	prompt	321	89163
21794	prompt	311	89167
21795	prompt	3309	89170
21796	prompt	7378	89173
21797	prompt	58144	89177
21798	prompt	440	89186
21799	prompt	279	89191
21800	prompt	1788	89195
21801	prompt	1510	89200
21802	prompt	2208	89202
21803	prompt	1757	89208
21804	prompt	63	89212
21805	prompt	4370	89213
21806	prompt	314	89221
21807	prompt	311	89224
21808	prompt	1284	89227
21809	prompt	2379	89229
21810	prompt	279	89235
21811	prompt	2400	89239
21812	prompt	5148	89244
21813	prompt	13	89251
21814	prompt	36363	89252
21815	prompt	51274	89258
21816	prompt	888	89269
21817	prompt	1510	89274
21818	prompt	2208	89276
21819	prompt	63	89282
21820	prompt	321	89283
21821	prompt	1510	89287
21822	prompt	591	89289
21823	prompt	63	89293
21824	prompt	10152	89294
21825	prompt	328	89297
21826	prompt	1267	89299
21827	prompt	763	89303
21828	prompt	328	89305
21829	prompt	889	89307
21830	prompt	13933	89313
21831	prompt	328	89316
21832	prompt	40027	89318
21833	prompt	3702	89324
21834	prompt	6516	89328
21835	prompt	739	89331
21836	prompt	763	89333
21837	prompt	5046	89335
21838	prompt	4532	89338
21839	prompt	763	89349
21840	prompt	328	89351
21841	prompt	6516	89353
21842	prompt	2937	89356
21843	prompt	314	89359
21844	prompt	264	89362
21845	prompt	4711	89364
21846	prompt	58144	89370
21847	prompt	27757	89379
21848	prompt	310	89390
21849	prompt	15227	89393
21850	prompt	494	89400
21851	prompt	13	89405
21852	prompt	43977	89406
21853	prompt	8057	89416
21854	prompt	363	89422
21855	prompt	6526	89424
21856	prompt	440	89430
21857	prompt	33702	89435
21858	prompt	318	89445
21859	prompt	39242	89447
21860	prompt	11	89453
21861	prompt	11837	89454
21862	prompt	8	89459
21863	prompt	460	89460
21864	prompt	836	89467
21865	prompt	19954	89473
21866	prompt	2961	89480
21867	prompt	21146	89488
21868	prompt	26	89498
21869	prompt	1132	89499
21870	prompt	18559	89504
21871	prompt	466	89511
21872	prompt	491	89514
21873	prompt	6526	89518
21874	prompt	311	89524
21875	prompt	22258	89527
21876	prompt	13	89531
21877	prompt	24919	89532
21878	prompt	55267	89537
21879	prompt	1132	89545
21880	prompt	13	89550
21881	prompt	13809	89551
21882	prompt	279	89556
21883	prompt	4711	89560
21884	prompt	1542	89566
21885	prompt	1118	89570
21886	prompt	318	89576
21887	prompt	6065	89578
21888	prompt	10358	89582
21889	prompt	8	89586
21890	prompt	1518	89587
21891	prompt	577	89594
21892	prompt	28528	89598
21893	prompt	10152	89603
21894	prompt	328	89606
21895	prompt	1267	89608
21896	prompt	763	89612
21897	prompt	328	89614
21898	prompt	889	89616
21899	prompt	487	89622
21900	prompt	328	89624
21901	prompt	13927	89626
21902	prompt	763	89633
21903	prompt	38591	89635
21904	prompt	41661	89638
21905	prompt	11544	89640
21906	prompt	64	89642
21907	prompt	8868	89643
21908	prompt	15	89645
21909	prompt	12	89646
21910	prompt	24	89647
21911	prompt	12	89648
21912	prompt	14923	89649
21913	prompt	21	89651
21914	prompt	11	89652
21915	prompt	30675	89653
21916	prompt	8934	89655
21917	prompt	2069	89657
21918	prompt	328	89659
21919	prompt	34325	89661
21920	prompt	7654	89671
21921	prompt	763	89681
21922	prompt	867	89683
21923	prompt	72964	89689
21924	prompt	198	89692
21925	prompt	4754	89693
21926	prompt	1267	89695
21927	prompt	763	89699
21928	prompt	328	89701
21929	prompt	1628	89703
21930	prompt	487	89711
21931	prompt	328	89713
21932	prompt	1628	89715
21933	prompt	763	89723
21934	prompt	5046	89725
21935	prompt	591	89728
21936	prompt	763	89732
21937	prompt	328	89734
21938	prompt	7734	89736
21939	prompt	487	89741
21940	prompt	328	89743
21941	prompt	4532	89745
21942	prompt	763	89756
21943	prompt	328	89758
21944	prompt	90411	89760
21945	prompt	264	89766
21946	prompt	999	89768
21947	prompt	310	89773
21948	prompt	279	89776
21949	prompt	2136	89780
21950	prompt	37115	89786
21951	prompt	11	89797
21952	prompt	888	89798
21953	prompt	24501	89803
21954	prompt	413	89810
21955	prompt	799	89813
21956	prompt	6513	89817
21957	prompt	6889	89824
21958	prompt	77	89826
21959	prompt	1639	89827
21960	prompt	4350	89829
21961	prompt	310	89833
21962	prompt	958	89836
21963	prompt	25	89840
21964	prompt	6611	89841
21965	prompt	264	89850
21966	prompt	491	89852
21967	prompt	999	89856
21968	prompt	11	89861
21969	prompt	466	89862
21970	prompt	6999	89865
21971	prompt	24101	89871
21972	prompt	799	89881
21973	prompt	488	89885
21974	prompt	2908	89889
21975	prompt	2582	89892
21976	prompt	4310	89900
21977	prompt	13	89905
21978	prompt	5875	89906
21979	prompt	24501	89911
21980	prompt	449	89918
21981	prompt	6149	89921
21982	prompt	999	89930
21983	prompt	488	89935
21984	prompt	8719	89939
21985	prompt	914	89945
21986	prompt	4310	89947
21987	prompt	668	89952
21988	prompt	3564	89957
21989	prompt	13	89962
21990	prompt	1690	89963
21991	prompt	6907	89967
21992	prompt	4203	89975
21993	prompt	11	89983
21994	prompt	958	89984
21995	prompt	8081	89988
21996	prompt	4370	89993
21997	prompt	10152	90001
21998	prompt	328	90004
21999	prompt	13390	90006
22000	prompt	763	90016
22001	prompt	5046	90018
22002	prompt	3	90021
22003	prompt	16838	90022
22004	prompt	763	90028
22005	prompt	328	90030
22006	prompt	2349	90032
22007	prompt	1074	90037
22008	prompt	2164	90040
22009	prompt	76939	90044
22010	prompt	2572	90051
22011	prompt	3336	90055
22012	prompt	2850	90057
22013	prompt	14	90061
22014	prompt	17	90062
22015	prompt	15	90063
22016	prompt	17	90064
22017	prompt	15	90065
22018	prompt	12	90066
22019	prompt	16	90067
22020	prompt	17	90068
22021	prompt	59082	90069
22022	prompt	487	90076
22023	prompt	328	90078
22024	prompt	1267	90080
22025	prompt	763	90084
22026	prompt	328	90086
22027	prompt	1640	90088
22028	prompt	487	90094
22029	prompt	328	90096
22030	prompt	12811	90098
22031	prompt	763	90108
22032	prompt	5046	90110
22033	prompt	1152	90113
22034	prompt	2551	90117
22035	prompt	763	90122
22036	prompt	5046	90124
22037	prompt	4532	90127
22038	prompt	763	90138
22039	prompt	328	90140
22040	prompt	760	90142
22041	prompt	10424	90145
22042	prompt	1752	90154
22043	prompt	310	90159
22044	prompt	279	90162
22045	prompt	999	90166
22046	prompt	310	90171
22047	prompt	3165	90174
22048	prompt	318	90180
22049	prompt	24028	90182
22050	prompt	381	90186
22051	prompt	10424	90189
22052	prompt	11	90198
22053	prompt	524	90199
22054	prompt	8410	90203
22055	prompt	11250	90212
22056	prompt	328	90215
22057	prompt	1267	90217
22058	prompt	763	90221
22059	prompt	328	90223
22060	prompt	889	90225
22061	prompt	13933	90231
22062	prompt	328	90234
22063	prompt	1733	90236
22064	prompt	763	90243
22065	prompt	5046	90245
22066	prompt	4532	90248
22067	prompt	763	90259
22068	prompt	328	90261
22069	prompt	760	90263
22070	prompt	2144	90266
22071	prompt	310	90274
22072	prompt	3165	90277
22073	prompt	310	90283
22074	prompt	279	90286
22075	prompt	999	90290
22076	prompt	487	90295
22077	prompt	328	90297
22078	prompt	1267	90299
22079	prompt	763	90303
22080	prompt	328	90305
22081	prompt	889	90307
22082	prompt	8934	90313
22083	prompt	2069	90315
22084	prompt	328	90317
22085	prompt	6081	90319
22086	prompt	763	90327
22087	prompt	4241	90329
22088	prompt	1152	90332
22089	prompt	2551	90336
22090	prompt	487	90341
22091	prompt	328	90343
22092	prompt	1733	90345
22093	prompt	7664	90352
22094	prompt	328	90355
22095	prompt	34325	90357
22096	prompt	7654	90367
22097	prompt	763	90377
22098	prompt	867	90379
22099	prompt	72964	90385
22100	prompt	198	90388
22101	prompt	510	90389
22102	prompt	15449	90391
22103	prompt	29	90396
22104	prompt	271	90397
22105	prompt	2381	90399
22106	prompt	1754	90402
22107	prompt	709	90407
22108	prompt	1562	90416
22109	prompt	11	90421
22110	prompt	460	90422
22111	prompt	264	90429
22112	prompt	4566	90431
22113	prompt	1576	90436
22114	prompt	440	90443
22115	prompt	279	90448
22116	prompt	709	90452
22117	prompt	803	90461
22118	prompt	321	90466
22119	prompt	5789	90470
22120	prompt	4613	90480
22121	prompt	361	90487
22122	prompt	13766	90489
22123	prompt	13042	90493
22124	prompt	1419	90498
22125	prompt	13766	90501
22126	prompt	13042	90505
22127	prompt	29	90510
22128	prompt	9212	90511
22129	prompt	25	90516
22130	prompt	198	90517
22131	prompt	27	90518
22132	prompt	13766	90519
22133	prompt	13042	90523
22134	prompt	29	90528
22135	prompt	198	90529
22136	prompt	4754	90530
22137	prompt	591	90532
22138	prompt	763	90536
22139	prompt	361	90538
22140	prompt	1628	90540
22141	prompt	11163	90548
22142	prompt	7813	90553
22143	prompt	328	90555
22144	prompt	15889	90557
22145	prompt	763	90566
22146	prompt	361	90568
22147	prompt	2048	90570
22148	prompt	54195	90574
22149	prompt	39094	90579
22150	prompt	50289	90586
22151	prompt	198	90588
22152	prompt	510	90589
22153	prompt	13766	90591
22154	prompt	13042	90595
22155	prompt	29	90600
22156	prompt	271	90601
22157	prompt	27	90603
22158	prompt	95328	90604
22159	prompt	29	90613
22160	prompt	198	90614
22161	prompt	12	90615
22162	prompt	12296	90616
22163	prompt	4868	90625
22164	prompt	26834	90636
22165	prompt	381	90641
22166	prompt	5024	90644
22167	prompt	13	90654
22168	prompt	198	90655
22169	prompt	12	90656
22170	prompt	1394	90657
22171	prompt	1189	90661
22172	prompt	3300	90665
22173	prompt	9801	90673
22174	prompt	31626	90682
22175	prompt	1518	90692
22176	prompt	279	90699
22177	prompt	709	90703
22178	prompt	1562	90712
22179	prompt	11	90717
22180	prompt	694	90718
22181	prompt	2496	90722
22182	prompt	1238	90728
22183	prompt	424	90734
22184	prompt	13	90737
22185	prompt	198	90738
22186	prompt	12	90739
22187	prompt	1368	90740
22188	prompt	874	90743
22189	prompt	709	90746
22190	prompt	1562	90755
22191	prompt	369	90760
22192	prompt	4221	90763
22193	prompt	11	90770
22194	prompt	4087	90771
22195	prompt	13870	90778
22196	prompt	321	90787
22197	prompt	635	90791
22198	prompt	524	90794
22199	prompt	6088	90798
22200	prompt	279	90806
22201	prompt	5224	90810
22202	prompt	3622	90815
22203	prompt	13	90825
22204	prompt	198	90826
22205	prompt	510	90827
22206	prompt	95328	90829
22207	prompt	29	90838
22208	prompt	271	90839
22209	prompt	87	90841
22210	prompt	18313	90842
22211	prompt	337	90845
22212	prompt	42481	90847
22213	prompt	1402	90852
22214	prompt	9121	90854
22215	prompt	9073	90860
22216	prompt	25	90867
22217	prompt	12167	90868
22218	prompt	9159	90871
22219	prompt	28	90879
22220	prompt	17	90880
22221	prompt	13	90881
22222	prompt	16	90882
22223	prompt	13	90883
22224	prompt	16	90884
22225	prompt	22	90885
22226	prompt	15	90886
22227	prompt	13	90887
22228	prompt	13688	90888
22229	prompt	26	90891
22230	prompt	12167	90892
22231	prompt	8805	90895
22232	prompt	2680	90901
22233	prompt	13744	90906
22234	prompt	7344	90908
22235	prompt	52953	90910
22236	prompt	26	90914
22237	prompt	272	90915
22238	prompt	329	90917
22239	prompt	28	90919
22240	prompt	7011	90920
22241	prompt	69	90924
22242	prompt	26	90925
22243	prompt	2523	90926
22244	prompt	513	90929
22245	prompt	264	90933
22246	prompt	71802	90935
22247	prompt	8057	90942
22248	prompt	11	90948
22249	prompt	5617	90949
22250	prompt	383	90955
22251	prompt	16092	90958
22252	prompt	42481	90963
22253	prompt	579	90968
22254	prompt	71802	90970
22255	prompt	20086	90977
22256	prompt	25771	90983
22257	prompt	13	90987
22258	prompt	198	90988
22259	prompt	2523	90989
22260	prompt	513	90992
22261	prompt	449	90996
22262	prompt	20122	90999
22263	prompt	8057	91011
22264	prompt	421	91017
22265	prompt	8346	91022
22266	prompt	3719	91028
22267	prompt	440	91034
22268	prompt	3061	91039
22269	prompt	14246	91048
22270	prompt	8806	91060
22271	prompt	13	91066
22272	prompt	271	91067
22273	prompt	95328	91069
22274	prompt	25	91078
22275	prompt	51460	91079
22276	prompt	440	91086
22277	prompt	18069	91091
22278	prompt	4610	91102
22279	prompt	7262	91111
22280	prompt	11	91119
22281	prompt	15544	91120
22282	prompt	4610	91130
22283	prompt	11	91139
22284	prompt	351	91140
22285	prompt	10491	91142
22286	prompt	11182	91144
22287	prompt	11	91155
22288	prompt	321	91156
22289	prompt	15751	91160
22290	prompt	36353	91172
22291	prompt	13	91181
22292	prompt	8288	91182
22293	prompt	784	91186
22294	prompt	7154	91189
22295	prompt	364	91198
22296	prompt	38243	91202
22297	prompt	12178	91214
22298	prompt	11	91225
22299	prompt	3054	91226
22300	prompt	50	91229
22301	prompt	8511	91230
22302	prompt	11	91238
22303	prompt	2973	91239
22304	prompt	23377	91244
22305	prompt	11	91254
22306	prompt	7892	91255
22307	prompt	8516	91262
22308	prompt	28425	91268
22309	prompt	11	91279
22310	prompt	466	91280
22311	prompt	17448	91283
22312	prompt	74109	91293
22313	prompt	364	91301
22314	prompt	36908	91305
22315	prompt	9602	91315
22316	prompt	13	91324
22317	prompt	32545	91325
22318	prompt	23895	91330
22319	prompt	4610	91334
22320	prompt	7141	91343
22321	prompt	318	91349
22322	prompt	34	91351
22323	prompt	17	91352
22324	prompt	46423	91353
22325	prompt	11	91364
22326	prompt	38875	91365
22327	prompt	7262	91376
22328	prompt	11	91384
22329	prompt	31133	91385
22330	prompt	4257	91393
22331	prompt	8	91405
22332	prompt	1325	91406
22333	prompt	2708	91414
22334	prompt	22973	91420
22335	prompt	2193	91434
22336	prompt	25	91442
22337	prompt	19576	91443
22338	prompt	57835	91448
22339	prompt	76177	91454
22340	prompt	11	91466
22341	prompt	351	91467
22342	prompt	10491	91469
22343	prompt	41167	91471
22344	prompt	11	91484
22345	prompt	4610	91485
22346	prompt	3302	91494
22347	prompt	11	91503
22348	prompt	466	91504
22349	prompt	15544	91507
22350	prompt	958	91517
22351	prompt	4886	91521
22352	prompt	13	91527
22353	prompt	271	91528
22354	prompt	2	91530
22355	prompt	90659	91531
22356	prompt	198	91539
22357	prompt	471	91540
22358	prompt	2824	91542
22359	prompt	488	91547
22360	prompt	2468	91551
22361	prompt	4732	91558
22362	prompt	314	91566
22363	prompt	5224	91569
22364	prompt	958	91574
22365	prompt	369	91578
22366	prompt	12234	91581
22367	prompt	310	91591
22368	prompt	279	91594
22369	prompt	1156	91598
22370	prompt	430	91603
22371	prompt	47285	91606
22372	prompt	11925	91613
22373	prompt	72815	91616
22374	prompt	48794	91622
22375	prompt	303	91631
22376	prompt	264	91634
22377	prompt	14586	91636
22378	prompt	13	91645
22379	prompt	198	91646
22380	prompt	471	91647
22381	prompt	13455	91649
22382	prompt	1542	91655
22383	prompt	4661	91659
22384	prompt	264	91666
22385	prompt	1156	91668
22386	prompt	43731	91673
22387	prompt	7634	91682
22388	prompt	3728	91693
22389	prompt	26	91698
22390	prompt	264	91699
22391	prompt	14390	91701
22392	prompt	1562	91708
22393	prompt	3254	91713
22394	prompt	279	91719
22395	prompt	1156	91723
22396	prompt	18193	91728
22397	prompt	424	91737
22398	prompt	1892	91740
22399	prompt	7265	91744
22400	prompt	11	91751
22401	prompt	1459	91752
22402	prompt	914	91756
22403	prompt	21979	91758
22404	prompt	2652	91764
22405	prompt	52907	91768
22406	prompt	13	91773
22407	prompt	198	91774
22408	prompt	471	91775
22409	prompt	29587	91777
22410	prompt	8678	91780
22411	prompt	12	91786
22412	prompt	75240	91787
22413	prompt	42181	91795
22414	prompt	9212	91797
22415	prompt	303	91802
22416	prompt	6397	91805
22417	prompt	321	91814
22418	prompt	5224	91818
22419	prompt	2961	91823
22420	prompt	513	91831
22421	prompt	39328	91835
22422	prompt	539	91844
22423	prompt	279	91847
22424	prompt	31338	91851
22425	prompt	11	91859
22426	prompt	524	91860
22427	prompt	279	91864
22428	prompt	1156	91868
22429	prompt	13	91873
22430	prompt	37155	91874
22431	prompt	1189	91880
22432	prompt	27704	91884
22433	prompt	5224	91894
22434	prompt	6526	91899
22435	prompt	26	91905
22436	prompt	4089	91906
22437	prompt	9416	91912
22438	prompt	2468	91917
22439	prompt	430	91924
22440	prompt	1156	91927
22441	prompt	10732	91932
22442	prompt	13	91941
22443	prompt	198	91942
22444	prompt	471	91943
22445	prompt	81555	91945
22446	prompt	279	91952
22447	prompt	11886	91956
22448	prompt	999	91966
22449	prompt	22444	91971
22450	prompt	7141	91978
22451	prompt	888	91984
22452	prompt	12168	91989
22453	prompt	10966	91995
22454	prompt	948	92004
22455	prompt	799	92009
22456	prompt	17759	92013
22457	prompt	13	92018
22458	prompt	21316	92019
22459	prompt	5224	92031
22460	prompt	6526	92036
22461	prompt	628	92042
22462	prompt	1542	92046
22463	prompt	303	92050
22464	prompt	14835	92053
22465	prompt	303	92062
22466	prompt	799	92065
22467	prompt	1965	92069
22468	prompt	13	92078
22469	prompt	198	92079
22470	prompt	471	92080
22471	prompt	16699	92082
22472	prompt	1970	92092
22473	prompt	430	92097
22474	prompt	1510	92100
22475	prompt	1152	92102
22476	prompt	2551	92106
22477	prompt	25	92111
22478	prompt	1021	92112
22479	prompt	5327	92116
22480	prompt	63	92123
22481	prompt	1892	92124
22482	prompt	424	92128
22483	prompt	579	92131
22484	prompt	82608	92133
22485	prompt	13	92143
22486	prompt	271	92144
22487	prompt	7734	92146
22488	prompt	1970	92151
22489	prompt	421	92156
22490	prompt	15339	92161
22491	prompt	1040	92167
22492	prompt	279	92172
22493	prompt	14170	92176
22494	prompt	1970	92188
22495	prompt	25	92193
22496	prompt	2353	92194
22497	prompt	1141	92200
22498	prompt	3847	92204
22499	prompt	16940	92212
22500	prompt	11	92220
22501	prompt	33791	92221
22502	prompt	11	92228
22503	prompt	321	92229
22504	prompt	850	92233
22505	prompt	32483	92236
22506	prompt	13	92239
22507	prompt	271	92240
22508	prompt	2381	92242
22509	prompt	5975	92245
22510	prompt	421	92253
22511	prompt	513	92258
22512	prompt	2503	92262
22513	prompt	310	92267
22514	prompt	9637	92270
22515	prompt	466	92278
22516	prompt	49231	92281
22517	prompt	61170	92289
22518	prompt	11	92296
22519	prompt	7440	92297
22520	prompt	1118	92305
22521	prompt	7014	92311
22522	prompt	10336	92318
22523	prompt	2752	92322
22524	prompt	18069	92326
22525	prompt	466	92337
22526	prompt	20335	92340
22527	prompt	3125	92351
22528	prompt	310	92356
22529	prompt	10046	92359
22530	prompt	1973	92367
22531	prompt	9859	92375
22532	prompt	26	92382
22533	prompt	14014	92383
22534	prompt	303	92392
22535	prompt	799	92395
22536	prompt	2193	92399
22537	prompt	3070	92407
22538	prompt	914	92413
22539	prompt	12663	92415
22540	prompt	310	92422
22541	prompt	279	92425
22542	prompt	1727	92429
22543	prompt	13	92434
22544	prompt	55712	92435
22545	prompt	2144	92443
22546	prompt	310	92451
22547	prompt	449	92454
22548	prompt	8976	92457
22549	prompt	2393	92466
22550	prompt	62305	92474
22551	prompt	424	92484
22552	prompt	26	92487
22553	prompt	424	92488
22554	prompt	1189	92491
22555	prompt	381	92495
22556	prompt	19954	92498
22557	prompt	466	92505
22558	prompt	29582	92508
22559	prompt	1442	92516
22560	prompt	413	92521
22561	prompt	2843	92524
22562	prompt	10739	92530
22563	prompt	13	92538
22564	prompt	12851	92539
22565	prompt	31918	92546
22566	prompt	466	92555
22567	prompt	888	92558
22568	prompt	24501	92563
22569	prompt	11	92570
22570	prompt	1353	92571
22571	prompt	506	92576
22572	prompt	279	92579
22573	prompt	2100	92583
22574	prompt	1892	92590
22575	prompt	413	92594
22576	prompt	1092	92597
22577	prompt	488	92602
22578	prompt	1423	92606
22579	prompt	21605	92611
22580	prompt	29015	92619
22581	prompt	1204	92623
22582	prompt	424	92627
22583	prompt	557	92630
22584	prompt	7246	92634
22585	prompt	11	92644
22586	prompt	466	92645
22587	prompt	488	92648
22588	prompt	3105	92652
22589	prompt	914	92657
22590	prompt	1791	92659
22591	prompt	424	92666
22592	prompt	11	92669
22593	prompt	7099	92670
22594	prompt	421	92678
22595	prompt	4370	92683
22596	prompt	314	92691
22597	prompt	37170	92694
22598	prompt	13	92705
22599	prompt	8001	92706
22600	prompt	18957	92713
22601	prompt	89871	92722
22602	prompt	25	92733
22603	prompt	413	92734
22604	prompt	6813	92737
22605	prompt	3564	92743
22606	prompt	11	92748
22607	prompt	1910	92749
22608	prompt	748	92753
22609	prompt	440	92756
22610	prompt	279	92761
22611	prompt	2468	92765
22612	prompt	26	92772
22613	prompt	413	92773
22614	prompt	264	92776
22615	prompt	2923	92778
22616	prompt	557	92783
22617	prompt	33993	92787
22618	prompt	11	92795
22619	prompt	1910	92796
22620	prompt	421	92800
22621	prompt	26	92805
22622	prompt	948	92806
22623	prompt	2414	92811
22624	prompt	369	92821
22625	prompt	2725	92824
22626	prompt	321	92829
22627	prompt	23185	92833
22628	prompt	11	92842
22629	prompt	1528	92843
22630	prompt	424	92849
22631	prompt	62124	92852
22632	prompt	1973	92860
22633	prompt	58185	92868
22634	prompt	3072	92872
22635	prompt	13	92876
22636	prompt	271	92877
22637	prompt	2	92879
22638	prompt	8891	92880
22639	prompt	18336	92888
22640	prompt	18252	92897
22641	prompt	198	92906
22642	prompt	471	92907
22643	prompt	3095	92909
22644	prompt	279	92914
22645	prompt	1156	92918
22646	prompt	4346	92923
22647	prompt	1510	92929
22648	prompt	22295	92931
22649	prompt	28493	92933
22650	prompt	11163	92938
22651	prompt	29	92943
22652	prompt	7561	92944
22653	prompt	19268	92946
22654	prompt	424	92953
22655	prompt	4417	92956
22656	prompt	26592	92960
22657	prompt	13	92966
22658	prompt	8020	92967
22659	prompt	958	92972
22660	prompt	7129	92976
22661	prompt	9711	92983
22662	prompt	303	92990
22663	prompt	279	92993
22664	prompt	1156	92997
22665	prompt	84470	93002
22666	prompt	499	93006
22667	prompt	470	93008
22668	prompt	7129	93012
22669	prompt	3644	93019
22670	prompt	1892	93027
22671	prompt	1459	93031
22672	prompt	914	93035
22673	prompt	7692	93037
22674	prompt	13	93043
22675	prompt	271	93044
22676	prompt	2	93046
22677	prompt	13453	93047
22678	prompt	271	93054
22679	prompt	2523	93056
22680	prompt	599	93059
22681	prompt	264	93064
22682	prompt	24207	93066
22683	prompt	999	93077
22684	prompt	5792	93082
22685	prompt	4779	93088
22686	prompt	506	93095
22687	prompt	36066	93098
22688	prompt	4955	93101
22689	prompt	35980	93105
22690	prompt	11591	93110
22691	prompt	51860	93112
22692	prompt	768	93115
22693	prompt	38294	93118
22694	prompt	22910	93127
22695	prompt	41490	93129
22696	prompt	76926	93138
22697	prompt	14	93145
22698	prompt	27653	93146
22699	prompt	1061	93148
22700	prompt	6025	93153
22701	prompt	2582	93163
22702	prompt	6513	93171
22703	prompt	1892	93178
22704	prompt	3165	93182
22705	prompt	310	93188
22706	prompt	424	93191
22707	prompt	5774	93194
22708	prompt	440	93203
22709	prompt	279	93208
22710	prompt	9357	93212
22711	prompt	5224	93218
22712	prompt	318	93223
22713	prompt	2887	93225
22714	prompt	524	93227
22715	prompt	1542	93231
22716	prompt	29089	93235
22717	prompt	466	93241
22718	prompt	1716	93244
22719	prompt	364	93250
22720	prompt	1141	93254
22721	prompt	13486	93258
22722	prompt	553	93268
22723	prompt	8618	93270
22724	prompt	4779	93275
22725	prompt	369	93282
22726	prompt	799	93285
22727	prompt	999	93289
22728	prompt	9668	93294
22729	prompt	799	93302
22730	prompt	2029	93306
22731	prompt	11	93311
22732	prompt	440	93312
22733	prompt	3929	93317
22734	prompt	56970	93323
22735	prompt	25	93329
22736	prompt	271	93330
22737	prompt	71093	93332
22738	prompt	58046	93335
22739	prompt	198	93343
22740	prompt	4277	93344
22741	prompt	198	93347
22742	prompt	591	93348
22743	prompt	25	93352
22744	prompt	361	93353
22745	prompt	8412	93355
22746	prompt	12	93360
22747	prompt	432	93361
22748	prompt	46133	93363
22749	prompt	37208	93366
22750	prompt	1284	93371
22751	prompt	41787	93373
22752	prompt	29	93376
22753	prompt	198	93377
22754	prompt	4532	93378
22755	prompt	25	93389
22756	prompt	361	93390
22757	prompt	588	93392
22758	prompt	8187	93395
22759	prompt	11782	93400
22760	prompt	1892	93408
22761	prompt	1429	93412
22762	prompt	310	93417
22763	prompt	9973	93420
22764	prompt	39512	93427
22765	prompt	2261	93437
22766	prompt	18516	93444
22767	prompt	29	93451
22768	prompt	198	93452
22769	prompt	17111	93453
22770	prompt	25	93461
22771	prompt	198	93462
22772	prompt	220	93463
22773	prompt	913	93464
22774	prompt	25	93469
22775	prompt	1156	93470
22776	prompt	735	93475
22777	prompt	10732	93477
22778	prompt	735	93486
22779	prompt	2313	93488
22780	prompt	735	93496
22781	prompt	5604	93498
22782	prompt	198	93508
22783	prompt	4277	93509
22784	prompt	271	93512
22785	prompt	27	93514
22786	prompt	1719	93515
22787	prompt	2029	93518
22788	prompt	26	93523
22789	prompt	364	93524
22790	prompt	10732	93528
22791	prompt	38786	93537
22792	prompt	11	93545
22793	prompt	1732	93546
22794	prompt	440	93553
22795	prompt	2972	93558
22796	prompt	9930	93561
22797	prompt	64700	93564
22798	prompt	321	93567
22799	prompt	2972	93571
22800	prompt	4199	93574
22801	prompt	310	93577
22802	prompt	3668	93580
22803	prompt	64700	93586
22804	prompt	4965	93589
22805	prompt	13	93595
22806	prompt	5763	93596
22807	prompt	5265	93601
22808	prompt	18352	93609
22809	prompt	440	93618
22810	prompt	4177	93623
22811	prompt	48055	93626
22812	prompt	11163	93631
22813	prompt	21415	93636
22814	prompt	29	93639
22815	prompt	198	93640
22816	prompt	71093	93641
22817	prompt	271	93644
22818	prompt	623	93646
22819	prompt	279	93648
22820	prompt	2407	93652
22821	prompt	11	93657
22822	prompt	2569	93658
22823	prompt	310	93663
22824	prompt	5265	93666
22825	prompt	18352	93674
22826	prompt	440	93683
22827	prompt	1510	93688
22828	prompt	15050	93690
22829	prompt	591	93692
22830	prompt	4891	93696
22831	prompt	7561	93698
22832	prompt	1332	93700
22833	prompt	1510	93706
22834	prompt	591	93708
22835	prompt	63	93712
22836	prompt	369	93713
22837	prompt	279	93716
22838	prompt	975	93720
22839	prompt	4779	93726
22840	prompt	579	93733
22841	prompt	1510	93735
22842	prompt	591	93737
22843	prompt	18173	93741
22844	prompt	23695	93743
22845	prompt	13	93748
22846	prompt	5763	93749
22847	prompt	32710	93754
22848	prompt	722	93760
22849	prompt	1892	93764
22850	prompt	264	93768
22851	prompt	1510	93770
22852	prompt	15050	93772
22853	prompt	591	93774
22854	prompt	4891	93778
22855	prompt	63	93780
22856	prompt	421	93781
22857	prompt	3070	93786
22858	prompt	914	93792
22859	prompt	2353	93794
22860	prompt	449	93800
22861	prompt	6149	93803
22862	prompt	4779	93812
22863	prompt	3482	93819
22864	prompt	369	93823
22865	prompt	6699	93826
22866	prompt	26	93831
22867	prompt	424	93832
22868	prompt	14973	93835
22869	prompt	2414	93841
22870	prompt	5621	93851
22871	prompt	4237	93857
22872	prompt	2843	93865
22873	prompt	11	93871
22874	prompt	524	93872
22875	prompt	449	93876
22876	prompt	1412	93879
22877	prompt	13	93885
22878	prompt	271	93886
22879	prompt	63	93888
22880	prompt	846	93889
22881	prompt	63	93893
22882	prompt	1892	93894
22883	prompt	852	93898
22884	prompt	279	93902
22885	prompt	1156	93906
22886	prompt	369	93911
22887	prompt	318	93914
22888	prompt	5599	93916
22889	prompt	11	93920
22890	prompt	18163	93921
22891	prompt	11	93931
22892	prompt	18738	93932
22893	prompt	553	93944
22894	prompt	1510	93946
22895	prompt	20358	93948
22896	prompt	63	93956
22897	prompt	1892	93957
22898	prompt	18252	93961
22899	prompt	279	93970
22900	prompt	1156	93974
22901	prompt	682	93979
22902	prompt	2574	93983
22903	prompt	383	93989
22904	prompt	1204	93992
22905	prompt	488	93996
22906	prompt	1220	94000
22907	prompt	944	94007
22908	prompt	11	94012
22909	prompt	2107	94013
22910	prompt	48684	94018
22911	prompt	321	94030
22912	prompt	10457	94034
22913	prompt	19222	94044
22914	prompt	26	94055
22915	prompt	2830	94056
22916	prompt	279	94064
22917	prompt	3069	94068
22918	prompt	13	94072
22919	prompt	1510	94073
22920	prompt	4826	94075
22921	prompt	63	94082
22922	prompt	1892	94083
22923	prompt	13789	94087
22924	prompt	944	94095
22925	prompt	11	94100
22926	prompt	8578	94101
22927	prompt	11	94107
22928	prompt	466	94108
22929	prompt	16484	94111
22930	prompt	524	94123
22931	prompt	18198	94127
22932	prompt	470	94133
22933	prompt	494	94137
22934	prompt	279	94142
22935	prompt	1970	94146
22936	prompt	466	94151
22937	prompt	15865	94154
22938	prompt	3712	94158
22939	prompt	26	94166
22940	prompt	5335	94167
22941	prompt	8410	94175
22942	prompt	12348	94184
22943	prompt	310	94190
22944	prompt	10424	94193
22945	prompt	13	94202
22946	prompt	1510	94203
22947	prompt	15812	94205
22948	prompt	63	94214
22949	prompt	1892	94215
22950	prompt	26564	94219
22951	prompt	310	94228
22952	prompt	8976	94231
22953	prompt	4802	94240
22954	prompt	318	94250
22955	prompt	3044	94252
22956	prompt	82	94255
22957	prompt	11	94256
22958	prompt	23164	94257
22959	prompt	18687	94262
22960	prompt	11	94268
22961	prompt	13990	94269
22962	prompt	553	94277
22963	prompt	271	94279
22964	prompt	5836	94281
22965	prompt	4237	94286
22966	prompt	279	94294
22967	prompt	999	94298
22968	prompt	11	94303
22969	prompt	884	94304
22970	prompt	264	94308
22971	prompt	799	94310
22972	prompt	8187	94314
22973	prompt	7210	94319
22974	prompt	303	94327
22975	prompt	1510	94330
22976	prompt	95294	94332
22977	prompt	20668	94338
22978	prompt	63	94341
22979	prompt	27718	94342
22980	prompt	12	94345
22981	prompt	498	94346
22982	prompt	3723	94348
22983	prompt	9251	94353
22984	prompt	1152	94355
22985	prompt	20668	94359
22986	prompt	8	94362
22987	prompt	1892	94363
22988	prompt	9416	94367
22989	prompt	57208	94372
22990	prompt	1510	94375
22991	prompt	95294	94377
22992	prompt	20668	94383
22993	prompt	63	94386
22994	prompt	369	94387
22995	prompt	279	94390
22996	prompt	1857	94394
22997	prompt	6452	94400
22998	prompt	1083	94407
22999	prompt	2193	94412
23000	prompt	1754	94420
23001	prompt	3669	94425
23002	prompt	1892	94433
23003	prompt	799	94437
23004	prompt	1500	94441
23005	prompt	791	94446
23006	prompt	4779	94450
23007	prompt	11	94457
23008	prompt	874	94458
23009	prompt	3929	94461
23010	prompt	56970	94467
23011	prompt	11	94473
23012	prompt	2496	94474
23013	prompt	2113	94480
23014	prompt	4779	94484
23015	prompt	2144	94491
23016	prompt	1017	94499
23017	prompt	13	94505
23018	prompt	271	94506
23019	prompt	9923	94508
23020	prompt	13595	94514
23021	prompt	11	94521
23022	prompt	1716	94522
23023	prompt	364	94528
23024	prompt	449	94532
23025	prompt	6149	94535
23026	prompt	999	94544
23027	prompt	421	94549
23028	prompt	2582	94554
23029	prompt	14103	94562
23030	prompt	424	94569
23031	prompt	1892	94572
23032	prompt	2560	94576
23033	prompt	421	94583
23034	prompt	999	94588
23035	prompt	4598	94593
23036	prompt	1056	94600
23037	prompt	6611	94605
23038	prompt	264	94614
23039	prompt	21814	94616
23040	prompt	26	94626
23041	prompt	3572	94627
23042	prompt	18352	94634
23043	prompt	421	94643
23044	prompt	2404	94648
23045	prompt	680	94653
23046	prompt	310	94657
23047	prompt	381	94660
23048	prompt	4808	94663
23049	prompt	13	94669
23050	prompt	4179	94670
23051	prompt	914	94674
23052	prompt	3462	94676
23053	prompt	1092	94681
23054	prompt	279	94686
23055	prompt	15400	94690
23056	prompt	2582	94695
23057	prompt	7189	94703
23058	prompt	318	94711
23059	prompt	1787	94713
23060	prompt	5759	94717
23061	prompt	11	94727
23062	prompt	3162	94728
23063	prompt	25689	94733
23064	prompt	11	94739
23065	prompt	15865	94740
23066	prompt	3712	94744
23067	prompt	11	94752
23068	prompt	6759	94753
23069	prompt	33869	94756
23070	prompt	1113	94758
23071	prompt	20668	94760
23072	prompt	8	94763
23073	prompt	466	94764
23074	prompt	1092	94767
23075	prompt	1132	94772
23076	prompt	12482	94777
23077	prompt	310	94785
23078	prompt	411	94788
23079	prompt	10125	94793
23080	prompt	26	94806
23081	prompt	413	94807
23082	prompt	4439	94810
23083	prompt	310	94816
23084	prompt	5909	94819
23085	prompt	799	94828
23086	prompt	314	94832
23087	prompt	1782	94835
23088	prompt	11	94841
23089	prompt	2466	94842
23090	prompt	1092	94846
23091	prompt	557	94851
23092	prompt	2397	94855
23093	prompt	89257	94859
23094	prompt	2389	94862
23095	prompt	883	94867
23096	prompt	424	94873
23097	prompt	321	94876
23098	prompt	3462	94880
23099	prompt	421	94885
23100	prompt	4370	94890
23101	prompt	13	94898
23102	prompt	3931	94899
23103	prompt	4583	94903
23104	prompt	18352	94908
23105	prompt	24572	94917
23106	prompt	4613	94927
23107	prompt	29587	94934
23108	prompt	8678	94937
23109	prompt	12	94943
23110	prompt	75240	94944
23111	prompt	42181	94952
23112	prompt	9714	94954
23113	prompt	513	94961
23114	prompt	3870	94965
23115	prompt	2193	94976
23116	prompt	11	94984
23117	prompt	524	94985
23118	prompt	1156	94989
23119	prompt	10895	94994
23120	prompt	11	95007
23121	prompt	321	95008
23122	prompt	8443	95012
23123	prompt	1092	95020
23124	prompt	557	95025
23125	prompt	804	95029
23126	prompt	948	95034
23127	prompt	5158	95039
23128	prompt	1892	95047
23129	prompt	413	95051
23130	prompt	799	95054
23131	prompt	4874	95058
23132	prompt	264	95064
23133	prompt	999	95066
23134	prompt	11	95071
23135	prompt	709	95072
23136	prompt	11	95081
23137	prompt	466	95082
23138	prompt	5016	95085
23139	prompt	11	95090
23140	prompt	9845	95091
23141	prompt	424	95098
23142	prompt	1990	95101
23143	prompt	6513	95107
23144	prompt	1518	95114
23145	prompt	62488	95121
23146	prompt	424	95134
23147	prompt	13	95137
23148	prompt	271	95138
23149	prompt	2	95140
23150	prompt	11253	95141
23151	prompt	198	95153
23152	prompt	2523	95154
23153	prompt	599	95157
23154	prompt	978	95162
23155	prompt	26019	95167
23156	prompt	303	95175
23157	prompt	279	95178
23158	prompt	2614	95182
23159	prompt	4424	95192
23160	prompt	25	95204
23161	prompt	695	95205
23162	prompt	471	95207
23163	prompt	24298	95209
23164	prompt	3133	95217
23165	prompt	6025	95225
23166	prompt	25	95235
23167	prompt	593	95236
23168	prompt	41490	95238
23169	prompt	198	95247
23170	prompt	471	95248
23171	prompt	2091	95250
23172	prompt	264	95253
23173	prompt	15865	95255
23174	prompt	12182	95259
23175	prompt	25	95270
23176	prompt	804	95271
23177	prompt	198	95276
23178	prompt	471	95277
23179	prompt	16941	95279
23180	prompt	25	95288
23181	prompt	35047	95289
23182	prompt	198	95295
23183	prompt	471	95296
23184	prompt	28442	95298
23185	prompt	25	95304
23186	prompt	9496	95305
23187	prompt	198	95313
23188	prompt	471	95314
23189	prompt	9787	95316
23190	prompt	5889	95319
23191	prompt	25	95327
23192	prompt	13928	95328
23193	prompt	220	95334
23194	prompt	21	95335
23195	prompt	13	95336
23196	prompt	16	95337
23197	prompt	23	95338
23198	prompt	13	95339
23199	prompt	22	95340
23200	prompt	12	95341
23201	prompt	22	95342
23202	prompt	21	95343
23203	prompt	15	95344
23204	prompt	21	95345
23205	prompt	16	95346
23206	prompt	23	95347
23207	prompt	15	95348
23208	prompt	22	95349
23209	prompt	79830	95350
23210	prompt	198	95358
23211	prompt	471	95359
23212	prompt	1394	95361
23213	prompt	513	95365
23214	prompt	21639	95369
23215	prompt	539	95377
23216	prompt	279	95380
23217	prompt	1558	95384
23218	prompt	6725	95390
23219	prompt	10356	95396
23220	prompt	350	95399
23221	prompt	220	95401
23222	prompt	19	95402
23223	prompt	13	95403
23224	prompt	23	95404
23225	prompt	318	95405
23226	prompt	16	95407
23227	prompt	44	95408
23228	prompt	2193	95409
23229	prompt	553	95417
23230	prompt	561	95419
23231	prompt	4581	95423
23232	prompt	1558	95429
23233	prompt	2937	95435
23234	prompt	369	95438
23235	prompt	83712	95441
23236	prompt	768	95445
23237	prompt	28530	95448
23238	prompt	350	95451
23239	prompt	12	95453
23240	prompt	19	95454
23241	prompt	12	95455
23242	prompt	23	95456
23243	prompt	58	95457
23244	prompt	16	95458
23245	prompt	76	95459
23246	prompt	906	95460
23247	prompt	198	95462
23248	prompt	471	95463
23249	prompt	20732	95465
23250	prompt	6337	95475
23251	prompt	42809	95485
23252	prompt	369	95492
23253	prompt	5869	95495
23254	prompt	220	95503
23255	prompt	17	95504
23256	prompt	15	95505
23257	prompt	17	95506
23258	prompt	21	95507
23259	prompt	13	95508
23260	prompt	198	95509
23261	prompt	471	95510
23262	prompt	561	95512
23263	prompt	1379	95516
23264	prompt	3110	95521
23265	prompt	71802	95528
23266	prompt	3983	95535
23267	prompt	513	95542
23268	prompt	426	95546
23269	prompt	470	95548
23270	prompt	220	95552
23271	prompt	20	95553
23272	prompt	321	95554
23273	prompt	279	95558
23274	prompt	71802	95562
23275	prompt	220	95569
23276	prompt	19	95570
23277	prompt	4197	95571
23278	prompt	2902	95573
23279	prompt	13	95580
23280	prompt	4744	95581
23281	prompt	27437	95587
23282	prompt	1892	95591
23283	prompt	426	95595
23284	prompt	470	95597
23285	prompt	220	95601
23286	prompt	20	95602
23287	prompt	25	95603
23288	prompt	359	95604
23289	prompt	51860	95606
23290	prompt	768	95609
23291	prompt	2149	95612
23292	prompt	470	95614
23293	prompt	12	95618
23294	prompt	20	95619
23295	prompt	504	95620
23296	prompt	10356	95622
23297	prompt	350	95625
23298	prompt	220	95627
23299	prompt	19	95628
23300	prompt	13	95629
23301	prompt	23	95630
23302	prompt	25	95631
23303	prompt	359	95632
23304	prompt	51860	95634
23305	prompt	768	95637
23306	prompt	28530	95640
23307	prompt	350	95643
23308	prompt	12	95645
23309	prompt	19	95646
23310	prompt	12	95647
23311	prompt	23	95648
23312	prompt	504	95649
23313	prompt	11501	95651
23314	prompt	4559	95655
23315	prompt	220	95658
23316	prompt	19	95659
23317	prompt	13	95660
23318	prompt	21	95661
23319	prompt	25	95662
23320	prompt	359	95663
23321	prompt	51860	95665
23322	prompt	768	95668
23323	prompt	12	95671
23324	prompt	901	95672
23325	prompt	4559	95675
23326	prompt	12	95678
23327	prompt	19	95679
23328	prompt	12	95680
23329	prompt	21	95681
23330	prompt	504	95682
23331	prompt	13697	95684
23332	prompt	36974	95687
23333	prompt	220	95690
23334	prompt	19	95691
23335	prompt	13	95692
23336	prompt	20	95693
23337	prompt	25	95694
23338	prompt	359	95695
23339	prompt	51860	95697
23340	prompt	768	95700
23341	prompt	2741	95703
23342	prompt	64	95705
23343	prompt	36974	95706
23344	prompt	12	95709
23345	prompt	19	95710
23346	prompt	12	95711
23347	prompt	20	95712
23348	prompt	12	95713
23349	prompt	17	95714
23350	prompt	15	95715
23351	prompt	17	95716
23352	prompt	20	95717
23353	prompt	16	95718
23354	prompt	15	95719
23355	prompt	15	95720
23356	prompt	16	95721
23357	prompt	4282	95722
23358	prompt	3095	95724
23359	prompt	4599	95729
23360	prompt	14791	95738
23361	prompt	8098	95741
23362	prompt	11	95754
23363	prompt	1581	95755
23364	prompt	310	95763
23365	prompt	279	95766
23366	prompt	5362	95770
23367	prompt	321	95777
23368	prompt	1379	95781
23369	prompt	12506	95786
23370	prompt	71802	95794
23371	prompt	3983	95801
23372	prompt	13	95808
23373	prompt	198	95809
23374	prompt	471	95810
23375	prompt	71802	95812
23376	prompt	5927	95819
23377	prompt	369	95824
23378	prompt	2420	95827
23379	prompt	430	95837
23380	prompt	264	95840
23381	prompt	37978	95842
23382	prompt	303	95846
23383	prompt	279	95849
23384	prompt	14586	95853
23385	prompt	11	95862
23386	prompt	16985	95863
23387	prompt	878	95871
23388	prompt	318	95875
23389	prompt	18955	95877
23390	prompt	14	95880
23391	prompt	12782	95881
23392	prompt	681	95888
23393	prompt	3370	95890
23394	prompt	878	95894
23395	prompt	318	95898
23396	prompt	51860	95900
23397	prompt	768	95903
23398	prompt	39046	95906
23399	prompt	45361	95909
23400	prompt	681	95914
23401	prompt	321	95916
23402	prompt	27069	95920
23403	prompt	19119	95924
23404	prompt	318	95935
23405	prompt	25217	95937
23406	prompt	5927	95939
23407	prompt	11	95944
23408	prompt	72564	95945
23409	prompt	553	95955
23410	prompt	198	95957
23411	prompt	471	95958
23412	prompt	16778	95960
23413	prompt	3728	95965
23414	prompt	364	95970
23415	prompt	71802	95974
23416	prompt	5927	95981
23417	prompt	5533	95986
23418	prompt	71802	95991
23419	prompt	10356	95998
23420	prompt	350	96001
23421	prompt	440	96003
23422	prompt	10281	96008
23423	prompt	2468	96015
23424	prompt	318	96022
23425	prompt	275	96024
23426	prompt	1503	96026
23427	prompt	524	96031
23428	prompt	87250	96035
23429	prompt	310	96045
23430	prompt	264	96048
23431	prompt	8882	96050
23432	prompt	1558	96058
23433	prompt	553	96064
23434	prompt	1049	96066
23435	prompt	628	96069
23436	prompt	381	96073
23437	prompt	52000	96076
23438	prompt	806	96081
23439	prompt	440	96084
23440	prompt	593	96089
23441	prompt	9071	96091
23442	prompt	321	96095
23443	prompt	369	96099
23444	prompt	2420	96102
23445	prompt	383	96112
23446	prompt	10356	96115
23447	prompt	350	96118
23448	prompt	220	96120
23449	prompt	19	96121
23450	prompt	13	96122
23451	prompt	23	96123
23452	prompt	14	96124
23453	prompt	19	96125
23454	prompt	13	96126
23455	prompt	22	96127
23456	prompt	14	96128
23457	prompt	19	96129
23458	prompt	13	96130
23459	prompt	21	96131
23460	prompt	13	96132
23461	prompt	271	96133
23462	prompt	2	96135
23463	prompt	9321	96136
23464	prompt	6044	96144
23465	prompt	198	96155
23466	prompt	4350	96156
23467	prompt	279	96160
23468	prompt	10125	96164
23469	prompt	26817	96177
23470	prompt	1248	96183
23471	prompt	11	96188
23472	prompt	1010	96189
23473	prompt	466	96194
23474	prompt	660	96197
23475	prompt	314	96201
23476	prompt	279	96204
23477	prompt	1428	96208
23478	prompt	2193	96216
23479	prompt	369	96224
23480	prompt	66307	96227
23481	prompt	26	96238
23482	prompt	279	96239
23483	prompt	11782	96243
23484	prompt	11	96251
23485	prompt	3055	96252
23486	prompt	440	96258
23487	prompt	866	96263
23488	prompt	9376	96267
23489	prompt	632	96277
23490	prompt	1200	96280
23491	prompt	5437	96283
23492	prompt	1452	96286
23493	prompt	2193	96290
23494	prompt	11	96298
23495	prompt	369	96299
23496	prompt	3766	96302
23497	prompt	303	96311
23498	prompt	279	96314
23499	prompt	1727	96318
23500	prompt	2193	96323
23501	prompt	3136	96331
23502	prompt	748	96338
23503	prompt	944	96341
23504	prompt	628	96346
23505	prompt	2962	96350
23506	prompt	1892	96359
23507	prompt	488	96363
23508	prompt	1459	96367
23509	prompt	914	96371
23510	prompt	1144	96373
23511	prompt	310	96378
23512	prompt	14623	96381
23513	prompt	685	96386
23514	prompt	3988	96389
23515	prompt	466	96395
23516	prompt	1375	96398
23517	prompt	974	96403
23518	prompt	4937	96407
23519	prompt	50808	96411
23520	prompt	13	96416
23521	prompt	271	96417
23522	prompt	12513	96419
23523	prompt	2442	96422
23524	prompt	25	96428
23525	prompt	1061	96429
23526	prompt	369	96434
23527	prompt	279	96437
23528	prompt	15865	96441
23529	prompt	2552	96445
23530	prompt	506	96452
23531	prompt	279	96455
23532	prompt	1151	96459
23533	prompt	314	96465
23534	prompt	279	96468
23535	prompt	10125	96472
23536	prompt	13	96485
23537	prompt	6817	96486
23538	prompt	421	96491
23539	prompt	411	96496
23540	prompt	2552	96501
23541	prompt	369	96508
23542	prompt	264	96511
23543	prompt	15816	96513
23544	prompt	303	96522
23545	prompt	854	96525
23546	prompt	11	96530
23547	prompt	321	96531
23548	prompt	668	96535
23549	prompt	524	96540
23550	prompt	2560	96544
23551	prompt	2261	96551
23552	prompt	279	96558
23553	prompt	10125	96562
23554	prompt	13	96575
23555	prompt	271	96576
23556	prompt	5237	96578
23557	prompt	8602	96585
23558	prompt	25	96592
23559	prompt	31984	96593
23560	prompt	271	96598
23561	prompt	6008	96600
23562	prompt	8602	96604
23563	prompt	318	96611
23564	prompt	9053	96613
23565	prompt	668	96616
23566	prompt	5802	96621
23567	prompt	958	96629
23568	prompt	411	96633
23569	prompt	364	96638
23570	prompt	8313	96642
23571	prompt	82	96645
23572	prompt	1590	96646
23573	prompt	1822	96648
23574	prompt	271	96653
23575	prompt	2442	96655
23576	prompt	25	96661
23577	prompt	198	96662
23578	prompt	7403	96663
23579	prompt	641	96665
23580	prompt	337	96667
23581	prompt	7744	96669
23582	prompt	67	96674
23583	prompt	617	96675
23584	prompt	57513	96678
23585	prompt	4182	96685
23586	prompt	75	96690
23587	prompt	198	96691
23588	prompt	7403	96692
23589	prompt	641	96694
23590	prompt	337	96696
23591	prompt	7744	96698
23592	prompt	67	96703
23593	prompt	617	96704
23594	prompt	12	96707
23595	prompt	35218	96708
23596	prompt	1607	96714
23597	prompt	271	96718
23598	prompt	24343	96720
23599	prompt	40161	96726
23600	prompt	25	96734
23601	prompt	198	96735
23602	prompt	68	96736
23603	prompt	20	96737
23604	prompt	5876	96738
23605	prompt	17	96740
23606	prompt	65	96741
23607	prompt	22	96742
23608	prompt	884	96743
23609	prompt	5128	96747
23610	prompt	1152	96752
23611	prompt	198	96756
23612	prompt	23	96757
23613	prompt	20	96758
23614	prompt	22	96759
23615	prompt	20	96760
23616	prompt	17	96761
23617	prompt	15	96762
23618	prompt	19	96763
23619	prompt	2763	96764
23620	prompt	248046	96772
23621	prompt	198	96772
23622	prompt	248045	96773
23623	prompt	846	96773
23624	prompt	198	96777
23625	prompt	27	96778
23626	prompt	8678	96779
23627	prompt	12	96785
23628	prompt	75240	96786
23629	prompt	29	96794
23630	prompt	198	96795
23631	prompt	2053	96796
23632	prompt	488	96798
23633	prompt	4087	96802
23634	prompt	279	96809
23635	prompt	1156	96813
23636	prompt	579	96818
23637	prompt	4602	96820
23638	prompt	11	96830
23639	prompt	488	96831
23640	prompt	628	96835
23641	prompt	958	96839
23642	prompt	279	96843
23643	prompt	2614	96847
23644	prompt	2193	96857
23645	prompt	25	96865
23646	prompt	198	96866
23647	prompt	2	96867
23648	prompt	57795	96868
23649	prompt	198	96880
23650	prompt	14917	96881
23651	prompt	579	96886
23652	prompt	2321	96888
23653	prompt	369	96893
23654	prompt	220	96896
23655	prompt	17	96897
23656	prompt	15	96898
23657	prompt	17	96899
23658	prompt	21	96900
23659	prompt	12	96901
23660	prompt	15	96902
23661	prompt	22	96903
23662	prompt	12	96904
23663	prompt	16	96905
23664	prompt	19	96906
23665	prompt	13	96907
23666	prompt	271	96908
23667	prompt	406	96910
23668	prompt	64872	96915
23669	prompt	25	96925
23670	prompt	411	96926
23671	prompt	2193	96931
23672	prompt	1189	96939
23673	prompt	466	96943
23674	prompt	1189	96946
23675	prompt	524	96950
23676	prompt	381	96954
23677	prompt	9468	96957
23678	prompt	310	96966
23679	prompt	678	96969
23680	prompt	8806	96974
23681	prompt	13	96980
23682	prompt	1394	96981
23683	prompt	1220	96985
23684	prompt	524	96992
23685	prompt	5707	96996
23686	prompt	310	97004
23687	prompt	411	97007
23688	prompt	2193	97012
23689	prompt	7014	97020
23690	prompt	424	97027
23691	prompt	369	97030
23692	prompt	7309	97033
23693	prompt	9468	97040
23694	prompt	310	97049
23695	prompt	678	97052
23696	prompt	3274	97057
23697	prompt	13	97062
23698	prompt	198	97063
23699	prompt	510	97064
23700	prompt	8678	97066
23701	prompt	12	97072
23702	prompt	75240	97073
23703	prompt	29	97081
23704	prompt	271	97082
23705	prompt	2	97084
23706	prompt	5889	97085
23707	prompt	290	97093
23708	prompt	11451	97095
23709	prompt	8856	97104
23710	prompt	440	97110
23711	prompt	70229	97115
23712	prompt	38754	97126
23713	prompt	271	97132
23714	prompt	10743	97134
23715	prompt	449	97139
23716	prompt	303	97142
23717	prompt	61932	97145
23718	prompt	2243	97152
23719	prompt	290	97160
23720	prompt	2128	97162
23721	prompt	3436	97171
23722	prompt	1137	97177
23723	prompt	1683	97180
23724	prompt	328	97186
23725	prompt	45006	97188
23726	prompt	364	97191
23727	prompt	4566	97195
23728	prompt	9017	97200
23729	prompt	1149	97210
23730	prompt	561	97212
23731	prompt	6522	97216
23732	prompt	1220	97224
23733	prompt	1761	97231
23734	prompt	61967	97239
23735	prompt	7289	97244
23736	prompt	383	97255
23737	prompt	4566	97258
23738	prompt	9017	97263
23739	prompt	11	97273
23740	prompt	2243	97274
23741	prompt	3712	97282
23742	prompt	11	97290
23743	prompt	82515	97291
23744	prompt	11	97301
23745	prompt	321	97302
23746	prompt	2250	97306
23747	prompt	25941	97312
23748	prompt	23016	97316
23749	prompt	51586	97327
23750	prompt	1881	97335
23751	prompt	22371	97343
23752	prompt	13	97352
23753	prompt	271	97353
23754	prompt	550	97355
23755	prompt	5165	97357
23756	prompt	271	97361
23757	prompt	16400	97363
23758	prompt	264	97369
23759	prompt	1510	97371
23760	prompt	7288	97373
23761	prompt	5903	97381
23762	prompt	63	97386
23763	prompt	523	97387
23764	prompt	318	97393
23765	prompt	269	97395
23766	prompt	8369	97397
23767	prompt	709	97405
23768	prompt	8	97414
23769	prompt	494	97415
23770	prompt	1510	97420
23771	prompt	3431	97422
23772	prompt	8750	97425
23773	prompt	20633	97431
23774	prompt	63	97434
23775	prompt	440	97435
23776	prompt	279	97440
23777	prompt	2614	97444
23778	prompt	3622	97454
23779	prompt	25	97464
23780	prompt	271	97465
23781	prompt	71093	97467
23782	prompt	47887	97470
23783	prompt	198	97480
23784	prompt	4809	97481
23785	prompt	11451	97490
23786	prompt	5903	97499
23787	prompt	313	97504
23788	prompt	198	97506
23789	prompt	220	97507
23790	prompt	434	97508
23791	prompt	11451	97511
23792	prompt	61967	97520
23793	prompt	198	97525
23794	prompt	220	97526
23795	prompt	1791	97527
23796	prompt	3598	97534
23797	prompt	25	97537
23798	prompt	886	97538
23799	prompt	11	97545
23800	prompt	2144	97546
23801	prompt	25	97554
23802	prompt	1576	97555
23803	prompt	1590	97562
23804	prompt	715	97564
23805	prompt	26	97569
23806	prompt	198	97570
23807	prompt	220	97571
23808	prompt	615	97572
23809	prompt	3598	97576
23810	prompt	25	97579
23811	prompt	886	97580
23812	prompt	1590	97587
23813	prompt	1576	97589
23814	prompt	26	97596
23815	prompt	198	97597
23816	prompt	220	97598
23817	prompt	2560	97599
23818	prompt	3598	97606
23819	prompt	25	97609
23820	prompt	886	97610
23821	prompt	11	97617
23822	prompt	2144	97618
23823	prompt	25	97626
23824	prompt	1576	97627
23825	prompt	1590	97634
23826	prompt	715	97636
23827	prompt	26	97641
23828	prompt	198	97642
23829	prompt	220	97643
23830	prompt	3572	97644
23831	prompt	3598	97651
23832	prompt	25	97654
23833	prompt	886	97655
23834	prompt	1590	97662
23835	prompt	715	97664
23836	prompt	26	97669
23837	prompt	271	97670
23838	prompt	220	97672
23839	prompt	434	97673
23840	prompt	5889	97676
23841	prompt	3712	97684
23842	prompt	198	97692
23843	prompt	220	97693
23844	prompt	615	97694
23845	prompt	13037	97698
23846	prompt	3598	97705
23847	prompt	25	97708
23848	prompt	886	97709
23849	prompt	1590	97716
23850	prompt	5889	97718
23851	prompt	1249	97726
23852	prompt	26	97728
23853	prompt	198	97729
23854	prompt	220	97730
23855	prompt	93893	97731
23856	prompt	3598	97742
23857	prompt	25	97745
23858	prompt	886	97746
23859	prompt	11	97753
23860	prompt	2243	97754
23861	prompt	739	97762
23862	prompt	25	97764
23863	prompt	886	97765
23864	prompt	1590	97772
23865	prompt	1576	97774
23866	prompt	26	97781
23867	prompt	271	97782
23868	prompt	220	97784
23869	prompt	434	97785
23870	prompt	24323	97788
23871	prompt	286	97795
23872	prompt	198	97798
23873	prompt	220	97799
23874	prompt	1791	97800
23875	prompt	17656	97807
23876	prompt	3052	97813
23877	prompt	25	97818
23878	prompt	886	97819
23879	prompt	11	97826
23880	prompt	494	97827
23881	prompt	17656	97832
23882	prompt	4666	97838
23883	prompt	886	97840
23884	prompt	1590	97847
23885	prompt	715	97849
23886	prompt	26	97854
23887	prompt	198	97855
23888	prompt	220	97856
23889	prompt	3289	97857
23890	prompt	17656	97864
23891	prompt	3052	97870
23892	prompt	25	97875
23893	prompt	886	97876
23894	prompt	1590	97883
23895	prompt	715	97885
23896	prompt	26	97890
23897	prompt	198	97891
23898	prompt	220	97892
23899	prompt	615	97893
23900	prompt	17656	97897
23901	prompt	4406	97903
23902	prompt	886	97906
23903	prompt	26	97913
23904	prompt	198	97914
23905	prompt	220	97915
23906	prompt	1103	97916
23907	prompt	17656	97921
23908	prompt	287	97927
23909	prompt	4406	97929
23910	prompt	886	97932
23911	prompt	1249	97939
23912	prompt	26	97941
23913	prompt	271	97942
23914	prompt	220	97944
23915	prompt	434	97945
23916	prompt	380	97948
23917	prompt	92007	97950
23918	prompt	198	97956
23919	prompt	220	97957
23920	prompt	10562	97958
23921	prompt	12080	97964
23922	prompt	17656	97971
23923	prompt	25	97977
23924	prompt	886	97978
23925	prompt	1590	97985
23926	prompt	38754	97987
23927	prompt	2009	97993
23928	prompt	26	97999
23929	prompt	198	98000
23930	prompt	92	98001
23931	prompt	271	98002
23932	prompt	4809	98004
23933	prompt	5889	98013
23934	prompt	313	98021
23935	prompt	198	98023
23936	prompt	220	98024
23937	prompt	850	98025
23938	prompt	25	98028
23939	prompt	886	98029
23940	prompt	26	98036
23941	prompt	198	98037
23942	prompt	220	98038
23943	prompt	11112	98039
23944	prompt	25	98049
23945	prompt	1324	98050
23946	prompt	26	98057
23947	prompt	198	98058
23948	prompt	220	98059
23949	prompt	2144	98060
23950	prompt	25	98068
23951	prompt	1576	98069
23952	prompt	26	98076
23953	prompt	198	98077
23954	prompt	92	98078
23955	prompt	271	98079
23956	prompt	4809	98081
23957	prompt	38754	98090
23958	prompt	2009	98096
23959	prompt	313	98102
23960	prompt	198	98104
23961	prompt	220	98105
23962	prompt	25170	98106
23963	prompt	25	98113
23964	prompt	13190	98114
23965	prompt	4787	98121
23966	prompt	11	98128
23967	prompt	1576	98129
23968	prompt	63576	98136
23969	prompt	220	98138
23970	prompt	434	98139
23971	prompt	2128	98142
23972	prompt	739	98151
23973	prompt	1411	98153
23974	prompt	25170	98156
23975	prompt	2144	98163
23976	prompt	198	98171
23977	prompt	220	98172
23978	prompt	24979	98173
23979	prompt	25	98183
23980	prompt	56606	98184
23981	prompt	1249	98193
23982	prompt	26	98195
23983	prompt	198	98196
23984	prompt	220	98197
23985	prompt	8977	98198
23986	prompt	25	98206
23987	prompt	2623	98207
23988	prompt	26	98215
23989	prompt	220	98216
23990	prompt	434	98217
23991	prompt	804	98220
23992	prompt	413	98225
23993	prompt	10562	98228
23994	prompt	557	98234
23995	prompt	3129	98238
23996	prompt	43649	98243
23997	prompt	3330	98246
23998	prompt	318	98251
23999	prompt	2083	98253
24000	prompt	24979	98255
24001	prompt	8	98265
24002	prompt	198	98266
24003	prompt	92	98267
24004	prompt	271	98268
24005	prompt	4809	98270
24006	prompt	56606	98279
24007	prompt	313	98288
24008	prompt	198	98290
24009	prompt	220	98291
24010	prompt	2128	98292
24011	prompt	739	98301
24012	prompt	25	98303
24013	prompt	886	98304
24014	prompt	26	98311
24015	prompt	198	98312
24016	prompt	220	98313
24017	prompt	1752	98314
24018	prompt	25	98319
24019	prompt	886	98320
24020	prompt	26	98327
24021	prompt	950	98328
24022	prompt	434	98334
24023	prompt	12391	98337
24024	prompt	70221	98341
24025	prompt	4566	98351
24026	prompt	1752	98356
24027	prompt	11	98361
24028	prompt	378	98362
24029	prompt	1257	98364
24030	prompt	13	98366
24031	prompt	328	98367
24032	prompt	64	98369
24033	prompt	918	98370
24034	prompt	508	98372
24035	prompt	1	98374
24036	prompt	198	98375
24037	prompt	220	98376
24038	prompt	2255	98377
24039	prompt	25	98382
24040	prompt	866	98383
24041	prompt	26	98387
24042	prompt	198	98388
24043	prompt	220	98389
24044	prompt	11022	98390
24045	prompt	25	98395
24046	prompt	866	98396
24047	prompt	26	98400
24048	prompt	198	98401
24049	prompt	220	98402
24050	prompt	45625	98403
24051	prompt	25	98410
24052	prompt	866	98411
24053	prompt	26	98415
24054	prompt	198	98416
24055	prompt	92	98417
24056	prompt	198	98418
24057	prompt	71093	98419
24058	prompt	271	98422
24059	prompt	550	98424
24060	prompt	25823	98426
24061	prompt	271	98435
24062	prompt	13962	98437
24063	prompt	43301	98440
24064	prompt	198	98450
24065	prompt	12	98451
24066	prompt	1510	98452
24067	prompt	3081	98454
24068	prompt	3598	98460
24069	prompt	11	98463
24070	prompt	2144	98464
24071	prompt	44646	98472
24072	prompt	10220	98474
24073	prompt	264	98481
24074	prompt	491	98483
24075	prompt	2128	98487
24076	prompt	13	98496
24077	prompt	64589	98497
24078	prompt	413	98504
24079	prompt	279	98507
24080	prompt	2937	98511
24081	prompt	2582	98514
24082	prompt	6513	98522
24083	prompt	383	98529
24084	prompt	279	98532
24085	prompt	1428	98536
24086	prompt	8602	98544
24087	prompt	13	98551
24088	prompt	198	98552
24089	prompt	12	98553
24090	prompt	1510	98554
24091	prompt	447	98556
24092	prompt	3598	98559
24093	prompt	44646	98562
24094	prompt	4523	98564
24095	prompt	279	98572
24096	prompt	1428	98576
24097	prompt	2144	98584
24098	prompt	13	98592
24099	prompt	64589	98593
24100	prompt	413	98600
24101	prompt	279	98603
24102	prompt	2128	98607
24103	prompt	3070	98616
24104	prompt	914	98622
24105	prompt	2905	98624
24106	prompt	466	98630
24107	prompt	682	98633
24108	prompt	978	98637
24109	prompt	10739	98642
24110	prompt	13	98650
24111	prompt	198	98651
24112	prompt	12	98652
24113	prompt	1510	98653
24114	prompt	2309	98655
24115	prompt	3598	98661
24116	prompt	11	98664
24117	prompt	2144	98665
24118	prompt	44646	98673
24119	prompt	39356	98675
24120	prompt	279	98684
24121	prompt	2128	98688
24122	prompt	2144	98697
24123	prompt	321	98705
24124	prompt	11121	98709
24125	prompt	264	98717
24126	prompt	491	98719
24127	prompt	2243	98723
24128	prompt	13	98731
24129	prompt	64589	98732
24130	prompt	413	98739
24131	prompt	279	98742
24132	prompt	2128	98746
24133	prompt	3070	98755
24134	prompt	914	98761
24135	prompt	2905	98763
24136	prompt	13	98769
24137	prompt	198	98770
24138	prompt	12	98771
24139	prompt	1510	98772
24140	prompt	4394	98774
24141	prompt	3598	98780
24142	prompt	44646	98783
24143	prompt	27245	98785
24144	prompt	264	98793
24145	prompt	2128	98795
24146	prompt	494	98804
24147	prompt	279	98809
24148	prompt	1428	98813
24149	prompt	8602	98821
24150	prompt	13	98828
24151	prompt	64589	98829
24152	prompt	413	98836
24153	prompt	424	98839
24154	prompt	3070	98842
24155	prompt	914	98848
24156	prompt	2905	98850
24157	prompt	13	98856
24158	prompt	271	98857
24159	prompt	13962	98859
24160	prompt	5889	98862
24161	prompt	10776	98870
24162	prompt	198	98878
24163	prompt	12	98879
24164	prompt	6983	98880
24165	prompt	1510	98886
24166	prompt	3081	98888
24167	prompt	63	98894
24168	prompt	321	98895
24169	prompt	1510	98899
24170	prompt	2309	98901
24171	prompt	63	98907
24172	prompt	26023	98908
24173	prompt	264	98918
24174	prompt	491	98920
24175	prompt	2243	98924
24176	prompt	440	98932
24177	prompt	264	98937
24178	prompt	4752	98939
24179	prompt	1510	98946
24180	prompt	306	98948
24181	prompt	7561	98950
24182	prompt	264	98952
24183	prompt	1510	98954
24184	prompt	12662	98956
24185	prompt	7561	98965
24186	prompt	321	98967
24187	prompt	279	98971
24188	prompt	2400	98975
24189	prompt	2128	98980
24190	prompt	1510	98989
24191	prompt	1733	98991
24192	prompt	63	98998
24193	prompt	506	98999
24194	prompt	421	99002
24195	prompt	1406	99007
24196	prompt	13	99013
24197	prompt	198	99014
24198	prompt	12	99015
24199	prompt	1510	99016
24200	prompt	447	99018
24201	prompt	13037	99021
24202	prompt	3598	99028
24203	prompt	44646	99031
24204	prompt	4523	99033
24205	prompt	10478	99041
24206	prompt	303	99050
24207	prompt	83545	99053
24208	prompt	1906	99067
24209	prompt	318	99073
24210	prompt	335	99075
24211	prompt	4818	99077
24212	prompt	1118	99081
24213	prompt	553	99087
24214	prompt	198	99089
24215	prompt	12	99090
24216	prompt	1510	99091
24217	prompt	447	99093
24218	prompt	5460	99096
24219	prompt	3598	99103
24220	prompt	11	99106
24221	prompt	2243	99107
24222	prompt	739	99115
24223	prompt	44646	99117
24224	prompt	4523	99119
24225	prompt	279	99127
24226	prompt	2144	99131
24227	prompt	506	99139
24228	prompt	264	99142
24229	prompt	3050	99144
24230	prompt	2243	99153
24231	prompt	13	99161
24232	prompt	271	99162
24233	prompt	13962	99164
24234	prompt	24323	99167
24235	prompt	286	99174
24236	prompt	198	99177
24237	prompt	12	99178
24238	prompt	561	99179
24239	prompt	1581	99183
24240	prompt	8602	99191
24241	prompt	369	99198
24242	prompt	51515	99201
24243	prompt	3689	99204
24244	prompt	1	99208
24245	prompt	27653	99209
24246	prompt	198	99211
24247	prompt	12	99212
24248	prompt	1510	99213
24249	prompt	3081	99215
24250	prompt	17656	99221
24251	prompt	3052	99227
24252	prompt	44646	99232
24253	prompt	11121	99234
24254	prompt	264	99242
24255	prompt	491	99244
24256	prompt	8602	99248
24257	prompt	494	99255
24258	prompt	279	99260
24259	prompt	1428	99264
24260	prompt	8602	99272
24261	prompt	579	99279
24262	prompt	1428	99281
24263	prompt	1528	99289
24264	prompt	13	99295
24265	prompt	1368	99296
24266	prompt	1510	99299
24267	prompt	1445	99301
24268	prompt	17656	99305
24269	prompt	63	99311
24270	prompt	369	99312
24271	prompt	3766	99315
24272	prompt	11	99324
24273	prompt	8602	99325
24274	prompt	494	99332
24275	prompt	421	99337
24276	prompt	8602	99342
24277	prompt	4370	99349
24278	prompt	13	99357
24279	prompt	198	99358
24280	prompt	12	99359
24281	prompt	1510	99360
24282	prompt	16828	99362
24283	prompt	17656	99368
24284	prompt	3052	99374
24285	prompt	44646	99379
24286	prompt	30147	99381
24287	prompt	279	99390
24288	prompt	4393	99394
24289	prompt	8602	99401
24290	prompt	13	99408
24291	prompt	1942	99409
24292	prompt	16905	99413
24293	prompt	61967	99424
24294	prompt	7289	99429
24295	prompt	3668	99440
24296	prompt	310	99446
24297	prompt	421	99449
24298	prompt	8602	99454
24299	prompt	13	99461
24300	prompt	198	99462
24301	prompt	12	99463
24302	prompt	27227	99464
24303	prompt	383	99472
24304	prompt	799	99475
24305	prompt	8602	99479
24306	prompt	513	99486
24307	prompt	524	99490
24308	prompt	9155	99494
24309	prompt	383	99502
24310	prompt	975	99505
24311	prompt	22371	99511
24312	prompt	13	99520
24313	prompt	271	99521
24314	prompt	13962	99523
24315	prompt	380	99526
24316	prompt	92007	99528
24317	prompt	198	99534
24318	prompt	12	99535
24319	prompt	1510	99536
24320	prompt	18479	99538
24321	prompt	12080	99543
24322	prompt	17656	99550
24323	prompt	44646	99556
24324	prompt	78161	99558
24325	prompt	4203	99565
24326	prompt	494	99573
24327	prompt	1510	99578
24328	prompt	2348	99580
24329	prompt	17656	99586
24330	prompt	63	99592
24331	prompt	1083	99593
24332	prompt	279	99598
24333	prompt	1428	99602
24334	prompt	8602	99610
24335	prompt	13	99617
24336	prompt	198	99618
24337	prompt	12	99619
24338	prompt	37539	99620
24339	prompt	2972	99625
24340	prompt	26952	99628
24341	prompt	25941	99633
24342	prompt	10562	99637
24343	prompt	92217	99643
24344	prompt	1423	99646
24345	prompt	279	99651
24346	prompt	4047	99655
24347	prompt	44208	99662
24348	prompt	1528	99671
24349	prompt	318	99677
24350	prompt	1719	99679
24351	prompt	1406	99682
24352	prompt	1332	99688
24353	prompt	279	99694
24354	prompt	22371	99698
24355	prompt	35140	99707
24356	prompt	3438	99713
24357	prompt	681	99716
24358	prompt	1179	99718
24359	prompt	9150	99723
24360	prompt	2107	99731
24361	prompt	22371	99736
24362	prompt	2272	99745
24363	prompt	421	99753
24364	prompt	2255	99758
24365	prompt	13	99763
24366	prompt	198	99764
24367	prompt	12	99765
24368	prompt	1690	99766
24369	prompt	1754	99770
24370	prompt	2128	99775
24371	prompt	421	99784
24372	prompt	5324	99789
24373	prompt	383	99797
24374	prompt	2892	99800
24375	prompt	8602	99807
24376	prompt	25	99814
24377	prompt	198	99815
24378	prompt	220	99816
24379	prompt	471	99817
24380	prompt	1368	99819
24381	prompt	1132	99822
24382	prompt	799	99827
24383	prompt	3008	99831
24384	prompt	5324	99836
24385	prompt	264	99844
24386	prompt	2002	99846
24387	prompt	11	99852
24388	prompt	1831	99853
24389	prompt	421	99858
24390	prompt	2222	99863
24391	prompt	318	99870
24392	prompt	2083	99872
24393	prompt	11712	99874
24394	prompt	553	99883
24395	prompt	198	99885
24396	prompt	220	99886
24397	prompt	471	99887
24398	prompt	1368	99889
24399	prompt	2107	99892
24400	prompt	10744	99897
24401	prompt	5324	99903
24402	prompt	279	99911
24403	prompt	1788	99915
24404	prompt	2002	99920
24405	prompt	310	99926
24406	prompt	279	99929
24407	prompt	2972	99933
24408	prompt	23310	99936
24409	prompt	332	99940
24410	prompt	869	99942
24411	prompt	11	99948
24412	prompt	874	99949
24413	prompt	11712	99952
24414	prompt	13	99961
24415	prompt	198	99962
24416	prompt	220	99963
24417	prompt	471	99964
24418	prompt	1368	99966
24419	prompt	2107	99969
24420	prompt	10744	99974
24421	prompt	5324	99980
24422	prompt	279	99988
24423	prompt	1788	99992
24424	prompt	2002	99997
24425	prompt	310	100003
24426	prompt	2972	100006
24427	prompt	61501	100009
24428	prompt	332	100018
24429	prompt	2663	100020
24430	prompt	11	100027
24431	prompt	421	100028
24432	prompt	579	100033
24433	prompt	264	100035
24434	prompt	11712	100037
24435	prompt	13	100046
24436	prompt	198	100047
24437	prompt	12	100048
24438	prompt	1368	100049
24439	prompt	1017	100052
24440	prompt	513	100058
24441	prompt	2972	100062
24442	prompt	2083	100065
24443	prompt	24979	100067
24444	prompt	93868	100077
24445	prompt	279	100080
24446	prompt	10562	100084
24447	prompt	369	100090
24448	prompt	3129	100093
24449	prompt	43649	100098
24450	prompt	3330	100101
24451	prompt	310	100106
24452	prompt	279	100109
24453	prompt	1428	100113
24454	prompt	8602	100121
24455	prompt	27718	100128
24456	prompt	385	100131
24457	prompt	3330	100133
24458	prompt	25	100138
24459	prompt	804	100139
24460	prompt	63	100144
24461	prompt	681	100145
24462	prompt	321	100147
24463	prompt	279	100151
24464	prompt	1510	100155
24465	prompt	39017	100157
24466	prompt	63	100163
24467	prompt	2002	100164
24468	prompt	5435	100170
24469	prompt	279	100179
24470	prompt	12571	100183
24471	prompt	2128	100193
24472	prompt	8529	100202
24473	prompt	13	100211
24474	prompt	198	100212
24475	prompt	12	100213
24476	prompt	1368	100214
24477	prompt	1017	100217
24478	prompt	2972	100223
24479	prompt	532	100226
24480	prompt	24979	100229
24481	prompt	93868	100239
24482	prompt	279	100242
24483	prompt	10562	100246
24484	prompt	369	100252
24485	prompt	2972	100255
24486	prompt	1856	100258
24487	prompt	332	100261
24488	prompt	8977	100263
24489	prompt	27718	100271
24490	prompt	385	100274
24491	prompt	3330	100276
24492	prompt	25	100281
24493	prompt	867	100282
24494	prompt	63	100288
24495	prompt	681	100289
24496	prompt	321	100291
24497	prompt	279	100295
24498	prompt	24979	100299
24499	prompt	513	100309
24500	prompt	5743	100313
24501	prompt	748	100322
24502	prompt	279	100325
24503	prompt	19260	100329
24504	prompt	628	100336
24505	prompt	8563	100340
24506	prompt	1070	100348
24507	prompt	13	100353
24508	prompt	561	100354
24509	prompt	1428	100358
24510	prompt	8602	100366
24511	prompt	8198	100373
24512	prompt	33702	100381
24513	prompt	13	100391
24514	prompt	198	100392
24515	prompt	12	100393
24516	prompt	561	100394
24517	prompt	1510	100398
24518	prompt	39017	100400
24519	prompt	63	100406
24520	prompt	2002	100407
24521	prompt	2590	100413
24522	prompt	5435	100420
24523	prompt	279	100429
24524	prompt	10562	100433
24525	prompt	1067	100439
24526	prompt	318	100446
24527	prompt	4058	100448
24528	prompt	24979	100452
24529	prompt	19072	100462
24530	prompt	303	100471
24531	prompt	4542	100474
24532	prompt	314	100480
24533	prompt	328	100483
24534	prompt	2391	100485
24535	prompt	1	100489
24536	prompt	364	100490
24537	prompt	279	100494
24538	prompt	7193	100498
24539	prompt	314	100506
24540	prompt	8755	100509
24541	prompt	1092	100517
24542	prompt	424	100522
24543	prompt	1000	100525
24544	prompt	1353	100531
24545	prompt	1040	100536
24546	prompt	553	100541
24547	prompt	198	100543
24548	prompt	12	100544
24549	prompt	357	100545
24550	prompt	10562	100547
24551	prompt	440	100553
24552	prompt	874	100558
24553	prompt	4203	100561
24554	prompt	383	100569
24555	prompt	2892	100572
24556	prompt	3008	100579
24557	prompt	369	100584
24558	prompt	264	100587
24559	prompt	874	100589
24560	prompt	28530	100592
24561	prompt	318	100595
24562	prompt	9071	100597
24563	prompt	43314	100601
24564	prompt	553	100609
24565	prompt	271	100611
24566	prompt	550	100613
24567	prompt	84457	100615
24568	prompt	198	100627
24569	prompt	12	100628
24570	prompt	1942	100629
24571	prompt	7289	100633
24572	prompt	513	100644
24573	prompt	63723	100648
24574	prompt	321	100660
24575	prompt	303	100664
24576	prompt	61932	100667
24577	prompt	13	100674
24578	prompt	198	100675
24579	prompt	12	100676
24580	prompt	43301	100677
24581	prompt	513	100687
24582	prompt	13983	100691
24583	prompt	4566	100697
24584	prompt	5978	100702
24585	prompt	318	100710
24586	prompt	2083	100712
24587	prompt	17839	100714
24588	prompt	506	100721
24589	prompt	279	100724
24590	prompt	1844	100728
24591	prompt	2119	100732
24592	prompt	11	100738
24593	prompt	3384	100739
24594	prompt	4881	100746
24595	prompt	1189	100753
24596	prompt	6435	100757
24597	prompt	17839	100765
24598	prompt	553	100772
24599	prompt	198	100774
24600	prompt	12	100775
24601	prompt	17642	100776
24602	prompt	14289	100781
24603	prompt	2128	100787
24604	prompt	8529	100796
24605	prompt	383	100805
24606	prompt	5638	100808
24607	prompt	321	100816
24608	prompt	54476	100820
24609	prompt	310	100830
24610	prompt	5190	100833
24611	prompt	25532	100841
24612	prompt	13	100850
24613	prompt	198	100851
24614	prompt	12	100852
24615	prompt	561	100853
24616	prompt	3436	100857
24617	prompt	1902	100863
24618	prompt	3579	100868
24619	prompt	5081	100875
24620	prompt	9017	100884
24621	prompt	27222	100894
24622	prompt	1137	100908
24623	prompt	4203	100911
24624	prompt	310	100919
24625	prompt	2086	100922
24626	prompt	9017	100932
24627	prompt	383	100942
24628	prompt	2086	100945
24629	prompt	22371	100955
24630	prompt	1220	100964
24631	prompt	10562	100971
24632	prompt	93531	100977
24633	prompt	440	100985
24634	prompt	874	100990
24635	prompt	24979	100993
24636	prompt	13	101003
24637	prompt	271	101004
24638	prompt	550	101006
24639	prompt	5606	101008
24640	prompt	27662	101016
24641	prompt	271	101026
24642	prompt	18528	101028
24643	prompt	678	101031
24644	prompt	7873	101036
24645	prompt	303	101051
24646	prompt	1510	101054
24647	prompt	3431	101056
24648	prompt	14	101059
24649	prompt	27653	101060
24650	prompt	561	101062
24651	prompt	4202	101066
24652	prompt	1406	101072
24653	prompt	369	101078
24654	prompt	1510	101081
24655	prompt	3431	101083
24656	prompt	8750	101086
24657	prompt	20633	101092
24658	prompt	27653	101095
24659	prompt	1394	101097
24660	prompt	1189	101101
24661	prompt	6507	101105
24662	prompt	1083	101111
24663	prompt	5081	101116
24664	prompt	3425	101125
24665	prompt	413	101131
24666	prompt	488	101134
24667	prompt	6224	101138
24668	prompt	13	101143
24669	prompt	248046	101144
24670	prompt	198	101144
24671	prompt	248045	101145
24672	prompt	8678	101145
24673	prompt	198	101151
24674	prompt	760	101152
24675	prompt	2614	101155
24676	prompt	7129	101165
24677	prompt	513	101172
24678	prompt	2420	101176
24679	prompt	364	101186
24680	prompt	958	101190
24681	prompt	440	101194
24682	prompt	279	101199
24683	prompt	26592	101203
24684	prompt	5224	101209
24685	prompt	25	101214
24686	prompt	271	101215
24687	prompt	12	101217
24688	prompt	5365	101218
24689	prompt	5331	101223
24690	prompt	1773	101226
24691	prompt	25	101232
24692	prompt	17642	101233
24693	prompt	3302	101238
24694	prompt	31338	101247
24695	prompt	1892	101255
24696	prompt	8145	101259
24697	prompt	9502	101263
24698	prompt	3370	101267
24699	prompt	25628	101271
24700	prompt	11	101280
24701	prompt	7560	101281
24702	prompt	7916	101287
24703	prompt	11	101295
24704	prompt	27483	101296
24705	prompt	277	101303
24706	prompt	32365	101305
24707	prompt	9845	101310
24708	prompt	7929	101317
24709	prompt	11	101324
24710	prompt	6569	101325
24711	prompt	26025	101329
24712	prompt	264	101336
24713	prompt	21197	101338
24714	prompt	1830	101344
24715	prompt	13	101351
24716	prompt	471	101352
24717	prompt	3095	101354
24718	prompt	279	101359
24719	prompt	1156	101363
24720	prompt	6587	101368
24721	prompt	264	101374
24722	prompt	5365	101376
24723	prompt	11	101381
24724	prompt	7072	101382
24725	prompt	29768	101388
24726	prompt	11	101395
24727	prompt	2029	101396
24728	prompt	95700	101401
24729	prompt	3302	101409
24730	prompt	1830	101418
24731	prompt	383	101425
24732	prompt	866	101428
24733	prompt	8282	101432
24734	prompt	13	101438
24735	prompt	54588	101439
24736	prompt	44491	101446
24737	prompt	11	101455
24738	prompt	1716	101456
24739	prompt	413	101462
24740	prompt	279	101465
24741	prompt	3296	101469
24742	prompt	369	101478
24743	prompt	3050	101481
24744	prompt	3213	101490
24745	prompt	310	101497
24746	prompt	3302	101500
24747	prompt	5774	101509
24748	prompt	1892	101518
24749	prompt	413	101522
24750	prompt	24568	101525
24751	prompt	42583	101532
24752	prompt	318	101540
24753	prompt	68	101542
24754	prompt	1257	101543
24755	prompt	2487	101545
24756	prompt	328	101547
24757	prompt	12195	101549
24758	prompt	1740	101553
24759	prompt	310	101557
24760	prompt	3569	101560
24761	prompt	1	101564
24762	prompt	1973	101565
24763	prompt	7786	101573
24764	prompt	60174	101580
24765	prompt	37208	101584
24766	prompt	14	101589
24767	prompt	3810	101590
24768	prompt	681	101596
24769	prompt	2466	101598
24770	prompt	220	101602
24771	prompt	17	101603
24772	prompt	12	101604
24773	prompt	18	101605
24774	prompt	18905	101606
24775	prompt	7520	101611
24776	prompt	4602	101617
24777	prompt	310	101627
24778	prompt	14590	101630
24779	prompt	6676	101637
24780	prompt	13	101643
24781	prompt	4844	101644
24782	prompt	1440	101649
24783	prompt	279	101654
24784	prompt	35960	101658
24785	prompt	3296	101666
24786	prompt	430	101675
24787	prompt	2736	101678
24788	prompt	11	101683
24789	prompt	80725	101684
24790	prompt	279	101692
24791	prompt	10926	101696
24792	prompt	303	101704
24793	prompt	13	101707
24794	prompt	198	101708
24795	prompt	12	101709
24796	prompt	2560	101710
24797	prompt	24334	101717
24798	prompt	25	101724
24799	prompt	5272	101725
24800	prompt	411	101729
24801	prompt	9653	101734
24802	prompt	310	101740
24803	prompt	13998	101743
24804	prompt	279	101753
24805	prompt	71802	101757
24806	prompt	5927	101764
24807	prompt	31338	101769
24808	prompt	4417	101777
24809	prompt	4842	101781
24810	prompt	4182	101790
24811	prompt	13	101795
24812	prompt	91451	101796
24813	prompt	26228	101806
24814	prompt	3376	101816
24815	prompt	1445	101819
24816	prompt	1381	101823
24817	prompt	383	101827
24818	prompt	948	101830
24819	prompt	1543	101835
24820	prompt	487	101837
24821	prompt	328	101839
24822	prompt	9264	101841
24823	prompt	854	101845
24824	prompt	1543	101850
24825	prompt	487	101852
24826	prompt	328	101854
24827	prompt	1266	101856
24828	prompt	29741	101858
24829	prompt	1543	101864
24830	prompt	487	101866
24831	prompt	328	101868
24832	prompt	14372	101870
24833	prompt	14	101876
24834	prompt	10378	101877
24835	prompt	1543	101882
24836	prompt	871	101884
24837	prompt	1325	101886
24838	prompt	28707	101894
24839	prompt	19152	101900
24840	prompt	303	101911
24841	prompt	4842	101914
24842	prompt	4182	101923
24843	prompt	471	101928
24844	prompt	279	101930
24845	prompt	31338	101934
24846	prompt	49703	101942
24847	prompt	1439	101951
24848	prompt	11	101957
24849	prompt	524	101958
24850	prompt	71802	101962
24851	prompt	11	101969
24852	prompt	748	101970
24853	prompt	4779	101973
24854	prompt	72908	101980
24855	prompt	4021	101992
24856	prompt	19800	101999
24857	prompt	1070	102007
24858	prompt	13	102012
24859	prompt	7054	102013
24860	prompt	958	102018
24861	prompt	364	102022
24862	prompt	25	102026
24863	prompt	8279	102027
24864	prompt	3376	102039
24865	prompt	6957	102042
24866	prompt	1543	102047
24867	prompt	487	102049
24868	prompt	328	102051
24869	prompt	698	102053
24870	prompt	7634	102056
24871	prompt	487	102067
24872	prompt	328	102069
24873	prompt	3288	102071
24874	prompt	7634	102075
24875	prompt	310	102086
24876	prompt	3842	102089
24877	prompt	5915	102092
24878	prompt	19335	102096
24879	prompt	3376	102101
24880	prompt	723	102104
24881	prompt	1543	102107
24882	prompt	88824	102109
24883	prompt	3842	102111
24884	prompt	9416	102114
24885	prompt	66349	102119
24886	prompt	11	102135
24887	prompt	466	102136
24888	prompt	866	102139
24889	prompt	4203	102143
24890	prompt	310	102151
24891	prompt	4842	102154
24892	prompt	4182	102163
24893	prompt	28889	102168
24894	prompt	10711	102177
24895	prompt	4182	102183
24896	prompt	3425	102188
24897	prompt	13	102194
24898	prompt	24508	102195
24899	prompt	25	102204
24900	prompt	328	102205
24901	prompt	6957	102207
24902	prompt	44876	102212
24903	prompt	10966	102216
24904	prompt	487	102225
24905	prompt	328	102227
24906	prompt	698	102229
24907	prompt	91493	102232
24908	prompt	7634	102235
24909	prompt	310	102246
24910	prompt	3521	102249
24911	prompt	4842	102256
24912	prompt	487	102265
24913	prompt	328	102267
24914	prompt	3288	102269
24915	prompt	7634	102273
24916	prompt	310	102284
24917	prompt	1156	102287
24918	prompt	4842	102292
24919	prompt	487	102301
24920	prompt	328	102303
24921	prompt	723	102305
24922	prompt	12294	102308
24923	prompt	10938	102314
24924	prompt	487	102319
24925	prompt	328	102321
24926	prompt	9033	102323
24927	prompt	83712	102327
24928	prompt	768	102331
24929	prompt	17397	102334
24930	prompt	1420	102340
24931	prompt	1543	102345
24932	prompt	3158	102347
24933	prompt	1690	102349
24934	prompt	4145	102353
24935	prompt	4842	102360
24936	prompt	1040	102369
24937	prompt	6697	102374
24938	prompt	24092	102380
24939	prompt	11	102386
24940	prompt	4052	102387
24941	prompt	279	102395
24942	prompt	593	102399
24943	prompt	1617	102401
24944	prompt	3108	102407
24945	prompt	13	102415
24946	prompt	198	102416
24947	prompt	12	102417
24948	prompt	1328	102418
24949	prompt	63286	102422
24950	prompt	47806	102430
24951	prompt	25	102435
24952	prompt	5272	102436
24953	prompt	948	102440
24954	prompt	279	102445
24955	prompt	1156	102449
24956	prompt	6587	102454
24957	prompt	310	102460
24958	prompt	30069	102463
24959	prompt	13232	102473
24960	prompt	53074	102482
24961	prompt	11	102492
24962	prompt	311	102493
24963	prompt	7423	102496
24964	prompt	6679	102500
24965	prompt	11	102505
24966	prompt	884	102506
24967	prompt	41795	102510
24968	prompt	34519	102516
24969	prompt	11	102525
24970	prompt	466	102526
24971	prompt	5427	102529
24972	prompt	38631	102536
24973	prompt	51860	102540
24974	prompt	768	102543
24975	prompt	66533	102546
24976	prompt	63286	102550
24977	prompt	4182	102558
24978	prompt	13	102563
24979	prompt	24508	102564
24980	prompt	25	102573
24981	prompt	328	102574
24982	prompt	265	102576
24983	prompt	7423	102578
24984	prompt	23001	102582
24985	prompt	65511	102587
24986	prompt	487	102589
24987	prompt	328	102591
24988	prompt	698	102593
24989	prompt	264	102596
24990	prompt	41795	102598
24991	prompt	35885	102604
24992	prompt	487	102613
24993	prompt	328	102615
24994	prompt	3264	102617
24995	prompt	279	102623
24996	prompt	9042	102627
24997	prompt	1328	102634
24998	prompt	487	102638
24999	prompt	328	102640
25000	prompt	91125	102642
25001	prompt	1328	102651
25002	prompt	63286	102655
25003	prompt	3158	102663
25004	prompt	198	102665
25005	prompt	12	102666
25006	prompt	9845	102667
25007	prompt	25	102674
25008	prompt	24624	102675
25009	prompt	421	102682
25010	prompt	264	102687
25011	prompt	1970	102689
25012	prompt	2222	102694
25013	prompt	3404	102701
25014	prompt	1503	102710
25015	prompt	1092	102715
25016	prompt	424	102720
25017	prompt	579	102723
25018	prompt	9671	102725
25019	prompt	310	102734
25020	prompt	539	102737
25021	prompt	4162	102740
25022	prompt	279	102748
25023	prompt	878	102752
25024	prompt	321	102756
25025	prompt	43471	102760
25026	prompt	7465	102770
25027	prompt	13	102779
25028	prompt	5272	102780
25029	prompt	948	102784
25030	prompt	4439	102789
25031	prompt	310	102795
25032	prompt	9845	102798
25033	prompt	264	102805
25034	prompt	8313	102807
25035	prompt	11	102810
25036	prompt	7440	102811
25037	prompt	264	102819
25038	prompt	4884	102821
25039	prompt	4138	102825
25040	prompt	11	102831
25041	prompt	1228	102832
25042	prompt	264	102837
25043	prompt	2222	102839
25044	prompt	19470	102846
25045	prompt	11	102855
25046	prompt	1716	102856
25047	prompt	421	102862
25048	prompt	264	102867
25049	prompt	4416	102869
25050	prompt	4138	102877
25051	prompt	11	102883
25052	prompt	466	102884
25053	prompt	9307	102887
25054	prompt	2136	102896
25055	prompt	4203	102902
25056	prompt	1518	102910
25057	prompt	16944	102917
25058	prompt	13	102925
25059	prompt	198	102926
25060	prompt	12	102927
25061	prompt	1970	102928
25062	prompt	44199	102933
25063	prompt	25	102940
25064	prompt	9988	102941
25065	prompt	279	102948
25066	prompt	1428	102952
25067	prompt	3515	102960
25068	prompt	364	102965
25069	prompt	55404	102969
25070	prompt	21851	102981
25071	prompt	321	102986
25072	prompt	25147	102990
25073	prompt	2600	102996
25074	prompt	6182	102998
25075	prompt	2325	103002
25076	prompt	14	103011
25077	prompt	6243	103012
25078	prompt	10078	103015
25079	prompt	4101	103022
25080	prompt	8339	103028
25081	prompt	506	103031
25082	prompt	279	103034
25083	prompt	2574	103038
25084	prompt	4879	103044
25085	prompt	2119	103051
25086	prompt	318	103057
25087	prompt	9997	103059
25088	prompt	14	103062
25089	prompt	25252	103063
25090	prompt	25	103069
25091	prompt	16253	103070
25092	prompt	11	103076
25093	prompt	1496	103077
25094	prompt	87751	103082
25095	prompt	14192	103093
25096	prompt	26	103102
25097	prompt	1496	103103
25098	prompt	49300	103108
25099	prompt	2721	103111
25100	prompt	25	103114
25101	prompt	25971	103115
25102	prompt	9888	103123
25103	prompt	11	103132
25104	prompt	1189	103133
25105	prompt	2830	103137
25106	prompt	33955	103145
25107	prompt	14192	103155
25108	prompt	553	103164
25109	prompt	9675	103166
25110	prompt	1137	103171
25111	prompt	5989	103174
25112	prompt	310	103181
25113	prompt	1675	103184
25114	prompt	14192	103189
25115	prompt	430	103198
25116	prompt	7147	103201
25117	prompt	8313	103208
25118	prompt	5853	103211
25119	prompt	11	103220
25120	prompt	466	103221
25121	prompt	1137	103224
25122	prompt	5565	103227
25123	prompt	310	103230
25124	prompt	3668	103233
25125	prompt	279	103239
25126	prompt	14192	103243
25127	prompt	310	103252
25128	prompt	279	103255
25129	prompt	3133	103259
25130	prompt	4757	103267
25131	prompt	1238	103272
25132	prompt	279	103278
25133	prompt	3286	103282
25134	prompt	13	103289
25135	prompt	198	103290
25136	prompt	12	103291
25137	prompt	38406	103292
25138	prompt	25	103301
25139	prompt	9988	103302
25140	prompt	279	103309
25141	prompt	5324	103313
25142	prompt	1970	103321
25143	prompt	364	103326
25144	prompt	25147	103330
25145	prompt	11	103336
25146	prompt	15036	103337
25147	prompt	2325	103343
25148	prompt	11	103352
25149	prompt	14588	103353
25150	prompt	11	103364
25151	prompt	321	103365
25152	prompt	34669	103369
25153	prompt	4101	103378
25154	prompt	8339	103384
25155	prompt	11	103387
25156	prompt	1179	103388
25157	prompt	3668	103393
25158	prompt	279	103399
25159	prompt	25689	103403
25160	prompt	13	103409
25161	prompt	17391	103410
25162	prompt	1132	103418
25163	prompt	1892	103423
25164	prompt	424	103427
25165	prompt	1503	103430
25166	prompt	524	103435
25167	prompt	18500	103439
25168	prompt	364	103444
25169	prompt	21851	103448
25170	prompt	26	103453
25171	prompt	958	103454
25172	prompt	593	103458
25173	prompt	1787	103460
25174	prompt	44199	103464
25175	prompt	364	103471
25176	prompt	421	103475
25177	prompt	13	103480
25178	prompt	198	103481
25179	prompt	12	103482
25180	prompt	16253	103483
25181	prompt	16520	103489
25182	prompt	2641	103493
25183	prompt	62971	103500
25184	prompt	12389	103505
25185	prompt	25	103508
25186	prompt	30090	103509
25187	prompt	678	103514
25188	prompt	58277	103519
25189	prompt	364	103531
25190	prompt	4047	103535
25191	prompt	1301	103542
25192	prompt	14934	103547
25193	prompt	37250	103552
25194	prompt	321	103557
25195	prompt	76433	103561
25196	prompt	5224	103565
25197	prompt	6526	103570
25198	prompt	11	103576
25199	prompt	1179	103577
25200	prompt	884	103582
25201	prompt	264	103586
25202	prompt	43195	103588
25203	prompt	1452	103596
25204	prompt	2070	103600
25205	prompt	1551	103606
25206	prompt	310	103610
25207	prompt	2313	103613
25208	prompt	641	103621
25209	prompt	51860	103623
25210	prompt	768	103626
25211	prompt	28889	103629
25212	prompt	4182	103638
25213	prompt	310	103643
25214	prompt	7698	103646
25215	prompt	7634	103653
25216	prompt	49219	103664
25217	prompt	13	103672
25218	prompt	198	103673
25219	prompt	12	103674
25220	prompt	6136	103675
25221	prompt	25	103680
25222	prompt	6250	103681
25223	prompt	264	103685
25224	prompt	9640	103687
25225	prompt	466	103694
25226	prompt	35414	103697
25227	prompt	3108	103703
25228	prompt	383	103711
25229	prompt	264	103714
25230	prompt	43741	103716
25231	prompt	9581	103726
25232	prompt	318	103735
25233	prompt	68	103737
25234	prompt	1257	103738
25235	prompt	13	103740
25236	prompt	593	103741
25237	prompt	10185	103743
25238	prompt	220	103747
25239	prompt	20	103748
25240	prompt	76	103749
25241	prompt	593	103750
25242	prompt	7724	103752
25243	prompt	11	103755
25244	prompt	16184	103756
25245	prompt	310	103765
25246	prompt	220	103768
25247	prompt	16	103769
25248	prompt	15	103770
25249	prompt	76	103771
25250	prompt	8	103772
25251	prompt	471	103773
25252	prompt	3095	103775
25253	prompt	279	103780
25254	prompt	1156	103784
25255	prompt	6587	103789
25256	prompt	310	103795
25257	prompt	716	103798
25258	prompt	685	103802
25259	prompt	264	103805
25260	prompt	43741	103807
25261	prompt	3274	103817
25262	prompt	11	103822
25263	prompt	6865	103823
25264	prompt	364	103828
25265	prompt	2552	103832
25266	prompt	11	103839
25267	prompt	466	103840
25268	prompt	1542	103843
25269	prompt	2414	103847
25270	prompt	18253	103857
25271	prompt	383	103868
25272	prompt	449	103871
25273	prompt	9581	103874
25274	prompt	318	103883
25275	prompt	68	103885
25276	prompt	1257	103886
25277	prompt	13	103888
25278	prompt	328	103889
25279	prompt	1960	103891
25280	prompt	279	103896
25281	prompt	10204	103900
25282	prompt	1396	103907
25283	prompt	220	103913
25284	prompt	20	103914
25285	prompt	4276	103915
25286	prompt	487	103923
25287	prompt	328	103925
25288	prompt	12718	103927
25289	prompt	4162	103931
25290	prompt	593	103939
25291	prompt	46133	103941
25292	prompt	1012	103944
25293	prompt	275	103946
25294	prompt	25798	103948
25295	prompt	82	103951
25296	prompt	1764	103952
25297	prompt	3054	103955
25298	prompt	4045	103958
25299	prompt	19268	103962
25300	prompt	364	103969
25301	prompt	799	103973
25302	prompt	12105	103977
25303	prompt	8806	103981
25304	prompt	13	103987
25305	prompt	198	103988
25306	prompt	12	103989
25307	prompt	83712	103990
25308	prompt	768	103994
25309	prompt	23157	103997
25310	prompt	25	104001
25311	prompt	16699	104002
25312	prompt	364	104012
25313	prompt	279	104016
25314	prompt	71802	104020
25315	prompt	5165	104027
25316	prompt	593	104031
25317	prompt	16092	104033
25318	prompt	42481	104038
25319	prompt	25771	104043
25320	prompt	1892	104047
25321	prompt	1558	104051
25322	prompt	13746	104057
25323	prompt	11	104061
25324	prompt	20568	104062
25325	prompt	11	104070
25326	prompt	3506	104071
25327	prompt	11	104078
25328	prompt	16350	104079
25329	prompt	11	104089
25330	prompt	5224	104090
25331	prompt	958	104095
25332	prompt	11	104099
25333	prompt	76433	104100
25334	prompt	11	104104
25335	prompt	12636	104105
25336	prompt	11	104112
25337	prompt	45850	104113
25338	prompt	11	104121
25339	prompt	3817	104122
25340	prompt	24217	104128
25341	prompt	11	104137
25342	prompt	1558	104138
25343	prompt	11567	104144
25344	prompt	13	104154
25345	prompt	198	104155
25346	prompt	2301	104156
25347	prompt	38928	104158
25348	prompt	1892	104163
25349	prompt	1301	104167
25350	prompt	54588	104172
25351	prompt	8306	104179
25352	prompt	279	104187
25353	prompt	2100	104191
25354	prompt	999	104198
25355	prompt	26	104203
25356	prompt	1459	104204
25357	prompt	914	104208
25358	prompt	10390	104210
25359	prompt	1521	104215
25360	prompt	424	104223
25361	prompt	328	104226
25362	prompt	91020	104228
25363	prompt	1040	104233
25364	prompt	264	104238
25365	prompt	799	104240
25366	prompt	2759	104244
25367	prompt	10140	104246
25368	prompt	1	104250
25369	prompt	1892	104251
25370	prompt	14910	104255
25371	prompt	25	104264
25372	prompt	279	104265
25373	prompt	9640	104269
25374	prompt	4874	104276
25375	prompt	71802	104282
25376	prompt	14	104289
25377	prompt	59622	104290
25378	prompt	42481	104294
25379	prompt	303	104299
25380	prompt	866	104302
25381	prompt	1304	104306
25382	prompt	318	104311
25383	prompt	228962	104313
25384	prompt	11	104319
25385	prompt	16092	104320
25386	prompt	42481	104325
25387	prompt	11	104330
25388	prompt	426	104331
25389	prompt	470	104333
25390	prompt	11	104337
25391	prompt	10356	104338
25392	prompt	350	104341
25393	prompt	11	104343
25394	prompt	11501	104344
25395	prompt	4559	104348
25396	prompt	11	104351
25397	prompt	13697	104352
25398	prompt	36974	104355
25399	prompt	11	104358
25400	prompt	1510	104359
25401	prompt	30205	104361
25402	prompt	42481	104365
25403	prompt	7561	104370
25404	prompt	1510	104372
25405	prompt	31	104374
25406	prompt	30205	104375
25407	prompt	42481	104379
25408	prompt	12	104384
25409	prompt	2075	104385
25410	prompt	7561	104387
25411	prompt	1510	104389
25412	prompt	51860	104391
25413	prompt	768	104394
25414	prompt	43409	104397
25415	prompt	7561	104399
25416	prompt	1510	104401
25417	prompt	350	104403
25418	prompt	10436	104405
25419	prompt	337	104408
25420	prompt	42481	104410
25421	prompt	4749	104415
25422	prompt	7561	104417
25423	prompt	74988	104419
25424	prompt	16	104422
25425	prompt	76	104423
25426	prompt	60	104424
25427	prompt	63	104425
25428	prompt	1174	104426
25429	prompt	279	104428
25430	prompt	1156	104432
25431	prompt	16561	104437
25432	prompt	883	104442
25433	prompt	449	104448
25434	prompt	436	104451
25435	prompt	10673	104453
25436	prompt	318	104455
25437	prompt	71842	104457
25438	prompt	24092	104464
25439	prompt	5576	104470
25440	prompt	14	104477
25441	prompt	39721	104478
25442	prompt	2805	104484
25443	prompt	11490	104486
25444	prompt	8	104492
25445	prompt	1892	104493
25446	prompt	2496	104497
25447	prompt	4087	104503
25448	prompt	494	104510
25449	prompt	4779	104515
25450	prompt	26	104522
25451	prompt	2639	104523
25452	prompt	279	104526
25453	prompt	3274	104530
25454	prompt	369	104535
25455	prompt	436	104538
25456	prompt	10673	104540
25457	prompt	33582	104542
25458	prompt	440	104549
25459	prompt	8836	104554
25460	prompt	62597	104563
25461	prompt	639	104568
25462	prompt	318	104572
25463	prompt	7838	104574
25464	prompt	9964	104579
25465	prompt	6901	104581
25466	prompt	72473	104583
25467	prompt	85984	104588
25468	prompt	3082	104599
25469	prompt	6848	104601
25470	prompt	40551	104605
25471	prompt	18794	104611
25472	prompt	1825	104613
25473	prompt	14	104615
25474	prompt	3950	104616
25475	prompt	44	104618
25476	prompt	12948	104619
25477	prompt	18964	104621
25478	prompt	24297	104625
25479	prompt	10954	104629
25480	prompt	23895	104634
25481	prompt	26	104638
25482	prompt	6707	104639
25483	prompt	14	104648
25484	prompt	1200	104649
25485	prompt	5437	104652
25486	prompt	537	104655
25487	prompt	14	104658
25488	prompt	22759	104659
25489	prompt	24701	104666
25490	prompt	1386	104672
25491	prompt	14	104675
25492	prompt	50707	104676
25493	prompt	30211	104683
25494	prompt	4304	104687
25495	prompt	888	104692
25496	prompt	31101	104697
25497	prompt	26	104700
25498	prompt	26805	104701
25499	prompt	191107	104711
25500	prompt	1091	104717
25501	prompt	2805	104720
25502	prompt	26551	104722
25503	prompt	82	104727
25504	prompt	84419	104728
25505	prompt	286	104735
25506	prompt	72473	104738
25507	prompt	1723	104743
25508	prompt	5408	104745
25509	prompt	5350	104749
25510	prompt	9425	104751
25511	prompt	553	104756
25512	prompt	198	104758
25513	prompt	88634	104759
25514	prompt	1132	104763
25515	prompt	948	104768
25516	prompt	2361	104773
25517	prompt	8836	104781
25518	prompt	369	104790
25519	prompt	1602	104793
25520	prompt	6237	104799
25521	prompt	383	104806
25522	prompt	318	104809
25523	prompt	80483	104811
25524	prompt	660	104820
25525	prompt	29749	104824
25526	prompt	1590	104833
25527	prompt	5097	104835
25528	prompt	15015	104840
25529	prompt	15328	104842
25530	prompt	2737	104844
25531	prompt	15328	104846
25532	prompt	334	104848
25533	prompt	6383	104850
25534	prompt	7199	104853
25535	prompt	77244	104855
25536	prompt	9964	104859
25537	prompt	375	104861
25538	prompt	3350	104864
25539	prompt	10968	104867
25540	prompt	2194	104869
25541	prompt	475	104871
25542	prompt	17011	104874
25543	prompt	636	104876
25544	prompt	2933	104878
25545	prompt	6725	104881
25546	prompt	303	104887
25547	prompt	279	104890
25548	prompt	3134	104894
25549	prompt	26	104900
25550	prompt	2639	104901
25551	prompt	1510	104904
25552	prompt	36940	104906
25553	prompt	471	104910
25554	prompt	81	104912
25555	prompt	36	104913
25556	prompt	359	104914
25557	prompt	2428	104916
25558	prompt	2075	104920
25559	prompt	91	104922
25560	prompt	5040	104923
25561	prompt	8553	104927
25562	prompt	10984	104932
25563	prompt	2075	104937
25564	prompt	91	104939
25565	prompt	16965	104940
25566	prompt	1257	104946
25567	prompt	72338	104948
25568	prompt	2075	104957
25569	prompt	91	104959
25570	prompt	4229	104960
25571	prompt	2075	104963
25572	prompt	91	104965
25573	prompt	76225	104966
25574	prompt	3350	104970
25575	prompt	2075	104973
25576	prompt	91	104975
25577	prompt	981	104976
25578	prompt	6527	104978
25579	prompt	91	104982
25580	prompt	935	104983
25581	prompt	2933	104986
25582	prompt	6	104989
25583	prompt	63	104990
25584	prompt	888	104991
25585	prompt	279	104996
25586	prompt	2313	105000
25587	prompt	12611	105008
25588	prompt	318	105013
25589	prompt	5917	105015
25590	prompt	411	105018
25591	prompt	20049	105023
25592	prompt	33660	105028
25593	prompt	413	105034
25594	prompt	874	105037
25595	prompt	8836	105040
25596	prompt	6725	105049
25597	prompt	1892	105055
25598	prompt	1459	105059
25599	prompt	914	105063
25600	prompt	4310	105065
25601	prompt	279	105070
25602	prompt	999	105074
25603	prompt	553	105079
25604	prompt	198	105081
25605	prompt	12	105082
25606	prompt	1542	105083
25607	prompt	25	105087
25608	prompt	22481	105088
25609	prompt	321	105095
25610	prompt	6338	105099
25611	prompt	411	105105
25612	prompt	2313	105110
25613	prompt	579	105118
25614	prompt	878	105120
25615	prompt	310	105124
25616	prompt	1436	105127
25617	prompt	264	105131
25618	prompt	2222	105133
25619	prompt	3133	105140
25620	prompt	13	105148
25621	prompt	5272	105149
25622	prompt	948	105153
25623	prompt	4439	105158
25624	prompt	310	105164
25625	prompt	1542	105167
25626	prompt	11	105171
25627	prompt	1151	105172
25628	prompt	11	105178
25629	prompt	466	105179
25630	prompt	34993	105182
25631	prompt	279	105193
25632	prompt	878	105197
25633	prompt	11	105201
25634	prompt	466	105202
25635	prompt	310	105205
25636	prompt	7440	105208
25637	prompt	264	105216
25638	prompt	2222	105218
25639	prompt	4138	105225
25640	prompt	303	105231
25641	prompt	279	105234
25642	prompt	1865	105238
25643	prompt	878	105243
25644	prompt	318	105247
25645	prompt	1856	105249
25646	prompt	1066	105252
25647	prompt	6813	105257
25648	prompt	553	105263
25649	prompt	5339	105265
25650	prompt	5686	105271
25651	prompt	364	105277
25652	prompt	264	105281
25653	prompt	2313	105283
25654	prompt	9653	105291
25655	prompt	421	105297
25656	prompt	2582	105302
25657	prompt	14103	105310
25658	prompt	26820	105317
25659	prompt	279	105327
25660	prompt	878	105331
25661	prompt	26	105335
25662	prompt	5752	105336
25663	prompt	16563	105346
25664	prompt	1142	105352
25665	prompt	310	105357
25666	prompt	5617	105360
25667	prompt	3309	105366
25668	prompt	12261	105369
25669	prompt	791	105378
25670	prompt	2313	105382
25671	prompt	913	105390
25672	prompt	318	105395
25673	prompt	61801	105397
25674	prompt	11	105400
25675	prompt	3421	105401
25676	prompt	11	105408
25677	prompt	345	105409
25678	prompt	2202	105411
25679	prompt	11	105413
25680	prompt	74248	105414
25681	prompt	11	105423
25682	prompt	6713	105424
25683	prompt	30373	105432
25684	prompt	11	105439
25685	prompt	6522	105440
25686	prompt	553	105448
25687	prompt	198	105450
25688	prompt	12	105451
25689	prompt	2836	105452
25690	prompt	25	105457
25691	prompt	8736	105458
25692	prompt	264	105469
25693	prompt	491	105471
25694	prompt	6759	105475
25695	prompt	33869	105478
25696	prompt	1113	105480
25697	prompt	20668	105482
25698	prompt	999	105485
25699	prompt	440	105490
25700	prompt	1970	105495
25701	prompt	3051	105500
25702	prompt	9417	105504
25703	prompt	198	105518
25704	prompt	12	105519
25705	prompt	3286	105520
25706	prompt	25	105527
25707	prompt	9988	105528
25708	prompt	264	105535
25709	prompt	6601	105537
25710	prompt	1622	105542
25711	prompt	198	105550
25712	prompt	12	105551
25713	prompt	4610	105552
25714	prompt	44199	105561
25715	prompt	25	105568
25716	prompt	18047	105569
25717	prompt	264	105578
25718	prompt	4610	105580
25719	prompt	3286	105589
25720	prompt	314	105596
25721	prompt	279	105599
25722	prompt	14836	105603
25723	prompt	4203	105611
25724	prompt	383	105619
25725	prompt	279	105622
25726	prompt	1428	105626
25727	prompt	8602	105634
25728	prompt	248046	105641
25729	prompt	198	105641
25730	prompt	248045	105642
25731	prompt	74455	105642
25732	prompt	198	105651
25733	think	248068	105652
25734	think	271	105659
25735	think	248069	105661
25736	out	271	105669
25737	out	40	105671
25738	out	3172	105672
25739	out	1151	105675
25740	out	539	105681
25741	out	8396	105684
25742	out	279	105698
25743	out	2313	105702
25744	out	5759	105710
25745	out	321	105720
25746	out	1179	105724
25747	out	4072	105729
25748	out	279	105739
25749	out	2243	105743
25750	out	290	105751
25751	out	2128	105753
25752	out	3436	105762
25753	out	13	105768
25754	out	271	105769
25755	tool	27	105771
25756	tool	13766	105772
25757	tool	13042	105776
25758	tool	29	105781
25759	tool	198	105782
25760	tool	4754	105783
25761	tool	591	105785
25762	tool	763	105789
25763	tool	328	105791
25764	tool	4274	105793
25765	tool	487	105797
25766	tool	328	105799
25767	tool	15889	105801
25768	tool	763	105810
25769	tool	5046	105812
25770	tool	1152	105815
25771	tool	2551	105819
25772	tool	56550	105824
25773	tool	41490	105828
25774	tool	61841	105837
25775	tool	4182	105845
25776	tool	29958	105850
25777	tool	198	105853
25778	tool	510	105854
25779	tool	13766	105856
25780	tool	13042	105860
25781	tool	29	105865
25782	out	198	105866
25783	tool	27	105867
25784	tool	13766	105868
25785	tool	13042	105872
25786	tool	29	105877
25787	tool	198	105878
25788	tool	4754	105879
25789	tool	591	105881
25790	tool	763	105885
25791	tool	328	105887
25792	tool	33	105889
25793	tool	956	105890
25794	tool	487	105893
25795	tool	328	105895
25796	tool	15889	105897
25797	tool	763	105906
25798	tool	5046	105908
25799	tool	5454	105911
25800	tool	3147	105918
25801	tool	4577	105921
25802	tool	471	105923
25803	tool	4120	105925
25804	tool	593	105927
25805	tool	41490	105929
25806	tool	13050	105938
25807	tool	14	105942
25808	tool	220	105943
25809	tool	17	105944
25810	tool	17566	105945
25811	tool	3464	105947
25812	tool	18710	105950
25813	tool	26	105955
25814	tool	1627	105956
25815	tool	7018	105961
25816	tool	4277	105964
25817	tool	2037	105967
25818	tool	26	105969
25819	tool	18997	105970
25820	tool	471	105973
25821	tool	4120	105975
25822	tool	593	105977
25823	tool	41490	105979
25824	tool	14	105988
25825	tool	2129	105989
25826	tool	4532	105992
25827	tool	3147	106003
25828	tool	3840	106006
25829	tool	6149	106011
25830	tool	2313	106020
25831	tool	5759	106028
25832	tool	29958	106038
25833	tool	198	106041
25834	tool	510	106042
25835	tool	13766	106044
25836	tool	13042	106048
25837	tool	29	106053
25838	prompt	248046	106054
25839	prompt	198	106054
25840	prompt	248045	106055
25841	prompt	846	106055
25842	prompt	198	106059
25843	prompt	27	106060
25844	prompt	13766	106061
25845	prompt	9367	106065
25846	prompt	29	106074
25847	prompt	198	106075
25848	prompt	16	106076
25849	prompt	197	106077
25850	prompt	90	106078
25851	prompt	198	106079
25852	prompt	17	106080
25853	prompt	3551	106081
25854	prompt	328	106083
25855	prompt	591	106085
25856	prompt	763	106089
25857	prompt	328	106091
25858	prompt	26157	106093
25859	prompt	12	106098
25860	prompt	92386	106099
25861	prompt	12	106109
25862	prompt	18479	106110
25863	prompt	487	106115
25864	prompt	198	106117
25865	prompt	18	106118
25866	prompt	3551	106119
25867	prompt	328	106121
25868	prompt	4225	106123
25869	prompt	763	106130
25870	prompt	328	106132
25871	prompt	16	106134
25872	prompt	13	106135
25873	prompt	15	106136
25874	prompt	13	106137
25875	prompt	15	106138
25876	prompt	487	106139
25877	prompt	198	106141
25878	prompt	19	106142
25879	prompt	3551	106143
25880	prompt	328	106145
25881	prompt	4532	106147
25882	prompt	763	106158
25883	prompt	328	106160
25884	prompt	5460	106162
25885	prompt	290	106169
25886	prompt	2128	106171
25887	prompt	3436	106180
25888	prompt	440	106186
25889	prompt	23016	106191
25890	prompt	10562	106202
25891	prompt	27502	106208
25892	prompt	487	106218
25893	prompt	198	106220
25894	prompt	20	106221
25895	prompt	3551	106222
25896	prompt	328	106224
25897	prompt	1267	106226
25898	prompt	763	106230
25899	prompt	328	106232
25900	prompt	4211	106234
25901	prompt	487	106240
25902	prompt	198	106242
25903	prompt	21	106243
25904	prompt	3551	106244
25905	prompt	328	106246
25906	prompt	19226	106248
25907	prompt	763	106255
25908	prompt	313	106257
25909	prompt	198	106259
25910	prompt	22	106260
25911	prompt	2672	106261
25912	prompt	328	106265
25913	prompt	5653	106267
25914	prompt	763	106272
25915	prompt	328	106274
25916	prompt	83	106276
25917	prompt	2311	106277
25918	prompt	487	106279
25919	prompt	198	106281
25920	prompt	23	106282
25921	prompt	2672	106283
25922	prompt	328	106287
25923	prompt	14524	106289
25924	prompt	763	106293
25925	prompt	328	106295
25926	prompt	82549	106297
25927	prompt	2212	106303
25928	prompt	27194	106307
25929	prompt	198	106310
25930	prompt	24	106311
25931	prompt	2672	106312
25932	prompt	328	106316
25933	prompt	1877	106318
25934	prompt	763	106322
25935	prompt	328	106324
25936	prompt	52967	106326
25937	prompt	467	106329
25938	prompt	1542	106332
25939	prompt	1	106336
25940	prompt	198	106337
25941	prompt	16	106338
25942	prompt	15	106339
25943	prompt	3551	106340
25944	prompt	2390	106342
25945	prompt	198	106345
25946	prompt	16	106346
25947	prompt	16	106347
25948	prompt	3551	106348
25949	prompt	328	106350
25950	prompt	3464	106352
25951	prompt	46693	106355
25952	prompt	763	106367
25953	prompt	313	106369
25954	prompt	198	106371
25955	prompt	16	106372
25956	prompt	17	106373
25957	prompt	2672	106374
25958	prompt	8168	106378
25959	prompt	8969	106381
25960	prompt	35980	106386
25961	prompt	763	106391
25962	prompt	38591	106393
25963	prompt	17	106396
25964	prompt	17	106397
25965	prompt	13	106398
25966	prompt	15	106399
25967	prompt	13	106400
25968	prompt	15	106401
25969	prompt	487	106402
25970	prompt	198	106404
25971	prompt	16	106405
25972	prompt	18	106406
25973	prompt	2672	106407
25974	prompt	8168	106411
25975	prompt	47887	106414
25976	prompt	53321	106424
25977	prompt	37153	106431
25978	prompt	14524	106434
25979	prompt	22890	106438
25980	prompt	763	106445
25981	prompt	38591	106447
25982	prompt	22	106450
25983	prompt	13	106451
25984	prompt	15	106452
25985	prompt	13	106453
25986	prompt	15	106454
25987	prompt	487	106455
25988	prompt	198	106457
25989	prompt	16	106458
25990	prompt	19	106459
25991	prompt	2672	106460
25992	prompt	8168	106464
25993	prompt	47887	106467
25994	prompt	53321	106477
25995	prompt	59686	106484
25996	prompt	763	106491
25997	prompt	38591	106493
25998	prompt	22	106496
25999	prompt	13	106497
26000	prompt	15	106498
26001	prompt	13	106499
26002	prompt	15	106500
26003	prompt	487	106501
26004	prompt	198	106503
26005	prompt	16	106504
26006	prompt	20	106505
26007	prompt	2672	106506
26008	prompt	8168	106510
26009	prompt	52967	106513
26010	prompt	467	106516
26011	prompt	14	106519
26012	prompt	52426	106520
26013	prompt	8015	106528
26014	prompt	23	106530
26015	prompt	763	106531
26016	prompt	38591	106533
26017	prompt	17	106536
26018	prompt	13	106537
26019	prompt	15	106538
26020	prompt	13	106539
26021	prompt	15	106540
26022	prompt	487	106541
26023	prompt	198	106543
26024	prompt	16	106544
26025	prompt	21	106545
26026	prompt	2672	106546
26027	prompt	328	106550
26028	prompt	82549	106552
26029	prompt	763	106558
26030	prompt	38591	106560
26031	prompt	23	106563
26032	prompt	13	106564
26033	prompt	20	106565
26034	prompt	21	106566
26035	prompt	13	106567
26036	prompt	15	106568
26037	prompt	487	106569
26038	prompt	198	106571
26039	prompt	16	106572
26040	prompt	22	106573
26041	prompt	2672	106574
26042	prompt	328	106578
26043	prompt	84226	106580
26044	prompt	763	106583
26045	prompt	38591	106585
26046	prompt	19	106588
26047	prompt	13	106589
26048	prompt	15	106590
26049	prompt	13	106591
26050	prompt	15	106592
26051	prompt	487	106593
26052	prompt	198	106595
26053	prompt	16	106596
26054	prompt	23	106597
26055	prompt	2672	106598
26056	prompt	328	106602
26057	prompt	47887	106604
26058	prompt	763	106614
26059	prompt	38591	106616
26060	prompt	20	106619
26061	prompt	13	106620
26062	prompt	19	106621
26063	prompt	13	106622
26064	prompt	15	106623
26065	prompt	487	106624
26066	prompt	198	106626
26067	prompt	16	106627
26068	prompt	24	106628
26069	prompt	2672	106629
26070	prompt	328	106633
26071	prompt	52967	106635
26072	prompt	467	106638
26073	prompt	763	106641
26074	prompt	38591	106643
26075	prompt	17	106646
26076	prompt	13	106647
26077	prompt	15	106648
26078	prompt	13	106649
26079	prompt	15	106650
26080	prompt	1	106651
26081	prompt	198	106652
26082	prompt	17	106653
26083	prompt	15	106654
26084	prompt	3551	106655
26085	prompt	333	106657
26086	prompt	198	106659
26087	prompt	17	106660
26088	prompt	16	106661
26089	prompt	197	106662
26090	prompt	92	106663
26091	prompt	198	106664
26092	prompt	17	106665
26093	prompt	17	106666
26094	prompt	198	106667
26095	prompt	510	106668
26096	prompt	13766	106670
26097	prompt	9367	106674
26098	prompt	29	106683
26099	prompt	198	106684
26100	prompt	27	106685
26101	prompt	13766	106686
26102	prompt	9367	106690
26103	prompt	29	106699
26104	prompt	198	106700
26105	prompt	4873	106701
26106	prompt	220	106706
26107	prompt	23	106707
26108	prompt	198	106708
26109	prompt	3491	106709
26110	prompt	20344	106711
26111	prompt	81	106713
26112	prompt	20344	106714
26113	prompt	81	106716
26114	prompt	6354	106717
26115	prompt	220	106719
26116	prompt	17	106720
26117	prompt	2357	106721
26118	prompt	2357	106726
26119	prompt	220	106731
26120	prompt	19	106732
26121	prompt	15	106733
26122	prompt	24	106734
26123	prompt	21	106735
26124	prompt	9760	106736
26125	prompt	220	106740
26126	prompt	16	106741
26127	prompt	19	106742
26128	prompt	220	106743
26129	prompt	17	106744
26130	prompt	16	106745
26131	prompt	25	106746
26132	prompt	18	106747
26133	prompt	15	106748
26134	prompt	641	106749
26135	prompt	198	106751
26136	prompt	3491	106752
26137	prompt	20344	106754
26138	prompt	81	106756
26139	prompt	20344	106757
26140	prompt	81	106759
26141	prompt	6354	106760
26142	prompt	220	106762
26143	prompt	19	106763
26144	prompt	2357	106764
26145	prompt	2357	106769
26146	prompt	220	106774
26147	prompt	19	106775
26148	prompt	15	106776
26149	prompt	24	106777
26150	prompt	21	106778
26151	prompt	9760	106779
26152	prompt	220	106783
26153	prompt	16	106784
26154	prompt	19	106785
26155	prompt	220	106786
26156	prompt	17	106787
26157	prompt	16	106788
26158	prompt	25	106789
26159	prompt	18	106790
26160	prompt	15	106791
26161	prompt	5074	106792
26162	prompt	198	106795
26163	prompt	3667	106796
26164	prompt	86	106798
26165	prompt	3667	106799
26166	prompt	86	106801
26167	prompt	3667	106802
26168	prompt	312	106804
26169	prompt	220	106806
26170	prompt	16	106807
26171	prompt	2357	106808
26172	prompt	2357	106813
26173	prompt	262	106818
26174	prompt	220	106821
26175	prompt	15	106822
26176	prompt	9760	106823
26177	prompt	220	106827
26178	prompt	16	106828
26179	prompt	19	106829
26180	prompt	220	106830
26181	prompt	17	106831
26182	prompt	16	106832
26183	prompt	25	106833
26184	prompt	18	106834
26185	prompt	15	106835
26186	prompt	641	106836
26187	prompt	12513	106838
26188	prompt	12718	106841
26189	prompt	198	106845
26190	prompt	4277	106846
26191	prompt	198	106849
26192	prompt	4873	106850
26193	prompt	220	106855
26194	prompt	16	106856
26195	prompt	24	106857
26196	prompt	21	106858
26197	prompt	198	106859
26198	prompt	3491	106860
26199	prompt	20344	106862
26200	prompt	81	106864
26201	prompt	20344	106865
26202	prompt	81	106867
26203	prompt	6354	106868
26204	prompt	220	106870
26205	prompt	19	106871
26206	prompt	2357	106872
26207	prompt	2357	106877
26208	prompt	256	106882
26209	prompt	220	106884
26210	prompt	19	106885
26211	prompt	15	106886
26212	prompt	24	106887
26213	prompt	21	106888
26214	prompt	9760	106889
26215	prompt	220	106893
26216	prompt	16	106894
26217	prompt	19	106895
26218	prompt	220	106896
26219	prompt	17	106897
26220	prompt	16	106898
26221	prompt	25	106899
26222	prompt	18	106900
26223	prompt	15	106901
26224	prompt	641	106902
26225	prompt	198	106904
26226	prompt	3491	106905
26227	prompt	20344	106907
26228	prompt	81	106909
26229	prompt	6354	106910
26230	prompt	81	106912
26231	prompt	6354	106913
26232	prompt	220	106915
26233	prompt	16	106916
26234	prompt	3578	106917
26235	prompt	3578	106922
26236	prompt	256	106927
26237	prompt	220	106929
26238	prompt	19	106930
26239	prompt	15	106931
26240	prompt	24	106932
26241	prompt	21	106933
26242	prompt	9760	106934
26243	prompt	220	106938
26244	prompt	16	106939
26245	prompt	19	106940
26246	prompt	220	106941
26247	prompt	17	106942
26248	prompt	16	106943
26249	prompt	25	106944
26250	prompt	18	106945
26251	prompt	15	106946
26252	prompt	5074	106947
26253	prompt	198	106950
26254	prompt	3667	106951
26255	prompt	86	106953
26256	prompt	3667	106954
26257	prompt	86	106956
26258	prompt	3667	106957
26259	prompt	312	106959
26260	prompt	220	106961
26261	prompt	16	106962
26262	prompt	2357	106963
26263	prompt	2357	106968
26264	prompt	262	106973
26265	prompt	220	106976
26266	prompt	19	106977
26267	prompt	16	106978
26268	prompt	20	106979
26269	prompt	9760	106980
26270	prompt	220	106984
26271	prompt	16	106985
26272	prompt	19	106986
26273	prompt	220	106987
26274	prompt	17	106988
26275	prompt	16	106989
26276	prompt	25	106990
26277	prompt	18	106991
26278	prompt	15	106992
26279	prompt	641	106993
26280	prompt	287	106995
26281	prompt	3606	106997
26282	prompt	371	107000
26283	prompt	66	107002
26284	prompt	508	107003
26285	prompt	2439	107005
26286	prompt	198	107007
26287	prompt	3491	107008
26288	prompt	20344	107010
26289	prompt	81	107012
26290	prompt	20344	107013
26291	prompt	81	107015
26292	prompt	6354	107016
26293	prompt	220	107018
26294	prompt	23	107019
26295	prompt	2357	107020
26296	prompt	2357	107025
26297	prompt	256	107030
26298	prompt	220	107032
26299	prompt	19	107033
26300	prompt	15	107034
26301	prompt	24	107035
26302	prompt	21	107036
26303	prompt	9760	107037
26304	prompt	220	107041
26305	prompt	16	107042
26306	prompt	19	107043
26307	prompt	220	107044
26308	prompt	17	107045
26309	prompt	16	107046
26310	prompt	25	107047
26311	prompt	18	107048
26312	prompt	15	107049
26313	prompt	641	107050
26314	prompt	12513	107052
26315	prompt	198	107055
26316	prompt	3667	107056
26317	prompt	86	107058
26318	prompt	3667	107059
26319	prompt	86	107061
26320	prompt	3667	107062
26321	prompt	312	107064
26322	prompt	220	107066
26323	prompt	16	107067
26324	prompt	2357	107068
26325	prompt	2357	107073
26326	prompt	257	107078
26327	prompt	220	107082
26328	prompt	18	107083
26329	prompt	19	107084
26330	prompt	9760	107085
26331	prompt	220	107089
26332	prompt	16	107090
26333	prompt	19	107091
26334	prompt	220	107092
26335	prompt	17	107093
26336	prompt	16	107094
26337	prompt	25	107095
26338	prompt	18	107096
26339	prompt	15	107097
26340	prompt	641	107098
26341	prompt	12513	107100
26342	prompt	12749	107103
26343	prompt	198	107109
26344	prompt	3667	107110
26345	prompt	86	107112
26346	prompt	3667	107113
26347	prompt	312	107115
26348	prompt	81	107117
26349	prompt	312	107118
26350	prompt	220	107120
26351	prompt	16	107121
26352	prompt	2357	107122
26353	prompt	2357	107127
26354	prompt	256	107132
26355	prompt	220	107134
26356	prompt	19	107135
26357	prompt	21	107136
26358	prompt	21	107137
26359	prompt	20	107138
26360	prompt	9760	107139
26361	prompt	220	107143
26362	prompt	16	107144
26363	prompt	19	107145
26364	prompt	220	107146
26365	prompt	17	107147
26366	prompt	16	107148
26367	prompt	25	107149
26368	prompt	18	107150
26369	prompt	15	107151
26370	prompt	641	107152
26371	prompt	337	107154
26372	prompt	7744	107156
26373	prompt	67	107161
26374	prompt	617	107162
26375	prompt	57513	107165
26376	prompt	4182	107172
26377	prompt	75	107177
26378	prompt	198	107178
26379	prompt	3667	107179
26380	prompt	86	107181
26381	prompt	3667	107182
26382	prompt	312	107184
26383	prompt	81	107186
26384	prompt	312	107187
26385	prompt	220	107189
26386	prompt	16	107190
26387	prompt	2357	107191
26388	prompt	2357	107196
26389	prompt	406	107201
26390	prompt	220	107206
26391	prompt	15	107207
26392	prompt	9760	107208
26393	prompt	220	107212
26394	prompt	16	107213
26395	prompt	19	107214
26396	prompt	220	107215
26397	prompt	17	107216
26398	prompt	16	107217
26399	prompt	25	107218
26400	prompt	18	107219
26401	prompt	15	107220
26402	prompt	641	107221
26403	prompt	337	107223
26404	prompt	7744	107225
26405	prompt	67	107230
26406	prompt	617	107231
26407	prompt	12	107234
26408	prompt	35218	107235
26409	prompt	1607	107241
26410	prompt	198	107245
26411	prompt	3667	107246
26412	prompt	86	107248
26413	prompt	3667	107249
26414	prompt	86	107251
26415	prompt	3667	107252
26416	prompt	312	107254
26417	prompt	220	107256
26418	prompt	16	107257
26419	prompt	2357	107258
26420	prompt	2357	107263
26421	prompt	256	107268
26422	prompt	220	107270
26423	prompt	19	107271
26424	prompt	15	107272
26425	prompt	21	107273
26426	prompt	16	107274
26427	prompt	9760	107275
26428	prompt	220	107279
26429	prompt	16	107280
26430	prompt	19	107281
26431	prompt	220	107282
26432	prompt	17	107283
26433	prompt	16	107284
26434	prompt	25	107285
26435	prompt	18	107286
26436	prompt	15	107287
26437	prompt	41559	107288
26438	prompt	20668	107293
26439	prompt	198	107296
26440	prompt	3667	107297
26441	prompt	86	107299
26442	prompt	3667	107300
26443	prompt	86	107302
26444	prompt	3667	107303
26445	prompt	312	107305
26446	prompt	220	107307
26447	prompt	16	107308
26448	prompt	2357	107309
26449	prompt	2357	107314
26450	prompt	220	107319
26451	prompt	16	107320
26452	prompt	19	107321
26453	prompt	23	107322
26454	prompt	20	107323
26455	prompt	22	107324
26456	prompt	23	107325
26457	prompt	9760	107326
26458	prompt	220	107330
26459	prompt	16	107331
26460	prompt	19	107332
26461	prompt	220	107333
26462	prompt	17	107334
26463	prompt	16	107335
26464	prompt	25	107336
26465	prompt	18	107337
26466	prompt	15	107338
26467	prompt	6129	107339
26468	prompt	40393	107347
26469	prompt	4182	107352
26470	prompt	198	107357
26471	prompt	3667	107358
26472	prompt	86	107360
26473	prompt	3667	107361
26474	prompt	86	107363
26475	prompt	3667	107364
26476	prompt	312	107366
26477	prompt	220	107368
26478	prompt	16	107369
26479	prompt	2357	107370
26480	prompt	2357	107375
26481	prompt	262	107380
26482	prompt	220	107383
26483	prompt	20	107384
26484	prompt	18	107385
26485	prompt	20	107386
26486	prompt	9760	107387
26487	prompt	220	107391
26488	prompt	16	107392
26489	prompt	19	107393
26490	prompt	220	107394
26491	prompt	17	107395
26492	prompt	16	107396
26493	prompt	25	107397
26494	prompt	18	107398
26495	prompt	15	107399
26496	prompt	6129	107400
26497	prompt	4182	107408
26498	prompt	198	107413
26499	prompt	3491	107414
26500	prompt	20344	107416
26501	prompt	81	107418
26502	prompt	20344	107419
26503	prompt	81	107421
26504	prompt	6354	107422
26505	prompt	220	107424
26506	prompt	17	107425
26507	prompt	2357	107426
26508	prompt	2357	107431
26509	prompt	256	107436
26510	prompt	220	107438
26511	prompt	19	107439
26512	prompt	15	107440
26513	prompt	24	107441
26514	prompt	21	107442
26515	prompt	9760	107443
26516	prompt	220	107447
26517	prompt	16	107448
26518	prompt	19	107449
26519	prompt	220	107450
26520	prompt	17	107451
26521	prompt	16	107452
26522	prompt	25	107453
26523	prompt	18	107454
26524	prompt	15	107455
26525	prompt	2212	107456
26526	prompt	198	107460
26527	prompt	3667	107461
26528	prompt	86	107463
26529	prompt	3667	107464
26530	prompt	86	107466
26531	prompt	3667	107467
26532	prompt	312	107469
26533	prompt	220	107471
26534	prompt	16	107472
26535	prompt	2357	107473
26536	prompt	2357	107478
26537	prompt	262	107483
26538	prompt	220	107486
26539	prompt	19	107487
26540	prompt	21	107488
26541	prompt	18	107489
26542	prompt	9760	107490
26543	prompt	220	107494
26544	prompt	16	107495
26545	prompt	19	107496
26546	prompt	220	107497
26547	prompt	17	107498
26548	prompt	16	107499
26549	prompt	25	107500
26550	prompt	18	107501
26551	prompt	15	107502
26552	prompt	10277	107503
26553	prompt	1617	107506
26554	prompt	4182	107512
26555	prompt	198	107517
26556	prompt	3667	107518
26557	prompt	86	107520
26558	prompt	3667	107521
26559	prompt	86	107523
26560	prompt	3667	107524
26561	prompt	312	107526
26562	prompt	220	107528
26563	prompt	16	107529
26564	prompt	2357	107530
26565	prompt	2357	107535
26566	prompt	262	107540
26567	prompt	220	107543
26568	prompt	16	107544
26569	prompt	18	107545
26570	prompt	24	107546
26571	prompt	9760	107547
26572	prompt	220	107551
26573	prompt	16	107552
26574	prompt	19	107553
26575	prompt	220	107554
26576	prompt	17	107555
26577	prompt	16	107556
26578	prompt	25	107557
26579	prompt	18	107558
26580	prompt	15	107559
26581	prompt	12775	107560
26582	prompt	467	107564
26583	prompt	5254	107567
26584	prompt	20633	107574
26585	prompt	198	107577
26586	prompt	510	107578
26587	prompt	13766	107580
26588	prompt	9367	107584
26589	prompt	29	107593
26590	prompt	248046	107594
26591	prompt	198	107594
26592	prompt	248045	107595
26593	prompt	74455	107595
26594	prompt	198	107604
26595	think	248068	107605
26596	think	271	107612
26597	think	248069	107614
26598	out	271	107622
26599	tool	27	107624
26600	tool	13766	107625
26601	tool	13042	107629
26602	tool	29	107634
26603	tool	198	107635
26604	tool	4754	107636
26605	tool	591	107638
26606	tool	763	107642
26607	tool	328	107644
26608	tool	4274	107646
26609	tool	487	107650
26610	tool	328	107652
26611	tool	15889	107654
26612	tool	763	107663
26613	tool	5046	107665
26614	tool	1152	107668
26615	tool	2551	107672
26616	tool	56550	107677
26617	tool	41490	107681
26618	tool	95619	107690
26619	tool	1617	107693
26620	tool	4182	107699
26621	tool	29958	107704
26622	tool	198	107707
26623	tool	510	107708
26624	tool	13766	107710
26625	tool	13042	107714
26626	tool	29	107719
26627	out	198	107720
26628	tool	27	107721
26629	tool	13766	107722
26630	tool	13042	107726
26631	tool	29	107731
26632	tool	198	107732
26633	tool	4754	107733
26634	tool	591	107735
26635	tool	763	107739
26636	tool	328	107741
26637	tool	4274	107743
26638	tool	487	107747
26639	tool	328	107749
26640	tool	15889	107751
26641	tool	763	107760
26642	tool	5046	107762
26643	tool	1152	107765
26644	tool	2551	107769
26645	tool	56550	107774
26646	tool	41490	107778
26647	tool	5285	107787
26648	tool	93757	107789
26649	tool	5254	107794
26650	tool	20633	107801
26651	tool	29958	107804
26652	tool	198	107807
26653	tool	510	107808
26654	tool	13766	107810
26655	tool	13042	107814
26656	tool	29	107819
26657	out	198	107820
26658	tool	27	107821
26659	tool	13766	107822
26660	tool	13042	107826
26661	tool	29	107831
26662	tool	198	107832
26663	tool	4754	107833
26664	tool	591	107835
26665	tool	763	107839
26666	tool	328	107841
26667	tool	4274	107843
26668	tool	487	107847
26669	tool	328	107849
26670	tool	15889	107851
26671	tool	763	107860
26672	tool	5046	107862
26673	tool	1152	107865
26674	tool	2551	107869
26675	tool	56550	107874
26676	tool	41490	107878
26677	tool	13050	107887
26678	tool	11591	107891
26679	tool	12513	107893
26680	tool	12718	107896
26681	tool	29958	107900
26682	tool	198	107903
26683	tool	510	107904
26684	tool	13766	107906
26685	tool	13042	107910
26686	tool	29	107915
26687	prompt	248046	107916
26688	prompt	198	107916
26689	prompt	248045	107917
26690	prompt	846	107917
26691	prompt	198	107921
26692	prompt	27	107922
26693	prompt	13766	107923
26694	prompt	9367	107927
26695	prompt	29	107936
26696	prompt	198	107937
26697	prompt	16	107938
26698	prompt	197	107939
26699	prompt	90	107940
26700	prompt	198	107941
26701	prompt	17	107942
26702	prompt	3551	107943
26703	prompt	328	107945
26704	prompt	32508	107947
26705	prompt	3670	107955
26706	prompt	763	107962
26707	prompt	313	107964
26708	prompt	198	107966
26709	prompt	18	107967
26710	prompt	2672	107968
26711	prompt	328	107972
26712	prompt	5480	107974
26713	prompt	763	107980
26714	prompt	328	107982
26715	prompt	1515	107984
26716	prompt	17	107986
26717	prompt	15	107987
26718	prompt	17	107988
26719	prompt	17	107989
26720	prompt	487	107990
26721	prompt	198	107992
26722	prompt	19	107993
26723	prompt	2672	107994
26724	prompt	328	107998
26725	prompt	4211	108000
26726	prompt	763	108006
26727	prompt	328	108008
26728	prompt	1888	108010
26729	prompt	16	108014
26730	prompt	21	108015
26731	prompt	487	108016
26732	prompt	198	108018
26733	prompt	20	108019
26734	prompt	2672	108020
26735	prompt	328	108024
26736	prompt	4211	108026
26737	prompt	36846	108032
26738	prompt	763	108042
26739	prompt	328	108044
26740	prompt	1888	108046
26741	prompt	16	108050
26742	prompt	21	108051
26743	prompt	487	108052
26744	prompt	198	108054
26745	prompt	21	108055
26746	prompt	2672	108056
26747	prompt	328	108060
26748	prompt	403	108062
26749	prompt	5991	108065
26750	prompt	763	108068
26751	prompt	5740	108070
26752	prompt	11863	108074
26753	prompt	487	108078
26754	prompt	198	108080
26755	prompt	22	108081
26756	prompt	2672	108082
26757	prompt	328	108086
26758	prompt	2794	108088
26759	prompt	5991	108092
26760	prompt	763	108095
26761	prompt	5740	108097
26762	prompt	3431	108101
26763	prompt	487	108104
26764	prompt	198	108106
26765	prompt	23	108107
26766	prompt	2672	108108
26767	prompt	328	108112
26768	prompt	6418	108114
26769	prompt	763	108120
26770	prompt	804	108122
26771	prompt	11	108127
26772	prompt	198	108128
26773	prompt	24	108129
26774	prompt	2672	108130
26775	prompt	328	108134
26776	prompt	29030	108136
26777	prompt	90755	108144
26778	prompt	763	108151
26779	prompt	804	108153
26780	prompt	11	108158
26781	prompt	198	108159
26782	prompt	16	108160
26783	prompt	15	108161
26784	prompt	2672	108162
26785	prompt	328	108166
26786	prompt	19974	108168
26787	prompt	8921	108172
26788	prompt	3840	108175
26789	prompt	763	108180
26790	prompt	804	108182
26791	prompt	11	108187
26792	prompt	198	108188
26793	prompt	16	108189
26794	prompt	16	108190
26795	prompt	2672	108191
26796	prompt	328	108195
26797	prompt	8566	108197
26798	prompt	14777	108202
26799	prompt	17589	108206
26800	prompt	34	108212
26801	prompt	4278	108213
26802	prompt	623	108218
26803	prompt	1643	108220
26804	prompt	7729	108224
26805	prompt	763	108229
26806	prompt	804	108231
26807	prompt	11	108236
26808	prompt	198	108237
26809	prompt	16	108238
26810	prompt	17	108239
26811	prompt	2672	108240
26812	prompt	328	108244
26813	prompt	16815	108246
26814	prompt	4853	108253
26815	prompt	3223	108257
26816	prompt	763	108263
26817	prompt	804	108265
26818	prompt	11	108270
26819	prompt	198	108271
26820	prompt	16	108272
26821	prompt	18	108273
26822	prompt	2672	108274
26823	prompt	328	108278
26824	prompt	77613	108280
26825	prompt	763	108291
26826	prompt	804	108293
26827	prompt	11	108298
26828	prompt	198	108299
26829	prompt	16	108300
26830	prompt	19	108301
26831	prompt	2672	108302
26832	prompt	328	108306
26833	prompt	77613	108308
26834	prompt	2155	108319
26835	prompt	763	108322
26836	prompt	804	108324
26837	prompt	11	108329
26838	prompt	198	108330
26839	prompt	16	108331
26840	prompt	20	108332
26841	prompt	2672	108333
26842	prompt	328	108337
26843	prompt	2348	108339
26844	prompt	2155	108345
26845	prompt	763	108348
26846	prompt	804	108350
26847	prompt	198	108355
26848	prompt	16	108356
26849	prompt	21	108357
26850	prompt	3551	108358
26851	prompt	2390	108360
26852	prompt	198	108363
26853	prompt	16	108364
26854	prompt	22	108365
26855	prompt	3551	108366
26856	prompt	328	108368
26857	prompt	965	108370
26858	prompt	763	108377
26859	prompt	4241	108379
26860	prompt	3431	108382
26861	prompt	3537	108385
26862	prompt	1022	108388
26863	prompt	7664	108390
26864	prompt	198	108393
26865	prompt	16	108394
26866	prompt	23	108395
26867	prompt	3551	108396
26868	prompt	328	108398
26869	prompt	31343	108400
26870	prompt	763	108407
26871	prompt	4241	108409
26872	prompt	3394	108412
26873	prompt	15382	108416
26874	prompt	487	108424
26875	prompt	328	108426
26876	prompt	11863	108428
26877	prompt	487	108432
26878	prompt	328	108434
26879	prompt	23095	108436
26880	prompt	1293	108441
26881	prompt	198	108443
26882	prompt	16	108444
26883	prompt	24	108445
26884	prompt	197	108446
26885	prompt	92	108447
26886	prompt	198	108448
26887	prompt	17	108449
26888	prompt	15	108450
26889	prompt	198	108451
26890	prompt	510	108452
26891	prompt	13766	108454
26892	prompt	9367	108458
26893	prompt	29	108467
26894	prompt	198	108468
26895	prompt	27	108469
26896	prompt	13766	108470
26897	prompt	9367	108474
26898	prompt	29	108483
26899	prompt	198	108484
26900	prompt	16	108485
26901	prompt	21242	108486
26902	prompt	313	108493
26903	prompt	6762	108495
26904	prompt	2561	108502
26905	prompt	333	108508
26906	prompt	494	108510
26907	prompt	359	108515
26908	prompt	52967	108517
26909	prompt	467	108520
26910	prompt	14304	108523
26911	prompt	6750	108530
26912	prompt	198	108532
26913	prompt	17	108533
26914	prompt	1517	108534
26915	prompt	18	108536
26916	prompt	57434	108537
26917	prompt	1581	108544
26918	prompt	6762	108552
26919	prompt	2561	108559
26920	prompt	2231	108565
26921	prompt	198	108567
26922	prompt	19	108568
26923	prompt	3551	108569
26924	prompt	1228	108571
26925	prompt	25	108576
26926	prompt	313	108577
26927	prompt	198	108579
26928	prompt	20	108580
26929	prompt	2672	108581
26930	prompt	36536	108585
26931	prompt	25	108593
26932	prompt	804	108594
26933	prompt	11	108599
26934	prompt	198	108600
26935	prompt	21	108601
26936	prompt	2672	108602
26937	prompt	1228	108606
26938	prompt	7393	108611
26939	prompt	25	108618
26940	prompt	220	108619
26941	prompt	16	108620
26942	prompt	15	108621
26943	prompt	15	108622
26944	prompt	15	108623
26945	prompt	15	108624
26946	prompt	11	108625
26947	prompt	198	108626
26948	prompt	22	108627
26949	prompt	3551	108628
26950	prompt	2390	108630
26951	prompt	198	108633
26952	prompt	23	108634
26953	prompt	197	108635
26954	prompt	13685	108636
26955	prompt	198	108639
26956	prompt	24	108640
26957	prompt	198	108641
26958	prompt	510	108642
26959	prompt	13766	108644
26960	prompt	9367	108648
26961	prompt	29	108657
26962	prompt	198	108658
26963	prompt	27	108659
26964	prompt	13766	108660
26965	prompt	9367	108664
26966	prompt	29	108673
26967	prompt	198	108674
26968	prompt	27	108675
26969	prompt	8678	108676
26970	prompt	12	108682
26971	prompt	75240	108683
26972	prompt	29	108691
26973	prompt	11743	108692
26974	prompt	25	108699
26975	prompt	279	108700
26976	prompt	999	108704
26977	prompt	6513	108709
26978	prompt	694	108716
26979	prompt	369	108720
26980	prompt	22602	108723
26981	prompt	1056	108731
26982	prompt	279	108736
26983	prompt	3766	108740
26984	prompt	4206	108749
26985	prompt	318	108756
26986	prompt	16	108758
26987	prompt	553	108759
26988	prompt	561	108761
26989	prompt	999	108765
26990	prompt	682	108770
26991	prompt	220	108774
26992	prompt	16	108775
26993	prompt	4965	108776
26994	prompt	3786	108782
26995	prompt	8678	108785
26996	prompt	12	108791
26997	prompt	75240	108792
26998	prompt	29	108800
26999	prompt	198	108801
27000	prompt	510	108802
27001	prompt	13766	108804
27002	prompt	9367	108808
27003	prompt	29	108817
27004	prompt	248046	108818
27005	prompt	198	108818
27006	prompt	248045	108819
27007	prompt	74455	108819
27008	prompt	198	108828
27009	think	248068	108829
27010	think	271	108836
27011	think	248069	108838
27012	out	271	108846
27013	out	6820	108848
27014	out	1042	108851
27015	out	728	108855
27016	out	1716	108858
27017	out	413	108864
27018	out	1017	108867
27019	out	513	108873
27020	out	866	108877
27021	out	6149	108881
27022	out	6813	108890
27023	out	310	108896
27024	out	3418	108899
27025	out	3481	108910
27026	out	7465	108919
27027	out	25	108928
27028	out	271	108929
27029	tool	27	108931
27030	tool	13766	108932
27031	tool	13042	108936
27032	tool	29	108941
27033	tool	198	108942
27034	tool	4754	108943
27035	tool	591	108945
27036	tool	763	108949
27037	tool	328	108951
27038	tool	33	108953
27039	tool	956	108954
27040	tool	487	108957
27041	tool	328	108959
27042	tool	15889	108961
27043	tool	763	108970
27044	tool	5046	108972
27045	tool	5454	108975
27046	tool	3147	108982
27047	tool	3772	108985
27048	tool	593	108989
27049	tool	41490	108991
27050	tool	471	109000
27051	tool	591	109002
27052	tool	70246	109006
27053	tool	1877	109010
27054	tool	4749	109014
27055	tool	6	109016
27056	tool	471	109017
27057	tool	78	109019
27058	tool	471	109020
27059	tool	591	109022
27060	tool	70246	109026
27061	tool	9253	109030
27062	tool	4749	109034
27063	tool	6	109036
27064	tool	735	109037
27065	tool	1901	109039
27066	tool	471	109044
27067	tool	17	109046
27068	tool	15	109047
27069	tool	2129	109048
27070	tool	4532	109051
27071	tool	3147	109062
27072	tool	9592	109065
27073	tool	6149	109069
27074	tool	1228	109078
27075	tool	3425	109083
27076	tool	29958	109089
27077	tool	198	109092
27078	tool	510	109093
27079	tool	13766	109095
27080	tool	13042	109099
27081	tool	29	109104
27082	out	198	109105
27083	tool	27	109106
27084	tool	13766	109107
27085	tool	13042	109111
27086	tool	29	109116
27087	tool	198	109117
27088	tool	4754	109118
27089	tool	591	109120
27090	tool	763	109124
27091	tool	328	109126
27092	tool	33	109128
27093	tool	956	109129
27094	tool	487	109132
27095	tool	328	109134
27096	tool	15889	109136
27097	tool	763	109145
27098	tool	5046	109147
27099	tool	5454	109150
27100	tool	3147	109157
27101	tool	4577	109160
27102	tool	593	109162
27103	tool	41490	109164
27104	tool	35980	109173
27105	tool	15382	109178
27106	tool	11591	109186
27107	tool	1662	109188
27108	tool	40393	109195
27109	tool	4182	109200
27110	tool	220	109205
27111	tool	17	109206
27112	tool	17566	109207
27113	tool	3464	109209
27114	tool	18710	109212
27115	tool	26	109217
27116	tool	44876	109218
27117	tool	18997	109222
27118	tool	220	109225
27119	tool	17	109226
27120	tool	17566	109227
27121	tool	3464	109229
27122	tool	18710	109232
27123	tool	735	109237
27124	tool	1901	109239
27125	tool	471	109244
27126	tool	20	109246
27127	tool	2129	109247
27128	tool	4532	109250
27129	tool	3147	109261
27130	tool	3840	109264
27131	tool	413	109269
27132	tool	2357	109272
27133	tool	15382	109277
27134	tool	6513	109285
27135	tool	29958	109292
27136	tool	198	109295
27137	tool	510	109296
27138	tool	13766	109298
27139	tool	13042	109302
27140	tool	29	109307
27141	prompt	248046	109308
27142	prompt	198	109308
27143	prompt	248045	109309
27144	prompt	846	109309
27145	prompt	198	109313
27146	prompt	27	109314
27147	prompt	13766	109315
27148	prompt	9367	109319
27149	prompt	29	109328
27150	prompt	198	109329
27151	prompt	5181	109330
27152	prompt	956	109332
27153	prompt	7888	109335
27154	prompt	440	109345
27155	prompt	874	109350
27156	prompt	2468	109353
27157	prompt	8	109360
27158	prompt	198	109361
27159	prompt	510	109362
27160	prompt	13766	109364
27161	prompt	9367	109368
27162	prompt	29	109377
27163	prompt	198	109378
27164	prompt	27	109379
27165	prompt	13766	109380
27166	prompt	9367	109384
27167	prompt	29	109393
27168	prompt	198	109394
27169	prompt	26157	109395
27170	prompt	12	109400
27171	prompt	92386	109401
27172	prompt	12	109411
27173	prompt	18479	109412
27174	prompt	31	109417
27175	prompt	16	109418
27176	prompt	13	109419
27177	prompt	15	109420
27178	prompt	13	109421
27179	prompt	15	109422
27180	prompt	593	109423
27181	prompt	41490	109425
27182	prompt	198	109434
27183	prompt	10	109435
27184	prompt	312	109436
27185	prompt	6434	109438
27186	prompt	43381	109441
27187	prompt	3276	109444
27188	prompt	37554	109447
27189	prompt	41047	109451
27190	prompt	554	109455
27191	prompt	8969	109457
27192	prompt	35980	109462
27193	prompt	31	109467
27194	prompt	61	109468
27195	prompt	17	109469
27196	prompt	17	109470
27197	prompt	13	109471
27198	prompt	15	109472
27199	prompt	13	109473
27200	prompt	15	109474
27201	prompt	198	109475
27202	prompt	10	109476
27203	prompt	312	109477
27204	prompt	6434	109479
27205	prompt	43381	109482
27206	prompt	3276	109485
27207	prompt	37554	109488
27208	prompt	41047	109492
27209	prompt	554	109496
27210	prompt	47887	109498
27211	prompt	53321	109508
27212	prompt	37153	109515
27213	prompt	14524	109518
27214	prompt	22890	109522
27215	prompt	31	109529
27216	prompt	61	109530
27217	prompt	22	109531
27218	prompt	13	109532
27219	prompt	15	109533
27220	prompt	13	109534
27221	prompt	15	109535
27222	prompt	198	109536
27223	prompt	10	109537
27224	prompt	312	109538
27225	prompt	6434	109540
27226	prompt	43381	109543
27227	prompt	3276	109546
27228	prompt	37554	109549
27229	prompt	41047	109553
27230	prompt	554	109557
27231	prompt	47887	109559
27232	prompt	53321	109569
27233	prompt	59686	109576
27234	prompt	31	109583
27235	prompt	61	109584
27236	prompt	22	109585
27237	prompt	13	109586
27238	prompt	15	109587
27239	prompt	13	109588
27240	prompt	15	109589
27241	prompt	198	109590
27242	prompt	10	109591
27243	prompt	312	109592
27244	prompt	6434	109594
27245	prompt	43381	109597
27246	prompt	3276	109600
27247	prompt	37554	109603
27248	prompt	41047	109607
27249	prompt	554	109611
27250	prompt	52967	109613
27251	prompt	467	109616
27252	prompt	14	109619
27253	prompt	52426	109620
27254	prompt	8015	109628
27255	prompt	23	109630
27256	prompt	31	109631
27257	prompt	61	109632
27258	prompt	17	109633
27259	prompt	13	109634
27260	prompt	15	109635
27261	prompt	13	109636
27262	prompt	15	109637
27263	prompt	198	109638
27264	prompt	510	109639
27265	prompt	13766	109641
27266	prompt	9367	109645
27267	prompt	29	109654
27268	prompt	248046	109655
27269	prompt	198	109655
27270	prompt	248045	109656
27271	prompt	8678	109656
27272	prompt	198	109662
27273	prompt	760	109663
27274	prompt	3274	109666
27275	prompt	7141	109671
27276	prompt	8719	109677
27277	prompt	914	109683
27278	prompt	978	109685
27279	prompt	1429	109690
27280	prompt	5742	109695
27281	prompt	13	109704
27282	prompt	1368	109705
27283	prompt	488	109708
27284	prompt	2224	109712
27285	prompt	3133	109715
27286	prompt	383	109723
27287	prompt	8806	109726
27288	prompt	421	109732
27289	prompt	1000	109737
27290	prompt	8495	109743
27291	prompt	494	109751
27292	prompt	14419	109756
27293	prompt	4936	109765
27294	prompt	11	109774
27295	prompt	2814	109775
27296	prompt	1608	109784
27297	prompt	5261	109790
27298	prompt	3886	109795
27299	prompt	310	109801
27300	prompt	884	109804
27301	prompt	491	109808
27302	prompt	8806	109812
27303	prompt	321	109818
27304	prompt	5261	109822
27305	prompt	4149	109827
27306	prompt	310	109833
27307	prompt	2560	109836
27308	prompt	3274	109843
27309	prompt	2552	109848
27310	prompt	318	109855
27311	prompt	723	109857
27312	prompt	310	109860
27313	prompt	303	109863
27314	prompt	26324	109866
27315	prompt	948	109875
27316	prompt	5732	109880
27317	prompt	11	109889
27318	prompt	7888	109890
27319	prompt	948	109900
27320	prompt	2725	109905
27321	prompt	553	109910
27322	prompt	7054	109912
27323	prompt	2814	109917
27324	prompt	15361	109926
27325	prompt	685	109935
27326	prompt	279	109938
27327	prompt	3274	109942
27328	prompt	1103	109947
27329	prompt	413	109952
27330	prompt	424	109955
27331	prompt	682	109958
27332	prompt	3512	109962
27333	prompt	48659	109969
27334	prompt	13	109975
27335	prompt	8020	109976
27336	prompt	958	109981
27337	prompt	1439	109985
27338	prompt	413	109991
27339	prompt	9468	109994
27340	prompt	310	110003
27341	prompt	279	110006
27342	prompt	1428	110010
27343	prompt	944	110018
27344	prompt	13	110023
27345	prompt	1061	110024
27346	prompt	369	110029
27347	prompt	1066	110032
27348	prompt	264	110037
27349	prompt	21030	110039
27350	prompt	25680	110046
27351	prompt	471	110055
27352	prompt	9738	110057
27353	prompt	413	110064
27354	prompt	524	110067
27355	prompt	8155	110071
27356	prompt	13	110082
27357	prompt	198	110083
27358	prompt	248046	110084
27359	prompt	198	110084
27360	prompt	248045	110085
27361	prompt	74455	110085
27362	prompt	198	110094
27363	think	248068	110095
27364	think	271	110102
27365	think	248069	110104
27366	out	271	110112
27367	tool	27	110114
27368	tool	13766	110115
27369	tool	13042	110119
27370	tool	29	110124
27371	tool	198	110125
27372	tool	4754	110126
27373	tool	591	110128
27374	tool	763	110132
27375	tool	328	110134
27376	tool	33	110136
27377	tool	956	110137
27378	tool	487	110140
27379	tool	328	110142
27380	tool	15889	110144
27381	tool	763	110153
27382	tool	5046	110155
27383	tool	5454	110158
27384	tool	3147	110165
27385	tool	38708	110168
27386	tool	4433	110171
27387	tool	220	110179
27388	tool	17	110180
27389	tool	5608	110181
27390	tool	16	110183
27391	tool	735	110184
27392	tool	9495	110186
27393	tool	471	110191
27394	tool	20	110193
27395	tool	2129	110194
27396	tool	4532	110197
27397	tool	3147	110208
27398	tool	23912	110211
27399	tool	44876	110218
27400	tool	18948	110222
27401	tool	29958	110235
27402	tool	198	110238
27403	tool	510	110239
27404	tool	13766	110241
27405	tool	13042	110245
27406	tool	29	110250
27407	prompt	248046	110251
27408	prompt	198	110251
27409	prompt	248045	110252
27410	prompt	846	110252
27411	prompt	198	110256
27412	prompt	27	110257
27413	prompt	13766	110258
27414	prompt	9367	110262
27415	prompt	29	110271
27416	prompt	198	110272
27417	prompt	1206	110273
27418	prompt	2534	110275
27419	prompt	660	110283
27420	prompt	4562	110287
27421	prompt	318	110294
27422	prompt	15693	110296
27423	prompt	14293	110305
27424	prompt	4203	110314
27425	prompt	681	110322
27426	prompt	1542	110324
27427	prompt	25	110328
27428	prompt	198	110329
27429	prompt	220	110330
27430	prompt	44876	110331
27431	prompt	23513	110335
27432	prompt	4884	110341
27433	prompt	1137	110345
27434	prompt	8566	110348
27435	prompt	271	110353
27436	prompt	6516	110355
27437	prompt	1510	110358
27438	prompt	38708	110360
27439	prompt	23513	110363
27440	prompt	63	110369
27441	prompt	364	110370
27442	prompt	3447	110374
27443	prompt	13	110382
27444	prompt	198	110383
27445	prompt	510	110384
27446	prompt	13766	110386
27447	prompt	9367	110390
27448	prompt	29	110399
27449	prompt	248046	110400
27450	prompt	198	110400
27451	prompt	248045	110401
27452	prompt	74455	110401
27453	prompt	198	110410
27454	think	248068	110411
27455	think	271	110418
27456	think	248069	110420
27457	out	271	110428
27458	out	14773	110430
27459	out	11	110434
27460	out	18948	110435
27461	out	513	110448
27462	out	9969	110452
27463	out	13	110462
27464	out	4543	110463
27465	out	1042	110467
27466	out	728	110471
27467	out	4072	110474
27468	out	279	110484
27469	out	2128	110488
27470	out	3436	110497
27471	out	13	110503
27472	out	353	110504
27473	out	3172	110506
27474	out	6507	110509
27475	out	279	110515
27476	out	1970	110519
27477	out	1083	110524
27478	out	19214	110529
27479	out	3425	110537
27480	out	364	110543
27481	out	30246	110547
27482	out	13	110555
27483	out	271	110556
27484	tool	27	110558
27485	tool	13766	110559
27486	tool	13042	110563
27487	tool	29	110568
27488	tool	198	110569
27489	tool	4754	110570
27490	tool	591	110572
27491	tool	763	110576
27492	tool	328	110578
27493	tool	6065	110580
27494	tool	3886	110584
27495	tool	487	110590
27496	tool	328	110592
27497	tool	15889	110594
27498	tool	763	110603
27499	tool	5046	110605
27500	tool	4532	110608
27501	tool	3147	110619
27502	tool	34167	110622
27503	tool	660	110628
27504	tool	84441	110632
27505	tool	23344	110643
27506	tool	25	110654
27507	tool	5889	110655
27508	tool	11	110663
27509	tool	56606	110664
27510	tool	11	110673
27511	tool	38754	110674
27512	tool	2009	110680
27513	tool	11	110686
27514	tool	11451	110687
27515	tool	5903	110696
27516	tool	2129	110701
27517	tool	11170	110704
27518	tool	3147	110711
27519	tool	60856	110714
27520	tool	11451	110723
27521	tool	5903	110732
27522	tool	4346	110737
27523	tool	321	110743
27524	tool	23344	110747
27525	tool	29958	110758
27526	tool	198	110761
27527	tool	510	110762
27528	tool	13766	110764
27529	tool	13042	110768
27530	tool	29	110773
27531	out	198	110774
27532	tool	27	110775
27533	tool	13766	110776
27534	tool	13042	110780
27535	tool	29	110785
27536	tool	198	110786
27537	tool	4754	110787
27538	tool	591	110789
27539	tool	763	110793
27540	tool	328	110795
27541	tool	6065	110797
27542	tool	3886	110801
27543	tool	487	110807
27544	tool	328	110809
27545	tool	15889	110811
27546	tool	763	110820
27547	tool	5046	110822
27548	tool	4532	110825
27549	tool	3147	110836
27550	tool	60856	110839
27551	tool	5138	110848
27552	tool	795	110857
27553	tool	13976	110862
27554	tool	364	110873
27555	tool	10478	110877
27556	tool	11	110886
27557	tool	22371	110887
27558	tool	11	110896
27559	tool	321	110897
27560	tool	2128	110901
27561	tool	5638	110910
27562	tool	2129	110918
27563	tool	11170	110921
27564	tool	3147	110928
27565	tool	60856	110931
27566	tool	6007	110940
27567	tool	795	110945
27568	tool	13976	110950
27569	tool	29958	110961
27570	tool	198	110964
27571	tool	510	110965
27572	tool	13766	110967
27573	tool	13042	110971
27574	tool	29	110976
27575	out	198	110977
27576	tool	27	110978
27577	tool	13766	110979
27578	tool	13042	110983
27579	tool	29	110988
27580	tool	198	110989
27581	tool	4754	110990
27582	tool	591	110992
27583	tool	763	110996
27584	tool	328	110998
27585	tool	6065	111000
27586	tool	3886	111004
27587	tool	487	111010
27588	tool	328	111012
27589	tool	15889	111014
27590	tool	763	111023
27591	tool	5046	111025
27592	tool	4532	111028
27593	tool	3147	111039
27594	tool	60856	111042
27595	tool	1791	111051
27596	tool	11	111058
27597	tool	615	111059
27598	tool	11	111063
27599	tool	2560	111064
27600	tool	11	111071
27601	tool	3572	111072
27602	tool	440	111079
27603	tool	5976	111084
27604	tool	1412	111091
27605	tool	11256	111097
27606	tool	321	111106
27607	tool	2243	111110
27608	tool	286	111118
27609	tool	2129	111121
27610	tool	11170	111124
27611	tool	3147	111131
27612	tool	60856	111134
27613	tool	61967	111143
27614	tool	7289	111148
27615	tool	29958	111159
27616	tool	198	111162
27617	tool	510	111163
27618	tool	13766	111165
27619	tool	13042	111169
27620	tool	29	111174
27621	out	198	111175
27622	tool	27	111176
27623	tool	13766	111177
27624	tool	13042	111181
27625	tool	29	111186
27626	tool	198	111187
27627	tool	4754	111188
27628	tool	591	111190
27629	tool	763	111194
27630	tool	328	111196
27631	tool	6065	111198
27632	tool	3886	111202
27633	tool	487	111208
27634	tool	328	111210
27635	tool	15889	111212
27636	tool	763	111221
27637	tool	5046	111223
27638	tool	4532	111226
27639	tool	3147	111237
27640	tool	60856	111240
27641	tool	1791	111249
27642	tool	17656	111256
27643	tool	11	111262
27644	tool	3289	111263
27645	tool	17656	111270
27646	tool	11	111276
27647	tool	615	111277
27648	tool	17656	111281
27649	tool	11	111287
27650	tool	1103	111288
27651	tool	17656	111293
27652	tool	287	111299
27653	tool	2129	111301
27654	tool	11170	111304
27655	tool	3147	111311
27656	tool	60856	111314
27657	tool	82515	111323
27658	tool	1785	111333
27659	tool	29958	111340
27660	tool	198	111343
27661	tool	510	111344
27662	tool	13766	111346
27663	tool	13042	111350
27664	tool	29	111355
27665	out	198	111356
27666	tool	27	111357
27667	tool	13766	111358
27668	tool	13042	111362
27669	tool	29	111367
27670	tool	198	111368
27671	tool	4754	111369
27672	tool	591	111371
27673	tool	763	111375
27674	tool	328	111377
27675	tool	6065	111379
27676	tool	3886	111383
27677	tool	487	111389
27678	tool	328	111391
27679	tool	15889	111393
27680	tool	763	111402
27681	tool	5046	111404
27682	tool	4532	111407
27683	tool	3147	111418
27684	tool	60856	111421
27685	tool	2250	111430
27686	tool	25941	111436
27687	tool	23016	111440
27688	tool	10562	111451
27689	tool	440	111457
27690	tool	11712	111462
27691	tool	17448	111471
27692	tool	2129	111481
27693	tool	11170	111484
27694	tool	3147	111491
27695	tool	60856	111494
27696	tool	2250	111503
27697	tool	25941	111509
27698	tool	10562	111513
27699	tool	29958	111519
27700	tool	198	111522
27701	tool	510	111523
27702	tool	13766	111525
27703	tool	13042	111529
27704	tool	29	111534
27705	out	198	111535
27706	tool	27	111536
27707	tool	13766	111537
27708	tool	13042	111541
27709	tool	29	111546
27710	tool	198	111547
27711	tool	4754	111548
27712	tool	591	111550
27713	tool	763	111554
27714	tool	328	111556
27715	tool	6065	111558
27716	tool	3886	111562
27717	tool	487	111568
27718	tool	328	111570
27719	tool	15889	111572
27720	tool	763	111581
27721	tool	5046	111583
27722	tool	4532	111586
27723	tool	3147	111597
27724	tool	7734	111600
27725	tool	6813	111605
27726	tool	364	111611
27727	tool	660	111615
27728	tool	7289	111619
27729	tool	25	111630
27730	tool	61967	111631
27731	tool	11	111636
27732	tool	2243	111637
27733	tool	286	111645
27734	tool	11	111648
27735	tool	82515	111649
27736	tool	11	111659
27737	tool	51586	111660
27738	tool	2129	111668
27739	tool	11170	111671
27740	tool	3147	111678
27741	tool	7734	111681
27742	tool	15352	111686
27743	tool	6813	111700
27744	tool	29958	111706
27745	tool	198	111709
27746	tool	510	111710
27747	tool	13766	111712
27748	tool	13042	111716
27749	tool	29	111721
27750	out	198	111722
27751	tool	27	111723
27752	tool	13766	111724
27753	tool	13042	111728
27754	tool	29	111733
27755	tool	198	111734
27756	tool	4754	111735
27757	tool	591	111737
27758	tool	763	111741
27759	tool	328	111743
27760	tool	6065	111745
27761	tool	3886	111749
27762	tool	487	111755
27763	tool	328	111757
27764	tool	15889	111759
27765	tool	763	111768
27766	tool	5046	111770
27767	tool	4532	111773
27768	tool	3147	111784
27769	tool	6516	111787
27770	tool	259	111790
27771	tool	2311	111792
27772	tool	1870	111794
27773	tool	321	111800
27774	tool	12775	111804
27775	tool	467	111808
27776	tool	310	111811
27777	tool	5790	111814
27778	tool	4156	111821
27779	tool	1319	111832
27780	tool	3533	111837
27781	tool	321	111841
27782	tool	6813	111845
27783	tool	1440	111851
27784	tool	2129	111856
27785	tool	11170	111859
27786	tool	3147	111866
27787	tool	31547	111869
27788	tool	1870	111875
27789	tool	321	111881
27790	tool	6813	111885
27791	tool	1440	111891
27792	tool	29958	111896
27793	tool	198	111899
27794	tool	510	111900
27795	tool	13766	111902
27796	tool	13042	111906
27797	tool	29	111911
27798	prompt	248046	111912
27799	prompt	198	111912
27800	prompt	248045	111913
27801	prompt	846	111913
27802	prompt	198	111917
27803	prompt	27	111918
27804	prompt	13766	111919
27805	prompt	9367	111923
27806	prompt	29	111932
27807	prompt	198	111933
27808	prompt	6065	111934
27809	prompt	653	111938
27810	prompt	16	111940
27811	prompt	3354	111941
27812	prompt	7544	111949
27813	prompt	25	111962
27814	prompt	30057	111963
27815	prompt	11451	111973
27816	prompt	5903	111982
27817	prompt	4346	111987
27818	prompt	321	111993
27819	prompt	23344	111997
27820	prompt	198	112008
27821	prompt	510	112009
27822	prompt	13766	112011
27823	prompt	9367	112015
27824	prompt	29	112024
27825	prompt	198	112025
27826	prompt	27	112026
27827	prompt	13766	112027
27828	prompt	9367	112031
27829	prompt	29	112040
27830	prompt	198	112041
27831	prompt	6065	112042
27832	prompt	653	112046
27833	prompt	17	112048
27834	prompt	3354	112049
27835	prompt	7544	112057
27836	prompt	25	112070
27837	prompt	30057	112071
27838	prompt	6007	112081
27839	prompt	795	112086
27840	prompt	13976	112091
27841	prompt	198	112102
27842	prompt	510	112103
27843	prompt	13766	112105
27844	prompt	9367	112109
27845	prompt	29	112118
27846	prompt	198	112119
27847	prompt	27	112120
27848	prompt	13766	112121
27849	prompt	9367	112125
27850	prompt	29	112134
27851	prompt	198	112135
27852	prompt	6065	112136
27853	prompt	653	112140
27854	prompt	18	112142
27855	prompt	3354	112143
27856	prompt	7544	112151
27857	prompt	25	112164
27858	prompt	30057	112165
27859	prompt	61967	112175
27860	prompt	7289	112180
27861	prompt	198	112191
27862	prompt	510	112192
27863	prompt	13766	112194
27864	prompt	9367	112198
27865	prompt	29	112207
27866	prompt	198	112208
27867	prompt	27	112209
27868	prompt	13766	112210
27869	prompt	9367	112214
27870	prompt	29	112223
27871	prompt	198	112224
27872	prompt	6065	112225
27873	prompt	653	112229
27874	prompt	19	112231
27875	prompt	3354	112232
27876	prompt	7544	112240
27877	prompt	25	112253
27878	prompt	30057	112254
27879	prompt	82515	112264
27880	prompt	1785	112274
27881	prompt	198	112281
27882	prompt	510	112282
27883	prompt	13766	112284
27884	prompt	9367	112288
27885	prompt	29	112297
27886	prompt	198	112298
27887	prompt	27	112299
27888	prompt	13766	112300
27889	prompt	9367	112304
27890	prompt	29	112313
27891	prompt	198	112314
27892	prompt	6065	112315
27893	prompt	653	112319
27894	prompt	20	112321
27895	prompt	3354	112322
27896	prompt	7544	112330
27897	prompt	25	112343
27898	prompt	30057	112344
27899	prompt	2250	112354
27900	prompt	25941	112360
27901	prompt	10562	112364
27902	prompt	198	112370
27903	prompt	510	112371
27904	prompt	13766	112373
27905	prompt	9367	112377
27906	prompt	29	112386
27907	prompt	198	112387
27908	prompt	27	112388
27909	prompt	13766	112389
27910	prompt	9367	112393
27911	prompt	29	112402
27912	prompt	198	112403
27913	prompt	6065	112404
27914	prompt	653	112408
27915	prompt	21	112410
27916	prompt	3354	112411
27917	prompt	7544	112419
27918	prompt	25	112432
27919	prompt	9357	112433
27920	prompt	15352	112439
27921	prompt	6813	112453
27922	prompt	198	112459
27923	prompt	510	112460
27924	prompt	13766	112462
27925	prompt	9367	112466
27926	prompt	29	112475
27927	prompt	198	112476
27928	prompt	27	112477
27929	prompt	13766	112478
27930	prompt	9367	112482
27931	prompt	29	112491
27932	prompt	198	112492
27933	prompt	6065	112493
27934	prompt	653	112497
27935	prompt	22	112499
27936	prompt	3354	112500
27937	prompt	7544	112508
27938	prompt	25	112521
27939	prompt	24624	112522
27940	prompt	1870	112529
27941	prompt	321	112535
27942	prompt	6813	112539
27943	prompt	1440	112545
27944	prompt	198	112550
27945	prompt	510	112551
27946	prompt	13766	112553
27947	prompt	9367	112557
27948	prompt	29	112566
27949	prompt	248046	112567
27950	prompt	198	112567
27951	prompt	248045	112568
27952	prompt	74455	112568
27953	prompt	198	112577
27954	think	248068	112578
27955	think	271	112585
27956	think	248069	112587
27957	out	271	112595
27958	tool	27	112597
27959	tool	13766	112598
27960	tool	13042	112602
27961	tool	29	112607
27962	tool	198	112608
27963	tool	4754	112609
27964	tool	591	112611
27965	tool	763	112615
27966	tool	328	112617
27967	tool	6065	112619
27968	tool	4149	112623
27969	tool	487	112629
27970	tool	328	112631
27971	tool	15889	112633
27972	tool	763	112642
27973	tool	5046	112644
27974	tool	2738	112647
27975	tool	3147	112653
27976	tool	258	112656
27977	tool	26324	112658
27978	tool	2129	112667
27979	tool	77903	112670
27980	tool	3147	112676
27981	tool	16	112679
27982	tool	29958	112680
27983	tool	198	112683
27984	tool	510	112684
27985	tool	13766	112686
27986	tool	13042	112690
27987	tool	29	112695
27988	prompt	248046	112696
27989	prompt	198	112696
27990	prompt	248045	112697
27991	prompt	846	112697
27992	prompt	198	112701
27993	prompt	27	112702
27994	prompt	13766	112703
27995	prompt	9367	112707
27996	prompt	29	112716
27997	prompt	198	112717
27998	prompt	15719	112718
27999	prompt	3274	112725
28000	prompt	653	112730
28001	prompt	16	112732
28002	prompt	2552	112733
28003	prompt	198	112740
28004	prompt	510	112741
28005	prompt	13766	112743
28006	prompt	9367	112747
28007	prompt	29	112756
28008	prompt	248046	112757
28009	prompt	198	112757
28010	prompt	248045	112758
28011	prompt	74455	112758
28012	prompt	198	112767
28013	think	248068	112768
28014	think	271	112775
28015	think	248069	112777
28016	out	271	112785
28017	out	9764	112787
28018	out	728	112790
28019	out	4072	112793
28020	out	279	112803
28021	out	2400	112807
28022	out	6093	112812
28023	out	13	112821
28024	out	353	112822
28025	out	3172	112824
28026	out	1791	112827
28027	out	279	112834
28028	out	4346	112838
28029	out	999	112844
28030	out	11	112849
28031	out	279	112850
28032	out	10562	112854
28033	out	11870	112860
28034	out	11	112866
28035	out	321	112867
28036	out	279	112871
28037	out	1822	112875
28038	out	11451	112880
28039	out	5903	112889
28040	out	523	112894
28041	out	13	112900
28042	out	271	112901
28043	tool	27	112903
28044	tool	13766	112904
28045	tool	13042	112908
28046	tool	29	112913
28047	tool	198	112914
28048	tool	4754	112915
28049	tool	591	112917
28050	tool	763	112921
28051	tool	328	112923
28052	tool	7734	112925
28053	tool	487	112930
28054	tool	328	112932
28055	tool	15889	112934
28056	tool	763	112943
28057	tool	5046	112945
28058	tool	1733	112948
28059	tool	3147	112955
28060	tool	1479	112958
28061	tool	3622	112964
28062	tool	5889	112974
28063	tool	27238	112982
28064	tool	77	112985
28065	tool	220	112986
28066	tool	850	112987
28067	tool	25	112990
28068	tool	886	112991
28069	tool	17347	112998
28070	tool	77	113000
28071	tool	220	113001
28072	tool	11112	113002
28073	tool	25	113012
28074	tool	1324	113013
28075	tool	17347	113020
28076	tool	77	113022
28077	tool	220	113023
28078	tool	2144	113024
28079	tool	25	113032
28080	tool	1576	113033
28081	tool	17347	113040
28082	tool	77	113042
28083	tool	10713	113043
28084	tool	77	113045
28085	tool	1639	113046
28086	tool	1479	113048
28087	tool	3622	113054
28088	tool	56606	113064
28089	tool	27238	113073
28090	tool	77	113076
28091	tool	220	113077
28092	tool	2128	113078
28093	tool	739	113087
28094	tool	25	113089
28095	tool	886	113090
28096	tool	17347	113097
28097	tool	77	113099
28098	tool	220	113100
28099	tool	1752	113101
28100	tool	25	113106
28101	tool	886	113107
28102	tool	26	113114
28103	tool	950	113115
28104	tool	434	113121
28105	tool	12391	113124
28106	tool	70221	113128
28107	tool	4566	113138
28108	tool	1752	113143
28109	tool	11	113148
28110	tool	378	113149
28111	tool	1257	113151
28112	tool	13	113153
28113	tool	7018	113154
28114	tool	64	113157
28115	tool	918	113158
28116	tool	508	113160
28117	tool	21555	113162
28118	tool	77	113165
28119	tool	220	113166
28120	tool	2255	113167
28121	tool	25	113172
28122	tool	866	113173
28123	tool	17347	113177
28124	tool	77	113179
28125	tool	220	113180
28126	tool	11022	113181
28127	tool	25	113186
28128	tool	866	113187
28129	tool	17347	113191
28130	tool	77	113193
28131	tool	220	113194
28132	tool	45625	113195
28133	tool	25	113202
28134	tool	866	113203
28135	tool	17347	113207
28136	tool	77	113209
28137	tool	10713	113210
28138	tool	77	113212
28139	tool	1639	113213
28140	tool	1479	113215
28141	tool	3622	113221
28142	tool	38754	113231
28143	tool	2009	113237
28144	tool	27238	113243
28145	tool	77	113246
28146	tool	220	113247
28147	tool	25170	113248
28148	tool	25	113255
28149	tool	13190	113256
28150	tool	4787	113263
28151	tool	11	113270
28152	tool	1576	113271
28153	tool	63576	113278
28154	tool	220	113280
28155	tool	434	113281
28156	tool	2128	113284
28157	tool	739	113293
28158	tool	1411	113295
28159	tool	25170	113298
28160	tool	2144	113305
28161	tool	1639	113313
28162	tool	220	113315
28163	tool	24979	113316
28164	tool	25	113326
28165	tool	56606	113327
28166	tool	1249	113336
28167	tool	17347	113338
28168	tool	77	113340
28169	tool	220	113341
28170	tool	8977	113342
28171	tool	25	113350
28172	tool	2623	113351
28173	tool	26	113359
28174	tool	220	113360
28175	tool	434	113361
28176	tool	804	113364
28177	tool	413	113369
28178	tool	10562	113372
28179	tool	557	113378
28180	tool	3129	113382
28181	tool	43649	113387
28182	tool	3330	113390
28183	tool	318	113395
28184	tool	2083	113397
28185	tool	24979	113399
28186	tool	10383	113409
28187	tool	77	113411
28188	tool	10713	113412
28189	tool	77	113414
28190	tool	1639	113415
28191	tool	1479	113417
28192	tool	3622	113423
28193	tool	11451	113433
28194	tool	5903	113442
28195	tool	27238	113447
28196	tool	77	113450
28197	tool	220	113451
28198	tool	434	113452
28199	tool	11451	113455
28200	tool	61967	113464
28201	tool	1639	113469
28202	tool	220	113471
28203	tool	1791	113472
28204	tool	3598	113479
28205	tool	25	113482
28206	tool	886	113483
28207	tool	11	113490
28208	tool	2144	113491
28209	tool	25	113499
28210	tool	1576	113500
28211	tool	1590	113507
28212	tool	715	113509
28213	tool	17347	113514
28214	tool	77	113516
28215	tool	220	113517
28216	tool	615	113518
28217	tool	3598	113522
28218	tool	25	113525
28219	tool	886	113526
28220	tool	1590	113533
28221	tool	1576	113535
28222	tool	17347	113542
28223	tool	77	113544
28224	tool	220	113545
28225	tool	2560	113546
28226	tool	3598	113553
28227	tool	25	113556
28228	tool	886	113557
28229	tool	11	113564
28230	tool	2144	113565
28231	tool	25	113573
28232	tool	1576	113574
28233	tool	1590	113581
28234	tool	715	113583
28235	tool	17347	113588
28236	tool	77	113590
28237	tool	220	113591
28238	tool	3572	113592
28239	tool	3598	113599
28240	tool	25	113602
28241	tool	886	113603
28242	tool	1590	113610
28243	tool	715	113612
28244	tool	17347	113617
28245	tool	77	113619
28246	tool	1639	113620
28247	tool	220	113622
28248	tool	434	113623
28249	tool	5889	113626
28250	tool	3712	113634
28251	tool	1639	113642
28252	tool	220	113644
28253	tool	615	113645
28254	tool	13037	113649
28255	tool	3598	113656
28256	tool	25	113659
28257	tool	886	113660
28258	tool	1590	113667
28259	tool	5889	113669
28260	tool	1249	113677
28261	tool	17347	113679
28262	tool	77	113681
28263	tool	220	113682
28264	tool	93893	113683
28265	tool	3598	113694
28266	tool	25	113697
28267	tool	886	113698
28268	tool	11	113705
28269	tool	2243	113706
28270	tool	739	113714
28271	tool	25	113716
28272	tool	886	113717
28273	tool	1590	113724
28274	tool	1576	113726
28275	tool	17347	113733
28276	tool	77	113735
28277	tool	1639	113736
28278	tool	220	113738
28279	tool	434	113739
28280	tool	24323	113742
28281	tool	286	113749
28282	tool	1639	113752
28283	tool	220	113754
28284	tool	1791	113755
28285	tool	17656	113762
28286	tool	3052	113768
28287	tool	25	113773
28288	tool	886	113774
28289	tool	11	113781
28290	tool	494	113782
28291	tool	17656	113787
28292	tool	4666	113793
28293	tool	886	113795
28294	tool	1590	113802
28295	tool	715	113804
28296	tool	17347	113809
28297	tool	77	113811
28298	tool	220	113812
28299	tool	3289	113813
28300	tool	17656	113820
28301	tool	3052	113826
28302	tool	25	113831
28303	tool	886	113832
28304	tool	1590	113839
28305	tool	715	113841
28306	tool	17347	113846
28307	tool	77	113848
28308	tool	220	113849
28309	tool	615	113850
28310	tool	17656	113854
28311	tool	4406	113860
28312	tool	886	113863
28313	tool	17347	113870
28314	tool	77	113872
28315	tool	220	113873
28316	tool	1103	113874
28317	tool	17656	113879
28318	tool	287	113885
28319	tool	4406	113887
28320	tool	886	113890
28321	tool	1249	113897
28322	tool	17347	113899
28323	tool	77	113901
28324	tool	1639	113902
28325	tool	220	113904
28326	tool	434	113905
28327	tool	380	113908
28328	tool	92007	113910
28329	tool	1639	113916
28330	tool	220	113918
28331	tool	10562	113919
28332	tool	12080	113925
28333	tool	17656	113932
28334	tool	25	113938
28335	tool	886	113939
28336	tool	1590	113946
28337	tool	38754	113948
28338	tool	2009	113954
28339	tool	17347	113960
28340	tool	77	113962
28341	tool	10713	113963
28342	tool	77	113965
28343	tool	2129	113966
28344	tool	1152	113969
28345	tool	2551	113973
28346	tool	56550	113978
28347	tool	41490	113982
28348	tool	13050	113991
28349	tool	19763	113995
28350	tool	20633	114001
28351	tool	29958	114004
28352	tool	198	114007
28353	tool	510	114008
28354	tool	13766	114010
28355	tool	13042	114014
28356	tool	29	114019
28357	prompt	248046	114020
28358	prompt	198	114020
28359	prompt	248045	114021
28360	prompt	846	114021
28361	prompt	198	114025
28362	prompt	27	114026
28363	prompt	13766	114027
28364	prompt	9367	114031
28365	prompt	29	114040
28366	prompt	198	114041
28367	prompt	1643	114042
28368	prompt	3354	114046
28369	prompt	7544	114054
28370	prompt	506	114067
28371	prompt	25	114070
28372	prompt	593	114071
28373	prompt	41490	114073
28374	prompt	13050	114082
28375	prompt	19763	114086
28376	prompt	20633	114092
28377	prompt	318	114095
28378	prompt	1152	114097
28379	prompt	1528	114101
28380	prompt	369	114107
28381	prompt	1428	114110
28382	prompt	303	114118
28383	prompt	678	114121
28384	prompt	2193	114126
28385	prompt	1892	114134
28386	prompt	874	114138
28387	prompt	1144	114141
28388	prompt	310	114146
28389	prompt	4310	114149
28390	prompt	424	114154
28391	prompt	1142	114157
28392	prompt	8	114162
28393	prompt	198	114163
28394	prompt	510	114164
28395	prompt	13766	114166
28396	prompt	9367	114170
28397	prompt	29	114179
28398	prompt	248046	114180
28399	prompt	198	114180
28400	prompt	248045	114181
28401	prompt	74455	114181
28402	prompt	198	114190
28403	think	248068	114191
28404	think	271	114198
28405	think	248069	114200
28406	out	271	114208
28407	tool	27	114210
28408	tool	13766	114211
28409	tool	13042	114215
28410	tool	29	114220
28411	tool	198	114221
28412	tool	4754	114222
28413	tool	591	114224
28414	tool	763	114228
28415	tool	328	114230
28416	tool	6065	114232
28417	tool	4149	114236
28418	tool	487	114242
28419	tool	328	114244
28420	tool	15889	114246
28421	tool	763	114255
28422	tool	5046	114257
28423	tool	2738	114260
28424	tool	3147	114266
28425	tool	33586	114269
28426	tool	2129	114278
28427	tool	77903	114281
28428	tool	3147	114287
28429	tool	16	114290
28430	tool	29958	114291
28431	tool	198	114294
28432	tool	510	114295
28433	tool	13766	114297
28434	tool	13042	114301
28435	tool	29	114306
28436	out	198	114307
28437	tool	27	114308
28438	tool	13766	114309
28439	tool	13042	114313
28440	tool	29	114318
28441	tool	198	114319
28442	tool	4754	114320
28443	tool	591	114322
28444	tool	763	114326
28445	tool	328	114328
28446	tool	6065	114330
28447	tool	4149	114334
28448	tool	487	114340
28449	tool	328	114342
28450	tool	15889	114344
28451	tool	763	114353
28452	tool	5046	114355
28453	tool	2738	114358
28454	tool	3147	114364
28455	tool	258	114367
28456	tool	26324	114369
28457	tool	2129	114378
28458	tool	77903	114381
28459	tool	3147	114387
28460	tool	17	114390
28461	tool	29958	114391
28462	tool	198	114394
28463	tool	510	114395
28464	tool	13766	114397
28465	tool	13042	114401
28466	tool	29	114406
28467	prompt	248046	114407
28468	prompt	198	114407
28469	prompt	248045	114408
28470	prompt	846	114408
28471	prompt	198	114412
28472	prompt	27	114413
28473	prompt	13766	114414
28474	prompt	9367	114418
28475	prompt	29	114427
28476	prompt	198	114428
28477	prompt	15719	114429
28478	prompt	3274	114436
28479	prompt	653	114441
28480	prompt	16	114443
28481	prompt	2552	114444
28482	prompt	198	114451
28483	prompt	510	114452
28484	prompt	13766	114454
28485	prompt	9367	114458
28486	prompt	29	114467
28487	prompt	198	114468
28488	prompt	27	114469
28489	prompt	13766	114470
28490	prompt	9367	114474
28491	prompt	29	114483
28492	prompt	198	114484
28493	prompt	15719	114485
28494	prompt	3274	114492
28495	prompt	653	114497
28496	prompt	17	114499
28497	prompt	2552	114500
28498	prompt	198	114507
28499	prompt	510	114508
28500	prompt	13766	114510
28501	prompt	9367	114514
28502	prompt	29	114523
28503	prompt	248046	114524
28504	prompt	198	114524
28505	prompt	248045	114525
28506	prompt	74455	114525
28507	prompt	198	114534
28508	think	248068	114535
28509	think	271	114542
28510	think	248069	114544
28511	out	271	114552
28512	out	6820	114554
28513	out	1042	114557
28514	out	728	114561
28515	out	4072	114564
28516	out	279	114574
28517	out	6007	114578
28518	out	795	114583
28519	out	13976	114588
28520	out	321	114599
28521	out	279	114603
28522	out	2400	114607
28523	out	11451	114612
28524	out	5903	114621
28525	out	25	114626
28526	out	271	114627
28527	tool	27	114629
28528	tool	13766	114630
28529	tool	13042	114634
28530	tool	29	114639
28531	tool	198	114640
28532	tool	4754	114641
28533	tool	591	114643
28534	tool	763	114647
28535	tool	328	114649
28536	tool	7734	114651
28537	tool	487	114656
28538	tool	328	114658
28539	tool	15889	114660
28540	tool	763	114669
28541	tool	5046	114671
28542	tool	1733	114674
28543	tool	3147	114681
28544	tool	464	114684
28545	tool	913	114690
28546	tool	313	114695
28547	tool	5889	114697
28548	tool	11	114705
28549	tool	56606	114706
28550	tool	11	114715
28551	tool	38754	114716
28552	tool	2009	114722
28553	tool	333	114728
28554	tool	494	114730
28555	tool	2668	114735
28556	tool	8969	114739
28557	tool	6750	114744
28558	tool	59	114746
28559	tool	77	114747
28560	tool	1639	114748
28561	tool	320	114750
28562	tool	17642	114752
28563	tool	14289	114757
28564	tool	264	114763
28565	tool	13983	114765
28566	tool	4566	114771
28567	tool	1576	114776
28568	tool	318	114783
28569	tool	2083	114785
28570	tool	26068	114787
28571	tool	41720	114796
28572	tool	3481	114801
28573	tool	10383	114810
28574	tool	77	114812
28575	tool	1628	114813
28576	tool	5365	114821
28577	tool	36429	114826
28578	tool	3025	114831
28579	tool	2163	114833
28580	tool	2220	114835
28581	tool	25	114838
28582	tool	345	114839
28583	tool	1590	114841
28584	tool	345	114843
28585	tool	27238	114845
28586	tool	77	114848
28587	tool	220	114849
28588	tool	460	114850
28589	tool	31838	114857
28590	tool	36429	114868
28591	tool	6566	114873
28592	tool	42913	114877
28593	tool	77	114880
28594	tool	10713	114881
28595	tool	77	114883
28596	tool	1639	114884
28597	tool	320	114886
28598	tool	19208	114888
28599	tool	264	114897
28600	tool	4752	114899
28601	tool	2243	114906
28602	tool	2937	114914
28603	tool	1639	114917
28604	tool	1112	114919
28605	tool	2243	114922
28606	tool	13695	114930
28607	tool	283	114937
28608	tool	220	114939
28609	tool	15	114940
28610	tool	17347	114941
28611	tool	77	114943
28612	tool	1628	114944
28613	tool	6707	114952
28614	tool	5460	114961
28615	tool	739	114968
28616	tool	4406	114970
28617	tool	886	114973
28618	tool	27238	114980
28619	tool	77	114983
28620	tool	220	114984
28621	tool	460	114985
28622	tool	1510	114992
28623	tool	85	114994
28624	tool	2288	114995
28625	tool	1851	114997
28626	tool	10384	115001
28627	tool	363	115005
28628	tool	65379	115007
28629	tool	992	115011
28630	tool	4225	115013
28631	tool	13695	115020
28632	tool	5368	115027
28633	tool	17347	115029
28634	tool	77	115031
28635	tool	10713	115032
28636	tool	77	115034
28637	tool	1639	115035
28638	tool	320	115037
28639	tool	14963	115039
28640	tool	12669	115048
28641	tool	314	115063
28642	tool	264	115066
28643	tool	2128	115068
28644	tool	15816	115077
28645	tool	383	115086
28646	tool	264	115089
28647	tool	8602	115091
28648	tool	1639	115098
28649	tool	4809	115100
28650	tool	11451	115109
28651	tool	14574	115118
28652	tool	27238	115126
28653	tool	77	115129
28654	tool	220	115130
28655	tool	2144	115131
28656	tool	25	115139
28657	tool	1576	115140
28658	tool	17347	115147
28659	tool	77	115149
28660	tool	220	115150
28661	tool	10739	115151
28662	tool	25	115159
28663	tool	2623	115160
28664	tool	17347	115168
28665	tool	77	115170
28666	tool	10713	115171
28667	tool	77	115173
28668	tool	1639	115174
28669	tool	320	115176
28670	tool	14963	115178
28671	tool	12669	115187
28672	tool	314	115202
28673	tool	264	115205
28674	tool	8602	115207
28675	tool	1528	115214
28676	tool	1639	115220
28677	tool	4809	115222
28678	tool	24323	115231
28679	tool	1349	115238
28680	tool	27238	115243
28681	tool	77	115246
28682	tool	220	115247
28683	tool	434	115248
28684	tool	2128	115251
28685	tool	739	115260
28686	tool	1411	115262
28687	tool	1428	115265
28688	tool	15816	115273
28689	tool	1639	115282
28690	tool	220	115284
28691	tool	9017	115285
28692	tool	25	115295
28693	tool	4866	115296
28694	tool	4787	115300
28695	tool	11	115307
28696	tool	11451	115308
28697	tool	14574	115317
28698	tool	29	115325
28699	tool	17347	115326
28700	tool	77	115328
28701	tool	220	115329
28702	tool	434	115330
28703	tool	2128	115333
28704	tool	739	115342
28705	tool	1411	115344
28706	tool	1103	115347
28707	tool	314	115352
28708	tool	10478	115355
28709	tool	318	115364
28710	tool	7175	115366
28711	tool	5551	115371
28712	tool	10383	115379
28713	tool	77	115381
28714	tool	220	115382
28715	tool	10478	115383
28716	tool	25	115392
28717	tool	4866	115393
28718	tool	4787	115397
28719	tool	11	115404
28720	tool	5889	115405
28721	tool	19630	115413
28722	tool	17347	115416
28723	tool	77	115418
28724	tool	220	115419
28725	tool	434	115420
28726	tool	561	115423
28727	tool	8602	115427
28728	tool	411	115434
28729	tool	557	115439
28730	tool	3354	115443
28731	tool	494	115451
28732	tool	11	115456
28733	tool	364	115457
28734	tool	10562	115461
28735	tool	44208	115467
28736	tool	14419	115476
28737	tool	1639	115485
28738	tool	220	115487
28739	tool	2594	115488
28740	tool	17656	115495
28741	tool	25	115501
28742	tool	886	115502
28743	tool	735	115509
28744	tool	819	115511
28745	tool	17347	115516
28746	tool	77	115518
28747	tool	220	115519
28748	tool	434	115520
28749	tool	561	115523
28750	tool	716	115527
28751	tool	314	115531
28752	tool	2243	115534
28753	tool	27437	115542
28754	tool	421	115546
28755	tool	23533	115551
28756	tool	948	115559
28757	tool	411	115564
28758	tool	8602	115569
28759	tool	557	115576
28760	tool	3354	115580
28761	tool	1639	115588
28762	tool	220	115590
28763	tool	434	115591
28764	tool	318	115594
28765	tool	2506	115596
28766	tool	310	115600
28767	tool	1423	115603
28768	tool	279	115608
28769	tool	4047	115612
28770	tool	44208	115619
28771	tool	1528	115628
28772	tool	10383	115634
28773	tool	77	115636
28774	tool	220	115637
28775	tool	44208	115638
28776	tool	5460	115647
28777	tool	12337	115654
28778	tool	25	115657
28779	tool	4866	115658
28780	tool	4787	115662
28781	tool	11	115669
28782	tool	886	115670
28783	tool	29	115677
28784	tool	17347	115678
28785	tool	77	115680
28786	tool	10713	115681
28787	tool	77	115683
28788	tool	1639	115684
28789	tool	1479	115686
28790	tool	523	115692
28791	tool	11451	115698
28792	tool	5903	115707
28793	tool	9385	115712
28794	tool	27238	115716
28795	tool	77	115719
28796	tool	220	115720
28797	tool	843	115721
28798	tool	22371	115729
28799	tool	25	115738
28800	tool	4866	115739
28801	tool	4787	115743
28802	tool	11	115750
28803	tool	24323	115751
28804	tool	1349	115758
28805	tool	29	115763
28806	tool	17347	115764
28807	tool	77	115766
28808	tool	220	115767
28809	tool	843	115768
28810	tool	1428	115776
28811	tool	17656	115784
28812	tool	25	115790
28813	tool	886	115791
28814	tool	17347	115798
28815	tool	77	115800
28816	tool	1639	115801
28817	tool	220	115803
28818	tool	4540	115804
28819	tool	363	115816
28820	tool	27238	115818
28821	tool	77	115821
28822	tool	262	115822
28823	tool	411	115825
28824	tool	50789	115830
28825	tool	287	115837
28826	tool	283	115839
28827	tool	491	115841
28828	tool	4866	115845
28829	tool	2061	115849
28830	tool	59	115852
28831	tool	77	115853
28832	tool	262	115854
28833	tool	411	115857
28834	tool	4792	115862
28835	tool	17656	115870
28836	tool	283	115876
28837	tool	359	115878
28838	tool	3689	115880
28839	tool	6750	115884
28840	tool	59	115886
28841	tool	77	115887
28842	tool	262	115888
28843	tool	411	115891
28844	tool	8013	115896
28845	tool	17656	115901
28846	tool	482	115907
28847	tool	3689	115909
28848	tool	4515	115913
28849	tool	59	115916
28850	tool	77	115917
28851	tool	220	115918
28852	tool	49575	115919
28853	tool	77	115922
28854	tool	1639	115923
28855	tool	220	115925
28856	tool	843	115926
28857	tool	2836	115934
28858	tool	17656	115939
28859	tool	3052	115945
28860	tool	25	115950
28861	tool	886	115951
28862	tool	1590	115958
28863	tool	715	115960
28864	tool	27238	115965
28865	tool	77	115968
28866	tool	262	115969
28867	tool	413	115972
28868	tool	1451	115975
28869	tool	559	115978
28870	tool	50789	115982
28871	tool	287	115989
28872	tool	6644	115991
28873	tool	3052	115995
28874	tool	578	116000
28875	tool	27238	116002
28876	tool	77	116005
28877	tool	406	116006
28878	tool	411	116011
28879	tool	50789	116016
28880	tool	287	116023
28881	tool	949	116025
28882	tool	3052	116029
28883	tool	11	116034
28884	tool	27238	116035
28885	tool	77	116038
28886	tool	285	116039
28887	tool	9017	116046
28888	tool	25	116056
28889	tool	491	116057
28890	tool	4866	116061
28891	tool	1453	116065
28892	tool	59	116068
28893	tool	77	116069
28894	tool	285	116070
28895	tool	10478	116077
28896	tool	25	116086
28897	tool	491	116087
28898	tool	4866	116091
28899	tool	1453	116095
28900	tool	59	116098
28901	tool	77	116099
28902	tool	285	116100
28903	tool	2594	116107
28904	tool	17656	116114
28905	tool	25	116120
28906	tool	819	116121
28907	tool	25427	116126
28908	tool	77	116128
28909	tool	285	116129
28910	tool	44208	116136
28911	tool	5460	116145
28912	tool	12337	116152
28913	tool	25	116155
28914	tool	491	116156
28915	tool	4866	116160
28916	tool	1453	116164
28917	tool	59	116167
28918	tool	77	116168
28919	tool	406	116169
28920	tool	17574	116174
28921	tool	59	116178
28922	tool	77	116179
28923	tool	262	116180
28924	tool	49575	116183
28925	tool	77	116186
28926	tool	220	116187
28927	tool	49575	116188
28928	tool	77	116191
28929	tool	1639	116192
28930	tool	220	116194
28931	tool	434	116195
28932	tool	10977	116198
28933	tool	11451	116203
28934	tool	61967	116212
28935	tool	10977	116217
28936	tool	59	116222
28937	tool	77	116223
28938	tool	1639	116224
28939	tool	220	116226
28940	tool	569	116227
28941	tool	1791	116234
28942	tool	3598	116241
28943	tool	25	116244
28944	tool	886	116245
28945	tool	11	116252
28946	tool	2144	116253
28947	tool	25	116261
28948	tool	1576	116262
28949	tool	1590	116269
28950	tool	715	116271
28951	tool	27238	116276
28952	tool	77	116279
28953	tool	262	116280
28954	tool	713	116283
28955	tool	8602	116289
28956	tool	283	116296
28957	tool	411	116298
28958	tool	652	116303
28959	tool	17656	116307
28960	tool	1349	116313
28961	tool	2061	116318
28962	tool	59	116321
28963	tool	77	116322
28964	tool	262	116323
28965	tool	413	116326
28966	tool	318	116329
28967	tool	17404	116331
28968	tool	76583	116337
28969	tool	6644	116347
28970	tool	3598	116351
28971	tool	8	116354
28972	tool	976	116355
28973	tool	729	116358
28974	tool	17404	116360
28975	tool	76583	116366
28976	tool	652	116376
28977	tool	3598	116380
28978	tool	8	116383
28979	tool	14918	116384
28980	tool	25673	116386
28981	tool	8	116393
28982	tool	27238	116394
28983	tool	77	116397
28984	tool	406	116398
28985	tool	2430	116403
28986	tool	491	116409
28987	tool	4451	116413
28988	tool	5628	116419
28989	tool	7288	116421
28990	tool	34001	116429
28991	tool	306	116433
28992	tool	11325	116435
28993	tool	2582	116437
28994	tool	6513	116445
28995	tool	383	116452
28996	tool	8602	116455
28997	tool	34001	116462
28998	tool	559	116466
28999	tool	4792	116470
29000	tool	17656	116478
29001	tool	11325	116484
29002	tool	63	116486
29003	tool	42913	116487
29004	tool	77	116490
29005	tool	262	116491
29006	tool	49575	116494
29007	tool	77	116497
29008	tool	1639	116498
29009	tool	262	116500
29010	tool	713	116503
29011	tool	52304	116509
29012	tool	283	116516
29013	tool	5365	116518
29014	tool	36429	116523
29015	tool	14625	116528
29016	tool	42913	116536
29017	tool	77	116539
29018	tool	262	116540
29019	tool	713	116543
29020	tool	2243	116549
29021	tool	739	116557
29022	tool	283	116559
29023	tool	6707	116561
29024	tool	5460	116570
29025	tool	739	116577
29026	tool	2061	116579
29027	tool	59	116582
29028	tool	77	116583
29029	tool	262	116584
29030	tool	713	116587
29031	tool	2243	116593
29032	tool	25	116601
29033	tool	5889	116602
29034	tool	283	116610
29035	tool	27238	116612
29036	tool	77	116615
29037	tool	406	116616
29038	tool	850	116621
29039	tool	25	116624
29040	tool	2243	116625
29041	tool	739	116633
29042	tool	25427	116635
29043	tool	77	116637
29044	tool	406	116638
29045	tool	11112	116643
29046	tool	25	116653
29047	tool	2544	116654
29048	tool	10384	116659
29049	tool	1453	116663
29050	tool	59	116666
29051	tool	77	116667
29052	tool	406	116668
29053	tool	2144	116673
29054	tool	25	116681
29055	tool	52304	116682
29056	tool	25427	116689
29057	tool	77	116691
29058	tool	262	116692
29059	tool	333	116695
29060	tool	17347	116697
29061	tool	77	116699
29062	tool	1639	116700
29063	tool	262	116702
29064	tool	8602	116705
29065	tool	76583	116712
29066	tool	949	116722
29067	tool	3598	116726
29068	tool	11	116729
29069	tool	313	116730
29070	tool	2144	116732
29071	tool	25	116740
29072	tool	52304	116741
29073	tool	11	116748
29074	tool	10739	116749
29075	tool	25	116757
29076	tool	867	116758
29077	tool	17574	116764
29078	tool	59	116768
29079	tool	77	116769
29080	tool	1639	116770
29081	tool	262	116772
29082	tool	413	116775
29083	tool	1451	116778
29084	tool	17404	116781
29085	tool	13	116787
29086	tool	27372	116788
29087	tool	6644	116796
29088	tool	3598	116800
29089	tool	578	116803
29090	tool	27238	116805
29091	tool	77	116808
29092	tool	406	116809
29093	tool	8602	116814
29094	tool	13	116821
29095	tool	27372	116822
29096	tool	949	116830
29097	tool	3598	116834
29098	tool	11	116837
29099	tool	2958	116838
29100	tool	42913	116841
29101	tool	77	116844
29102	tool	262	116845
29103	tool	49575	116848
29104	tool	77	116851
29105	tool	262	116852
29106	tool	8602	116855
29107	tool	13	116862
29108	tool	27372	116863
29109	tool	652	116871
29110	tool	3598	116875
29111	tool	8	116878
29112	tool	14918	116879
29113	tool	8804	116881
29114	tool	36521	116885
29115	tool	42913	116893
29116	tool	77	116896
29117	tool	220	116897
29118	tool	49575	116898
29119	tool	77	116901
29120	tool	1639	116902
29121	tool	220	116904
29122	tool	569	116905
29123	tool	615	116912
29124	tool	3598	116916
29125	tool	25	116919
29126	tool	886	116920
29127	tool	1590	116927
29128	tool	1576	116929
29129	tool	27238	116936
29130	tool	77	116939
29131	tool	262	116940
29132	tool	713	116943
29133	tool	8602	116949
29134	tool	283	116956
29135	tool	411	116958
29136	tool	652	116963
29137	tool	17656	116967
29138	tool	1349	116973
29139	tool	2061	116978
29140	tool	59	116981
29141	tool	77	116982
29142	tool	262	116983
29143	tool	713	116986
29144	tool	4479	116992
29145	tool	283	116996
29146	tool	8602	116998
29147	tool	76583	117005
29148	tool	652	117015
29149	tool	3598	117019
29150	tool	42913	117022
29151	tool	77	117025
29152	tool	262	117026
29153	tool	413	117029
29154	tool	1451	117032
29155	tool	5069	117035
29156	tool	1321	117038
29157	tool	4479	117041
29158	tool	62668	117045
29159	tool	8	117053
29160	tool	27238	117054
29161	tool	77	117057
29162	tool	406	117058
29163	tool	2430	117063
29164	tool	491	117069
29165	tool	4451	117073
29166	tool	5628	117079
29167	tool	7288	117081
29168	tool	34001	117089
29169	tool	306	117093
29170	tool	11325	117095
29171	tool	1503	117097
29172	tool	524	117102
29173	tool	2905	117106
29174	tool	383	117112
29175	tool	8602	117115
29176	tool	34001	117122
29177	tool	559	117126
29178	tool	4792	117130
29179	tool	17656	117138
29180	tool	11325	117144
29181	tool	63	117146
29182	tool	42913	117147
29183	tool	77	117150
29184	tool	262	117151
29185	tool	49575	117154
29186	tool	77	117157
29187	tool	262	117158
29188	tool	460	117161
29189	tool	5365	117168
29190	tool	36429	117173
29191	tool	18573	117178
29192	tool	5238	117182
29193	tool	42913	117190
29194	tool	77	117193
29195	tool	220	117194
29196	tool	49575	117195
29197	tool	77	117198
29198	tool	1639	117199
29199	tool	220	117201
29200	tool	569	117202
29201	tool	2560	117209
29202	tool	3598	117216
29203	tool	25	117219
29204	tool	886	117220
29205	tool	11	117227
29206	tool	2144	117228
29207	tool	25	117236
29208	tool	1576	117237
29209	tool	1590	117244
29210	tool	715	117246
29211	tool	27238	117251
29212	tool	77	117254
29213	tool	262	117255
29214	tool	713	117258
29215	tool	8602	117264
29216	tool	283	117271
29217	tool	411	117273
29218	tool	652	117278
29219	tool	17656	117282
29220	tool	1349	117288
29221	tool	2061	117293
29222	tool	59	117296
29223	tool	77	117297
29224	tool	262	117298
29225	tool	713	117301
29226	tool	4479	117307
29227	tool	283	117311
29228	tool	8602	117313
29229	tool	76583	117320
29230	tool	652	117330
29231	tool	3598	117334
29232	tool	42913	117337
29233	tool	77	117340
29234	tool	262	117341
29235	tool	413	117344
29236	tool	1451	117347
29237	tool	5069	117350
29238	tool	1321	117353
29239	tool	4479	117356
29240	tool	62668	117360
29241	tool	8	117368
29242	tool	27238	117369
29243	tool	77	117372
29244	tool	406	117373
29245	tool	2430	117378
29246	tool	491	117384
29247	tool	4451	117388
29248	tool	5628	117394
29249	tool	7288	117396
29250	tool	34001	117404
29251	tool	306	117408
29252	tool	11325	117410
29253	tool	1503	117412
29254	tool	524	117417
29255	tool	2905	117421
29256	tool	383	117427
29257	tool	8602	117430
29258	tool	34001	117437
29259	tool	559	117441
29260	tool	4792	117445
29261	tool	17656	117453
29262	tool	11325	117459
29263	tool	63	117461
29264	tool	42913	117462
29265	tool	77	117465
29266	tool	262	117466
29267	tool	49575	117469
29268	tool	77	117472
29269	tool	1639	117473
29270	tool	262	117475
29271	tool	713	117478
29272	tool	52304	117484
29273	tool	283	117491
29274	tool	5365	117493
29275	tool	36429	117498
29276	tool	14625	117503
29277	tool	42913	117511
29278	tool	77	117514
29279	tool	262	117515
29280	tool	713	117518
29281	tool	2243	117524
29282	tool	739	117532
29283	tool	283	117534
29284	tool	6707	117536
29285	tool	5460	117545
29286	tool	739	117552
29287	tool	2061	117554
29288	tool	59	117557
29289	tool	77	117558
29290	tool	262	117559
29291	tool	713	117562
29292	tool	2243	117568
29293	tool	25	117576
29294	tool	5889	117577
29295	tool	283	117585
29296	tool	27238	117587
29297	tool	77	117590
29298	tool	406	117591
29299	tool	850	117596
29300	tool	25	117599
29301	tool	2243	117600
29302	tool	739	117608
29303	tool	25427	117610
29304	tool	77	117612
29305	tool	406	117613
29306	tool	11112	117618
29307	tool	25	117628
29308	tool	2544	117629
29309	tool	10384	117634
29310	tool	1453	117638
29311	tool	59	117641
29312	tool	77	117642
29313	tool	406	117643
29314	tool	2144	117648
29315	tool	25	117656
29316	tool	52304	117657
29317	tool	25427	117664
29318	tool	77	117666
29319	tool	262	117667
29320	tool	333	117670
29321	tool	17347	117672
29322	tool	77	117674
29323	tool	1639	117675
29324	tool	262	117677
29325	tool	4479	117680
29326	tool	5238	117684
29327	tool	283	117692
29328	tool	52304	117694
29329	tool	17347	117701
29330	tool	77	117703
29331	tool	262	117704
29332	tool	8602	117707
29333	tool	13	117714
29334	tool	27372	117715
29335	tool	652	117723
29336	tool	3598	117727
29337	tool	8	117730
29338	tool	14918	117731
29339	tool	8804	117733
29340	tool	36521	117737
29341	tool	42913	117745
29342	tool	77	117748
29343	tool	220	117749
29344	tool	49575	117750
29345	tool	77	117753
29346	tool	1639	117754
29347	tool	220	117756
29348	tool	569	117757
29349	tool	3572	117764
29350	tool	3598	117771
29351	tool	25	117774
29352	tool	886	117775
29353	tool	1590	117782
29354	tool	715	117784
29355	tool	27238	117789
29356	tool	77	117792
29357	tool	262	117793
29358	tool	713	117796
29359	tool	8602	117802
29360	tool	283	117809
29361	tool	411	117811
29362	tool	652	117816
29363	tool	17656	117820
29364	tool	1349	117826
29365	tool	2061	117831
29366	tool	59	117834
29367	tool	77	117835
29368	tool	262	117836
29369	tool	713	117839
29370	tool	4479	117845
29371	tool	283	117849
29372	tool	8602	117851
29373	tool	76583	117858
29374	tool	652	117868
29375	tool	3598	117872
29376	tool	42913	117875
29377	tool	77	117878
29378	tool	262	117879
29379	tool	413	117882
29380	tool	1451	117885
29381	tool	5069	117888
29382	tool	1321	117891
29383	tool	4479	117894
29384	tool	62668	117898
29385	tool	8	117906
29386	tool	27238	117907
29387	tool	77	117910
29388	tool	406	117911
29389	tool	2430	117916
29390	tool	491	117922
29391	tool	4451	117926
29392	tool	5628	117932
29393	tool	7288	117934
29394	tool	34001	117942
29395	tool	306	117946
29396	tool	11325	117948
29397	tool	1503	117950
29398	tool	524	117955
29399	tool	2905	117959
29400	tool	383	117965
29401	tool	8602	117968
29402	tool	34001	117975
29403	tool	559	117979
29404	tool	4792	117983
29405	tool	17656	117991
29406	tool	11325	117997
29407	tool	63	117999
29408	tool	42913	118000
29409	tool	77	118003
29410	tool	262	118004
29411	tool	49575	118007
29412	tool	77	118010
29413	tool	262	118011
29414	tool	4479	118014
29415	tool	62668	118018
29416	tool	283	118026
29417	tool	804	118028
29418	tool	17347	118033
29419	tool	77	118035
29420	tool	220	118036
29421	tool	49575	118037
29422	tool	77	118040
29423	tool	1639	118041
29424	tool	220	118043
29425	tool	434	118044
29426	tool	10977	118047
29427	tool	5889	118052
29428	tool	10776	118060
29429	tool	10977	118068
29430	tool	59	118073
29431	tool	77	118074
29432	tool	1639	118075
29433	tool	220	118077
29434	tool	569	118078
29435	tool	615	118085
29436	tool	13037	118089
29437	tool	3598	118096
29438	tool	25	118099
29439	tool	886	118100
29440	tool	1590	118107
29441	tool	5889	118109
29442	tool	1249	118117
29443	tool	27238	118119
29444	tool	77	118122
29445	tool	262	118123
29446	tool	713	118126
29447	tool	8602	118132
29448	tool	283	118139
29449	tool	411	118141
29450	tool	652	118146
29451	tool	17656	118150
29452	tool	1349	118156
29453	tool	2061	118161
29454	tool	59	118164
29455	tool	77	118165
29456	tool	262	118166
29457	tool	713	118169
29458	tool	10478	118175
29459	tool	283	118184
29460	tool	8602	118186
29461	tool	13	118193
29462	tool	27372	118194
29463	tool	652	118202
29464	tool	3598	118206
29465	tool	42913	118209
29466	tool	77	118212
29467	tool	262	118213
29468	tool	413	118216
29469	tool	1451	118219
29470	tool	27372	118222
29471	tool	8	118230
29472	tool	27238	118231
29473	tool	77	118234
29474	tool	406	118235
29475	tool	2430	118240
29476	tool	491	118246
29477	tool	4451	118250
29478	tool	5628	118256
29479	tool	7288	118258
29480	tool	34001	118266
29481	tool	306	118270
29482	tool	11325	118272
29483	tool	1503	118274
29484	tool	524	118279
29485	tool	2905	118283
29486	tool	383	118289
29487	tool	8602	118292
29488	tool	34001	118299
29489	tool	559	118303
29490	tool	4792	118307
29491	tool	17656	118315
29492	tool	11325	118321
29493	tool	63	118323
29494	tool	42913	118324
29495	tool	77	118327
29496	tool	262	118328
29497	tool	49575	118331
29498	tool	77	118334
29499	tool	262	118335
29500	tool	460	118338
29501	tool	10478	118345
29502	tool	4617	118354
29503	tool	3620	118358
29504	tool	574	118360
29505	tool	5365	118363
29506	tool	36429	118368
29507	tool	3620	118373
29508	tool	5722	118375
29509	tool	59	118378
29510	tool	77	118379
29511	tool	220	118380
29512	tool	49575	118381
29513	tool	77	118384
29514	tool	1639	118385
29515	tool	220	118387
29516	tool	569	118388
29517	tool	93893	118395
29518	tool	3598	118406
29519	tool	25	118409
29520	tool	886	118410
29521	tool	11	118417
29522	tool	2243	118418
29523	tool	739	118426
29524	tool	25	118428
29525	tool	886	118429
29526	tool	1590	118436
29527	tool	1576	118438
29528	tool	27238	118445
29529	tool	77	118448
29530	tool	262	118449
29531	tool	713	118452
29532	tool	8602	118458
29533	tool	283	118465
29534	tool	411	118467
29535	tool	652	118472
29536	tool	17656	118476
29537	tool	1349	118482
29538	tool	2061	118487
29539	tool	59	118490
29540	tool	77	118491
29541	tool	262	118492
29542	tool	713	118495
29543	tool	10478	118501
29544	tool	283	118510
29545	tool	8602	118512
29546	tool	13	118519
29547	tool	27372	118520
29548	tool	652	118528
29549	tool	3598	118532
29550	tool	42913	118535
29551	tool	77	118538
29552	tool	262	118539
29553	tool	413	118542
29554	tool	1451	118545
29555	tool	27372	118548
29556	tool	8	118556
29557	tool	27238	118557
29558	tool	77	118560
29559	tool	406	118561
29560	tool	2430	118566
29561	tool	491	118572
29562	tool	4451	118576
29563	tool	5628	118582
29564	tool	7288	118584
29565	tool	34001	118592
29566	tool	306	118596
29567	tool	11325	118598
29568	tool	1503	118600
29569	tool	524	118605
29570	tool	2905	118609
29571	tool	383	118615
29572	tool	8602	118618
29573	tool	34001	118625
29574	tool	559	118629
29575	tool	4792	118633
29576	tool	17656	118641
29577	tool	11325	118647
29578	tool	63	118649
29579	tool	42913	118650
29580	tool	77	118653
29581	tool	262	118654
29582	tool	49575	118657
29583	tool	77	118660
29584	tool	262	118661
29585	tool	713	118664
29586	tool	2243	118670
29587	tool	283	118678
29588	tool	10478	118680
29589	tool	2571	118689
29590	tool	3620	118694
29591	tool	574	118696
29592	tool	343	118699
29593	tool	1702	118701
29594	tool	1981	118704
29595	tool	2243	118708
29596	tool	739	118716
29597	tool	42913	118718
29598	tool	77	118721
29599	tool	262	118722
29600	tool	413	118725
29601	tool	1451	118728
29602	tool	4225	118731
29603	tool	8	118738
29604	tool	27238	118739
29605	tool	77	118742
29606	tool	406	118743
29607	tool	2430	118748
29608	tool	491	118754
29609	tool	4451	118758
29610	tool	5628	118764
29611	tool	5460	118766
29612	tool	34001	118773
29613	tool	4225	118777
29614	tool	739	118784
29615	tool	11325	118786
29616	tool	524	118788
29617	tool	1669	118792
29618	tool	364	118798
29619	tool	2128	118802
29620	tool	34001	118811
29621	tool	306	118815
29622	tool	11325	118817
29623	tool	63	118819
29624	tool	42913	118820
29625	tool	77	118823
29626	tool	262	118824
29627	tool	49575	118827
29628	tool	77	118830
29629	tool	262	118831
29630	tool	460	118834
29631	tool	5365	118841
29632	tool	36429	118846
29633	tool	36521	118851
29634	tool	5238	118859
29635	tool	42913	118867
29636	tool	77	118870
29637	tool	220	118871
29638	tool	49575	118872
29639	tool	77	118875
29640	tool	1639	118876
29641	tool	220	118878
29642	tool	434	118879
29643	tool	10977	118882
29644	tool	24323	118887
29645	tool	286	118894
29646	tool	10977	118897
29647	tool	59	118902
29648	tool	77	118903
29649	tool	1639	118904
29650	tool	220	118906
29651	tool	569	118907
29652	tool	1791	118914
29653	tool	17656	118921
29654	tool	3052	118927
29655	tool	25	118932
29656	tool	886	118933
29657	tool	11	118940
29658	tool	494	118941
29659	tool	17656	118946
29660	tool	4666	118952
29661	tool	886	118954
29662	tool	1590	118961
29663	tool	715	118963
29664	tool	27238	118968
29665	tool	77	118971
29666	tool	262	118972
29667	tool	413	118975
29668	tool	318	118978
29669	tool	591	118980
29670	tool	1981	118984
29671	tool	359	118988
29672	tool	3689	118990
29673	tool	837	118994
29674	tool	27238	118996
29675	tool	77	118999
29676	tool	406	119000
29677	tool	2430	119005
29678	tool	491	119011
29679	tool	4451	119015
29680	tool	482	119021
29681	tool	16928	119023
29682	tool	1791	119029
29683	tool	264	119036
29684	tool	8602	119038
29685	tool	6725	119045
29686	tool	7018	119051
29687	tool	3689	119054
29688	tool	2037	119058
29689	tool	4515	119060
29690	tool	59	119063
29691	tool	77	119064
29692	tool	262	119065
29693	tool	49575	119068
29694	tool	77	119071
29695	tool	262	119072
29696	tool	413	119075
29697	tool	318	119078
29698	tool	559	119080
29699	tool	50789	119084
29700	tool	287	119091
29701	tool	6644	119093
29702	tool	3052	119097
29703	tool	578	119102
29704	tool	27238	119104
29705	tool	77	119107
29706	tool	406	119108
29707	tool	2430	119113
29708	tool	491	119119
29709	tool	4451	119123
29710	tool	5628	119129
29711	tool	17656	119131
29712	tool	34001	119137
29713	tool	591	119141
29714	tool	11325	119145
29715	tool	2582	119147
29716	tool	6513	119155
29717	tool	63	119162
29718	tool	42913	119163
29719	tool	77	119166
29720	tool	262	119167
29721	tool	49575	119170
29722	tool	77	119173
29723	tool	1639	119174
29724	tool	262	119176
29725	tool	713	119179
29726	tool	2450	119185
29727	tool	657	119192
29728	tool	283	119196
29729	tool	494	119198
29730	tool	17656	119203
29731	tool	9136	119209
29732	tool	411	119212
29733	tool	4792	119217
29734	tool	17656	119225
29735	tool	17347	119231
29736	tool	77	119233
29737	tool	262	119234
29738	tool	413	119237
29739	tool	1451	119240
29740	tool	559	119243
29741	tool	50789	119247
29742	tool	287	119254
29743	tool	6644	119256
29744	tool	12080	119260
29745	tool	657	119267
29746	tool	578	119271
29747	tool	27238	119273
29748	tool	77	119276
29749	tool	406	119277
29750	tool	2430	119282
29751	tool	491	119288
29752	tool	4451	119292
29753	tool	5628	119298
29754	tool	17656	119300
29755	tool	34001	119306
29756	tool	2348	119310
29757	tool	657	119316
29758	tool	11325	119320
29759	tool	1503	119322
29760	tool	524	119327
29761	tool	2905	119331
29762	tool	63	119337
29763	tool	42913	119338
29764	tool	77	119341
29765	tool	262	119342
29766	tool	49575	119345
29767	tool	77	119348
29768	tool	1639	119349
29769	tool	262	119351
29770	tool	713	119354
29771	tool	2450	119360
29772	tool	283	119367
29773	tool	411	119369
29774	tool	50789	119374
29775	tool	287	119381
29776	tool	652	119383
29777	tool	12080	119387
29778	tool	657	119394
29779	tool	39931	119398
29780	tool	17347	119400
29781	tool	77	119402
29782	tool	1639	119403
29783	tool	262	119405
29784	tool	434	119408
29785	tool	17642	119411
29786	tool	14289	119416
29787	tool	279	119422
29788	tool	9017	119426
29789	tool	2336	119436
29790	tool	1639	119440
29791	tool	262	119442
29792	tool	713	119445
29793	tool	9017	119451
29794	tool	283	119461
29795	tool	491	119463
29796	tool	4866	119467
29797	tool	4787	119471
29798	tool	11	119478
29799	tool	11451	119479
29800	tool	14574	119488
29801	tool	46671	119496
29802	tool	59	119500
29803	tool	77	119501
29804	tool	262	119502
29805	tool	364	119505
29806	tool	318	119509
29807	tool	989	119511
29808	tool	498	119516
29809	tool	5069	119518
29810	tool	739	119521
29811	tool	11	119523
29812	tool	15816	119524
29813	tool	60	119533
29814	tool	314	119534
29815	tool	2450	119537
29816	tool	76583	119544
29817	tool	8	119554
29818	tool	27238	119555
29819	tool	77	119558
29820	tool	406	119559
29821	tool	9017	119564
29822	tool	949	119574
29823	tool	18573	119578
29824	tool	739	119582
29825	tool	11	119584
29826	tool	27238	119585
29827	tool	77	119588
29828	tool	285	119589
29829	tool	2144	119596
29830	tool	25	119604
29831	tool	5365	119605
29832	tool	36429	119610
29833	tool	51326	119615
29834	tool	5238	119624
29835	tool	681	119632
29836	tool	59	119634
29837	tool	77	119635
29838	tool	285	119636
29839	tool	10739	119643
29840	tool	25	119651
29841	tool	15816	119652
29842	tool	62668	119661
29843	tool	25427	119669
29844	tool	77	119671
29845	tool	406	119672
29846	tool	17574	119677
29847	tool	59	119681
29848	tool	77	119682
29849	tool	262	119683
29850	tool	49575	119686
29851	tool	77	119689
29852	tool	1639	119690
29853	tool	262	119692
29854	tool	434	119695
29855	tool	17642	119698
29856	tool	14289	119703
29857	tool	279	119709
29858	tool	10478	119713
29859	tool	2336	119722
29860	tool	1639	119726
29861	tool	262	119728
29862	tool	713	119731
29863	tool	10478	119737
29864	tool	283	119746
29865	tool	491	119748
29866	tool	4866	119752
29867	tool	4787	119756
29868	tool	11	119763
29869	tool	5889	119764
29870	tool	19630	119772
29871	tool	2061	119775
29872	tool	59	119778
29873	tool	77	119779
29874	tool	262	119780
29875	tool	364	119783
29876	tool	318	119787
29877	tool	989	119789
29878	tool	498	119794
29879	tool	5069	119796
29880	tool	739	119799
29881	tool	11	119801
29882	tool	2652	119802
29883	tool	826	119806
29884	tool	60	119810
29885	tool	314	119811
29886	tool	2450	119814
29887	tool	13	119821
29888	tool	27372	119822
29889	tool	8	119830
29890	tool	27238	119831
29891	tool	77	119834
29892	tool	406	119835
29893	tool	10478	119840
29894	tool	949	119849
29895	tool	18573	119853
29896	tool	739	119857
29897	tool	11	119859
29898	tool	2652	119860
29899	tool	826	119864
29900	tool	4617	119868
29901	tool	3620	119872
29902	tool	574	119874
29903	tool	5365	119877
29904	tool	36429	119882
29905	tool	3620	119887
29906	tool	578	119889
29907	tool	42913	119891
29908	tool	77	119894
29909	tool	262	119895
29910	tool	49575	119898
29911	tool	77	119901
29912	tool	1639	119902
29913	tool	262	119904
29914	tool	434	119907
29915	tool	13190	119910
29916	tool	44208	119917
29917	tool	2243	119926
29918	tool	27437	119934
29919	tool	318	119938
29920	tool	1719	119940
29921	tool	5362	119943
29922	tool	2243	119950
29923	tool	314	119958
29924	tool	1754	119961
29925	tool	4479	119966
29926	tool	506	119970
29927	tool	8602	119973
29928	tool	854	119980
29929	tool	10383	119985
29930	tool	77	119987
29931	tool	262	119988
29932	tool	713	119991
29933	tool	44208	119997
29934	tool	5460	120006
29935	tool	12337	120013
29936	tool	283	120016
29937	tool	491	120018
29938	tool	4866	120022
29939	tool	4787	120026
29940	tool	11	120033
29941	tool	886	120034
29942	tool	46671	120041
29943	tool	59	120045
29944	tool	77	120046
29945	tool	262	120047
29946	tool	364	120050
29947	tool	318	120054
29948	tool	989	120056
29949	tool	498	120061
29950	tool	5069	120063
29951	tool	739	120066
29952	tool	11	120068
29953	tool	2652	120069
29954	tool	826	120073
29955	tool	60	120077
29956	tool	314	120078
29957	tool	2450	120081
29958	tool	13	120088
29959	tool	27372	120089
29960	tool	8	120097
29961	tool	27238	120098
29962	tool	77	120101
29963	tool	406	120102
29964	tool	413	120107
29965	tool	318	120110
29966	tool	415	120112
29967	tool	826	120115
29968	tool	1887	120119
29969	tool	835	120126
29970	tool	220	120128
29971	tool	15	120129
29972	tool	8	120130
29973	tool	27238	120131
29974	tool	77	120134
29975	tool	285	120135
29976	tool	44208	120142
29977	tool	5460	120151
29978	tool	12337	120158
29979	tool	949	120161
29980	tool	18573	120165
29981	tool	739	120169
29982	tool	11	120171
29983	tool	2652	120172
29984	tool	826	120176
29985	tool	58	120180
29986	tool	415	120181
29987	tool	826	120184
29988	tool	1887	120188
29989	tool	471	120195
29990	tool	220	120197
29991	tool	16	120198
29992	tool	906	120199
29993	tool	306	120201
29994	tool	42913	120203
29995	tool	77	120206
29996	tool	406	120207
29997	tool	49575	120212
29998	tool	77	120215
29999	tool	262	120216
30000	tool	49575	120219
30001	tool	77	120222
30002	tool	1639	120223
30003	tool	262	120225
30004	tool	411	120228
30005	tool	50789	120233
30006	tool	287	120240
30007	tool	949	120242
30008	tool	3052	120246
30009	tool	11	120251
30010	tool	27238	120252
30011	tool	77	120255
30012	tool	406	120256
30013	tool	9017	120261
30014	tool	25427	120271
30015	tool	77	120273
30016	tool	406	120274
30017	tool	10478	120279
30018	tool	25427	120288
30019	tool	77	120290
30020	tool	406	120291
30021	tool	2594	120296
30022	tool	17656	120303
30023	tool	25	120309
30024	tool	2450	120310
30025	tool	657	120317
30026	tool	25427	120321
30027	tool	77	120323
30028	tool	406	120324
30029	tool	44208	120329
30030	tool	5460	120338
30031	tool	12337	120345
30032	tool	25427	120348
30033	tool	77	120350
30034	tool	262	120351
30035	tool	17574	120354
30036	tool	59	120358
30037	tool	77	120359
30038	tool	220	120360
30039	tool	49575	120361
30040	tool	77	120364
30041	tool	1639	120365
30042	tool	220	120367
30043	tool	569	120368
30044	tool	3289	120375
30045	tool	17656	120382
30046	tool	3052	120388
30047	tool	25	120393
30048	tool	886	120394
30049	tool	1590	120401
30050	tool	715	120403
30051	tool	27238	120408
30052	tool	77	120411
30053	tool	262	120412
30054	tool	413	120415
30055	tool	1451	120418
30056	tool	559	120421
30057	tool	50789	120425
30058	tool	287	120432
30059	tool	6644	120434
30060	tool	3052	120438
30061	tool	578	120443
30062	tool	27238	120445
30063	tool	77	120448
30064	tool	406	120449
30065	tool	2430	120454
30066	tool	491	120460
30067	tool	4451	120464
30068	tool	5628	120470
30069	tool	17656	120472
30070	tool	34001	120478
30071	tool	591	120482
30072	tool	11325	120486
30073	tool	1503	120488
30074	tool	524	120493
30075	tool	2905	120497
30076	tool	63	120503
30077	tool	42913	120504
30078	tool	77	120507
30079	tool	262	120508
30080	tool	49575	120511
30081	tool	77	120514
30082	tool	262	120515
30083	tool	411	120518
30084	tool	4792	120523
30085	tool	17656	120531
30086	tool	283	120537
30087	tool	803	120539
30088	tool	17347	120544
30089	tool	77	120546
30090	tool	220	120547
30091	tool	49575	120548
30092	tool	77	120551
30093	tool	1639	120552
30094	tool	220	120554
30095	tool	569	120555
30096	tool	615	120562
30097	tool	17656	120566
30098	tool	4406	120572
30099	tool	886	120575
30100	tool	27238	120582
30101	tool	77	120585
30102	tool	262	120586
30103	tool	460	120589
30104	tool	411	120596
30105	tool	4792	120601
30106	tool	17656	120609
30107	tool	17347	120615
30108	tool	77	120617
30109	tool	220	120618
30110	tool	49575	120619
30111	tool	77	120622
30112	tool	1639	120623
30113	tool	220	120625
30114	tool	569	120626
30115	tool	1103	120633
30116	tool	17656	120638
30117	tool	287	120644
30118	tool	4406	120646
30119	tool	886	120649
30120	tool	1249	120656
30121	tool	27238	120658
30122	tool	77	120661
30123	tool	262	120662
30124	tool	460	120665
30125	tool	2816	120672
30126	tool	6186	120678
30127	tool	1346	120683
30128	tool	50789	120688
30129	tool	287	120695
30130	tool	8850	120697
30131	tool	13039	120702
30132	tool	59	120706
30133	tool	77	120707
30134	tool	220	120708
30135	tool	49575	120709
30136	tool	77	120712
30137	tool	1639	120713
30138	tool	220	120715
30139	tool	434	120716
30140	tool	10977	120719
30141	tool	380	120724
30142	tool	92007	120726
30143	tool	10977	120732
30144	tool	59	120737
30145	tool	77	120738
30146	tool	1639	120739
30147	tool	220	120741
30148	tool	569	120742
30149	tool	10562	120749
30150	tool	12080	120755
30151	tool	17656	120762
30152	tool	25	120768
30153	tool	886	120769
30154	tool	1590	120776
30155	tool	38754	120778
30156	tool	2009	120784
30157	tool	27238	120790
30158	tool	77	120793
30159	tool	262	120794
30160	tool	413	120797
30161	tool	1451	120800
30162	tool	559	120803
30163	tool	50789	120807
30164	tool	287	120814
30165	tool	6644	120816
30166	tool	12080	120820
30167	tool	17656	120827
30168	tool	578	120833
30169	tool	27238	120835
30170	tool	77	120838
30171	tool	406	120839
30172	tool	2430	120844
30173	tool	491	120850
30174	tool	4451	120854
30175	tool	5628	120860
30176	tool	17656	120862
30177	tool	34001	120868
30178	tool	2348	120872
30179	tool	17656	120878
30180	tool	11325	120884
30181	tool	1503	120886
30182	tool	524	120891
30183	tool	2905	120895
30184	tool	63	120901
30185	tool	42913	120902
30186	tool	77	120905
30187	tool	262	120906
30188	tool	49575	120909
30189	tool	77	120912
30190	tool	262	120913
30191	tool	413	120916
30192	tool	318	120919
30193	tool	2348	120921
30194	tool	17656	120927
30195	tool	1981	120933
30196	tool	411	120937
30197	tool	4792	120942
30198	tool	17656	120950
30199	tool	8	120956
30200	tool	27238	120957
30201	tool	77	120960
30202	tool	406	120961
30203	tool	2430	120966
30204	tool	491	120972
30205	tool	4451	120976
30206	tool	482	120982
30207	tool	16928	120984
30208	tool	10562	120990
30209	tool	264	120996
30210	tool	8602	120998
30211	tool	1083	121005
30212	tool	4924	121010
30213	tool	4515	121017
30214	tool	59	121020
30215	tool	77	121021
30216	tool	262	121022
30217	tool	49575	121025
30218	tool	77	121028
30219	tool	1639	121029
30220	tool	262	121031
30221	tool	713	121034
30222	tool	2100	121040
30223	tool	17656	121047
30224	tool	283	121053
30225	tool	411	121055
30226	tool	652	121060
30227	tool	17656	121064
30228	tool	1349	121070
30229	tool	2061	121075
30230	tool	59	121078
30231	tool	77	121079
30232	tool	262	121080
30233	tool	713	121083
30234	tool	2450	121089
30235	tool	1349	121096
30236	tool	283	121101
30237	tool	411	121103
30238	tool	50789	121108
30239	tool	287	121115
30240	tool	652	121117
30241	tool	12080	121121
30242	tool	17656	121128
30243	tool	39931	121134
30244	tool	17347	121136
30245	tool	77	121138
30246	tool	1639	121139
30247	tool	262	121141
30248	tool	434	121144
30249	tool	7145	121147
30250	tool	279	121152
30251	tool	4047	121156
30252	tool	44208	121163
30253	tool	1528	121172
30254	tool	6889	121178
30255	tool	77	121180
30256	tool	262	121181
30257	tool	434	121184
30258	tool	561	121187
30259	tool	44208	121191
30260	tool	369	121200
30261	tool	279	121203
30262	tool	1528	121207
30263	tool	506	121213
30264	tool	279	121216
30265	tool	1406	121220
30266	tool	1332	121226
30267	tool	279	121232
30268	tool	2450	121236
30269	tool	8602	121243
30270	tool	35140	121250
30271	tool	3438	121256
30272	tool	6889	121259
30273	tool	77	121261
30274	tool	262	121262
30275	tool	434	121265
30276	tool	1165	121268
30277	tool	958	121271
30278	tool	279	121275
30279	tool	44208	121279
30280	tool	5460	121288
30281	tool	12337	121295
30282	tool	12076	121298
30283	tool	948	121307
30284	tool	279	121312
30285	tool	2450	121316
30286	tool	8602	121323
30287	tool	557	121330
30288	tool	3354	121334
30289	tool	6889	121342
30290	tool	77	121344
30291	tool	262	121345
30292	tool	434	121348
30293	tool	1690	121351
30294	tool	1754	121355
30295	tool	2128	121360
30296	tool	11	121369
30297	tool	279	121370
30298	tool	44208	121374
30299	tool	2144	121383
30300	tool	369	121391
30301	tool	279	121394
30302	tool	2144	121398
30303	tool	506	121406
30304	tool	279	121409
30305	tool	44208	121413
30306	tool	2243	121422
30307	tool	6889	121430
30308	tool	77	121432
30309	tool	262	121433
30310	tool	713	121436
30311	tool	44208	121442
30312	tool	26270	121451
30313	tool	283	121460
30314	tool	491	121462
30315	tool	4866	121466
30316	tool	4787	121470
30317	tool	11	121477
30318	tool	1576	121478
30319	tool	46671	121485
30320	tool	59	121489
30321	tool	77	121490
30322	tool	262	121491
30323	tool	713	121494
30324	tool	44208	121500
30325	tool	25207	121509
30326	tool	283	121516
30327	tool	491	121518
30328	tool	4866	121522
30329	tool	4787	121526
30330	tool	11	121533
30331	tool	2623	121534
30332	tool	46671	121542
30333	tool	59	121546
30334	tool	77	121547
30335	tool	1639	121548
30336	tool	262	121550
30337	tool	434	121553
30338	tool	19888	121556
30339	tool	660	121564
30340	tool	2128	121568
30341	tool	27437	121577
30342	tool	494	121581
30343	tool	2107	121586
30344	tool	22371	121591
30345	tool	1639	121600
30346	tool	262	121602
30347	tool	713	121605
30348	tool	660	121611
30349	tool	9267	121615
30350	tool	12337	121618
30351	tool	283	121621
30352	tool	491	121623
30353	tool	2488	121627
30354	tool	4787	121631
30355	tool	46671	121638
30356	tool	59	121642
30357	tool	77	121643
30358	tool	262	121644
30359	tool	364	121647
30360	tool	318	121651
30361	tool	989	121653
30362	tool	498	121658
30363	tool	306	121660
30364	tool	60	121662
30365	tool	314	121663
30366	tool	2100	121666
30367	tool	17656	121673
30368	tool	76583	121679
30369	tool	8	121689
30370	tool	660	121690
30371	tool	9267	121694
30372	tool	12337	121697
30373	tool	1316	121700
30374	tool	3598	121704
30375	tool	42913	121707
30376	tool	77	121710
30377	tool	262	121711
30378	tool	364	121714
30379	tool	318	121718
30380	tool	989	121720
30381	tool	498	121725
30382	tool	306	121727
30383	tool	60	121729
30384	tool	314	121730
30385	tool	2450	121733
30386	tool	1349	121740
30387	tool	76583	121745
30388	tool	8	121755
30389	tool	660	121756
30390	tool	9267	121760
30391	tool	12337	121763
30392	tool	1316	121766
30393	tool	3598	121770
30394	tool	42913	121773
30395	tool	77	121776
30396	tool	1639	121777
30397	tool	262	121779
30398	tool	434	121782
30399	tool	7606	121785
30400	tool	44208	121791
30401	tool	1528	121800
30402	tool	494	121806
30403	tool	279	121811
30404	tool	44208	121815
30405	tool	2243	121824
30406	tool	27437	121832
30407	tool	1639	121836
30408	tool	262	121838
30409	tool	434	121841
30410	tool	561	121844
30411	tool	44208	121848
30412	tool	10478	121857
30413	tool	513	121866
30414	tool	9476	121870
30415	tool	303	121877
30416	tool	279	121880
30417	tool	2450	121884
30418	tool	8602	121891
30419	tool	579	121898
30420	tool	44208	121900
30421	tool	5460	121909
30422	tool	12337	121916
30423	tool	1639	121919
30424	tool	262	121921
30425	tool	434	121924
30426	tool	1165	121927
30427	tool	1144	121930
30428	tool	310	121935
30429	tool	1353	121938
30430	tool	685	121943
30431	tool	279	121946
30432	tool	4880	121950
30433	tool	2144	121957
30434	tool	494	121965
30435	tool	279	121970
30436	tool	2450	121974
30437	tool	8602	121981
30438	tool	579	121988
30439	tool	2243	121990
30440	tool	3712	121998
30441	tool	1639	122006
30442	tool	262	122008
30443	tool	364	122011
30444	tool	318	122015
30445	tool	989	122017
30446	tool	498	122022
30447	tool	5069	122024
30448	tool	739	122027
30449	tool	11	122029
30450	tool	44208	122030
30451	tool	5460	122039
30452	tool	739	122046
30453	tool	60	122048
30454	tool	314	122049
30455	tool	2450	122052
30456	tool	1349	122059
30457	tool	13	122064
30458	tool	64619	122065
30459	tool	5460	122073
30460	tool	12337	122080
30461	tool	8	122083
30462	tool	27238	122084
30463	tool	77	122087
30464	tool	406	122088
30465	tool	713	122093
30466	tool	10478	122099
30467	tool	283	122108
30468	tool	2450	122110
30469	tool	1349	122117
30470	tool	13	122122
30471	tool	27372	122123
30472	tool	652	122131
30473	tool	18573	122135
30474	tool	739	122139
30475	tool	42913	122141
30476	tool	77	122144
30477	tool	406	122145
30478	tool	413	122150
30479	tool	318	122153
30480	tool	27372	122155
30481	tool	8	122163
30482	tool	27238	122164
30483	tool	77	122167
30484	tool	285	122168
30485	tool	713	122175
30486	tool	44208	122181
30487	tool	5460	122190
30488	tool	283	122197
30489	tool	10478	122199
30490	tool	2571	122208
30491	tool	3620	122213
30492	tool	574	122215
30493	tool	343	122218
30494	tool	1702	122220
30495	tool	1981	122223
30496	tool	44208	122227
30497	tool	5460	122236
30498	tool	739	122243
30499	tool	42913	122245
30500	tool	77	122248
30501	tool	285	122249
30502	tool	413	122256
30503	tool	318	122259
30504	tool	64619	122261
30505	tool	5460	122269
30506	tool	8	122276
30507	tool	27238	122277
30508	tool	77	122280
30509	tool	670	122281
30510	tool	44208	122290
30511	tool	26270	122299
30512	tool	949	122308
30513	tool	18573	122312
30514	tool	739	122316
30515	tool	11	122318
30516	tool	44208	122319
30517	tool	5460	122328
30518	tool	5238	122335
30519	tool	42913	122343
30520	tool	77	122346
30521	tool	670	122347
30522	tool	44208	122356
30523	tool	25207	122365
30524	tool	949	122372
30525	tool	18573	122376
30526	tool	739	122380
30527	tool	11	122382
30528	tool	867	122383
30529	tool	42913	122389
30530	tool	77	122392
30531	tool	285	122393
30532	tool	49575	122400
30533	tool	77	122403
30534	tool	406	122404
30535	tool	49575	122409
30536	tool	77	122412
30537	tool	262	122413
30538	tool	49575	122416
30539	tool	77	122419
30540	tool	1639	122420
30541	tool	262	122422
30542	tool	434	122425
30543	tool	1690	122428
30544	tool	9017	122432
30545	tool	421	122442
30546	tool	2905	122447
30547	tool	303	122453
30548	tool	2892	122456
30549	tool	8602	122463
30550	tool	694	122470
30551	tool	524	122474
30552	tool	303	122478
30553	tool	44208	122481
30554	tool	25427	122490
30555	tool	77	122492
30556	tool	262	122493
30557	tool	434	122496
30558	tool	4089	122499
30559	tool	44208	122505
30560	tool	430	122514
30561	tool	7018	122517
30562	tool	6082	122520
30563	tool	57810	122523
30564	tool	2037	122532
30565	tool	318	122534
30566	tool	9327	122536
30567	tool	10383	122545
30568	tool	77	122547
30569	tool	262	122548
30570	tool	713	122551
30571	tool	24979	122557
30572	tool	25	122567
30573	tool	56606	122568
30574	tool	1249	122577
30575	tool	283	122579
30576	tool	2958	122581
30577	tool	17347	122584
30578	tool	77	122586
30579	tool	262	122587
30580	tool	713	122590
30581	tool	25170	122596
30582	tool	60977	122603
30583	tool	25	122607
30584	tool	13190	122608
30585	tool	4787	122615
30586	tool	11	122622
30587	tool	1576	122623
30588	tool	29	122630
30589	tool	283	122631
30590	tool	4535	122633
30591	tool	17347	122636
30592	tool	77	122638
30593	tool	262	122639
30594	tool	1042	122642
30595	tool	682	122646
30596	tool	10990	122650
30597	tool	283	122657
30598	tool	867	122659
30599	tool	17347	122665
30600	tool	77	122667
30601	tool	1639	122668
30602	tool	262	122670
30603	tool	364	122673
30604	tool	318	122677
30605	tool	989	122679
30606	tool	4479	122684
30607	tool	739	122688
30608	tool	314	122690
30609	tool	660	122693
30610	tool	9267	122697
30611	tool	12337	122700
30612	tool	8	122703
30613	tool	27238	122704
30614	tool	77	122707
30615	tool	406	122708
30616	tool	713	122713
30617	tool	2100	122719
30618	tool	9267	122726
30619	tool	283	122729
30620	tool	2100	122731
30621	tool	17656	122738
30622	tool	76583	122744
30623	tool	652	122754
30624	tool	18573	122758
30625	tool	739	122762
30626	tool	42913	122764
30627	tool	77	122767
30628	tool	406	122768
30629	tool	713	122773
30630	tool	2450	122779
30631	tool	9267	122786
30632	tool	283	122789
30633	tool	2450	122791
30634	tool	1349	122798
30635	tool	76583	122803
30636	tool	652	122813
30637	tool	18573	122817
30638	tool	739	122821
30639	tool	42913	122823
30640	tool	77	122826
30641	tool	406	122827
30642	tool	713	122832
30643	tool	44208	122838
30644	tool	2674	122847
30645	tool	283	122854
30646	tool	44208	122856
30647	tool	26270	122865
30648	tool	652	122874
30649	tool	18573	122878
30650	tool	739	122882
30651	tool	42913	122884
30652	tool	77	122887
30653	tool	406	122888
30654	tool	713	122893
30655	tool	44208	122899
30656	tool	25202	122908
30657	tool	25207	122911
30658	tool	283	122918
30659	tool	44208	122920
30660	tool	25207	122929
30661	tool	652	122936
30662	tool	18573	122940
30663	tool	739	122944
30664	tool	8	122946
30665	tool	9136	122947
30666	tool	867	122950
30667	tool	17347	122956
30668	tool	77	122958
30669	tool	1639	122959
30670	tool	406	122961
30671	tool	434	122966
30672	tool	28924	122969
30673	tool	1428	122979
30674	tool	2144	122987
30675	tool	383	122995
30676	tool	1754	122998
30677	tool	3008	123003
30678	tool	1639	123008
30679	tool	406	123010
30680	tool	713	123015
30681	tool	2100	123021
30682	tool	2674	123028
30683	tool	283	123035
30684	tool	2100	123037
30685	tool	9267	123044
30686	tool	976	123047
30687	tool	729	123050
30688	tool	5480	123052
30689	tool	9267	123058
30690	tool	62668	123061
30691	tool	907	123069
30692	tool	2100	123071
30693	tool	9267	123078
30694	tool	5238	123081
30695	tool	535	123089
30696	tool	5438	123091
30697	tool	17347	123101
30698	tool	77	123103
30699	tool	406	123104
30700	tool	713	123109
30701	tool	2450	123115
30702	tool	2674	123122
30703	tool	283	123129
30704	tool	2450	123131
30705	tool	9267	123138
30706	tool	976	123141
30707	tool	729	123144
30708	tool	2348	123146
30709	tool	9267	123152
30710	tool	62668	123155
30711	tool	907	123163
30712	tool	2450	123165
30713	tool	9267	123172
30714	tool	5238	123175
30715	tool	535	123183
30716	tool	5438	123185
30717	tool	17347	123195
30718	tool	77	123197
30719	tool	1639	123198
30720	tool	406	123200
30721	tool	434	123205
30722	tool	28924	123208
30723	tool	413	123218
30724	tool	1754	123221
30725	tool	3008	123226
30726	tool	682	123231
30727	tool	279	123235
30728	tool	2128	123239
30729	tool	1639	123248
30730	tool	406	123250
30731	tool	713	123255
30732	tool	2100	123261
30733	tool	15118	123268
30734	tool	283	123274
30735	tool	2100	123276
30736	tool	9267	123283
30737	tool	976	123286
30738	tool	729	123289
30739	tool	5480	123291
30740	tool	9267	123297
30741	tool	62668	123300
30742	tool	17347	123308
30743	tool	77	123310
30744	tool	406	123311
30745	tool	713	123316
30746	tool	2450	123322
30747	tool	15118	123329
30748	tool	283	123335
30749	tool	2450	123337
30750	tool	9267	123344
30751	tool	976	123347
30752	tool	729	123350
30753	tool	2348	123352
30754	tool	9267	123358
30755	tool	62668	123361
30756	tool	17347	123369
30757	tool	77	123371
30758	tool	1639	123372
30759	tool	406	123374
30760	tool	434	123379
30761	tool	1368	123382
30762	tool	13468	123385
30763	tool	3008	123393
30764	tool	5324	123398
30765	tool	494	123406
30766	tool	44208	123411
30767	tool	11	123420
30768	tool	10390	123421
30769	tool	1639	123426
30770	tool	406	123428
30771	tool	713	123433
30772	tool	2100	123439
30773	tool	5221	123446
30774	tool	283	123453
30775	tool	729	123455
30776	tool	18630	123457
30777	tool	2898	123464
30778	tool	8373	123469
30779	tool	2674	123476
30780	tool	11	123483
30781	tool	44208	123484
30782	tool	2674	123493
30783	tool	42913	123500
30784	tool	77	123503
30785	tool	406	123504
30786	tool	713	123509
30787	tool	2450	123515
30788	tool	5221	123522
30789	tool	283	123529
30790	tool	729	123531
30791	tool	18630	123533
30792	tool	2898	123540
30793	tool	12080	123545
30794	tool	2674	123552
30795	tool	11	123559
30796	tool	44208	123560
30797	tool	2674	123569
30798	tool	42913	123576
30799	tool	77	123579
30800	tool	1639	123580
30801	tool	406	123582
30802	tool	413	123587
30803	tool	1451	123590
30804	tool	5480	123593
30805	tool	5221	123599
30806	tool	976	123606
30807	tool	729	123609
30808	tool	2348	123611
30809	tool	5221	123617
30810	tool	8	123624
30811	tool	27238	123625
30812	tool	77	123628
30813	tool	285	123629
30814	tool	434	123636
30815	tool	2233	123639
30816	tool	4203	123642
30817	tool	383	123650
30818	tool	2892	123653
30819	tool	3008	123660
30820	tool	471	123665
30821	tool	2426	123667
30822	tool	430	123672
30823	tool	369	123675
30824	tool	1639	123678
30825	tool	285	123680
30826	tool	413	123687
30827	tool	318	123690
30828	tool	5480	123692
30829	tool	15118	123698
30830	tool	8	123704
30831	tool	27238	123705
30832	tool	77	123708
30833	tool	670	123709
30834	tool	25170	123718
30835	tool	60977	123725
30836	tool	58	123729
30837	tool	5069	123730
30838	tool	739	123733
30839	tool	60	123735
30840	tool	283	123736
30841	tool	5365	123738
30842	tool	36429	123743
30843	tool	8373	123748
30844	tool	2674	123755
30845	tool	0	123762
30846	tool	42913	123763
30847	tool	77	123766
30848	tool	285	123767
30849	tool	49575	123774
30850	tool	77	123777
30851	tool	285	123778
30852	tool	2962	123785
30853	tool	17347	123794
30854	tool	77	123796
30855	tool	406	123797
30856	tool	49575	123802
30857	tool	77	123805
30858	tool	1639	123806
30859	tool	406	123808
30860	tool	682	123813
30861	tool	10990	123817
30862	tool	283	123824
30863	tool	804	123826
30864	tool	17347	123831
30865	tool	77	123833
30866	tool	1639	123834
30867	tool	406	123836
30868	tool	434	123841
30869	tool	11206	123844
30870	tool	25	123849
30871	tool	1132	123850
30872	tool	2100	123855
30873	tool	5324	123862
30874	tool	1639	123870
30875	tool	406	123872
30876	tool	413	123877
30877	tool	318	123880
30878	tool	5480	123882
30879	tool	5221	123888
30880	tool	976	123895
30881	tool	729	123898
30882	tool	2348	123900
30883	tool	5221	123906
30884	tool	8	123913
30885	tool	27238	123914
30886	tool	77	123917
30887	tool	285	123918
30888	tool	413	123925
30889	tool	318	123928
30890	tool	5480	123930
30891	tool	15118	123936
30892	tool	8	123942
30893	tool	27238	123943
30894	tool	77	123946
30895	tool	670	123947
30896	tool	25170	123956
30897	tool	60977	123963
30898	tool	58	123967
30899	tool	5069	123968
30900	tool	739	123971
30901	tool	60	123973
30902	tool	283	123974
30903	tool	5365	123976
30904	tool	36429	123981
30905	tool	8373	123986
30906	tool	2674	123993
30907	tool	0	124000
30908	tool	42913	124001
30909	tool	77	124004
30910	tool	285	124005
30911	tool	49575	124012
30912	tool	77	124015
30913	tool	285	124016
30914	tool	2962	124023
30915	tool	17347	124032
30916	tool	77	124034
30917	tool	406	124035
30918	tool	49575	124040
30919	tool	77	124043
30920	tool	1639	124044
30921	tool	406	124046
30922	tool	434	124051
30923	tool	11206	124054
30924	tool	25	124059
30925	tool	1132	124060
30926	tool	2450	124065
30927	tool	5324	124072
30928	tool	1639	124080
30929	tool	406	124082
30930	tool	413	124087
30931	tool	1451	124090
30932	tool	5480	124093
30933	tool	5221	124099
30934	tool	976	124106
30935	tool	2450	124109
30936	tool	5221	124116
30937	tool	8	124123
30938	tool	27238	124124
30939	tool	77	124127
30940	tool	285	124128
30941	tool	413	124135
30942	tool	318	124138
30943	tool	2348	124140
30944	tool	15118	124146
30945	tool	8	124152
30946	tool	27238	124153
30947	tool	77	124156
30948	tool	670	124157
30949	tool	25170	124166
30950	tool	60977	124173
30951	tool	58	124177
30952	tool	5069	124178
30953	tool	739	124181
30954	tool	60	124183
30955	tool	283	124184
30956	tool	5365	124186
30957	tool	36429	124191
30958	tool	12080	124196
30959	tool	2674	124203
30960	tool	0	124210
30961	tool	42913	124211
30962	tool	77	124214
30963	tool	285	124215
30964	tool	49575	124222
30965	tool	77	124225
30966	tool	285	124226
30967	tool	2962	124233
30968	tool	17347	124242
30969	tool	77	124244
30970	tool	406	124245
30971	tool	49575	124250
30972	tool	77	124253
30973	tool	1639	124254
30974	tool	406	124256
30975	tool	434	124261
30976	tool	11206	124264
30977	tool	25	124269
30978	tool	2107	124270
30979	tool	5324	124275
30980	tool	471	124283
30981	tool	1144	124285
30982	tool	2250	124290
30983	tool	25941	124296
30984	tool	10562	124300
30985	tool	506	124306
30986	tool	2002	124309
30987	tool	2119	124315
30988	tool	1639	124321
30989	tool	406	124323
30990	tool	713	124328
30991	tool	2255	124334
30992	tool	2674	124339
30993	tool	283	124346
30994	tool	44208	124348
30995	tool	2674	124357
30996	tool	9136	124364
30997	tool	4535	124367
30998	tool	17347	124370
30999	tool	77	124372
31000	tool	406	124373
31001	tool	713	124378
31002	tool	11022	124384
31003	tool	2674	124389
31004	tool	283	124396
31005	tool	2100	124398
31006	tool	2674	124405
31007	tool	9136	124412
31008	tool	4535	124415
31009	tool	17347	124418
31010	tool	77	124420
31011	tool	406	124421
31012	tool	713	124426
31013	tool	45625	124432
31014	tool	2674	124439
31015	tool	283	124446
31016	tool	2450	124448
31017	tool	2674	124455
31018	tool	9136	124462
31019	tool	4535	124465
31020	tool	17347	124468
31021	tool	77	124470
31022	tool	1639	124471
31023	tool	406	124473
31024	tool	713	124478
31025	tool	313	124484
31026	tool	25170	124486
31027	tool	11	124493
31028	tool	4479	124494
31029	tool	15121	124498
31030	tool	54551	124502
31031	tool	333	124507
31032	tool	283	124509
31033	tool	411	124511
31034	tool	13284	124516
31035	tool	740	124519
31036	tool	33894	124522
31037	tool	50346	124525
31038	tool	11211	124530
31039	tool	11189	124537
31040	tool	77	124539
31041	tool	285	124540
31042	tool	4479	124547
31043	tool	739	124551
31044	tool	25427	124553
31045	tool	77	124555
31046	tool	285	124556
31047	tool	2255	124563
31048	tool	2674	124568
31049	tool	25427	124575
31050	tool	77	124577
31051	tool	285	124578
31052	tool	11022	124585
31053	tool	2674	124590
31054	tool	25427	124597
31055	tool	77	124599
31056	tool	285	124600
31057	tool	45625	124607
31058	tool	2674	124614
31059	tool	1639	124621
31060	tool	406	124623
31061	tool	6688	124628
31062	tool	59	124631
31063	tool	77	124632
31064	tool	1639	124633
31065	tool	406	124635
31066	tool	24979	124640
31067	tool	2470	124650
31068	tool	18280	124655
31069	tool	5069	124659
31070	tool	15121	124662
31071	tool	54551	124666
31072	tool	42913	124671
31073	tool	77	124674
31074	tool	1639	124675
31075	tool	406	124677
31076	tool	434	124682
31077	tool	1690	124685
31078	tool	279	124689
31079	tool	25170	124693
31080	tool	2468	124700
31081	tool	11	124707
31082	tool	8563	124708
31083	tool	24979	124716
31084	tool	303	124726
31085	tool	4542	124729
31086	tool	314	124735
31087	tool	7018	124738
31088	tool	2391	124741
31089	tool	21555	124745
31090	tool	77	124748
31091	tool	406	124749
31092	tool	713	124754
31093	tool	19072	124760
31094	tool	44	124769
31095	tool	49788	124770
31096	tool	283	124775
31097	tool	411	124777
31098	tool	14267	124782
31099	tool	15121	124790
31100	tool	54551	124794
31101	tool	623	124799
31102	tool	37	124801
31103	tool	3185	124802
31104	tool	2056	124806
31105	tool	46	124808
31106	tool	1663	124809
31107	tool	11189	124812
31108	tool	77	124814
31109	tool	285	124815
31110	tool	25170	124822
31111	tool	25427	124829
31112	tool	77	124831
31113	tool	285	124832
31114	tool	11022	124839
31115	tool	2674	124844
31116	tool	25427	124851
31117	tool	77	124853
31118	tool	285	124854
31119	tool	4479	124861
31120	tool	15121	124865
31121	tool	54551	124869
31122	tool	1639	124874
31123	tool	406	124876
31124	tool	6688	124881
31125	tool	59	124884
31126	tool	77	124885
31127	tool	1639	124886
31128	tool	406	124888
31129	tool	25170	124893
31130	tool	60977	124900
31131	tool	58	124904
31132	tool	5069	124905
31133	tool	739	124908
31134	tool	60	124910
31135	tool	283	124911
31136	tool	19072	124913
31137	tool	44	124922
31138	tool	49788	124923
31139	tool	17347	124928
31140	tool	77	124930
31141	tool	262	124931
31142	tool	49575	124934
31143	tool	77	124937
31144	tool	1639	124938
31145	tool	262	124940
31146	tool	713	124943
31147	tool	8977	124949
31148	tool	283	124957
31149	tool	24979	124959
31150	tool	1887	124969
31151	tool	1981	124976
31152	tool	220	124980
31153	tool	15	124981
31154	tool	17347	124982
31155	tool	77	124984
31156	tool	1639	124985
31157	tool	262	124987
31158	tool	413	124990
31159	tool	318	124993
31160	tool	385	124995
31161	tool	3330	124997
31162	tool	976	125002
31163	tool	682	125005
31164	tool	10990	125009
31165	tool	8	125016
31166	tool	27238	125017
31167	tool	77	125020
31168	tool	406	125021
31169	tool	434	125026
31170	tool	8708	125029
31171	tool	12	125034
31172	tool	9974	125035
31173	tool	25	125040
31174	tool	2560	125041
31175	tool	2100	125048
31176	tool	8602	125055
31177	tool	440	125062
31178	tool	25170	125067
31179	tool	2961	125074
31180	tool	1639	125082
31181	tool	406	125084
31182	tool	364	125089
31183	tool	318	125093
31184	tool	989	125095
31185	tool	498	125100
31186	tool	5069	125102
31187	tool	739	125105
31188	tool	11	125107
31189	tool	2144	125108
31190	tool	60	125116
31191	tool	314	125117
31192	tool	2907	125120
31193	tool	34569	125127
31194	tool	7	125135
31195	tool	39017	125136
31196	tool	60977	125142
31197	tool	578	125146
31198	tool	27238	125148
31199	tool	77	125151
31200	tool	285	125152
31201	tool	713	125159
31202	tool	2100	125165
31203	tool	9267	125172
31204	tool	283	125175
31205	tool	2100	125177
31206	tool	17656	125184
31207	tool	76583	125190
31208	tool	652	125200
31209	tool	18573	125204
31210	tool	739	125208
31211	tool	42913	125210
31212	tool	77	125213
31213	tool	285	125214
31214	tool	413	125221
31215	tool	318	125224
31216	tool	5480	125226
31217	tool	9267	125232
31218	tool	976	125235
31219	tool	729	125238
31220	tool	5480	125240
31221	tool	9267	125246
31222	tool	62668	125249
31223	tool	8	125257
31224	tool	27238	125258
31225	tool	77	125261
31226	tool	670	125262
31227	tool	2100	125271
31228	tool	9267	125278
31229	tool	5238	125281
31230	tool	283	125289
31231	tool	5365	125291
31232	tool	36429	125296
31233	tool	14625	125301
31234	tool	42913	125309
31235	tool	77	125312
31236	tool	670	125313
31237	tool	434	125322
31238	tool	13190	125325
31239	tool	264	125332
31240	tool	491	125334
31241	tool	2243	125338
31242	tool	364	125346
31243	tool	279	125350
31244	tool	10562	125354
31245	tool	1639	125360
31246	tool	670	125362
31247	tool	713	125371
31248	tool	2243	125377
31249	tool	739	125385
31250	tool	283	125387
31251	tool	6707	125389
31252	tool	5460	125398
31253	tool	739	125405
31254	tool	2061	125407
31255	tool	59	125410
31256	tool	77	125411
31257	tool	670	125412
31258	tool	713	125421
31259	tool	2243	125427
31260	tool	25	125435
31261	tool	5889	125436
31262	tool	283	125444
31263	tool	27238	125446
31264	tool	77	125449
31265	tool	309	125450
31266	tool	850	125461
31267	tool	25	125464
31268	tool	2243	125465
31269	tool	739	125473
31270	tool	25427	125475
31271	tool	77	125477
31272	tool	309	125478
31273	tool	11112	125489
31274	tool	25	125499
31275	tool	2544	125500
31276	tool	10384	125505
31277	tool	1453	125509
31278	tool	59	125512
31279	tool	77	125513
31280	tool	309	125514
31281	tool	2144	125525
31282	tool	25	125533
31283	tool	5365	125534
31284	tool	36429	125539
31285	tool	14625	125544
31286	tool	681	125552
31287	tool	59	125554
31288	tool	77	125555
31289	tool	670	125556
31290	tool	333	125565
31291	tool	17347	125567
31292	tool	77	125569
31293	tool	670	125570
31294	tool	413	125579
31295	tool	1451	125582
31296	tool	5480	125585
31297	tool	17656	125591
31298	tool	13	125597
31299	tool	27372	125598
31300	tool	6644	125606
31301	tool	18573	125610
31302	tool	739	125614
31303	tool	578	125616
31304	tool	27238	125618
31305	tool	77	125621
31306	tool	309	125622
31307	tool	2100	125633
31308	tool	17656	125640
31309	tool	13	125646
31310	tool	27372	125647
31311	tool	949	125655
31312	tool	18573	125659
31313	tool	739	125663
31314	tool	11	125665
31315	tool	2958	125666
31316	tool	42913	125669
31317	tool	77	125672
31318	tool	670	125673
31319	tool	49575	125682
31320	tool	77	125685
31321	tool	670	125686
31322	tool	2100	125695
31323	tool	17656	125702
31324	tool	13	125708
31325	tool	27372	125709
31326	tool	652	125717
31327	tool	18573	125721
31328	tool	739	125725
31329	tool	8	125727
31330	tool	14918	125728
31331	tool	8804	125730
31332	tool	36521	125734
31333	tool	42913	125742
31334	tool	77	125745
31335	tool	285	125746
31336	tool	333	125753
31337	tool	745	125755
31338	tool	27238	125760
31339	tool	77	125763
31340	tool	670	125764
31341	tool	434	125773
31342	tool	11451	125776
31343	tool	3105	125785
31344	tool	914	125790
31345	tool	2905	125792
31346	tool	383	125798
31347	tool	2100	125801
31348	tool	694	125808
31349	tool	6513	125812
31350	tool	303	125819
31351	tool	10562	125822
31352	tool	1067	125828
31353	tool	1639	125835
31354	tool	670	125837
31355	tool	2100	125846
31356	tool	17656	125853
31357	tool	76583	125859
31358	tool	949	125869
31359	tool	18573	125873
31360	tool	739	125877
31361	tool	11	125879
31362	tool	313	125880
31363	tool	2144	125882
31364	tool	25	125890
31365	tool	5365	125891
31366	tool	36429	125896
31367	tool	14625	125901
31368	tool	681	125909
31369	tool	10739	125911
31370	tool	25	125919
31371	tool	867	125920
31372	tool	17574	125926
31373	tool	59	125930
31374	tool	77	125931
31375	tool	670	125932
31376	tool	713	125941
31377	tool	2243	125947
31378	tool	739	125955
31379	tool	283	125957
31380	tool	6707	125959
31381	tool	5460	125968
31382	tool	739	125975
31383	tool	2061	125977
31384	tool	59	125980
31385	tool	77	125981
31386	tool	670	125982
31387	tool	713	125991
31388	tool	2243	125997
31389	tool	25	126005
31390	tool	5889	126006
31391	tool	283	126014
31392	tool	27238	126016
31393	tool	77	126019
31394	tool	309	126020
31395	tool	850	126031
31396	tool	25	126034
31397	tool	2243	126035
31398	tool	739	126043
31399	tool	25427	126045
31400	tool	77	126047
31401	tool	309	126048
31402	tool	11112	126059
31403	tool	25	126069
31404	tool	2544	126070
31405	tool	10384	126075
31406	tool	1453	126079
31407	tool	59	126082
31408	tool	77	126083
31409	tool	309	126084
31410	tool	2144	126095
31411	tool	25	126103
31412	tool	5365	126104
31413	tool	36429	126109
31414	tool	14625	126114
31415	tool	681	126122
31416	tool	59	126124
31417	tool	77	126125
31418	tool	670	126126
31419	tool	333	126135
31420	tool	17347	126137
31421	tool	77	126139
31422	tool	670	126140
31423	tool	413	126149
31424	tool	1451	126152
31425	tool	5480	126155
31426	tool	17656	126161
31427	tool	13	126167
31428	tool	27372	126168
31429	tool	6644	126176
31430	tool	18573	126180
31431	tool	739	126184
31432	tool	578	126186
31433	tool	27238	126188
31434	tool	77	126191
31435	tool	309	126192
31436	tool	2100	126203
31437	tool	17656	126210
31438	tool	13	126216
31439	tool	27372	126217
31440	tool	949	126225
31441	tool	18573	126229
31442	tool	739	126233
31443	tool	11	126235
31444	tool	2958	126236
31445	tool	42913	126239
31446	tool	77	126242
31447	tool	670	126243
31448	tool	49575	126252
31449	tool	77	126255
31450	tool	670	126256
31451	tool	2100	126265
31452	tool	17656	126272
31453	tool	13	126278
31454	tool	27372	126279
31455	tool	652	126287
31456	tool	18573	126291
31457	tool	739	126295
31458	tool	8	126297
31459	tool	14918	126298
31460	tool	8804	126300
31461	tool	36521	126304
31462	tool	42913	126312
31463	tool	77	126315
31464	tool	285	126316
31465	tool	49575	126323
31466	tool	77	126326
31467	tool	406	126327
31468	tool	49575	126332
31469	tool	77	126335
31470	tool	262	126336
31471	tool	49575	126339
31472	tool	77	126342
31473	tool	1639	126343
31474	tool	262	126345
31475	tool	460	126348
31476	tool	313	126355
31477	tool	25170	126357
31478	tool	25	126364
31479	tool	25170	126365
31480	tool	60977	126372
31481	tool	11	126376
31482	tool	24979	126377
31483	tool	11	126387
31484	tool	8977	126388
31485	tool	333	126396
31486	tool	17347	126398
31487	tool	77	126400
31488	tool	220	126401
31489	tool	49575	126402
31490	tool	77	126405
31491	tool	1639	126406
31492	tool	220	126408
31493	tool	434	126409
31494	tool	10977	126412
31495	tool	14095	126417
31496	tool	25941	126423
31497	tool	10562	126427
31498	tool	314	126433
31499	tool	1330	126436
31500	tool	4566	126440
31501	tool	5978	126445
31502	tool	10977	126453
31503	tool	59	126458
31504	tool	77	126459
31505	tool	1639	126460
31506	tool	220	126462
31507	tool	843	126463
31508	tool	2250	126471
31509	tool	33894	126477
31510	tool	50346	126480
31511	tool	11211	126485
31512	tool	11189	126492
31513	tool	77	126494
31514	tool	262	126495
31515	tool	4479	126498
31516	tool	739	126502
31517	tool	25	126504
31518	tool	886	126505
31519	tool	25427	126512
31520	tool	77	126514
31521	tool	262	126515
31522	tool	2255	126518
31523	tool	25	126523
31524	tool	1576	126524
31525	tool	25427	126531
31526	tool	77	126533
31527	tool	262	126534
31528	tool	11022	126537
31529	tool	25	126542
31530	tool	1576	126543
31531	tool	25427	126550
31532	tool	77	126552
31533	tool	262	126553
31534	tool	45625	126556
31535	tool	25	126563
31536	tool	1576	126564
31537	tool	1639	126571
31538	tool	220	126573
31539	tool	16026	126574
31540	tool	313	126577
31541	tool	25170	126579
31542	tool	25	126586
31543	tool	1576	126587
31544	tool	26	126594
31545	tool	24979	126595
31546	tool	25	126605
31547	tool	56606	126606
31548	tool	1249	126615
31549	tool	333	126617
31550	tool	27238	126619
31551	tool	77	126622
31552	tool	262	126623
31553	tool	713	126626
31554	tool	25170	126632
31555	tool	25	126639
31556	tool	13190	126640
31557	tool	4787	126647
31558	tool	11	126654
31559	tool	866	126655
31560	tool	29	126659
31561	tool	283	126660
31562	tool	4535	126662
31563	tool	17347	126665
31564	tool	77	126667
31565	tool	262	126668
31566	tool	713	126671
31567	tool	24979	126677
31568	tool	25	126687
31569	tool	56606	126688
31570	tool	1249	126697
31571	tool	283	126699
31572	tool	2958	126701
31573	tool	17347	126704
31574	tool	77	126706
31575	tool	1639	126707
31576	tool	262	126709
31577	tool	434	126712
31578	tool	19888	126715
31579	tool	660	126723
31580	tool	6679	126727
31581	tool	494	126732
31582	tool	660	126737
31583	tool	2250	126741
31584	tool	5978	126747
31585	tool	1639	126755
31586	tool	262	126757
31587	tool	713	126760
31588	tool	660	126766
31589	tool	8583	126770
31590	tool	283	126774
31591	tool	491	126776
31592	tool	2488	126780
31593	tool	4787	126784
31594	tool	2163	126791
31595	tool	25223	126793
31596	tool	77	126795
31597	tool	406	126796
31598	tool	2423	126801
31599	tool	1150	126805
31600	tool	8850	126811
31601	tool	12300	126816
31602	tool	681	126821
31603	tool	59	126823
31604	tool	77	126824
31605	tool	406	126825
31606	tool	2423	126830
31607	tool	1150	126834
31608	tool	8850	126840
31609	tool	7	126845
31610	tool	2391	126846
31611	tool	681	126850
31612	tool	59	126852
31613	tool	77	126853
31614	tool	406	126854
31615	tool	2423	126859
31616	tool	1150	126863
31617	tool	8850	126869
31618	tool	29434	126874
31619	tool	16346	126878
31620	tool	681	126881
31621	tool	59	126883
31622	tool	77	126884
31623	tool	262	126885
31624	tool	2205	126888
31625	tool	42913	126890
31626	tool	77	126893
31627	tool	1639	126894
31628	tool	262	126896
31629	tool	364	126899
31630	tool	318	126903
31631	tool	989	126905
31632	tool	1328	126910
31633	tool	314	126914
31634	tool	660	126917
31635	tool	8583	126921
31636	tool	8	126925
31637	tool	27238	126926
31638	tool	77	126929
31639	tool	406	126930
31640	tool	713	126935
31641	tool	2255	126941
31642	tool	2139	126946
31643	tool	283	126949
31644	tool	2255	126951
31645	tool	7900	126956
31646	tool	430	126960
31647	tool	77112	126963
31648	tool	7558	126969
31649	tool	2255	126976
31650	tool	5098	126981
31651	tool	59	126983
31652	tool	77	126984
31653	tool	406	126985
31654	tool	713	126990
31655	tool	11022	126996
31656	tool	2139	127001
31657	tool	283	127004
31658	tool	11022	127006
31659	tool	7900	127011
31660	tool	430	127015
31661	tool	77112	127018
31662	tool	7558	127024
31663	tool	11022	127031
31664	tool	5098	127036
31665	tool	59	127038
31666	tool	77	127039
31667	tool	406	127040
31668	tool	713	127045
31669	tool	45625	127051
31670	tool	2139	127058
31671	tool	283	127061
31672	tool	45625	127063
31673	tool	7900	127070
31674	tool	430	127074
31675	tool	77112	127077
31676	tool	7558	127083
31677	tool	45625	127090
31678	tool	5098	127097
31679	tool	59	127099
31680	tool	77	127100
31681	tool	1639	127101
31682	tool	406	127103
31683	tool	713	127108
31684	tool	2255	127114
31685	tool	80749	127119
31686	tool	283	127125
31687	tool	1328	127127
31688	tool	303	127131
31689	tool	2255	127134
31690	tool	17347	127139
31691	tool	77	127141
31692	tool	406	127142
31693	tool	713	127147
31694	tool	11022	127153
31695	tool	80749	127158
31696	tool	283	127164
31697	tool	1328	127166
31698	tool	303	127170
31699	tool	11022	127173
31700	tool	17347	127178
31701	tool	77	127180
31702	tool	406	127181
31703	tool	713	127186
31704	tool	45625	127192
31705	tool	80749	127199
31706	tool	283	127205
31707	tool	1328	127207
31708	tool	303	127211
31709	tool	45625	127214
31710	tool	17347	127221
31711	tool	77	127223
31712	tool	1639	127224
31713	tool	406	127226
31714	tool	713	127231
31715	tool	1752	127237
31716	tool	283	127242
31717	tool	4479	127244
31718	tool	739	127248
31719	tool	907	127250
31720	tool	11187	127252
31721	tool	5069	127256
31722	tool	739	127259
31723	tool	74556	127261
31724	tool	767	127265
31725	tool	5368	127268
31726	tool	535	127270
31727	tool	1328	127272
31728	tool	17347	127276
31729	tool	77	127278
31730	tool	1639	127279
31731	tool	406	127281
31732	tool	434	127286
31733	tool	28924	127289
31734	tool	413	127299
31735	tool	1754	127302
31736	tool	3008	127307
31737	tool	5324	127312
31738	tool	411	127320
31739	tool	1328	127325
31740	tool	1639	127329
31741	tool	406	127331
31742	tool	713	127336
31743	tool	11022	127342
31744	tool	5221	127347
31745	tool	283	127354
31746	tool	11022	127356
31747	tool	80749	127361
31748	tool	4235	127367
31749	tool	2255	127371
31750	tool	80749	127376
31751	tool	1321	127382
31752	tool	729	127385
31753	tool	3535	127387
31754	tool	2898	127393
31755	tool	7	127398
31756	tool	2391	127399
31757	tool	2139	127403
31758	tool	11	127406
31759	tool	2255	127407
31760	tool	2139	127412
31761	tool	42913	127415
31762	tool	77	127418
31763	tool	406	127419
31764	tool	713	127424
31765	tool	45625	127430
31766	tool	5221	127437
31767	tool	283	127444
31768	tool	45625	127446
31769	tool	80749	127453
31770	tool	4235	127459
31771	tool	2255	127463
31772	tool	80749	127468
31773	tool	1321	127474
31774	tool	729	127477
31775	tool	3535	127479
31776	tool	2898	127485
31777	tool	29434	127490
31778	tool	16346	127494
31779	tool	2139	127497
31780	tool	11	127500
31781	tool	2255	127501
31782	tool	2139	127506
31783	tool	42913	127509
31784	tool	77	127512
31785	tool	1639	127513
31786	tool	406	127515
31787	tool	413	127520
31788	tool	1451	127523
31789	tool	2391	127526
31790	tool	5221	127530
31791	tool	976	127537
31792	tool	729	127540
31793	tool	1719	127542
31794	tool	16346	127545
31795	tool	5221	127548
31796	tool	8	127555
31797	tool	27238	127556
31798	tool	77	127559
31799	tool	285	127560
31800	tool	434	127567
31801	tool	23472	127570
31802	tool	5324	127578
31803	tool	471	127586
31804	tool	2426	127588
31805	tool	2255	127593
31806	tool	869	127598
31807	tool	1639	127604
31808	tool	285	127606
31809	tool	413	127613
31810	tool	318	127616
31811	tool	3051	127618
31812	tool	80749	127622
31813	tool	8	127628
31814	tool	27238	127629
31815	tool	77	127632
31816	tool	670	127633
31817	tool	25170	127642
31818	tool	7900	127649
31819	tool	60	127653
31820	tool	283	127654
31821	tool	5365	127656
31822	tool	36429	127661
31823	tool	12300	127666
31824	tool	2139	127671
31825	tool	42913	127674
31826	tool	77	127677
31827	tool	285	127678
31828	tool	49575	127685
31829	tool	77	127688
31830	tool	285	127689
31831	tool	2962	127696
31832	tool	17347	127705
31833	tool	77	127707
31834	tool	406	127708
31835	tool	49575	127713
31836	tool	77	127716
31837	tool	1639	127717
31838	tool	406	127719
31839	tool	413	127724
31840	tool	318	127727
31841	tool	2391	127729
31842	tool	5221	127733
31843	tool	976	127740
31844	tool	729	127743
31845	tool	1719	127745
31846	tool	16346	127748
31847	tool	5221	127751
31848	tool	8	127758
31849	tool	27238	127759
31850	tool	77	127762
31851	tool	285	127763
31852	tool	434	127770
31853	tool	8020	127773
31854	tool	11022	127778
31855	tool	5324	127783
31856	tool	471	127791
31857	tool	1831	127793
31858	tool	11022	127798
31859	tool	1639	127803
31860	tool	285	127805
31861	tool	413	127812
31862	tool	318	127815
31863	tool	2391	127817
31864	tool	80749	127821
31865	tool	8	127827
31866	tool	27238	127828
31867	tool	77	127831
31868	tool	670	127832
31869	tool	25170	127841
31870	tool	7900	127848
31871	tool	60	127852
31872	tool	283	127853
31873	tool	5365	127855
31874	tool	36429	127860
31875	tool	7	127865
31876	tool	2391	127866
31877	tool	2139	127870
31878	tool	42913	127873
31879	tool	77	127876
31880	tool	285	127877
31881	tool	49575	127884
31882	tool	77	127887
31883	tool	285	127888
31884	tool	2962	127895
31885	tool	17347	127904
31886	tool	77	127906
31887	tool	406	127907
31888	tool	49575	127912
31889	tool	77	127915
31890	tool	1639	127916
31891	tool	406	127918
31892	tool	413	127923
31893	tool	1451	127926
31894	tool	2391	127929
31895	tool	5221	127933
31896	tool	976	127940
31897	tool	45625	127943
31898	tool	5221	127950
31899	tool	8	127957
31900	tool	27238	127958
31901	tool	77	127961
31902	tool	285	127962
31903	tool	434	127969
31904	tool	8020	127972
31905	tool	45625	127977
31906	tool	5324	127984
31907	tool	471	127992
31908	tool	1831	127994
31909	tool	45625	127999
31910	tool	1639	128006
31911	tool	285	128008
31912	tool	413	128015
31913	tool	318	128018
31914	tool	1719	128020
31915	tool	16346	128023
31916	tool	80749	128026
31917	tool	8	128032
31918	tool	27238	128033
31919	tool	77	128036
31920	tool	670	128037
31921	tool	25170	128046
31922	tool	7900	128053
31923	tool	60	128057
31924	tool	283	128058
31925	tool	5365	128060
31926	tool	36429	128065
31927	tool	29434	128070
31928	tool	16346	128074
31929	tool	2139	128077
31930	tool	42913	128080
31931	tool	77	128083
31932	tool	285	128084
31933	tool	49575	128091
31934	tool	77	128094
31935	tool	285	128095
31936	tool	2962	128102
31937	tool	17347	128111
31938	tool	77	128113
31939	tool	406	128114
31940	tool	49575	128119
31941	tool	77	128122
31942	tool	1639	128123
31943	tool	406	128125
31944	tool	434	128130
31945	tool	11396	128133
31946	tool	5324	128138
31947	tool	1639	128146
31948	tool	406	128148
31949	tool	413	128153
31950	tool	318	128156
31951	tool	3535	128158
31952	tool	2898	128164
31953	tool	7	128169
31954	tool	2391	128170
31955	tool	2139	128174
31956	tool	11	128177
31957	tool	45625	128178
31958	tool	2139	128185
31959	tool	578	128188
31960	tool	27238	128190
31961	tool	77	128193
31962	tool	285	128194
31963	tool	434	128201
31964	tool	11396	128204
31965	tool	5324	128209
31966	tool	310	128217
31967	tool	279	128220
31968	tool	1788	128224
31969	tool	869	128229
31970	tool	471	128235
31971	tool	874	128237
31972	tool	11712	128240
31973	tool	1639	128249
31974	tool	285	128251
31975	tool	413	128258
31976	tool	318	128261
31977	tool	2391	128263
31978	tool	80749	128267
31979	tool	8	128273
31980	tool	27238	128274
31981	tool	77	128277
31982	tool	670	128278
31983	tool	25170	128287
31984	tool	7900	128294
31985	tool	60	128298
31986	tool	283	128299
31987	tool	5365	128301
31988	tool	36429	128306
31989	tool	7	128311
31990	tool	2391	128312
31991	tool	2139	128316
31992	tool	42913	128319
31993	tool	77	128322
31994	tool	285	128323
31995	tool	49575	128330
31996	tool	77	128333
31997	tool	285	128334
31998	tool	2962	128341
31999	tool	17347	128350
32000	tool	77	128352
32001	tool	406	128353
32002	tool	49575	128358
32003	tool	77	128361
32004	tool	1639	128362
32005	tool	406	128364
32006	tool	434	128369
32007	tool	11396	128372
32008	tool	5324	128377
32009	tool	310	128385
32010	tool	2086	128388
32011	tool	2663	128398
32012	tool	471	128405
32013	tool	1716	128407
32014	tool	413	128413
32015	tool	567	128416
32016	tool	628	128419
32017	tool	70807	128423
32018	tool	1639	128431
32019	tool	406	128433
32020	tool	713	128438
32021	tool	369	128444
32022	tool	3845	128447
32023	tool	1150	128451
32024	tool	283	128457
32025	tool	2255	128459
32026	tool	80749	128464
32027	tool	976	128470
32028	tool	7558	128473
32029	tool	2255	128480
32030	tool	2139	128485
32031	tool	1981	128488
32032	tool	359	128492
32033	tool	1640	128494
32034	tool	6	128500
32035	tool	976	128501
32036	tool	2255	128504
32037	tool	2139	128509
32038	tool	4235	128512
32039	tool	819	128516
32040	tool	976	128521
32041	tool	729	128524
32042	tool	1793	128526
32043	tool	30765	128531
32044	tool	12300	128539
32045	tool	2139	128544
32046	tool	42913	128547
32047	tool	77	128550
32048	tool	406	128551
32049	tool	713	128556
32050	tool	369	128562
32051	tool	46	128565
32052	tool	1663	128566
32053	tool	1150	128569
32054	tool	283	128575
32055	tool	11022	128577
32056	tool	80749	128582
32057	tool	976	128588
32058	tool	7558	128591
32059	tool	11022	128598
32060	tool	2139	128603
32061	tool	1981	128606
32062	tool	359	128610
32063	tool	1640	128612
32064	tool	6	128618
32065	tool	976	128619
32066	tool	11022	128622
32067	tool	2139	128627
32068	tool	4235	128630
32069	tool	819	128634
32070	tool	976	128639
32071	tool	729	128642
32072	tool	1793	128644
32073	tool	30765	128649
32074	tool	7	128657
32075	tool	2391	128658
32076	tool	2139	128662
32077	tool	42913	128665
32078	tool	77	128668
32079	tool	406	128669
32080	tool	713	128674
32081	tool	369	128680
32082	tool	760	128683
32083	tool	16346	128686
32084	tool	1150	128689
32085	tool	283	128695
32086	tool	45625	128697
32087	tool	80749	128704
32088	tool	976	128710
32089	tool	7558	128713
32090	tool	45625	128720
32091	tool	2139	128727
32092	tool	1981	128730
32093	tool	359	128734
32094	tool	1640	128736
32095	tool	6	128742
32096	tool	976	128743
32097	tool	45625	128746
32098	tool	2139	128753
32099	tool	4235	128756
32100	tool	819	128760
32101	tool	976	128765
32102	tool	729	128768
32103	tool	1793	128770
32104	tool	30765	128775
32105	tool	29434	128783
32106	tool	16346	128787
32107	tool	2139	128790
32108	tool	42913	128793
32109	tool	77	128796
32110	tool	1639	128797
32111	tool	406	128799
32112	tool	413	128804
32113	tool	318	128807
32114	tool	284	128809
32115	tool	3845	128811
32116	tool	1150	128815
32117	tool	976	128821
32118	tool	369	128824
32119	tool	46	128827
32120	tool	1663	128828
32121	tool	1150	128831
32122	tool	976	128837
32123	tool	369	128840
32124	tool	760	128843
32125	tool	16346	128846
32126	tool	1150	128849
32127	tool	8	128855
32128	tool	27238	128856
32129	tool	77	128859
32130	tool	285	128860
32131	tool	434	128867
32132	tool	1942	128870
32133	tool	2250	128874
32134	tool	513	128880
32135	tool	13983	128884
32136	tool	5978	128890
32137	tool	471	128898
32138	tool	70807	128900
32139	tool	1639	128908
32140	tool	285	128910
32141	tool	713	128917
32142	tool	23283	128923
32143	tool	1757	128930
32144	tool	283	128934
32145	tool	1752	128936
32146	tool	17347	128941
32147	tool	77	128943
32148	tool	285	128944
32149	tool	713	128951
32150	tool	313	128957
32151	tool	25170	128959
32152	tool	25	128966
32153	tool	23283	128967
32154	tool	44	128974
32155	tool	49788	128975
32156	tool	11	128980
32157	tool	24979	128981
32158	tool	25	128991
32159	tool	23283	128992
32160	tool	15121	128999
32161	tool	54551	129003
32162	tool	333	129008
32163	tool	283	129010
32164	tool	411	129012
32165	tool	13284	129017
32166	tool	740	129020
32167	tool	33894	129023
32168	tool	50346	129026
32169	tool	11211	129031
32170	tool	11189	129038
32171	tool	77	129040
32172	tool	670	129041
32173	tool	23283	129050
32174	tool	1757	129057
32175	tool	25427	129061
32176	tool	77	129063
32177	tool	670	129064
32178	tool	2255	129073
32179	tool	2139	129078
32180	tool	430	129081
32181	tool	1576	129084
32182	tool	25427	129091
32183	tool	77	129093
32184	tool	670	129094
32185	tool	11022	129103
32186	tool	2139	129108
32187	tool	430	129111
32188	tool	1576	129114
32189	tool	25427	129121
32190	tool	77	129123
32191	tool	670	129124
32192	tool	45625	129133
32193	tool	2139	129140
32194	tool	430	129143
32195	tool	1576	129146
32196	tool	1639	129153
32197	tool	285	129155
32198	tool	6688	129162
32199	tool	59	129165
32200	tool	77	129166
32201	tool	285	129167
32202	tool	25170	129174
32203	tool	7900	129181
32204	tool	60	129185
32205	tool	283	129186
32206	tool	23283	129188
32207	tool	44	129195
32208	tool	49788	129196
32209	tool	17347	129201
32210	tool	77	129203
32211	tool	285	129204
32212	tool	24979	129211
32213	tool	2470	129221
32214	tool	18280	129226
32215	tool	57267	129230
32216	tool	15121	129236
32217	tool	54551	129240
32218	tool	42913	129245
32219	tool	77	129248
32220	tool	285	129249
32221	tool	2962	129256
32222	tool	17347	129265
32223	tool	77	129267
32224	tool	406	129268
32225	tool	49575	129273
32226	tool	77	129276
32227	tool	1639	129277
32228	tool	406	129279
32229	tool	434	129284
32230	tool	56606	129287
32231	tool	506	129296
32232	tool	411	129299
32233	tool	2002	129304
32234	tool	1639	129310
32235	tool	406	129312
32236	tool	24979	129317
32237	tool	2470	129327
32238	tool	2231	129332
32239	tool	59	129334
32240	tool	77	129335
32241	tool	285	129336
32242	tool	2128	129343
32243	tool	739	129352
32244	tool	25	129354
32245	tool	4479	129355
32246	tool	739	129359
32247	tool	25427	129361
32248	tool	77	129363
32249	tool	285	129364
32250	tool	1752	129371
32251	tool	25427	129376
32252	tool	77	129378
32253	tool	285	129379
32254	tool	2255	129386
32255	tool	25	129391
32256	tool	2255	129392
32257	tool	80749	129397
32258	tool	907	129403
32259	tool	5365	129405
32260	tool	36429	129410
32261	tool	12300	129415
32262	tool	2139	129420
32263	tool	8	129423
32264	tool	535	129424
32265	tool	5438	129426
32266	tool	25427	129436
32267	tool	77	129438
32268	tool	285	129439
32269	tool	11022	129446
32270	tool	25	129451
32271	tool	11022	129452
32272	tool	80749	129457
32273	tool	907	129463
32274	tool	5365	129465
32275	tool	36429	129470
32276	tool	7	129475
32277	tool	2391	129476
32278	tool	2139	129480
32279	tool	8	129483
32280	tool	535	129484
32281	tool	5438	129486
32282	tool	25427	129496
32283	tool	77	129498
32284	tool	285	129499
32285	tool	45625	129506
32286	tool	25	129513
32287	tool	45625	129514
32288	tool	80749	129521
32289	tool	907	129527
32290	tool	5365	129529
32291	tool	36429	129534
32292	tool	29434	129539
32293	tool	16346	129543
32294	tool	2139	129546
32295	tool	8	129549
32296	tool	535	129550
32297	tool	5438	129552
32298	tool	25427	129562
32299	tool	77	129564
32300	tool	406	129565
32301	tool	17574	129570
32302	tool	59	129574
32303	tool	77	129575
32304	tool	1639	129576
32305	tool	406	129578
32306	tool	434	129583
32307	tool	1690	129586
32308	tool	279	129590
32309	tool	25170	129594
32310	tool	2468	129601
32311	tool	11	129608
32312	tool	1831	129609
32313	tool	7018	129614
32314	tool	2391	129617
32315	tool	2037	129621
32316	tool	869	129623
32317	tool	1639	129629
32318	tool	406	129631
32319	tool	413	129636
32320	tool	318	129639
32321	tool	2391	129641
32322	tool	80749	129645
32323	tool	8	129651
32324	tool	27238	129652
32325	tool	77	129655
32326	tool	285	129656
32327	tool	25170	129663
32328	tool	7900	129670
32329	tool	60	129674
32330	tool	283	129675
32331	tool	5365	129677
32332	tool	36429	129682
32333	tool	7	129687
32334	tool	2391	129688
32335	tool	2139	129692
32336	tool	42913	129695
32337	tool	77	129698
32338	tool	406	129699
32339	tool	49575	129704
32340	tool	77	129707
32341	tool	262	129708
32342	tool	49575	129711
32343	tool	77	129714
32344	tool	1639	129715
32345	tool	262	129717
32346	tool	460	129720
32347	tool	313	129727
32348	tool	25170	129729
32349	tool	11	129736
32350	tool	24979	129737
32351	tool	333	129747
32352	tool	17347	129749
32353	tool	77	129751
32354	tool	220	129752
32355	tool	49575	129753
32356	tool	77	129756
32357	tool	1639	129757
32358	tool	220	129759
32359	tool	434	129760
32360	tool	45726	129763
32361	tool	24979	129771
32362	tool	303	129781
32363	tool	279	129784
32364	tool	25170	129788
32365	tool	1576	129795
32366	tool	539	129802
32367	tool	24101	129805
32368	tool	11712	129815
32369	tool	12351	129824
32370	tool	440	129830
32371	tool	7018	129835
32372	tool	2391	129838
32373	tool	2037	129842
32374	tool	2663	129844
32375	tool	1639	129851
32376	tool	220	129853
32377	tool	843	129854
32378	tool	8563	129862
32379	tool	15121	129870
32380	tool	54551	129874
32381	tool	623	129879
32382	tool	37	129881
32383	tool	3185	129882
32384	tool	2056	129886
32385	tool	46	129888
32386	tool	1663	129889
32387	tool	11189	129892
32388	tool	77	129894
32389	tool	262	129895
32390	tool	25170	129898
32391	tool	25	129905
32392	tool	1576	129906
32393	tool	25427	129913
32394	tool	77	129915
32395	tool	262	129916
32396	tool	11022	129919
32397	tool	25	129924
32398	tool	1576	129925
32399	tool	25427	129932
32400	tool	77	129934
32401	tool	262	129935
32402	tool	24979	129938
32403	tool	25	129948
32404	tool	56606	129949
32405	tool	1249	129958
32406	tool	59	129960
32407	tool	77	129961
32408	tool	220	129962
32409	tool	16026	129963
32410	tool	1576	129966
32411	tool	27238	129973
32412	tool	77	129976
32413	tool	262	129977
32414	tool	713	129980
32415	tool	1067	129986
32416	tool	283	129993
32417	tool	5365	129995
32418	tool	36429	130000
32419	tool	7	130005
32420	tool	39017	130006
32421	tool	42913	130012
32422	tool	77	130015
32423	tool	262	130016
32424	tool	364	130019
32425	tool	318	130023
32426	tool	989	130025
32427	tool	11712	130030
32428	tool	314	130039
32429	tool	24979	130042
32430	tool	8	130052
32431	tool	27238	130053
32432	tool	77	130056
32433	tool	406	130057
32434	tool	434	130062
32435	tool	561	130065
32436	tool	1752	130069
32437	tool	5469	130074
32438	tool	279	130083
32439	tool	2128	130087
32440	tool	739	130096
32441	tool	8978	130098
32442	tool	11	130105
32443	tool	12931	130106
32444	tool	424	130112
32445	tool	1639	130115
32446	tool	406	130117
32447	tool	713	130122
32448	tool	1752	130128
32449	tool	25208	130133
32450	tool	9267	130140
32451	tool	739	130143
32452	tool	283	130145
32453	tool	11712	130147
32454	tool	3745	130156
32455	tool	6763	130161
32456	tool	1693	130169
32457	tool	27557	130173
32458	tool	5628	130180
32459	tool	61	130182
32460	tool	2288	130183
32461	tool	5943	130185
32462	tool	20590	130189
32463	tool	16949	130193
32464	tool	739	130202
32465	tool	92	130204
32466	tool	49289	130205
32467	tool	14477	130209
32468	tool	681	130211
32469	tool	88362	130213
32470	tool	59	130218
32471	tool	77	130219
32472	tool	406	130220
32473	tool	713	130225
32474	tool	5306	130231
32475	tool	283	130237
32476	tool	1752	130239
32477	tool	25208	130244
32478	tool	9267	130251
32479	tool	739	130254
32480	tool	5121	130256
32481	tool	4151	130262
32482	tool	4515	130265
32483	tool	59	130268
32484	tool	77	130269
32485	tool	406	130270
32486	tool	413	130275
32487	tool	318	130278
32488	tool	17710	130280
32489	tool	1887	130285
32490	tool	1981	130292
32491	tool	220	130296
32492	tool	16	130297
32493	tool	8	130298
32494	tool	27238	130299
32495	tool	77	130302
32496	tool	285	130303
32497	tool	434	130310
32498	tool	6694	130313
32499	tool	11258	130317
32500	tool	1328	130323
32501	tool	1639	130327
32502	tool	285	130329
32503	tool	318	130336
32504	tool	1334	130338
32505	tool	430	130344
32506	tool	13190	130347
32507	tool	4787	130354
32508	tool	11	130361
32509	tool	866	130362
32510	tool	29	130366
32511	tool	6411	130367
32512	tool	17710	130369
32513	tool	58	130374
32514	tool	15	130375
32515	tool	4891	130376
32516	tool	283	130378
32517	tool	11712	130380
32518	tool	13	130389
32519	tool	2391	130390
32520	tool	17347	130394
32521	tool	77	130396
32522	tool	406	130397
32523	tool	333	130402
32524	tool	745	130404
32525	tool	27238	130409
32526	tool	77	130412
32527	tool	285	130413
32528	tool	434	130420
32529	tool	69305	130423
32530	tool	1752	130430
32531	tool	471	130435
32532	tool	20239	130437
32533	tool	321	130446
32534	tool	716	130450
32535	tool	1639	130454
32536	tool	285	130456
32537	tool	1042	130463
32538	tool	2100	130467
32539	tool	25	130474
32540	tool	866	130475
32541	tool	283	130479
32542	tool	1067	130481
32543	tool	17347	130488
32544	tool	77	130490
32545	tool	285	130491
32546	tool	364	130498
32547	tool	318	130502
32548	tool	1112	130504
32549	tool	585	130507
32550	tool	283	130509
32551	tool	220	130511
32552	tool	15	130512
32553	tool	26	130513
32554	tool	585	130514
32555	tool	361	130516
32556	tool	5306	130518
32557	tool	1887	130524
32558	tool	471	130531
32559	tool	220	130533
32560	tool	16	130534
32561	tool	26	130535
32562	tool	585	130536
32563	tool	2377	130538
32564	tool	27238	130541
32565	tool	77	130544
32566	tool	670	130545
32567	tool	413	130554
32568	tool	318	130557
32569	tool	5480	130559
32570	tool	1981	130565
32571	tool	5438	130569
32572	tool	1321	130579
32573	tool	2100	130582
32574	tool	1981	130589
32575	tool	819	130593
32576	tool	8	130598
32577	tool	1387	130599
32578	tool	17347	130605
32579	tool	77	130607
32580	tool	670	130608
32581	tool	2100	130617
32582	tool	283	130624
32583	tool	2100	130626
32584	tool	58	130633
32585	tool	17710	130634
32586	tool	957	130639
32587	tool	4891	130641
32588	tool	17347	130643
32589	tool	77	130645
32590	tool	285	130646
32591	tool	49575	130653
32592	tool	77	130656
32593	tool	285	130657
32594	tool	413	130664
32595	tool	318	130667
32596	tool	5480	130669
32597	tool	4235	130675
32598	tool	5438	130679
32599	tool	976	130689
32600	tool	2100	130692
32601	tool	4235	130699
32602	tool	819	130703
32603	tool	8	130708
32604	tool	27238	130709
32605	tool	77	130712
32606	tool	670	130713
32607	tool	2100	130722
32608	tool	58	130729
32609	tool	17710	130730
32610	tool	58	130735
32611	tool	17710	130736
32612	tool	1887	130741
32613	tool	471	130748
32614	tool	220	130750
32615	tool	16	130751
32616	tool	4891	130752
32617	tool	283	130754
32618	tool	11712	130756
32619	tool	13	130765
32620	tool	2391	130766
32621	tool	17347	130770
32622	tool	77	130772
32623	tool	285	130773
32624	tool	49575	130780
32625	tool	77	130783
32626	tool	406	130784
32627	tool	49575	130789
32628	tool	77	130792
32629	tool	262	130793
32630	tool	49575	130796
32631	tool	77	130799
32632	tool	262	130800
32633	tool	460	130803
32634	tool	1067	130810
32635	tool	17347	130817
32636	tool	77	130819
32637	tool	220	130820
32638	tool	49575	130821
32639	tool	77	130824
32640	tool	1639	130825
32641	tool	220	130827
32642	tool	434	130828
32643	tool	10977	130831
32644	tool	46703	130836
32645	tool	10977	130844
32646	tool	59	130849
32647	tool	77	130850
32648	tool	1639	130851
32649	tool	220	130853
32650	tool	843	130854
32651	tool	615	130862
32652	tool	17656	130866
32653	tool	1349	130872
32654	tool	4406	130877
32655	tool	24323	130880
32656	tool	1349	130887
32657	tool	27238	130892
32658	tool	77	130895
32659	tool	262	130896
32660	tool	713	130899
32661	tool	1528	130905
32662	tool	283	130911
32663	tool	411	130913
32664	tool	50789	130918
32665	tool	287	130925
32666	tool	652	130927
32667	tool	1346	130931
32668	tool	4792	130936
32669	tool	17656	130944
32670	tool	42913	130950
32671	tool	77	130953
32672	tool	262	130954
32673	tool	413	130957
32674	tool	1451	130960
32675	tool	2374	130963
32676	tool	8	130968
32677	tool	27238	130969
32678	tool	77	130972
32679	tool	406	130973
32680	tool	2430	130978
32681	tool	491	130984
32682	tool	4451	130988
32683	tool	5628	130994
32684	tool	17656	130996
32685	tool	34001	131002
32686	tool	559	131006
32687	tool	4792	131010
32688	tool	17656	131018
32689	tool	11325	131024
32690	tool	1503	131026
32691	tool	524	131031
32692	tool	2905	131035
32693	tool	63	131041
32694	tool	42913	131042
32695	tool	77	131045
32696	tool	262	131046
32697	tool	49575	131049
32698	tool	77	131052
32699	tool	262	131053
32700	tool	460	131056
32701	tool	1528	131063
32702	tool	17347	131069
32703	tool	77	131071
32704	tool	220	131072
32705	tool	49575	131073
32706	tool	77	131076
32707	tool	10713	131077
32708	tool	77	131079
32709	tool	1639	131080
32710	tool	320	131082
32711	tool	17642	131084
32712	tool	21106	131089
32713	tool	1716	131098
32714	tool	364	131104
32715	tool	1330	131108
32716	tool	2663	131112
32717	tool	1639	131119
32718	tool	1628	131121
32719	tool	2663	131129
32720	tool	2898	131136
32721	tool	2784	131141
32722	tool	25	131143
32723	tool	866	131144
32724	tool	11	131148
32725	tool	292	131149
32726	tool	25	131151
32727	tool	866	131152
32728	tool	1590	131156
32729	tool	2623	131158
32730	tool	27238	131166
32731	tool	77	131169
32732	tool	220	131170
32733	tool	413	131171
32734	tool	318	131174
32735	tool	64	131176
32736	tool	1981	131177
32737	tool	292	131181
32738	tool	8	131183
32739	tool	460	131184
32740	tool	804	131191
32741	tool	17347	131196
32742	tool	77	131198
32743	tool	220	131199
32744	tool	413	131200
32745	tool	318	131203
32746	tool	64	131205
32747	tool	1981	131206
32748	tool	5438	131210
32749	tool	976	131220
32750	tool	292	131223
32751	tool	1981	131225
32752	tool	5438	131229
32753	tool	8	131239
32754	tool	460	131240
32755	tool	804	131247
32756	tool	17347	131252
32757	tool	77	131254
32758	tool	220	131255
32759	tool	413	131256
32760	tool	318	131259
32761	tool	64	131261
32762	tool	1981	131262
32763	tool	819	131266
32764	tool	1321	131271
32765	tool	292	131274
32766	tool	1981	131276
32767	tool	819	131280
32768	tool	8	131285
32769	tool	460	131286
32770	tool	264	131293
32771	tool	1981	131295
32772	tool	292	131299
32773	tool	17347	131301
32774	tool	77	131303
32775	tool	220	131304
32776	tool	413	131305
32777	tool	318	131308
32778	tool	9918	131310
32779	tool	264	131316
32780	tool	4235	131318
32781	tool	7558	131322
32782	tool	292	131329
32783	tool	8	131331
32784	tool	460	131332
32785	tool	867	131339
32786	tool	17347	131345
32787	tool	77	131347
32788	tool	220	131348
32789	tool	413	131349
32790	tool	318	131352
32791	tool	9918	131354
32792	tool	264	131360
32793	tool	4235	131362
32794	tool	359	131366
32795	tool	1640	131368
32796	tool	837	131374
32797	tool	460	131376
32798	tool	867	131383
32799	tool	17347	131389
32800	tool	77	131391
32801	tool	220	131392
32802	tool	413	131393
32803	tool	318	131396
32804	tool	1793	131398
32805	tool	30765	131403
32806	tool	2784	131411
32807	tool	8	131413
32808	tool	4235	131414
32809	tool	2816	131418
32810	tool	30765	131424
32811	tool	1818	131432
32812	tool	578	131434
32813	tool	460	131436
32814	tool	867	131443
32815	tool	17347	131449
32816	tool	77	131451
32817	tool	1639	131452
32818	tool	220	131454
32819	tool	413	131455
32820	tool	318	131458
32821	tool	1793	131460
32822	tool	30765	131465
32823	tool	2784	131473
32824	tool	578	131475
32825	tool	27238	131477
32826	tool	77	131480
32827	tool	262	131481
32828	tool	413	131484
32829	tool	318	131487
32830	tool	64	131489
32831	tool	1887	131490
32832	tool	4235	131497
32833	tool	292	131501
32834	tool	1887	131503
32835	tool	8	131510
32836	tool	460	131511
32837	tool	867	131518
32838	tool	17347	131524
32839	tool	77	131526
32840	tool	262	131527
32841	tool	364	131530
32842	tool	318	131534
32843	tool	1112	131536
32844	tool	585	131539
32845	tool	283	131541
32846	tool	220	131543
32847	tool	15	131544
32848	tool	26	131545
32849	tool	585	131546
32850	tool	361	131548
32851	tool	264	131550
32852	tool	1887	131552
32853	tool	26	131559
32854	tool	585	131560
32855	tool	2377	131562
32856	tool	27238	131565
32857	tool	77	131568
32858	tool	406	131569
32859	tool	413	131574
32860	tool	1451	131577
32861	tool	3535	131580
32862	tool	2898	131586
32863	tool	2784	131591
32864	tool	957	131593
32865	tool	1089	131595
32866	tool	292	131597
32867	tool	957	131599
32868	tool	9087	131601
32869	tool	460	131604
32870	tool	867	131611
32871	tool	17347	131617
32872	tool	77	131619
32873	tool	262	131620
32874	tool	49575	131623
32875	tool	77	131626
32876	tool	262	131627
32877	tool	460	131630
32878	tool	804	131637
32879	tool	17347	131642
32880	tool	77	131644
32881	tool	220	131645
32882	tool	49575	131646
32883	tool	77	131649
32884	tool	1639	131650
32885	tool	220	131652
32886	tool	713	131653
32887	tool	6679	131659
32888	tool	32	131664
32889	tool	283	131665
32890	tool	2907	131667
32891	tool	8850	131674
32892	tool	2784	131679
32893	tool	42913	131681
32894	tool	77	131684
32895	tool	220	131685
32896	tool	713	131686
32897	tool	6679	131692
32898	tool	33	131697
32899	tool	283	131698
32900	tool	2907	131700
32901	tool	8850	131707
32902	tool	1818	131712
32903	tool	42913	131714
32904	tool	77	131717
32905	tool	220	131718
32906	tool	413	131719
32907	tool	318	131722
32908	tool	10250	131724
32909	tool	32	131728
32910	tool	1887	131729
32911	tool	4235	131736
32912	tool	6679	131740
32913	tool	33	131745
32914	tool	1887	131746
32915	tool	8	131753
32916	tool	460	131754
32917	tool	867	131761
32918	tool	17347	131767
32919	tool	77	131769
32920	tool	220	131770
32921	tool	364	131771
32922	tool	318	131775
32923	tool	989	131777
32924	tool	1328	131782
32925	tool	314	131786
32926	tool	6679	131789
32927	tool	32	131794
32928	tool	8	131795
32929	tool	27238	131796
32930	tool	77	131799
32931	tool	262	131800
32932	tool	413	131803
32933	tool	13440	131806
32934	tool	767	131810
32935	tool	303	131813
32936	tool	292	131816
32937	tool	578	131818
32938	tool	460	131820
32939	tool	867	131827
32940	tool	17347	131833
32941	tool	77	131835
32942	tool	262	131836
32943	tool	413	131839
32944	tool	1451	131842
32945	tool	3535	131845
32946	tool	2898	131851
32947	tool	2784	131856
32948	tool	7900	131858
32949	tool	1089	131862
32950	tool	292	131864
32951	tool	7900	131866
32952	tool	9087	131870
32953	tool	460	131873
32954	tool	867	131880
32955	tool	17347	131886
32956	tool	77	131888
32957	tool	220	131889
32958	tool	49575	131890
32959	tool	77	131893
32960	tool	220	131894
32961	tool	460	131895
32962	tool	804	131902
32963	tool	17347	131907
32964	tool	77	131909
32965	tool	10713	131910
32966	tool	77	131912
32967	tool	1639	131913
32968	tool	320	131915
32969	tool	4109	131917
32970	tool	413	131923
32971	tool	1330	131926
32972	tool	5978	131930
32973	tool	513	131938
32974	tool	16739	131942
32975	tool	5951	131949
32976	tool	1639	131955
32977	tool	1628	131957
32978	tool	5978	131965
32979	tool	2898	131973
32980	tool	2784	131978
32981	tool	25	131980
32982	tool	866	131981
32983	tool	11	131985
32984	tool	292	131986
32985	tool	25	131988
32986	tool	866	131989
32987	tool	1590	131993
32988	tool	2623	131995
32989	tool	27238	132003
32990	tool	77	132006
32991	tool	220	132007
32992	tool	460	132008
32993	tool	2663	132015
32994	tool	2898	132022
32995	tool	2784	132027
32996	tool	11	132029
32997	tool	292	132030
32998	tool	42913	132032
32999	tool	77	132035
33000	tool	10713	132036
33001	tool	77	132038
33002	tool	2129	132039
33003	tool	1152	132042
33004	tool	2551	132046
33005	tool	56550	132051
33006	tool	41490	132055
33007	tool	13050	132064
33008	tool	30289	132068
33009	tool	20633	132074
33010	tool	29958	132077
33011	tool	198	132080
33012	tool	510	132081
33013	tool	13766	132083
33014	tool	13042	132087
33015	tool	29	132092
33016	prompt	248046	132093
33017	prompt	198	132093
33018	prompt	248045	132094
33019	prompt	846	132094
33020	prompt	198	132098
33021	prompt	27	132099
33022	prompt	13766	132100
33023	prompt	9367	132104
33024	prompt	29	132113
33025	prompt	198	132114
33026	prompt	1643	132115
33027	prompt	3354	132119
33028	prompt	7544	132127
33029	prompt	506	132140
33030	prompt	25	132143
33031	prompt	593	132144
33032	prompt	41490	132146
33033	prompt	13050	132155
33034	prompt	30289	132159
33035	prompt	20633	132165
33036	prompt	318	132168
33037	prompt	1152	132170
33038	prompt	1528	132174
33039	prompt	369	132180
33040	prompt	1428	132183
33041	prompt	303	132191
33042	prompt	678	132194
33043	prompt	2193	132199
33044	prompt	1892	132207
33045	prompt	874	132211
33046	prompt	1144	132214
33047	prompt	310	132219
33048	prompt	4310	132222
33049	prompt	424	132227
33050	prompt	1142	132230
33051	prompt	8	132235
33052	prompt	198	132236
33053	prompt	510	132237
33054	prompt	13766	132239
33055	prompt	9367	132243
33056	prompt	29	132252
33057	prompt	248046	132253
33058	prompt	198	132253
33059	prompt	248045	132254
33060	prompt	74455	132254
33061	prompt	198	132263
33062	think	248068	132264
33063	think	271	132271
33064	think	248069	132273
33065	out	271	132281
33066	tool	27	132283
33067	tool	13766	132284
33068	tool	13042	132288
33069	tool	29	132293
33070	tool	198	132294
33071	tool	4754	132295
33072	tool	591	132297
33073	tool	763	132301
33074	tool	328	132303
33075	tool	6065	132305
33076	tool	4149	132309
33077	tool	487	132315
33078	tool	328	132317
33079	tool	15889	132319
33080	tool	763	132328
33081	tool	5046	132330
33082	tool	2738	132333
33083	tool	3147	132339
33084	tool	33586	132342
33085	tool	2129	132351
33086	tool	77903	132354
33087	tool	3147	132360
33088	tool	17	132363
33089	tool	29958	132364
33090	tool	198	132367
33091	tool	510	132368
33092	tool	13766	132370
33093	tool	13042	132374
33094	tool	29	132379
33095	out	198	132380
33096	tool	27	132381
33097	tool	13766	132382
33098	tool	13042	132386
33099	tool	29	132391
33100	tool	198	132392
33101	tool	4754	132393
33102	tool	591	132395
33103	tool	763	132399
33104	tool	328	132401
33105	tool	6065	132403
33106	tool	4149	132407
33107	tool	487	132413
33108	tool	328	132415
33109	tool	15889	132417
33110	tool	763	132426
33111	tool	5046	132428
33112	tool	2738	132431
33113	tool	3147	132437
33114	tool	33586	132440
33115	tool	2129	132449
33116	tool	77903	132452
33117	tool	3147	132458
33118	tool	18	132461
33119	tool	29958	132462
33120	tool	198	132465
33121	tool	510	132466
33122	tool	13766	132468
33123	tool	13042	132472
33124	tool	29	132477
33125	out	198	132478
33126	tool	27	132479
33127	tool	13766	132480
33128	tool	13042	132484
33129	tool	29	132489
33130	tool	198	132490
33131	tool	4754	132491
33132	tool	591	132493
33133	tool	763	132497
33134	tool	328	132499
33135	tool	6065	132501
33136	tool	4149	132505
33137	tool	487	132511
33138	tool	328	132513
33139	tool	15889	132515
33140	tool	763	132524
33141	tool	5046	132526
33142	tool	2738	132529
33143	tool	3147	132535
33144	tool	33586	132538
33145	tool	2129	132547
33146	tool	77903	132550
33147	tool	3147	132556
33148	tool	19	132559
33149	tool	29958	132560
33150	tool	198	132563
33151	tool	510	132564
33152	tool	13766	132566
33153	tool	13042	132570
33154	tool	29	132575
33155	out	198	132576
33156	tool	27	132577
33157	tool	13766	132578
33158	tool	13042	132582
33159	tool	29	132587
33160	tool	198	132588
33161	tool	4754	132589
33162	tool	591	132591
33163	tool	763	132595
33164	tool	328	132597
33165	tool	6065	132599
33166	tool	4149	132603
33167	tool	487	132609
33168	tool	328	132611
33169	tool	15889	132613
33170	tool	763	132622
33171	tool	5046	132624
33172	tool	2738	132627
33173	tool	3147	132633
33174	tool	33586	132636
33175	tool	2129	132645
33176	tool	77903	132648
33177	tool	3147	132654
33178	tool	20	132657
33179	tool	29958	132658
33180	tool	198	132661
33181	tool	510	132662
33182	tool	13766	132664
33183	tool	13042	132668
33184	tool	29	132673
33185	out	198	132674
33186	tool	27	132675
33187	tool	13766	132676
33188	tool	13042	132680
33189	tool	29	132685
33190	tool	198	132686
33191	tool	4754	132687
33192	tool	591	132689
33193	tool	763	132693
33194	tool	328	132695
33195	tool	6065	132697
33196	tool	4149	132701
33197	tool	487	132707
33198	tool	328	132709
33199	tool	15889	132711
33200	tool	763	132720
33201	tool	5046	132722
33202	tool	2738	132725
33203	tool	3147	132731
33204	tool	258	132734
33205	tool	26324	132736
33206	tool	2129	132745
33207	tool	77903	132748
33208	tool	3147	132754
33209	tool	21	132757
33210	tool	29958	132758
33211	tool	198	132761
33212	tool	510	132762
33213	tool	13766	132764
33214	tool	13042	132768
33215	tool	29	132773
33216	prompt	248046	132774
33217	prompt	198	132774
33218	prompt	248045	132775
33219	prompt	846	132775
33220	prompt	198	132779
33221	prompt	27	132780
33222	prompt	13766	132781
33223	prompt	9367	132785
33224	prompt	29	132794
33225	prompt	198	132795
33226	prompt	15719	132796
33227	prompt	3274	132803
33228	prompt	653	132808
33229	prompt	17	132810
33230	prompt	2552	132811
33231	prompt	198	132818
33232	prompt	510	132819
33233	prompt	13766	132821
33234	prompt	9367	132825
33235	prompt	29	132834
33236	prompt	198	132835
33237	prompt	27	132836
33238	prompt	13766	132837
33239	prompt	9367	132841
33240	prompt	29	132850
33241	prompt	198	132851
33242	prompt	15719	132852
33243	prompt	3274	132859
33244	prompt	653	132864
33245	prompt	18	132866
33246	prompt	2552	132867
33247	prompt	198	132874
33248	prompt	510	132875
33249	prompt	13766	132877
33250	prompt	9367	132881
33251	prompt	29	132890
33252	prompt	198	132891
33253	prompt	27	132892
33254	prompt	13766	132893
33255	prompt	9367	132897
33256	prompt	29	132906
33257	prompt	198	132907
33258	prompt	15719	132908
33259	prompt	3274	132915
33260	prompt	653	132920
33261	prompt	19	132922
33262	prompt	2552	132923
33263	prompt	198	132930
33264	prompt	510	132931
33265	prompt	13766	132933
33266	prompt	9367	132937
33267	prompt	29	132946
33268	prompt	198	132947
33269	prompt	27	132948
33270	prompt	13766	132949
33271	prompt	9367	132953
33272	prompt	29	132962
33273	prompt	198	132963
33274	prompt	15719	132964
33275	prompt	3274	132971
33276	prompt	653	132976
33277	prompt	20	132978
33278	prompt	2552	132979
33279	prompt	198	132986
33280	prompt	510	132987
33281	prompt	13766	132989
33282	prompt	9367	132993
33283	prompt	29	133002
33284	prompt	198	133003
33285	prompt	27	133004
33286	prompt	13766	133005
33287	prompt	9367	133009
33288	prompt	29	133018
33289	prompt	198	133019
33290	prompt	15719	133020
33291	prompt	3274	133027
33292	prompt	653	133032
33293	prompt	21	133034
33294	prompt	2552	133035
33295	prompt	198	133042
33296	prompt	510	133043
33297	prompt	13766	133045
33298	prompt	9367	133049
33299	prompt	29	133058
33300	prompt	248046	133059
33301	prompt	198	133059
33302	prompt	248045	133060
33303	prompt	74455	133060
33304	prompt	198	133069
33305	think	248068	133070
33306	think	271	133077
33307	think	248069	133079
33308	out	271	133087
33309	out	6820	133089
33310	out	1042	133092
33311	out	728	133096
33312	out	1791	133099
33313	out	279	133106
33314	out	4202	133110
33315	out	1406	133116
33316	out	321	133122
33317	out	279	133126
33318	out	6813	133130
33319	out	25	133136
33320	out	271	133137
33321	tool	27	133139
33322	tool	13766	133140
33323	tool	13042	133144
33324	tool	29	133149
33325	tool	198	133150
33326	tool	4754	133151
33327	tool	591	133153
33328	tool	763	133157
33329	tool	328	133159
33330	tool	7734	133161
33331	tool	487	133166
33332	tool	328	133168
33333	tool	15889	133170
33334	tool	763	133179
33335	tool	5046	133181
33336	tool	1733	133184
33337	tool	3147	133191
33338	tool	464	133194
33339	tool	313	133200
33340	tool	11451	133202
33341	tool	5903	133211
33342	tool	9385	133216
33343	tool	333	133220
33344	tool	494	133222
33345	tool	2668	133227
33346	tool	4173	133231
33347	tool	6750	133236
33348	tool	59	133238
33349	tool	77	133239
33350	tool	464	133240
33351	tool	913	133246
33352	tool	313	133251
33353	tool	11451	133253
33354	tool	5903	133262
33355	tool	11	133267
33356	tool	5889	133268
33357	tool	11	133276
33358	tool	38754	133277
33359	tool	2009	133283
33360	tool	11	133289
33361	tool	56606	133290
33362	tool	333	133299
33363	tool	494	133301
33364	tool	2668	133306
33365	tool	8969	133310
33366	tool	6750	133315
33367	tool	59	133317
33368	tool	77	133318
33369	tool	1639	133319
33370	tool	320	133321
33371	tool	997	133323
33372	tool	63606	133326
33373	tool	279	133333
33374	tool	7873	133337
33375	tool	430	133352
33376	tool	279	133355
33377	tool	569	133359
33378	tool	11451	133366
33379	tool	5903	133375
33380	tool	1639	133380
33381	tool	1479	133382
33382	tool	713	133388
33383	tool	11451	133394
33384	tool	5903	133403
33385	tool	283	133408
33386	tool	11451	133410
33387	tool	5903	133419
33388	tool	9385	133424
33389	tool	430	133428
33390	tool	9496	133431
33391	tool	430	133439
33392	tool	491	133442
33393	tool	1659	133446
33394	tool	574	133449
33395	tool	11451	133452
33396	tool	5903	133461
33397	tool	17347	133466
33398	tool	77	133468
33399	tool	1639	133469
33400	tool	1479	133471
33401	tool	913	133477
33402	tool	313	133482
33403	tool	5889	133484
33404	tool	11	133492
33405	tool	38754	133493
33406	tool	2009	133499
33407	tool	11	133505
33408	tool	56606	133506
33409	tool	11	133515
33410	tool	11451	133516
33411	tool	5903	133525
33412	tool	333	133530
33413	tool	494	133532
33414	tool	2668	133537
33415	tool	8969	133541
33416	tool	6750	133546
33417	tool	59	133548
33418	tool	77	133549
33419	tool	2129	133550
33420	tool	1152	133553
33421	tool	2551	133557
33422	tool	56550	133562
33423	tool	41490	133566
33424	tool	13050	133575
33425	tool	8750	133579
33426	tool	20633	133585
33427	tool	29958	133588
33428	tool	198	133591
33429	tool	510	133592
33430	tool	13766	133594
33431	tool	13042	133598
33432	tool	29	133603
33433	prompt	248046	133604
33434	prompt	198	133604
33435	prompt	248045	133605
33436	prompt	846	133605
33437	prompt	198	133609
33438	prompt	27	133610
33439	prompt	13766	133611
33440	prompt	9367	133615
33441	prompt	29	133624
33442	prompt	198	133625
33443	prompt	1643	133626
33444	prompt	3354	133630
33445	prompt	7544	133638
33446	prompt	506	133651
33447	prompt	25	133654
33448	prompt	593	133655
33449	prompt	41490	133657
33450	prompt	13050	133666
33451	prompt	8750	133670
33452	prompt	20633	133676
33453	prompt	318	133679
33454	prompt	1152	133681
33455	prompt	1528	133685
33456	prompt	369	133691
33457	prompt	1428	133694
33458	prompt	303	133702
33459	prompt	678	133705
33460	prompt	2193	133710
33461	prompt	1892	133718
33462	prompt	874	133722
33463	prompt	1144	133725
33464	prompt	310	133730
33465	prompt	4310	133733
33466	prompt	424	133738
33467	prompt	1142	133741
33468	prompt	8	133746
33469	prompt	198	133747
33470	prompt	510	133748
33471	prompt	13766	133750
33472	prompt	9367	133754
33473	prompt	29	133763
33474	prompt	248046	133764
33475	prompt	198	133764
33476	prompt	248045	133765
33477	prompt	74455	133765
33478	prompt	198	133774
33479	think	248068	133775
33480	think	271	133782
33481	think	248069	133784
33482	out	271	133792
33483	out	6820	133794
33484	out	1042	133797
33485	out	728	133801
33486	out	3165	133804
33487	out	15352	133810
33488	out	6813	133824
33489	out	25	133830
33490	out	271	133831
33491	tool	27	133833
33492	tool	13766	133834
33493	tool	13042	133838
33494	tool	29	133843
33495	tool	198	133844
33496	tool	4754	133845
33497	tool	591	133847
33498	tool	763	133851
33499	tool	328	133853
33500	tool	7734	133855
33501	tool	487	133860
33502	tool	328	133862
33503	tool	15889	133864
33504	tool	763	133873
33505	tool	5046	133875
33506	tool	1733	133878
33507	tool	3147	133885
33508	tool	464	133888
33509	tool	313	133894
33510	tool	7276	133896
33511	tool	11	133905
33512	tool	424	133906
33513	tool	11	133909
33514	tool	1660	133910
33515	tool	11	133917
33516	tool	17195	133918
33517	tool	333	133929
33518	tool	494	133931
33519	tool	359	133936
33520	tool	52967	133938
33521	tool	467	133941
33522	tool	6750	133944
33523	tool	59	133946
33524	tool	77	133947
33525	tool	464	133948
33526	tool	313	133954
33527	tool	11451	133956
33528	tool	5903	133965
33529	tool	333	133970
33530	tool	494	133972
33531	tool	4768	133977
33532	tool	3431	133982
33533	tool	8750	133985
33534	tool	6750	133991
33535	tool	59	133993
33536	tool	77	133994
33537	tool	464	133995
33538	tool	913	134001
33539	tool	313	134006
33540	tool	11451	134008
33541	tool	5903	134017
33542	tool	430	134022
33543	tool	11451	134025
33544	tool	5903	134034
33545	tool	900	134039
33546	tool	333	134043
33547	tool	494	134045
33548	tool	4768	134050
33549	tool	3431	134055
33550	tool	19763	134058
33551	tool	6750	134064
33552	tool	59	134066
33553	tool	77	134067
33554	tool	59	134068
33555	tool	302	134069
33556	tool	287	134071
33557	tool	3014	134073
33558	tool	482	134078
33559	tool	7288	134080
33560	tool	5903	134088
33561	tool	504	134093
33562	tool	1659	134095
33563	tool	574	134098
33564	tool	27238	134101
33565	tool	77	134104
33566	tool	220	134105
33567	tool	1042	134106
33568	tool	3436	134110
33569	tool	25	134116
33570	tool	11451	134117
33571	tool	5903	134126
33572	tool	900	134131
33573	tool	17347	134135
33574	tool	77	134137
33575	tool	1639	134138
33576	tool	220	134140
33577	tool	17195	134141
33578	tool	4903	134152
33579	tool	574	134155
33580	tool	27238	134158
33581	tool	77	134161
33582	tool	262	134162
33583	tool	3436	134165
33584	tool	283	134171
33585	tool	491	134173
33586	tool	11451	134177
33587	tool	5903	134186
33588	tool	2061	134191
33589	tool	59	134194
33590	tool	77	134195
33591	tool	220	134196
33592	tool	17574	134197
33593	tool	59	134201
33594	tool	77	134202
33595	tool	1639	134203
33596	tool	220	134205
33597	tool	434	134206
33598	tool	10977	134209
33599	tool	61967	134214
33600	tool	24093	134219
33601	tool	10977	134230
33602	tool	59	134235
33603	tool	77	134236
33604	tool	1639	134237
33605	tool	220	134239
33606	tool	7276	134240
33607	tool	482	134249
33608	tool	8702	134251
33609	tool	4505	134253
33610	tool	504	134255
33611	tool	1659	134257
33612	tool	574	134260
33613	tool	27238	134263
33614	tool	77	134266
33615	tool	262	134267
33616	tool	424	134270
33617	tool	482	134273
33618	tool	5274	134275
33619	tool	1791	134281
33620	tool	264	134288
33621	tool	2128	134290
33622	tool	504	134299
33623	tool	1659	134301
33624	tool	574	134304
33625	tool	27238	134307
33626	tool	77	134310
33627	tool	406	134311
33628	tool	3436	134316
33629	tool	2440	134322
33630	tool	482	134329
33631	tool	5069	134331
33632	tool	16	134334
33633	tool	504	134335
33634	tool	313	134337
33635	tool	803	134339
33636	tool	25	134344
33637	tool	359	134345
33638	tool	1877	134347
33639	tool	504	134351
33640	tool	869	134353
33641	tool	25	134359
33642	tool	220	134360
33643	tool	19	134361
33644	tool	17	134362
33645	tool	17574	134363
33646	tool	59	134367
33647	tool	77	134368
33648	tool	406	134369
33649	tool	713	134374
33650	tool	1067	134380
33651	tool	283	134387
33652	tool	3436	134389
33653	tool	652	134395
33654	tool	482	134399
33655	tool	5069	134401
33656	tool	16	134404
33657	tool	4515	134405
33658	tool	59	134408
33659	tool	77	134409
33660	tool	406	134410
33661	tool	1660	134415
33662	tool	4309	134422
33663	tool	553	134429
33664	tool	12842	134431
33665	tool	2231	134438
33666	tool	803	134440
33667	tool	25	134445
33668	tool	359	134446
33669	tool	1877	134448
33670	tool	504	134452
33671	tool	869	134454
33672	tool	25	134460
33673	tool	220	134461
33674	tool	19	134462
33675	tool	17	134463
33676	tool	17574	134464
33677	tool	59	134468
33678	tool	77	134469
33679	tool	262	134470
33680	tool	17574	134473
33681	tool	59	134477
33682	tool	77	134478
33683	tool	1639	134479
33684	tool	262	134481
33685	tool	424	134484
33686	tool	482	134487
33687	tool	5274	134489
33688	tool	2430	134495
33689	tool	948	134501
33690	tool	6611	134506
33691	tool	264	134515
33692	tool	2128	134517
33693	tool	440	134526
33694	tool	21814	134531
33695	tool	2937	134541
33696	tool	504	134544
33697	tool	1659	134546
33698	tool	574	134549
33699	tool	27238	134552
33700	tool	77	134555
33701	tool	406	134556
33702	tool	3436	134561
33703	tool	2440	134567
33704	tool	482	134574
33705	tool	5069	134576
33706	tool	16	134579
33707	tool	504	134580
33708	tool	313	134582
33709	tool	803	134584
33710	tool	25	134589
33711	tool	359	134590
33712	tool	1877	134592
33713	tool	6	134596
33714	tool	17574	134597
33715	tool	59	134601
33716	tool	77	134602
33717	tool	406	134603
33718	tool	1660	134608
33719	tool	4903	134615
33720	tool	574	134618
33721	tool	3436	134621
33722	tool	2440	134627
33723	tool	482	134634
33724	tool	5069	134636
33725	tool	16	134639
33726	tool	504	134640
33727	tool	313	134642
33728	tool	803	134644
33729	tool	25	134649
33730	tool	359	134650
33731	tool	1520	134652
33732	tool	6	134657
33733	tool	68076	134658
33734	tool	85075	134663
33735	tool	2061	134670
33736	tool	59	134673
33737	tool	77	134674
33738	tool	262	134675
33739	tool	17574	134678
33740	tool	59	134682
33741	tool	77	134683
33742	tool	1639	134684
33743	tool	262	134686
33744	tool	424	134689
33745	tool	482	134692
33746	tool	5274	134694
33747	tool	615	134700
33748	tool	264	134704
33749	tool	2128	134706
33750	tool	504	134715
33751	tool	1659	134717
33752	tool	574	134720
33753	tool	27238	134723
33754	tool	77	134726
33755	tool	406	134727
33756	tool	3436	134732
33757	tool	2440	134738
33758	tool	482	134745
33759	tool	5069	134747
33760	tool	16	134750
33761	tool	504	134751
33762	tool	313	134753
33763	tool	803	134755
33764	tool	25	134760
33765	tool	359	134761
33766	tool	1877	134763
33767	tool	6	134767
33768	tool	17574	134768
33769	tool	59	134772
33770	tool	77	134773
33771	tool	406	134774
33772	tool	1660	134779
33773	tool	30179	134786
33774	tool	652	134792
33775	tool	482	134796
33776	tool	5069	134798
33777	tool	16	134801
33778	tool	18343	134802
33779	tool	12842	134806
33780	tool	2231	134813
33781	tool	803	134815
33782	tool	25	134820
33783	tool	359	134821
33784	tool	1877	134823
33785	tool	6	134827
33786	tool	17574	134828
33787	tool	59	134832
33788	tool	77	134833
33789	tool	262	134834
33790	tool	17574	134837
33791	tool	59	134841
33792	tool	77	134842
33793	tool	1639	134843
33794	tool	262	134845
33795	tool	424	134848
33796	tool	482	134851
33797	tool	5274	134853
33798	tool	2430	134859
33799	tool	948	134865
33800	tool	3583	134870
33801	tool	264	134878
33802	tool	2397	134880
33803	tool	57810	134884
33804	tool	2128	134893
33805	tool	504	134902
33806	tool	1659	134904
33807	tool	574	134907
33808	tool	27238	134910
33809	tool	77	134913
33810	tool	406	134914
33811	tool	1660	134919
33812	tool	4903	134926
33813	tool	574	134929
33814	tool	3436	134932
33815	tool	652	134938
33816	tool	482	134942
33817	tool	6082	134944
33818	tool	61921	134947
33819	tool	18343	134955
33820	tool	85075	134959
33821	tool	2061	134966
33822	tool	59	134969
33823	tool	77	134970
33824	tool	262	134971
33825	tool	17574	134974
33826	tool	59	134978
33827	tool	77	134979
33828	tool	1639	134980
33829	tool	262	134982
33830	tool	424	134985
33831	tool	482	134988
33832	tool	5274	134990
33833	tool	2560	134996
33834	tool	264	135003
33835	tool	2128	135005
33836	tool	504	135014
33837	tool	1659	135016
33838	tool	574	135019
33839	tool	27238	135022
33840	tool	77	135025
33841	tool	406	135026
33842	tool	3436	135031
33843	tool	2440	135037
33844	tool	482	135044
33845	tool	5069	135046
33846	tool	16	135049
33847	tool	504	135050
33848	tool	313	135052
33849	tool	803	135054
33850	tool	25	135059
33851	tool	359	135060
33852	tool	1877	135062
33853	tool	504	135066
33854	tool	869	135068
33855	tool	25	135074
33856	tool	220	135075
33857	tool	16	135076
33858	tool	17574	135077
33859	tool	59	135081
33860	tool	77	135082
33861	tool	406	135083
33862	tool	3436	135088
33863	tool	5149	135094
33864	tool	482	135101
33865	tool	5069	135103
33866	tool	16	135106
33867	tool	504	135107
33868	tool	313	135109
33869	tool	803	135111
33870	tool	25	135116
33871	tool	359	135117
33872	tool	1877	135119
33873	tool	504	135123
33874	tool	869	135125
33875	tool	25	135131
33876	tool	220	135132
33877	tool	17	135133
33878	tool	17574	135134
33879	tool	59	135138
33880	tool	77	135139
33881	tool	406	135140
33882	tool	1660	135145
33883	tool	30179	135152
33884	tool	652	135158
33885	tool	482	135162
33886	tool	5069	135164
33887	tool	16	135167
33888	tool	18343	135168
33889	tool	12842	135172
33890	tool	2231	135179
33891	tool	803	135181
33892	tool	25	135186
33893	tool	359	135187
33894	tool	1877	135189
33895	tool	504	135193
33896	tool	869	135195
33897	tool	25	135201
33898	tool	220	135202
33899	tool	17	135203
33900	tool	17574	135204
33901	tool	59	135208
33902	tool	77	135209
33903	tool	262	135210
33904	tool	17574	135213
33905	tool	59	135217
33906	tool	77	135218
33907	tool	1639	135219
33908	tool	262	135221
33909	tool	424	135224
33910	tool	482	135227
33911	tool	5274	135229
33912	tool	2430	135235
33913	tool	948	135241
33914	tool	20368	135246
33915	tool	264	135255
33916	tool	2397	135257
33917	tool	57810	135261
33918	tool	2128	135270
33919	tool	504	135279
33920	tool	1659	135281
33921	tool	574	135284
33922	tool	27238	135287
33923	tool	77	135290
33924	tool	406	135291
33925	tool	1660	135296
33926	tool	4903	135303
33927	tool	574	135306
33928	tool	3436	135309
33929	tool	5149	135315
33930	tool	482	135322
33931	tool	6082	135324
33932	tool	61921	135327
33933	tool	504	135335
33934	tool	313	135337
33935	tool	803	135339
33936	tool	25	135344
33937	tool	359	135345
33938	tool	1877	135347
33939	tool	6	135351
33940	tool	68076	135352
33941	tool	85075	135357
33942	tool	2061	135364
33943	tool	59	135367
33944	tool	77	135368
33945	tool	262	135369
33946	tool	17574	135372
33947	tool	59	135376
33948	tool	77	135377
33949	tool	1639	135378
33950	tool	262	135380
33951	tool	424	135383
33952	tool	482	135386
33953	tool	5274	135388
33954	tool	3572	135394
33955	tool	264	135401
33956	tool	2128	135403
33957	tool	504	135412
33958	tool	1659	135414
33959	tool	574	135417
33960	tool	27238	135420
33961	tool	77	135423
33962	tool	406	135424
33963	tool	3436	135429
33964	tool	2440	135435
33965	tool	482	135442
33966	tool	5069	135444
33967	tool	16	135447
33968	tool	504	135448
33969	tool	313	135450
33970	tool	803	135452
33971	tool	25	135457
33972	tool	359	135458
33973	tool	1877	135460
33974	tool	6	135464
33975	tool	17574	135465
33976	tool	59	135469
33977	tool	77	135470
33978	tool	406	135471
33979	tool	3436	135476
33980	tool	7205	135482
33981	tool	482	135489
33982	tool	5069	135491
33983	tool	16	135494
33984	tool	4515	135495
33985	tool	59	135498
33986	tool	77	135499
33987	tool	406	135500
33988	tool	1660	135505
33989	tool	4903	135512
33990	tool	574	135515
33991	tool	3436	135518
33992	tool	652	135524
33993	tool	482	135528
33994	tool	5069	135530
33995	tool	16	135533
33996	tool	18343	135534
33997	tool	85075	135538
33998	tool	2061	135545
33999	tool	59	135548
34000	tool	77	135549
34001	tool	262	135550
34002	tool	17574	135553
34003	tool	59	135557
34004	tool	77	135558
34005	tool	1639	135559
34006	tool	262	135561
34007	tool	424	135564
34008	tool	482	135567
34009	tool	5274	135569
34010	tool	2430	135575
34011	tool	948	135581
34012	tool	31918	135586
34013	tool	264	135595
34014	tool	2397	135597
34015	tool	57810	135601
34016	tool	2128	135610
34017	tool	504	135619
34018	tool	1659	135621
34019	tool	574	135624
34020	tool	27238	135627
34021	tool	77	135630
34022	tool	406	135631
34023	tool	1660	135636
34024	tool	4903	135643
34025	tool	574	135646
34026	tool	3436	135649
34027	tool	7205	135655
34028	tool	482	135662
34029	tool	6082	135664
34030	tool	61921	135667
34031	tool	18343	135675
34032	tool	85075	135679
34033	tool	2061	135686
34034	tool	59	135689
34035	tool	77	135690
34036	tool	262	135691
34037	tool	17574	135694
34038	tool	59	135698
34039	tool	77	135699
34040	tool	1639	135700
34041	tool	262	135702
34042	tool	424	135705
34043	tool	482	135708
34044	tool	5274	135710
34045	tool	5365	135716
34046	tool	14289	135721
34047	tool	383	135727
34048	tool	54476	135730
34049	tool	310	135740
34050	tool	5190	135743
34051	tool	25532	135751
34052	tool	504	135760
34053	tool	1659	135762
34054	tool	574	135765
34055	tool	27238	135768
34056	tool	77	135771
34057	tool	406	135772
34058	tool	3436	135777
34059	tool	2440	135783
34060	tool	482	135790
34061	tool	5069	135792
34062	tool	16	135795
34063	tool	504	135796
34064	tool	313	135798
34065	tool	803	135800
34066	tool	25	135805
34067	tool	359	135806
34068	tool	1877	135808
34069	tool	504	135812
34070	tool	23283	135814
34071	tool	25	135821
34072	tool	313	135822
34073	tool	869	135824
34074	tool	25	135830
34075	tool	220	135831
34076	tool	16	135832
34077	tool	333	135833
34078	tool	17574	135835
34079	tool	59	135839
34080	tool	77	135840
34081	tool	406	135841
34082	tool	713	135846
34083	tool	4479	135852
34084	tool	283	135856
34085	tool	3436	135858
34086	tool	652	135864
34087	tool	482	135868
34088	tool	5069	135870
34089	tool	16	135873
34090	tool	4515	135874
34091	tool	59	135877
34092	tool	77	135878
34093	tool	406	135879
34094	tool	4479	135884
34095	tool	1210	135888
34096	tool	9685	135890
34097	tool	2733	135895
34098	tool	283	135901
34099	tool	220	135903
34100	tool	24	135904
34101	tool	24	135905
34102	tool	24	135906
34103	tool	17347	135907
34104	tool	77	135909
34105	tool	406	135910
34106	tool	713	135915
34107	tool	4479	135921
34108	tool	17	135925
34109	tool	283	135926
34110	tool	3436	135928
34111	tool	652	135934
34112	tool	482	135938
34113	tool	5069	135940
34114	tool	16	135943
34115	tool	4515	135944
34116	tool	59	135947
34117	tool	77	135948
34118	tool	406	135949
34119	tool	1660	135954
34120	tool	18573	135961
34121	tool	17	135965
34122	tool	1210	135966
34123	tool	9685	135968
34124	tool	2733	135973
34125	tool	553	135979
34126	tool	8630	135981
34127	tool	7	135985
34128	tool	16	135986
34129	tool	42913	135987
34130	tool	77	135990
34131	tool	262	135991
34132	tool	17574	135994
34133	tool	59	135998
34134	tool	77	135999
34135	tool	1639	136000
34136	tool	262	136002
34137	tool	424	136005
34138	tool	482	136008
34139	tool	5274	136010
34140	tool	5365	136016
34141	tool	14289	136021
34142	tool	383	136027
34143	tool	5638	136030
34144	tool	310	136038
34145	tool	5190	136041
34146	tool	25532	136049
34147	tool	504	136058
34148	tool	1659	136060
34149	tool	574	136063
34150	tool	27238	136066
34151	tool	77	136069
34152	tool	406	136070
34153	tool	713	136075
34154	tool	2144	136081
34155	tool	283	136089
34156	tool	313	136091
34157	tool	803	136093
34158	tool	25	136098
34159	tool	359	136099
34160	tool	1877	136101
34161	tool	504	136105
34162	tool	23283	136107
34163	tool	25	136114
34164	tool	313	136115
34165	tool	869	136117
34166	tool	25	136123
34167	tool	220	136124
34168	tool	16	136125
34169	tool	333	136126
34170	tool	333	136128
34171	tool	17347	136130
34172	tool	77	136132
34173	tool	406	136133
34174	tool	3436	136138
34175	tool	2440	136144
34176	tool	482	136151
34177	tool	5069	136153
34178	tool	16	136156
34179	tool	504	136157
34180	tool	2144	136159
34181	tool	42913	136167
34182	tool	77	136170
34183	tool	406	136171
34184	tool	2144	136176
34185	tool	1210	136184
34186	tool	9685	136186
34187	tool	2733	136191
34188	tool	283	136197
34189	tool	220	136199
34190	tool	24	136200
34191	tool	24	136201
34192	tool	24	136202
34193	tool	17347	136203
34194	tool	77	136205
34195	tool	406	136206
34196	tool	713	136211
34197	tool	4479	136217
34198	tool	283	136221
34199	tool	3436	136223
34200	tool	652	136229
34201	tool	482	136233
34202	tool	5069	136235
34203	tool	16	136238
34204	tool	4515	136239
34205	tool	59	136242
34206	tool	77	136243
34207	tool	406	136244
34208	tool	1660	136249
34209	tool	18573	136256
34210	tool	1210	136260
34211	tool	9685	136262
34212	tool	2733	136267
34213	tool	553	136273
34214	tool	8630	136275
34215	tool	7	136279
34216	tool	16	136280
34217	tool	42913	136281
34218	tool	77	136284
34219	tool	262	136285
34220	tool	17574	136288
34221	tool	59	136292
34222	tool	77	136293
34223	tool	1639	136294
34224	tool	262	136296
34225	tool	424	136299
34226	tool	482	136302
34227	tool	5274	136304
34228	tool	2070	136310
34229	tool	311	136316
34230	tool	12	136319
34231	tool	43408	136320
34232	tool	264	136328
34233	tool	10739	136330
34234	tool	2128	136338
34235	tool	504	136347
34236	tool	1659	136349
34237	tool	574	136352
34238	tool	27238	136355
34239	tool	77	136358
34240	tool	406	136359
34241	tool	3436	136364
34242	tool	2440	136370
34243	tool	482	136377
34244	tool	5069	136379
34245	tool	16	136382
34246	tool	504	136383
34247	tool	313	136385
34248	tool	803	136387
34249	tool	25	136392
34250	tool	359	136393
34251	tool	3765	136395
34252	tool	6	136400
34253	tool	17574	136401
34254	tool	59	136405
34255	tool	77	136406
34256	tool	406	136407
34257	tool	3436	136412
34258	tool	7205	136418
34259	tool	482	136425
34260	tool	5069	136427
34261	tool	16	136430
34262	tool	4515	136431
34263	tool	59	136434
34264	tool	77	136435
34265	tool	406	136436
34266	tool	3436	136441
34267	tool	2440	136447
34268	tool	482	136454
34269	tool	5069	136456
34270	tool	16	136459
34271	tool	504	136460
34272	tool	313	136462
34273	tool	803	136464
34274	tool	25	136469
34275	tool	359	136470
34276	tool	5394	136472
34277	tool	6	136478
34278	tool	17574	136479
34279	tool	59	136483
34280	tool	77	136484
34281	tool	406	136485
34282	tool	1660	136490
34283	tool	30179	136497
34284	tool	652	136503
34285	tool	482	136507
34286	tool	5069	136509
34287	tool	16	136512
34288	tool	18343	136513
34289	tool	12842	136517
34290	tool	2231	136524
34291	tool	803	136526
34292	tool	25	136531
34293	tool	359	136532
34294	tool	5394	136534
34295	tool	6	136540
34296	tool	17574	136541
34297	tool	59	136545
34298	tool	77	136546
34299	tool	262	136547
34300	tool	17574	136550
34301	tool	59	136554
34302	tool	77	136555
34303	tool	220	136556
34304	tool	17574	136557
34305	tool	59	136561
34306	tool	77	136562
34307	tool	1639	136563
34308	tool	220	136565
34309	tool	434	136566
34310	tool	10977	136569
34311	tool	5889	136574
34312	tool	10776	136582
34313	tool	10977	136590
34314	tool	59	136595
34315	tool	77	136596
34316	tool	1639	136597
34317	tool	220	136599
34318	tool	7276	136600
34319	tool	482	136609
34320	tool	5460	136611
34321	tool	10776	136618
34322	tool	504	136626
34323	tool	1659	136628
34324	tool	574	136631
34325	tool	27238	136634
34326	tool	77	136637
34327	tool	262	136638
34328	tool	424	136641
34329	tool	482	136644
34330	tool	5274	136646
34331	tool	3627	136652
34332	tool	10478	136658
34333	tool	383	136667
34334	tool	1791	136670
34335	tool	504	136677
34336	tool	1659	136679
34337	tool	574	136682
34338	tool	27238	136685
34339	tool	77	136688
34340	tool	406	136689
34341	tool	3436	136694
34342	tool	2440	136700
34343	tool	482	136707
34344	tool	5069	136709
34345	tool	16	136712
34346	tool	504	136713
34347	tool	313	136715
34348	tool	869	136717
34349	tool	25	136723
34350	tool	220	136724
34351	tool	16	136725
34352	tool	17574	136726
34353	tool	59	136730
34354	tool	77	136731
34355	tool	406	136732
34356	tool	713	136737
34357	tool	3712	136743
34358	tool	283	136751
34359	tool	3436	136753
34360	tool	652	136759
34361	tool	13037	136763
34362	tool	482	136770
34363	tool	5069	136772
34364	tool	16	136775
34365	tool	4515	136776
34366	tool	59	136779
34367	tool	77	136780
34368	tool	406	136781
34369	tool	1660	136786
34370	tool	54236	136793
34371	tool	553	136801
34372	tool	84916	136803
34373	tool	7	136815
34374	tool	16	136816
34375	tool	42913	136817
34376	tool	77	136820
34377	tool	406	136821
34378	tool	1660	136826
34379	tool	54236	136833
34380	tool	58	136841
34381	tool	15	136842
34382	tool	906	136843
34383	tool	1733	136845
34384	tool	553	136852
34385	tool	12842	136854
34386	tool	2231	136861
34387	tool	869	136863
34388	tool	25	136869
34389	tool	220	136870
34390	tool	16	136871
34391	tool	17574	136872
34392	tool	59	136876
34393	tool	77	136877
34394	tool	406	136878
34395	tool	1660	136883
34396	tool	54236	136890
34397	tool	58	136898
34398	tool	15	136899
34399	tool	906	136900
34400	tool	306	136902
34401	tool	553	136904
34402	tool	65260	136906
34403	tool	2061	136917
34404	tool	59	136920
34405	tool	77	136921
34406	tool	406	136922
34407	tool	1660	136927
34408	tool	54236	136934
34409	tool	58	136942
34410	tool	15	136943
34411	tool	906	136944
34412	tool	12662	136946
34413	tool	553	136955
34414	tool	8630	136957
34415	tool	82760	136961
34416	tool	7	136972
34417	tool	15	136973
34418	tool	42913	136974
34419	tool	77	136977
34420	tool	262	136978
34421	tool	17574	136981
34422	tool	59	136985
34423	tool	77	136986
34424	tool	1639	136987
34425	tool	262	136989
34426	tool	424	136992
34427	tool	482	136995
34428	tool	5274	136997
34429	tool	3627	137003
34430	tool	10478	137009
34431	tool	383	137018
34432	tool	2560	137021
34433	tool	504	137028
34434	tool	1659	137030
34435	tool	574	137033
34436	tool	27238	137036
34437	tool	77	137039
34438	tool	406	137040
34439	tool	3436	137045
34440	tool	2440	137051
34441	tool	482	137058
34442	tool	5069	137060
34443	tool	16	137063
34444	tool	504	137064
34445	tool	313	137066
34446	tool	869	137068
34447	tool	25	137074
34448	tool	220	137075
34449	tool	16	137076
34450	tool	17574	137077
34451	tool	59	137081
34452	tool	77	137082
34453	tool	406	137083
34454	tool	3436	137088
34455	tool	5149	137094
34456	tool	482	137101
34457	tool	5069	137103
34458	tool	16	137106
34459	tool	504	137107
34460	tool	313	137109
34461	tool	869	137111
34462	tool	25	137117
34463	tool	220	137118
34464	tool	17	137119
34465	tool	17574	137120
34466	tool	59	137124
34467	tool	77	137125
34468	tool	406	137126
34469	tool	3436	137131
34470	tool	5149	137137
34471	tool	482	137144
34472	tool	5069	137146
34473	tool	16	137149
34474	tool	504	137150
34475	tool	313	137152
34476	tool	869	137154
34477	tool	25	137160
34478	tool	220	137161
34479	tool	18	137162
34480	tool	17574	137163
34481	tool	59	137167
34482	tool	77	137168
34483	tool	406	137169
34484	tool	713	137174
34485	tool	3712	137180
34486	tool	283	137188
34487	tool	3436	137190
34488	tool	652	137196
34489	tool	13037	137200
34490	tool	482	137207
34491	tool	5069	137209
34492	tool	16	137212
34493	tool	4515	137213
34494	tool	59	137216
34495	tool	77	137217
34496	tool	406	137218
34497	tool	1660	137223
34498	tool	54236	137230
34499	tool	553	137238
34500	tool	84916	137240
34501	tool	7	137252
34502	tool	18	137253
34503	tool	42913	137254
34504	tool	77	137257
34505	tool	406	137258
34506	tool	1660	137263
34507	tool	54236	137270
34508	tool	58	137278
34509	tool	15	137279
34510	tool	906	137280
34511	tool	1733	137282
34512	tool	553	137289
34513	tool	12842	137291
34514	tool	2231	137298
34515	tool	869	137300
34516	tool	25	137306
34517	tool	220	137307
34518	tool	16	137308
34519	tool	17574	137309
34520	tool	59	137313
34521	tool	77	137314
34522	tool	406	137315
34523	tool	1660	137320
34524	tool	54236	137327
34525	tool	58	137335
34526	tool	16	137336
34527	tool	906	137337
34528	tool	1733	137339
34529	tool	553	137346
34530	tool	12842	137348
34531	tool	2231	137355
34532	tool	869	137357
34533	tool	25	137363
34534	tool	220	137364
34535	tool	17	137365
34536	tool	17574	137366
34537	tool	59	137370
34538	tool	77	137371
34539	tool	406	137372
34540	tool	1660	137377
34541	tool	54236	137384
34542	tool	58	137392
34543	tool	17	137393
34544	tool	906	137394
34545	tool	1733	137396
34546	tool	553	137403
34547	tool	12842	137405
34548	tool	2231	137412
34549	tool	869	137414
34550	tool	25	137420
34551	tool	220	137421
34552	tool	18	137422
34553	tool	17574	137423
34554	tool	59	137427
34555	tool	77	137428
34556	tool	262	137429
34557	tool	17574	137432
34558	tool	59	137436
34559	tool	77	137437
34560	tool	1639	137438
34561	tool	262	137440
34562	tool	424	137443
34563	tool	482	137446
34564	tool	5274	137448
34565	tool	460	137454
34566	tool	10478	137461
34567	tool	303	137470
34568	tool	83545	137473
34569	tool	1906	137487
34570	tool	504	137493
34571	tool	1659	137495
34572	tool	574	137498
34573	tool	27238	137501
34574	tool	77	137504
34575	tool	406	137505
34576	tool	3436	137510
34577	tool	2440	137516
34578	tool	482	137523
34579	tool	5069	137525
34580	tool	16	137528
34581	tool	504	137529
34582	tool	313	137531
34583	tool	869	137533
34584	tool	25	137539
34585	tool	220	137540
34586	tool	16	137541
34587	tool	17574	137542
34588	tool	59	137546
34589	tool	77	137547
34590	tool	406	137548
34591	tool	3436	137553
34592	tool	5149	137559
34593	tool	482	137566
34594	tool	5069	137568
34595	tool	16	137571
34596	tool	504	137572
34597	tool	313	137574
34598	tool	869	137576
34599	tool	25	137582
34600	tool	220	137583
34601	tool	17	137584
34602	tool	17574	137585
34603	tool	59	137589
34604	tool	77	137590
34605	tool	406	137591
34606	tool	713	137596
34607	tool	3712	137602
34608	tool	283	137610
34609	tool	3436	137612
34610	tool	652	137618
34611	tool	13037	137622
34612	tool	482	137629
34613	tool	5069	137631
34614	tool	16	137634
34615	tool	4515	137635
34616	tool	59	137638
34617	tool	77	137639
34618	tool	406	137640
34619	tool	1660	137645
34620	tool	54236	137652
34621	tool	58	137660
34622	tool	15	137661
34623	tool	906	137662
34624	tool	12662	137664
34625	tool	553	137673
34626	tool	8630	137675
34627	tool	26561	137679
34628	tool	60620	137683
34629	tool	2898	137689
34630	tool	54236	137694
34631	tool	58	137702
34632	tool	16	137703
34633	tool	906	137704
34634	tool	12662	137706
34635	tool	42913	137715
34636	tool	77	137718
34637	tool	262	137719
34638	tool	17574	137722
34639	tool	59	137726
34640	tool	77	137727
34641	tool	1639	137728
34642	tool	262	137730
34643	tool	424	137733
34644	tool	482	137736
34645	tool	5274	137738
34646	tool	615	137744
34647	tool	264	137748
34648	tool	3050	137750
34649	tool	2243	137759
34650	tool	504	137767
34651	tool	1659	137769
34652	tool	574	137772
34653	tool	27238	137775
34654	tool	77	137778
34655	tool	406	137779
34656	tool	3436	137784
34657	tool	2440	137790
34658	tool	482	137797
34659	tool	5069	137799
34660	tool	16	137802
34661	tool	504	137803
34662	tool	313	137805
34663	tool	869	137807
34664	tool	25	137813
34665	tool	220	137814
34666	tool	16	137815
34667	tool	17574	137816
34668	tool	59	137820
34669	tool	77	137821
34670	tool	406	137822
34671	tool	3436	137827
34672	tool	5149	137833
34673	tool	482	137840
34674	tool	5069	137842
34675	tool	16	137845
34676	tool	504	137846
34677	tool	313	137848
34678	tool	869	137850
34679	tool	25	137856
34680	tool	220	137857
34681	tool	17	137858
34682	tool	17574	137859
34683	tool	59	137863
34684	tool	77	137864
34685	tool	406	137865
34686	tool	713	137870
34687	tool	3712	137876
34688	tool	283	137884
34689	tool	3436	137886
34690	tool	652	137892
34691	tool	13037	137896
34692	tool	482	137903
34693	tool	5069	137905
34694	tool	16	137908
34695	tool	4515	137909
34696	tool	59	137912
34697	tool	77	137913
34698	tool	406	137914
34699	tool	713	137919
34700	tool	2243	137925
34701	tool	283	137933
34702	tool	3436	137935
34703	tool	84368	137941
34704	tool	482	137952
34705	tool	5069	137954
34706	tool	16	137957
34707	tool	504	137958
34708	tool	3712	137960
34709	tool	58	137968
34710	tool	15	137969
34711	tool	906	137970
34712	tool	306	137972
34713	tool	42913	137974
34714	tool	77	137977
34715	tool	406	137978
34716	tool	1660	137983
34717	tool	36521	137990
34718	tool	553	137998
34719	tool	12842	138000
34720	tool	2231	138007
34721	tool	869	138009
34722	tool	25	138015
34723	tool	220	138016
34724	tool	16	138017
34725	tool	17574	138018
34726	tool	59	138022
34727	tool	77	138023
34728	tool	262	138024
34729	tool	17574	138027
34730	tool	59	138031
34731	tool	77	138032
34732	tool	1639	138033
34733	tool	262	138035
34734	tool	424	138038
34735	tool	482	138041
34736	tool	5274	138043
34737	tool	2430	138049
34738	tool	948	138055
34739	tool	3583	138060
34740	tool	2243	138068
34741	tool	314	138076
34742	tool	2397	138079
34743	tool	57810	138083
34744	tool	2128	138092
34745	tool	504	138101
34746	tool	1659	138103
34747	tool	574	138106
34748	tool	27238	138109
34749	tool	77	138112
34750	tool	406	138113
34751	tool	1660	138118
34752	tool	4903	138125
34753	tool	574	138128
34754	tool	3436	138131
34755	tool	652	138137
34756	tool	13037	138141
34757	tool	482	138148
34758	tool	6082	138150
34759	tool	61921	138153
34760	tool	18343	138161
34761	tool	85075	138165
34762	tool	2061	138172
34763	tool	59	138175
34764	tool	77	138176
34765	tool	262	138177
34766	tool	17574	138180
34767	tool	59	138184
34768	tool	77	138185
34769	tool	1639	138186
34770	tool	262	138188
34771	tool	424	138191
34772	tool	482	138194
34773	tool	5274	138196
34774	tool	2430	138202
34775	tool	948	138208
34776	tool	3583	138213
34777	tool	2397	138221
34778	tool	57810	138225
34779	tool	2243	138234
34780	tool	504	138242
34781	tool	1659	138244
34782	tool	574	138247
34783	tool	27238	138250
34784	tool	77	138253
34785	tool	406	138254
34786	tool	3436	138259
34787	tool	2440	138265
34788	tool	482	138272
34789	tool	5069	138274
34790	tool	16	138277
34791	tool	504	138278
34792	tool	313	138280
34793	tool	869	138282
34794	tool	25	138288
34795	tool	220	138289
34796	tool	16	138290
34797	tool	17574	138291
34798	tool	59	138295
34799	tool	77	138296
34800	tool	406	138297
34801	tool	1660	138302
34802	tool	4903	138309
34803	tool	574	138312
34804	tool	3436	138315
34805	tool	84368	138321
34806	tool	482	138332
34807	tool	5069	138334
34808	tool	16	138337
34809	tool	504	138338
34810	tool	359	138340
34811	tool	6082	138342
34812	tool	61921	138345
34813	tool	18343	138353
34814	tool	85075	138357
34815	tool	2061	138364
34816	tool	59	138367
34817	tool	77	138368
34818	tool	262	138369
34819	tool	17574	138372
34820	tool	59	138376
34821	tool	77	138377
34822	tool	1639	138378
34823	tool	262	138380
34824	tool	424	138383
34825	tool	482	138386
34826	tool	5274	138388
34827	tool	5365	138394
34828	tool	14289	138399
34829	tool	2243	138405
34830	tool	2144	138413
34831	tool	383	138421
34832	tool	54476	138424
34833	tool	504	138434
34834	tool	1659	138436
34835	tool	574	138439
34836	tool	27238	138442
34837	tool	77	138445
34838	tool	406	138446
34839	tool	3436	138451
34840	tool	2440	138457
34841	tool	482	138464
34842	tool	5069	138466
34843	tool	16	138469
34844	tool	504	138470
34845	tool	313	138472
34846	tool	23283	138474
34847	tool	25	138481
34848	tool	313	138482
34849	tool	869	138484
34850	tool	25	138490
34851	tool	220	138491
34852	tool	16	138492
34853	tool	333	138493
34854	tool	17574	138495
34855	tool	59	138499
34856	tool	77	138500
34857	tool	406	138501
34858	tool	713	138506
34859	tool	3712	138512
34860	tool	283	138520
34861	tool	3436	138522
34862	tool	652	138528
34863	tool	13037	138532
34864	tool	482	138539
34865	tool	5069	138541
34866	tool	16	138544
34867	tool	4515	138545
34868	tool	59	138548
34869	tool	77	138549
34870	tool	406	138550
34871	tool	3712	138555
34872	tool	58	138563
34873	tool	15	138564
34874	tool	906	138565
34875	tool	1733	138567
34876	tool	1210	138574
34877	tool	9685	138576
34878	tool	2733	138581
34879	tool	283	138587
34880	tool	220	138589
34881	tool	24	138590
34882	tool	24	138591
34883	tool	24	138592
34884	tool	17347	138593
34885	tool	77	138595
34886	tool	406	138596
34887	tool	713	138601
34888	tool	4479	138607
34889	tool	283	138611
34890	tool	3436	138613
34891	tool	652	138619
34892	tool	482	138623
34893	tool	5069	138625
34894	tool	16	138628
34895	tool	4515	138629
34896	tool	59	138632
34897	tool	77	138633
34898	tool	406	138634
34899	tool	1660	138639
34900	tool	18573	138646
34901	tool	1210	138650
34902	tool	9685	138652
34903	tool	2733	138657
34904	tool	553	138663
34905	tool	8630	138665
34906	tool	7	138669
34907	tool	16	138670
34908	tool	42913	138671
34909	tool	77	138674
34910	tool	262	138675
34911	tool	17574	138678
34912	tool	59	138682
34913	tool	77	138683
34914	tool	220	138684
34915	tool	17574	138685
34916	tool	59	138689
34917	tool	77	138690
34918	tool	1639	138691
34919	tool	220	138693
34920	tool	434	138694
34921	tool	10977	138697
34922	tool	24323	138702
34923	tool	286	138709
34924	tool	10977	138712
34925	tool	59	138717
34926	tool	77	138718
34927	tool	1639	138719
34928	tool	220	138721
34929	tool	7276	138722
34930	tool	482	138731
34931	tool	17656	138733
34932	tool	286	138739
34933	tool	504	138742
34934	tool	1659	138744
34935	tool	574	138747
34936	tool	27238	138750
34937	tool	77	138753
34938	tool	262	138754
34939	tool	424	138757
34940	tool	482	138760
34941	tool	5274	138762
34942	tool	1151	138768
34943	tool	383	138774
34944	tool	1822	138777
34945	tool	8602	138782
34946	tool	504	138789
34947	tool	1659	138791
34948	tool	574	138794
34949	tool	27238	138797
34950	tool	77	138800
34951	tool	406	138801
34952	tool	1660	138806
34953	tool	30179	138813
34954	tool	652	138819
34955	tool	17656	138823
34956	tool	5822	138829
34957	tool	8630	138833
34958	tool	482	138837
34959	tool	3689	138839
34960	tool	4515	138843
34961	tool	59	138846
34962	tool	77	138847
34963	tool	262	138848
34964	tool	17574	138851
34965	tool	59	138855
34966	tool	77	138856
34967	tool	1639	138857
34968	tool	262	138859
34969	tool	424	138862
34970	tool	482	138865
34971	tool	5274	138867
34972	tool	1791	138873
34973	tool	264	138880
34974	tool	8602	138882
34975	tool	504	138889
34976	tool	1659	138891
34977	tool	574	138894
34978	tool	27238	138897
34979	tool	77	138900
34980	tool	406	138901
34981	tool	3436	138906
34982	tool	2440	138912
34983	tool	482	138919
34984	tool	5069	138921
34985	tool	16	138924
34986	tool	504	138925
34987	tool	313	138927
34988	tool	869	138929
34989	tool	25	138935
34990	tool	220	138936
34991	tool	16	138937
34992	tool	17574	138938
34993	tool	59	138942
34994	tool	77	138943
34995	tool	406	138944
34996	tool	3436	138949
34997	tool	2440	138955
34998	tool	17656	138962
34999	tool	482	138968
35000	tool	12388	138970
35001	tool	4515	138977
35002	tool	59	138980
35003	tool	77	138981
35004	tool	406	138982
35005	tool	1660	138987
35006	tool	30179	138994
35007	tool	6218	139000
35008	tool	17656	139005
35009	tool	287	139011
35010	tool	5822	139013
35011	tool	73213	139017
35012	tool	482	139026
35013	tool	3689	139028
35014	tool	4515	139032
35015	tool	59	139035
35016	tool	77	139036
35017	tool	406	139037
35018	tool	1660	139042
35019	tool	30179	139049
35020	tool	6218	139055
35021	tool	17656	139060
35022	tool	287	139066
35023	tool	5822	139068
35024	tool	73213	139072
35025	tool	482	139081
35026	tool	12388	139083
35027	tool	4515	139090
35028	tool	59	139093
35029	tool	77	139094
35030	tool	262	139095
35031	tool	17574	139098
35032	tool	59	139102
35033	tool	77	139103
35034	tool	1639	139104
35035	tool	262	139106
35036	tool	424	139109
35037	tool	482	139112
35038	tool	5274	139114
35039	tool	2430	139120
35040	tool	948	139126
35041	tool	6611	139131
35042	tool	264	139140
35043	tool	8602	139142
35044	tool	6725	139149
35045	tool	1822	139155
35046	tool	504	139160
35047	tool	1659	139162
35048	tool	574	139165
35049	tool	27238	139168
35050	tool	77	139171
35051	tool	406	139172
35052	tool	1660	139177
35053	tool	4903	139184
35054	tool	574	139187
35055	tool	3436	139190
35056	tool	2440	139196
35057	tool	17656	139203
35058	tool	482	139209
35059	tool	3689	139211
35060	tool	18343	139215
35061	tool	85075	139219
35062	tool	2061	139226
35063	tool	59	139229
35064	tool	77	139230
35065	tool	262	139231
35066	tool	17574	139234
35067	tool	59	139238
35068	tool	77	139239
35069	tool	1639	139240
35070	tool	262	139242
35071	tool	424	139245
35072	tool	482	139248
35073	tool	5274	139250
35074	tool	2430	139256
35075	tool	948	139262
35076	tool	6611	139267
35077	tool	264	139276
35078	tool	21814	139278
35079	tool	8602	139288
35080	tool	504	139295
35081	tool	1659	139297
35082	tool	574	139300
35083	tool	27238	139303
35084	tool	77	139306
35085	tool	406	139307
35086	tool	3436	139312
35087	tool	2440	139318
35088	tool	17656	139325
35089	tool	482	139331
35090	tool	12388	139333
35091	tool	4515	139340
35092	tool	59	139343
35093	tool	77	139344
35094	tool	406	139345
35095	tool	1660	139350
35096	tool	4903	139357
35097	tool	574	139360
35098	tool	3436	139363
35099	tool	2440	139369
35100	tool	17656	139376
35101	tool	482	139382
35102	tool	12388	139384
35103	tool	18343	139391
35104	tool	85075	139395
35105	tool	2061	139402
35106	tool	59	139405
35107	tool	77	139406
35108	tool	262	139407
35109	tool	17574	139410
35110	tool	59	139414
35111	tool	77	139415
35112	tool	1639	139416
35113	tool	262	139418
35114	tool	424	139421
35115	tool	482	139424
35116	tool	5274	139426
35117	tool	2430	139432
35118	tool	948	139438
35119	tool	6611	139443
35120	tool	494	139452
35121	tool	2397	139457
35122	tool	57810	139461
35123	tool	8602	139470
35124	tool	504	139477
35125	tool	1659	139479
35126	tool	574	139482
35127	tool	27238	139485
35128	tool	77	139488
35129	tool	406	139489
35130	tool	1660	139494
35131	tool	4903	139501
35132	tool	574	139504
35133	tool	3436	139507
35134	tool	2440	139513
35135	tool	17656	139520
35136	tool	482	139526
35137	tool	12388	139528
35138	tool	504	139535
35139	tool	359	139537
35140	tool	6082	139539
35141	tool	61921	139542
35142	tool	18343	139550
35143	tool	85075	139554
35144	tool	2061	139561
35145	tool	59	139564
35146	tool	77	139565
35147	tool	262	139566
35148	tool	17574	139569
35149	tool	59	139573
35150	tool	77	139574
35151	tool	1639	139575
35152	tool	262	139577
35153	tool	424	139580
35154	tool	482	139583
35155	tool	5274	139585
35156	tool	3289	139591
35157	tool	22371	139598
35158	tool	504	139607
35159	tool	1659	139609
35160	tool	574	139612
35161	tool	27238	139615
35162	tool	77	139618
35163	tool	406	139619
35164	tool	3436	139624
35165	tool	2440	139630
35166	tool	17656	139637
35167	tool	482	139643
35168	tool	12388	139645
35169	tool	4515	139652
35170	tool	59	139655
35171	tool	77	139656
35172	tool	406	139657
35173	tool	3436	139662
35174	tool	38922	139668
35175	tool	17656	139675
35176	tool	482	139681
35177	tool	12388	139683
35178	tool	4515	139690
35179	tool	59	139693
35180	tool	77	139694
35181	tool	406	139695
35182	tool	1660	139700
35183	tool	30179	139707
35184	tool	652	139713
35185	tool	17656	139717
35186	tool	5822	139723
35187	tool	8630	139727
35188	tool	482	139731
35189	tool	12388	139733
35190	tool	4515	139740
35191	tool	59	139743
35192	tool	77	139744
35193	tool	262	139745
35194	tool	17574	139748
35195	tool	59	139752
35196	tool	77	139753
35197	tool	1639	139754
35198	tool	262	139756
35199	tool	424	139759
35200	tool	482	139762
35201	tool	5274	139764
35202	tool	2430	139770
35203	tool	948	139776
35204	tool	26865	139781
35205	tool	310	139791
35206	tool	2397	139794
35207	tool	57810	139798
35208	tool	8602	139807
35209	tool	504	139814
35210	tool	1659	139816
35211	tool	574	139819
35212	tool	27238	139822
35213	tool	77	139825
35214	tool	406	139826
35215	tool	1660	139831
35216	tool	4903	139838
35217	tool	574	139841
35218	tool	3436	139844
35219	tool	38922	139850
35220	tool	17656	139857
35221	tool	482	139863
35222	tool	6082	139865
35223	tool	61921	139868
35224	tool	18343	139876
35225	tool	85075	139880
35226	tool	2061	139887
35227	tool	59	139890
35228	tool	77	139891
35229	tool	262	139892
35230	tool	17574	139895
35231	tool	59	139899
35232	tool	77	139900
35233	tool	1639	139901
35234	tool	262	139903
35235	tool	424	139906
35236	tool	482	139909
35237	tool	5274	139911
35238	tool	40729	139917
35239	tool	4203	139925
35240	tool	1881	139933
35241	tool	22371	139941
35242	tool	504	139950
35243	tool	1659	139952
35244	tool	574	139955
35245	tool	27238	139958
35246	tool	77	139961
35247	tool	406	139962
35248	tool	3436	139967
35249	tool	2440	139973
35250	tool	482	139980
35251	tool	5069	139982
35252	tool	16	139985
35253	tool	504	139986
35254	tool	313	139988
35255	tool	869	139990
35256	tool	25	139996
35257	tool	220	139997
35258	tool	16	139998
35259	tool	17574	139999
35260	tool	59	140003
35261	tool	77	140004
35262	tool	406	140005
35263	tool	3436	140010
35264	tool	2440	140016
35265	tool	17656	140023
35266	tool	482	140029
35267	tool	12388	140031
35268	tool	4515	140038
35269	tool	59	140041
35270	tool	77	140042
35271	tool	406	140043
35272	tool	3436	140048
35273	tool	38922	140054
35274	tool	17656	140061
35275	tool	482	140067
35276	tool	12388	140069
35277	tool	4515	140076
35278	tool	59	140079
35279	tool	77	140080
35280	tool	406	140081
35281	tool	3436	140086
35282	tool	5149	140092
35283	tool	482	140099
35284	tool	5069	140101
35285	tool	16	140104
35286	tool	504	140105
35287	tool	313	140107
35288	tool	869	140109
35289	tool	25	140115
35290	tool	220	140116
35291	tool	17	140117
35292	tool	17574	140118
35293	tool	59	140122
35294	tool	77	140123
35295	tool	1639	140124
35296	tool	406	140126
35297	tool	3436	140131
35298	tool	38922	140137
35299	tool	17656	140144
35300	tool	482	140150
35301	tool	3689	140152
35302	tool	4515	140156
35303	tool	59	140159
35304	tool	77	140160
35305	tool	406	140161
35306	tool	1660	140166
35307	tool	30179	140173
35308	tool	652	140179
35309	tool	482	140183
35310	tool	5069	140185
35311	tool	16	140188
35312	tool	18343	140189
35313	tool	12842	140193
35314	tool	2231	140200
35315	tool	869	140202
35316	tool	25	140208
35317	tool	220	140209
35318	tool	16	140210
35319	tool	17574	140211
35320	tool	59	140215
35321	tool	77	140216
35322	tool	1639	140217
35323	tool	406	140219
35324	tool	3436	140224
35325	tool	38922	140230
35326	tool	17656	140237
35327	tool	482	140243
35328	tool	12388	140245
35329	tool	4515	140252
35330	tool	59	140255
35331	tool	77	140256
35332	tool	406	140257
35333	tool	1660	140262
35334	tool	30179	140269
35335	tool	652	140275
35336	tool	482	140279
35337	tool	5069	140281
35338	tool	16	140284
35339	tool	18343	140285
35340	tool	12842	140289
35341	tool	2231	140296
35342	tool	869	140298
35343	tool	25	140304
35344	tool	220	140305
35345	tool	17	140306
35346	tool	17574	140307
35347	tool	59	140311
35348	tool	77	140312
35349	tool	262	140313
35350	tool	17574	140316
35351	tool	59	140320
35352	tool	77	140321
35353	tool	1639	140322
35354	tool	262	140324
35355	tool	424	140327
35356	tool	482	140330
35357	tool	5274	140332
35358	tool	2880	140338
35359	tool	9017	140343
35360	tool	948	140353
35361	tool	6611	140358
35362	tool	264	140367
35363	tool	8602	140369
35364	tool	504	140376
35365	tool	1659	140378
35366	tool	574	140381
35367	tool	27238	140384
35368	tool	77	140387
35369	tool	406	140388
35370	tool	3436	140393
35371	tool	2440	140399
35372	tool	482	140406
35373	tool	5069	140408
35374	tool	16	140411
35375	tool	504	140412
35376	tool	313	140414
35377	tool	869	140416
35378	tool	25	140422
35379	tool	220	140423
35380	tool	16	140424
35381	tool	17574	140425
35382	tool	59	140429
35383	tool	77	140430
35384	tool	406	140431
35385	tool	3436	140436
35386	tool	2440	140442
35387	tool	17656	140449
35388	tool	482	140455
35389	tool	12388	140457
35390	tool	4515	140464
35391	tool	59	140467
35392	tool	77	140468
35393	tool	406	140469
35394	tool	3436	140474
35395	tool	38922	140480
35396	tool	17656	140487
35397	tool	482	140493
35398	tool	12388	140495
35399	tool	4515	140502
35400	tool	59	140505
35401	tool	77	140506
35402	tool	406	140507
35403	tool	1660	140512
35404	tool	30179	140519
35405	tool	652	140525
35406	tool	482	140529
35407	tool	5069	140531
35408	tool	16	140534
35409	tool	18343	140535
35410	tool	12842	140539
35411	tool	2231	140546
35412	tool	869	140548
35413	tool	25	140554
35414	tool	220	140555
35415	tool	16	140556
35416	tool	17574	140557
35417	tool	59	140561
35418	tool	77	140562
35419	tool	262	140563
35420	tool	17574	140566
35421	tool	59	140570
35422	tool	77	140571
35423	tool	1639	140572
35424	tool	262	140574
35425	tool	424	140577
35426	tool	482	140580
35427	tool	5274	140582
35428	tool	1791	140588
35429	tool	8602	140595
35430	tool	494	140602
35431	tool	5024	140607
35432	tool	8602	140617
35433	tool	504	140624
35434	tool	1659	140626
35435	tool	574	140629
35436	tool	27238	140632
35437	tool	77	140635
35438	tool	406	140636
35439	tool	3436	140641
35440	tool	2440	140647
35441	tool	482	140654
35442	tool	5069	140656
35443	tool	16	140659
35444	tool	504	140660
35445	tool	313	140662
35446	tool	869	140664
35447	tool	25	140670
35448	tool	220	140671
35449	tool	16	140672
35450	tool	17574	140673
35451	tool	59	140677
35452	tool	77	140678
35453	tool	406	140679
35454	tool	3436	140684
35455	tool	2440	140690
35456	tool	17656	140697
35457	tool	482	140703
35458	tool	12388	140705
35459	tool	4515	140712
35460	tool	59	140715
35461	tool	77	140716
35462	tool	406	140717
35463	tool	3436	140722
35464	tool	38922	140728
35465	tool	17656	140735
35466	tool	482	140741
35467	tool	12388	140743
35468	tool	4515	140750
35469	tool	59	140753
35470	tool	77	140754
35471	tool	406	140755
35472	tool	3436	140760
35473	tool	5149	140766
35474	tool	482	140773
35475	tool	5069	140775
35476	tool	16	140778
35477	tool	504	140779
35478	tool	313	140781
35479	tool	869	140783
35480	tool	25	140789
35481	tool	220	140790
35482	tool	17	140791
35483	tool	17574	140792
35484	tool	59	140796
35485	tool	77	140797
35486	tool	1639	140798
35487	tool	406	140800
35488	tool	3436	140805
35489	tool	2440	140811
35490	tool	17656	140818
35491	tool	482	140824
35492	tool	1899	140826
35493	tool	88673	140829
35494	tool	504	140837
35495	tool	359	140839
35496	tool	12388	140841
35497	tool	4515	140848
35498	tool	59	140851
35499	tool	77	140852
35500	tool	406	140853
35501	tool	3436	140858
35502	tool	38922	140864
35503	tool	17656	140871
35504	tool	482	140877
35505	tool	1899	140879
35506	tool	88673	140882
35507	tool	4515	140890
35508	tool	59	140893
35509	tool	77	140894
35510	tool	406	140895
35511	tool	1660	140900
35512	tool	30179	140907
35513	tool	652	140913
35514	tool	482	140917
35515	tool	5069	140919
35516	tool	16	140922
35517	tool	18343	140923
35518	tool	12842	140927
35519	tool	2231	140934
35520	tool	869	140936
35521	tool	25	140942
35522	tool	220	140943
35523	tool	17	140944
35524	tool	17574	140945
35525	tool	59	140949
35526	tool	77	140950
35527	tool	262	140951
35528	tool	17574	140954
35529	tool	59	140958
35530	tool	77	140959
35531	tool	1639	140960
35532	tool	262	140962
35533	tool	424	140965
35534	tool	482	140968
35535	tool	5274	140970
35536	tool	1103	140976
35537	tool	660	140981
35538	tool	22371	140985
35539	tool	504	140994
35540	tool	1659	140996
35541	tool	574	140999
35542	tool	27238	141002
35543	tool	77	141005
35544	tool	406	141006
35545	tool	1660	141011
35546	tool	30179	141018
35547	tool	6218	141024
35548	tool	17656	141029
35549	tool	287	141035
35550	tool	5822	141037
35551	tool	12842	141041
35552	tool	6223	141048
35553	tool	3689	141051
35554	tool	21642	141055
35555	tool	59	141059
35556	tool	77	141060
35557	tool	406	141061
35558	tool	3436	141066
35559	tool	2440	141072
35560	tool	17656	141079
35561	tool	482	141085
35562	tool	12388	141087
35563	tool	4515	141094
35564	tool	59	141097
35565	tool	77	141098
35566	tool	406	141099
35567	tool	1660	141104
35568	tool	30179	141111
35569	tool	6218	141117
35570	tool	17656	141122
35571	tool	287	141128
35572	tool	5822	141130
35573	tool	73213	141134
35574	tool	482	141143
35575	tool	3689	141145
35576	tool	4515	141149
35577	tool	59	141152
35578	tool	77	141153
35579	tool	406	141154
35580	tool	1660	141159
35581	tool	30179	141166
35582	tool	6218	141172
35583	tool	17656	141177
35584	tool	287	141183
35585	tool	5822	141185
35586	tool	73213	141189
35587	tool	482	141198
35588	tool	12388	141200
35589	tool	4515	141207
35590	tool	59	141210
35591	tool	77	141211
35592	tool	262	141212
35593	tool	17574	141215
35594	tool	59	141219
35595	tool	77	141220
35596	tool	1639	141221
35597	tool	262	141223
35598	tool	424	141226
35599	tool	482	141229
35600	tool	5274	141231
35601	tool	5365	141237
35602	tool	14289	141242
35603	tool	8602	141248
35604	tool	1528	141255
35605	tool	310	141261
35606	tool	5190	141264
35607	tool	5144	141272
35608	tool	12	141278
35609	tool	17404	141279
35610	tool	25532	141285
35611	tool	504	141294
35612	tool	1659	141296
35613	tool	574	141299
35614	tool	27238	141302
35615	tool	77	141305
35616	tool	406	141306
35617	tool	3436	141311
35618	tool	2440	141317
35619	tool	482	141324
35620	tool	5069	141326
35621	tool	16	141329
35622	tool	504	141330
35623	tool	313	141332
35624	tool	23283	141334
35625	tool	25	141341
35626	tool	313	141342
35627	tool	869	141344
35628	tool	25	141350
35629	tool	220	141351
35630	tool	16	141352
35631	tool	333	141353
35632	tool	17574	141355
35633	tool	59	141359
35634	tool	77	141360
35635	tool	406	141361
35636	tool	3436	141366
35637	tool	2440	141372
35638	tool	17656	141379
35639	tool	482	141385
35640	tool	12388	141387
35641	tool	4515	141394
35642	tool	59	141397
35643	tool	77	141398
35644	tool	406	141399
35645	tool	3436	141404
35646	tool	38922	141410
35647	tool	17656	141417
35648	tool	482	141423
35649	tool	12388	141425
35650	tool	4515	141432
35651	tool	59	141435
35652	tool	77	141436
35653	tool	406	141437
35654	tool	713	141442
35655	tool	4479	141448
35656	tool	283	141452
35657	tool	3436	141454
35658	tool	652	141460
35659	tool	482	141464
35660	tool	5069	141466
35661	tool	16	141469
35662	tool	4515	141470
35663	tool	59	141473
35664	tool	77	141474
35665	tool	406	141475
35666	tool	4479	141480
35667	tool	1210	141484
35668	tool	9685	141486
35669	tool	2733	141491
35670	tool	283	141497
35671	tool	220	141499
35672	tool	24	141500
35673	tool	24	141501
35674	tool	24	141502
35675	tool	17347	141503
35676	tool	77	141505
35677	tool	1639	141506
35678	tool	406	141508
35679	tool	3436	141513
35680	tool	38922	141519
35681	tool	17656	141526
35682	tool	482	141532
35683	tool	3689	141534
35684	tool	4515	141538
35685	tool	59	141541
35686	tool	77	141542
35687	tool	406	141543
35688	tool	713	141548
35689	tool	1822	141554
35690	tool	9267	141559
35691	tool	283	141562
35692	tool	3436	141564
35693	tool	652	141570
35694	tool	482	141574
35695	tool	5069	141576
35696	tool	16	141579
35697	tool	4515	141580
35698	tool	59	141583
35699	tool	77	141584
35700	tool	406	141585
35701	tool	1660	141590
35702	tool	25718	141597
35703	tool	9267	141602
35704	tool	1210	141605
35705	tool	9685	141607
35706	tool	2733	141612
35707	tool	553	141618
35708	tool	8630	141620
35709	tool	7	141624
35710	tool	16	141625
35711	tool	42913	141626
35712	tool	77	141629
35713	tool	262	141630
35714	tool	17574	141633
35715	tool	59	141637
35716	tool	77	141638
35717	tool	220	141639
35718	tool	17574	141640
35719	tool	59	141644
35720	tool	77	141645
35721	tool	1639	141646
35722	tool	220	141648
35723	tool	434	141649
35724	tool	10977	141652
35725	tool	380	141657
35726	tool	92007	141659
35727	tool	10977	141665
35728	tool	59	141670
35729	tool	77	141671
35730	tool	1639	141672
35731	tool	220	141674
35732	tool	7276	141675
35733	tool	482	141684
35734	tool	44	141686
35735	tool	92007	141687
35736	tool	504	141693
35737	tool	1659	141695
35738	tool	574	141698
35739	tool	27238	141701
35740	tool	77	141704
35741	tool	262	141705
35742	tool	424	141708
35743	tool	482	141711
35744	tool	5274	141713
35745	tool	10562	141719
35746	tool	440	141725
35747	tool	874	141730
35748	tool	24979	141733
35749	tool	948	141743
35750	tool	1132	141748
35751	tool	799	141753
35752	tool	3008	141757
35753	tool	4203	141762
35754	tool	504	141770
35755	tool	1659	141772
35756	tool	574	141775
35757	tool	27238	141778
35758	tool	77	141781
35759	tool	406	141782
35760	tool	3436	141787
35761	tool	2440	141793
35762	tool	482	141800
35763	tool	5069	141802
35764	tool	16	141805
35765	tool	504	141806
35766	tool	313	141808
35767	tool	264	141810
35768	tool	25	141812
35769	tool	220	141813
35770	tool	16	141814
35771	tool	11	141815
35772	tool	292	141816
35773	tool	25	141818
35774	tool	220	141819
35775	tool	17	141820
35776	tool	17574	141821
35777	tool	59	141825
35778	tool	77	141826
35779	tool	406	141827
35780	tool	3436	141832
35781	tool	2440	141838
35782	tool	17656	141845
35783	tool	482	141851
35784	tool	12388	141853
35785	tool	4515	141860
35786	tool	59	141863
35787	tool	77	141864
35788	tool	1639	141865
35789	tool	406	141867
35790	tool	434	141872
35791	tool	10079	141875
35792	tool	383	141882
35793	tool	1822	141885
35794	tool	1639	141890
35795	tool	406	141892
35796	tool	3436	141897
35797	tool	38922	141903
35798	tool	17656	141910
35799	tool	482	141916
35800	tool	3689	141918
35801	tool	4515	141922
35802	tool	59	141925
35803	tool	77	141926
35804	tool	406	141927
35805	tool	3436	141932
35806	tool	5149	141938
35807	tool	482	141945
35808	tool	5069	141947
35809	tool	16	141950
35810	tool	504	141951
35811	tool	313	141953
35812	tool	264	141955
35813	tool	25	141957
35814	tool	220	141958
35815	tool	16	141959
35816	tool	11	141960
35817	tool	292	141961
35818	tool	25	141963
35819	tool	220	141964
35820	tool	16	141965
35821	tool	15	141966
35822	tool	17574	141967
35823	tool	59	141971
35824	tool	77	141972
35825	tool	1639	141973
35826	tool	406	141975
35827	tool	434	141980
35828	tool	10079	141983
35829	tool	383	141990
35830	tool	4416	141993
35831	tool	318	142001
35832	tool	61501	142003
35833	tool	2002	142012
35834	tool	10383	142018
35835	tool	77	142020
35836	tool	406	142021
35837	tool	3436	142026
35838	tool	38922	142032
35839	tool	17656	142039
35840	tool	482	142045
35841	tool	12388	142047
35842	tool	4515	142054
35843	tool	59	142057
35844	tool	77	142058
35845	tool	406	142059
35846	tool	3436	142064
35847	tool	5149	142070
35848	tool	482	142077
35849	tool	5069	142079
35850	tool	16	142082
35851	tool	504	142083
35852	tool	313	142085
35853	tool	264	142087
35854	tool	25	142089
35855	tool	220	142090
35856	tool	16	142091
35857	tool	15	142092
35858	tool	15	142093
35859	tool	11	142094
35860	tool	292	142095
35861	tool	25	142097
35862	tool	220	142098
35863	tool	17	142099
35864	tool	17574	142100
35865	tool	59	142104
35866	tool	77	142105
35867	tool	1639	142106
35868	tool	406	142108
35869	tool	434	142113
35870	tool	38754	142116
35871	tool	4416	142122
35872	tool	1083	142130
35873	tool	1822	142135
35874	tool	1639	142140
35875	tool	406	142142
35876	tool	3436	142147
35877	tool	38922	142153
35878	tool	17656	142160
35879	tool	482	142166
35880	tool	3689	142168
35881	tool	4515	142172
35882	tool	59	142175
35883	tool	77	142176
35884	tool	406	142177
35885	tool	713	142182
35886	tool	1067	142188
35887	tool	283	142195
35888	tool	3436	142197
35889	tool	24210	142203
35890	tool	482	142209
35891	tool	12388	142211
35892	tool	4515	142218
35893	tool	59	142221
35894	tool	77	142222
35895	tool	1639	142223
35896	tool	406	142225
35897	tool	1660	142230
35898	tool	4309	142237
35899	tool	4538	142244
35900	tool	3330	142247
35901	tool	553	142252
35902	tool	8630	142254
35903	tool	3589	142258
35904	tool	42913	142263
35905	tool	77	142266
35906	tool	406	142267
35907	tool	1660	142272
35908	tool	4309	142279
35909	tool	13537	142286
35910	tool	54551	142291
35911	tool	553	142296
35912	tool	84916	142298
35913	tool	7	142310
35914	tool	15	142311
35915	tool	42913	142312
35916	tool	77	142315
35917	tool	406	142316
35918	tool	1660	142321
35919	tool	4309	142328
35920	tool	721	142335
35921	tool	49788	142337
35922	tool	659	142342
35923	tool	5069	142344
35924	tool	16	142347
35925	tool	24255	142348
35926	tool	12842	142352
35927	tool	2231	142359
35928	tool	264	142361
35929	tool	25	142363
35930	tool	220	142364
35931	tool	16	142365
35932	tool	15	142366
35933	tool	15	142367
35934	tool	11	142368
35935	tool	292	142369
35936	tool	25	142371
35937	tool	220	142372
35938	tool	16	142373
35939	tool	15	142374
35940	tool	17574	142375
35941	tool	59	142379
35942	tool	77	142380
35943	tool	262	142381
35944	tool	17574	142384
35945	tool	59	142388
35946	tool	77	142389
35947	tool	1639	142390
35948	tool	262	142392
35949	tool	424	142395
35950	tool	482	142398
35951	tool	5274	142400
35952	tool	10817	142406
35953	tool	24979	142413
35954	tool	948	142423
35955	tool	2107	142428
35956	tool	10744	142433
35957	tool	2222	142439
35958	tool	279	142446
35959	tool	1788	142450
35960	tool	2002	142455
35961	tool	20648	142461
35962	tool	504	142473
35963	tool	1659	142475
35964	tool	574	142478
35965	tool	27238	142481
35966	tool	77	142484
35967	tool	406	142485
35968	tool	3436	142490
35969	tool	2440	142496
35970	tool	482	142503
35971	tool	5069	142505
35972	tool	16	142508
35973	tool	504	142509
35974	tool	313	142511
35975	tool	264	142513
35976	tool	25	142515
35977	tool	220	142516
35978	tool	16	142517
35979	tool	11	142518
35980	tool	292	142519
35981	tool	25	142521
35982	tool	220	142522
35983	tool	17	142523
35984	tool	17574	142524
35985	tool	59	142528
35986	tool	77	142529
35987	tool	406	142530
35988	tool	3436	142535
35989	tool	2440	142541
35990	tool	17656	142548
35991	tool	482	142554
35992	tool	12388	142556
35993	tool	4515	142563
35994	tool	59	142566
35995	tool	77	142567
35996	tool	1639	142568
35997	tool	406	142570
35998	tool	434	142575
35999	tool	10079	142578
36000	tool	383	142585
36001	tool	1822	142588
36002	tool	1639	142593
36003	tool	406	142595
36004	tool	3436	142600
36005	tool	38922	142606
36006	tool	17656	142613
36007	tool	482	142619
36008	tool	3689	142621
36009	tool	4515	142625
36010	tool	59	142628
36011	tool	77	142629
36012	tool	406	142630
36013	tool	3436	142635
36014	tool	5149	142641
36015	tool	482	142648
36016	tool	5069	142650
36017	tool	16	142653
36018	tool	504	142654
36019	tool	313	142656
36020	tool	264	142658
36021	tool	25	142660
36022	tool	220	142661
36023	tool	16	142662
36024	tool	15	142663
36025	tool	11	142664
36026	tool	292	142665
36027	tool	25	142667
36028	tool	220	142668
36029	tool	17	142669
36030	tool	17574	142670
36031	tool	59	142674
36032	tool	77	142675
36033	tool	1639	142676
36034	tool	406	142678
36035	tool	434	142683
36036	tool	10079	142686
36037	tool	383	142693
36038	tool	4416	142696
36039	tool	318	142704
36040	tool	23310	142706
36041	tool	2002	142710
36042	tool	11	142716
36043	tool	2086	142717
36044	tool	869	142727
36045	tool	10383	142733
36046	tool	77	142735
36047	tool	406	142736
36048	tool	3436	142741
36049	tool	38922	142747
36050	tool	17656	142754
36051	tool	482	142760
36052	tool	12388	142762
36053	tool	4515	142769
36054	tool	59	142772
36055	tool	77	142773
36056	tool	406	142774
36057	tool	3436	142779
36058	tool	5149	142785
36059	tool	482	142792
36060	tool	5069	142794
36061	tool	16	142797
36062	tool	504	142798
36063	tool	313	142800
36064	tool	264	142802
36065	tool	25	142804
36066	tool	220	142805
36067	tool	17	142806
36068	tool	15	142807
36069	tool	11	142808
36070	tool	292	142809
36071	tool	25	142811
36072	tool	220	142812
36073	tool	17	142813
36074	tool	17574	142814
36075	tool	59	142818
36076	tool	77	142819
36077	tool	1639	142820
36078	tool	406	142822
36079	tool	434	142827
36080	tool	38754	142830
36081	tool	4416	142836
36082	tool	1083	142844
36083	tool	1822	142849
36084	tool	1639	142854
36085	tool	406	142856
36086	tool	3436	142861
36087	tool	38922	142867
36088	tool	17656	142874
36089	tool	482	142880
36090	tool	3689	142882
36091	tool	4515	142886
36092	tool	59	142889
36093	tool	77	142890
36094	tool	406	142891
36095	tool	713	142896
36096	tool	1067	142902
36097	tool	283	142909
36098	tool	3436	142911
36099	tool	24210	142917
36100	tool	482	142923
36101	tool	12388	142925
36102	tool	4515	142932
36103	tool	59	142935
36104	tool	77	142936
36105	tool	1639	142937
36106	tool	406	142939
36107	tool	1660	142944
36108	tool	4309	142951
36109	tool	4538	142958
36110	tool	3330	142961
36111	tool	553	142966
36112	tool	8630	142968
36113	tool	3457	142972
36114	tool	42913	142978
36115	tool	77	142981
36116	tool	406	142982
36117	tool	1660	142987
36118	tool	4309	142994
36119	tool	13537	143001
36120	tool	54551	143006
36121	tool	553	143011
36122	tool	84916	143013
36123	tool	7	143025
36124	tool	16	143026
36125	tool	42913	143027
36126	tool	77	143030
36127	tool	406	143031
36128	tool	1660	143036
36129	tool	4309	143043
36130	tool	13537	143050
36131	tool	54551	143055
36132	tool	58	143060
36133	tool	15	143061
36134	tool	906	143062
36135	tool	5872	143064
36136	tool	739	143072
36137	tool	553	143074
36138	tool	8630	143076
36139	tool	482	143080
36140	tool	5069	143082
36141	tool	16	143085
36142	tool	4515	143086
36143	tool	59	143089
36144	tool	77	143090
36145	tool	406	143091
36146	tool	1660	143096
36147	tool	4309	143103
36148	tool	13537	143110
36149	tool	54551	143115
36150	tool	58	143120
36151	tool	15	143121
36152	tool	906	143122
36153	tool	2267	143124
36154	tool	553	143128
36155	tool	8630	143130
36156	tool	482	143134
36157	tool	5069	143136
36158	tool	16	143139
36159	tool	5668	143140
36160	tool	4515	143142
36161	tool	59	143145
36162	tool	77	143146
36163	tool	406	143147
36164	tool	1660	143152
36165	tool	4309	143159
36166	tool	13537	143166
36167	tool	54551	143171
36168	tool	58	143176
36169	tool	15	143177
36170	tool	906	143178
36171	tool	3051	143180
36172	tool	553	143184
36173	tool	8630	143186
36174	tool	7	143190
36175	tool	16	143191
36176	tool	42913	143192
36177	tool	77	143195
36178	tool	406	143196
36179	tool	1660	143201
36180	tool	4309	143208
36181	tool	13537	143215
36182	tool	54551	143220
36183	tool	58	143225
36184	tool	15	143226
36185	tool	906	143227
36186	tool	2391	143229
36187	tool	553	143233
36188	tool	8630	143235
36189	tool	7	143239
36190	tool	16	143240
36191	tool	15	143241
36192	tool	42913	143242
36193	tool	77	143245
36194	tool	406	143246
36195	tool	1660	143251
36196	tool	4309	143258
36197	tool	13537	143265
36198	tool	54551	143270
36199	tool	58	143275
36200	tool	15	143276
36201	tool	906	143277
36202	tool	1719	143279
36203	tool	16346	143282
36204	tool	553	143285
36205	tool	8630	143287
36206	tool	7	143291
36207	tool	17	143292
36208	tool	15	143293
36209	tool	42913	143294
36210	tool	77	143297
36211	tool	262	143298
36212	tool	17574	143301
36213	tool	59	143305
36214	tool	77	143306
36215	tool	1639	143307
36216	tool	262	143309
36217	tool	424	143312
36218	tool	482	143315
36219	tool	5274	143317
36220	tool	524	143323
36221	tool	11712	143327
36222	tool	948	143336
36223	tool	2107	143341
36224	tool	10744	143346
36225	tool	2222	143352
36226	tool	310	143359
36227	tool	279	143362
36228	tool	1788	143366
36229	tool	869	143371
36230	tool	504	143377
36231	tool	1659	143379
36232	tool	574	143382
36233	tool	27238	143385
36234	tool	77	143388
36235	tool	406	143389
36236	tool	3436	143394
36237	tool	2440	143400
36238	tool	482	143407
36239	tool	5069	143409
36240	tool	16	143412
36241	tool	504	143413
36242	tool	313	143415
36243	tool	264	143417
36244	tool	25	143419
36245	tool	220	143420
36246	tool	16	143421
36247	tool	11	143422
36248	tool	292	143423
36249	tool	25	143425
36250	tool	220	143426
36251	tool	17	143427
36252	tool	17574	143428
36253	tool	59	143432
36254	tool	77	143433
36255	tool	406	143434
36256	tool	3436	143439
36257	tool	2440	143445
36258	tool	17656	143452
36259	tool	482	143458
36260	tool	12388	143460
36261	tool	4515	143467
36262	tool	59	143470
36263	tool	77	143471
36264	tool	1639	143472
36265	tool	406	143474
36266	tool	3436	143479
36267	tool	38922	143485
36268	tool	17656	143492
36269	tool	482	143498
36270	tool	3689	143500
36271	tool	4515	143504
36272	tool	59	143507
36273	tool	77	143508
36274	tool	406	143509
36275	tool	3436	143514
36276	tool	5149	143520
36277	tool	482	143527
36278	tool	5069	143529
36279	tool	16	143532
36280	tool	504	143533
36281	tool	313	143535
36282	tool	264	143537
36283	tool	25	143539
36284	tool	220	143540
36285	tool	16	143541
36286	tool	15	143542
36287	tool	11	143543
36288	tool	292	143544
36289	tool	25	143546
36290	tool	220	143547
36291	tool	17	143548
36292	tool	17574	143549
36293	tool	59	143553
36294	tool	77	143554
36295	tool	1639	143555
36296	tool	406	143557
36297	tool	3436	143562
36298	tool	38922	143568
36299	tool	17656	143575
36300	tool	482	143581
36301	tool	12388	143583
36302	tool	4515	143590
36303	tool	59	143593
36304	tool	77	143594
36305	tool	406	143595
36306	tool	3436	143600
36307	tool	5149	143606
36308	tool	482	143613
36309	tool	5069	143615
36310	tool	16	143618
36311	tool	504	143619
36312	tool	313	143621
36313	tool	264	143623
36314	tool	25	143625
36315	tool	220	143626
36316	tool	16	143627
36317	tool	15	143628
36318	tool	11	143629
36319	tool	292	143630
36320	tool	25	143632
36321	tool	220	143633
36322	tool	17	143634
36323	tool	17574	143635
36324	tool	59	143639
36325	tool	77	143640
36326	tool	1639	143641
36327	tool	406	143643
36328	tool	3436	143648
36329	tool	38922	143654
36330	tool	17656	143661
36331	tool	482	143667
36332	tool	3689	143669
36333	tool	4515	143673
36334	tool	59	143676
36335	tool	77	143677
36336	tool	406	143678
36337	tool	713	143683
36338	tool	1067	143689
36339	tool	283	143696
36340	tool	3436	143698
36341	tool	24210	143704
36342	tool	482	143710
36343	tool	12388	143712
36344	tool	4515	143719
36345	tool	59	143722
36346	tool	77	143723
36347	tool	1639	143724
36348	tool	406	143726
36349	tool	1660	143731
36350	tool	4309	143738
36351	tool	4538	143745
36352	tool	3330	143748
36353	tool	553	143753
36354	tool	8630	143755
36355	tool	3589	143759
36356	tool	42913	143764
36357	tool	77	143767
36358	tool	406	143768
36359	tool	1660	143773
36360	tool	4309	143780
36361	tool	13537	143787
36362	tool	54551	143792
36363	tool	553	143797
36364	tool	84916	143799
36365	tool	7	143811
36366	tool	15	143812
36367	tool	42913	143813
36368	tool	77	143816
36369	tool	262	143817
36370	tool	17574	143820
36371	tool	59	143824
36372	tool	77	143825
36373	tool	1639	143826
36374	tool	262	143828
36375	tool	424	143831
36376	tool	482	143834
36377	tool	5274	143836
36378	tool	10562	143842
36379	tool	9017	143848
36380	tool	27222	143858
36381	tool	504	143872
36382	tool	1659	143874
36383	tool	574	143877
36384	tool	27238	143880
36385	tool	77	143883
36386	tool	406	143884
36387	tool	3436	143889
36388	tool	2440	143895
36389	tool	482	143902
36390	tool	5069	143904
36391	tool	16	143907
36392	tool	504	143908
36393	tool	313	143910
36394	tool	264	143912
36395	tool	25	143914
36396	tool	220	143915
36397	tool	16	143916
36398	tool	17574	143917
36399	tool	59	143921
36400	tool	77	143922
36401	tool	406	143923
36402	tool	3436	143928
36403	tool	2440	143934
36404	tool	482	143941
36405	tool	5069	143943
36406	tool	17	143946
36407	tool	504	143947
36408	tool	313	143949
36409	tool	292	143951
36410	tool	25	143953
36411	tool	220	143954
36412	tool	17	143955
36413	tool	17574	143956
36414	tool	59	143960
36415	tool	77	143961
36416	tool	406	143962
36417	tool	3436	143967
36418	tool	2440	143973
36419	tool	17656	143980
36420	tool	482	143986
36421	tool	12388	143988
36422	tool	4515	143995
36423	tool	59	143998
36424	tool	77	143999
36425	tool	1639	144000
36426	tool	406	144002
36427	tool	434	144007
36428	tool	10079	144010
36429	tool	4479	144017
36430	tool	16	144021
36431	tool	383	144022
36432	tool	1822	144025
36433	tool	1639	144030
36434	tool	406	144032
36435	tool	3436	144037
36436	tool	38922	144043
36437	tool	17656	144050
36438	tool	482	144056
36439	tool	3689	144058
36440	tool	4515	144062
36441	tool	59	144065
36442	tool	77	144066
36443	tool	406	144067
36444	tool	3436	144072
36445	tool	5149	144078
36446	tool	482	144085
36447	tool	5069	144087
36448	tool	16	144090
36449	tool	504	144091
36450	tool	313	144093
36451	tool	264	144095
36452	tool	25	144097
36453	tool	220	144098
36454	tool	16	144099
36455	tool	15	144100
36456	tool	17574	144101
36457	tool	59	144105
36458	tool	77	144106
36459	tool	1639	144107
36460	tool	406	144109
36461	tool	434	144114
36462	tool	10079	144117
36463	tool	4479	144124
36464	tool	17	144128
36465	tool	383	144129
36466	tool	4416	144132
36467	tool	1639	144140
36468	tool	406	144142
36469	tool	3436	144147
36470	tool	38922	144153
36471	tool	17656	144160
36472	tool	482	144166
36473	tool	12388	144168
36474	tool	4515	144175
36475	tool	59	144178
36476	tool	77	144179
36477	tool	406	144180
36478	tool	3436	144185
36479	tool	5149	144191
36480	tool	482	144198
36481	tool	5069	144200
36482	tool	17	144203
36483	tool	504	144204
36484	tool	313	144206
36485	tool	292	144208
36486	tool	25	144210
36487	tool	220	144211
36488	tool	17	144212
36489	tool	15	144213
36490	tool	17574	144214
36491	tool	59	144218
36492	tool	77	144219
36493	tool	1639	144220
36494	tool	406	144222
36495	tool	434	144227
36496	tool	38754	144230
36497	tool	4416	144236
36498	tool	1083	144244
36499	tool	1822	144249
36500	tool	1639	144254
36501	tool	406	144256
36502	tool	3436	144261
36503	tool	38922	144267
36504	tool	17656	144274
36505	tool	482	144280
36506	tool	3689	144282
36507	tool	4515	144286
36508	tool	59	144289
36509	tool	77	144290
36510	tool	406	144291
36511	tool	713	144296
36512	tool	1067	144302
36513	tool	283	144309
36514	tool	3436	144311
36515	tool	24210	144317
36516	tool	482	144323
36517	tool	12388	144325
36518	tool	4515	144332
36519	tool	59	144335
36520	tool	77	144336
36521	tool	1639	144337
36522	tool	406	144339
36523	tool	1660	144344
36524	tool	4309	144351
36525	tool	4538	144358
36526	tool	3330	144361
36527	tool	553	144366
36528	tool	8630	144368
36529	tool	3589	144372
36530	tool	42913	144377
36531	tool	77	144380
36532	tool	406	144381
36533	tool	1660	144386
36534	tool	4309	144393
36535	tool	13537	144400
36536	tool	54551	144405
36537	tool	553	144410
36538	tool	84916	144412
36539	tool	7	144424
36540	tool	15	144425
36541	tool	42913	144426
36542	tool	77	144429
36543	tool	406	144430
36544	tool	1660	144435
36545	tool	30179	144442
36546	tool	652	144448
36547	tool	482	144452
36548	tool	5069	144454
36549	tool	16	144457
36550	tool	18343	144458
36551	tool	12842	144462
36552	tool	2231	144469
36553	tool	264	144471
36554	tool	25	144473
36555	tool	220	144474
36556	tool	16	144475
36557	tool	15	144476
36558	tool	17574	144477
36559	tool	59	144481
36560	tool	77	144482
36561	tool	406	144483
36562	tool	1660	144488
36563	tool	30179	144495
36564	tool	652	144501
36565	tool	482	144505
36566	tool	5069	144507
36567	tool	17	144510
36568	tool	18343	144511
36569	tool	12842	144515
36570	tool	2231	144522
36571	tool	292	144524
36572	tool	25	144526
36573	tool	220	144527
36574	tool	17	144528
36575	tool	15	144529
36576	tool	17574	144530
36577	tool	59	144534
36578	tool	77	144535
36579	tool	262	144536
36580	tool	17574	144539
36581	tool	59	144543
36582	tool	77	144544
36583	tool	1639	144545
36584	tool	262	144547
36585	tool	424	144550
36586	tool	482	144553
36587	tool	5274	144555
36588	tool	3579	144561
36589	tool	23283	144568
36590	tool	1576	144575
36591	tool	10562	144582
36592	tool	504	144588
36593	tool	1659	144590
36594	tool	574	144593
36595	tool	27238	144596
36596	tool	77	144599
36597	tool	406	144600
36598	tool	3436	144605
36599	tool	2440	144611
36600	tool	482	144618
36601	tool	5069	144620
36602	tool	16	144623
36603	tool	504	144624
36604	tool	313	144626
36605	tool	2124	144628
36606	tool	25	144635
36607	tool	313	144636
36608	tool	3357	144638
36609	tool	25	144643
36610	tool	359	144644
36611	tool	8043	144646
36612	tool	504	144655
36613	tool	2548	144657
36614	tool	25	144662
36615	tool	220	144663
36616	tool	18	144664
36617	tool	15	144665
36618	tool	15	144666
36619	tool	15	144667
36620	tool	333	144668
36621	tool	17574	144670
36622	tool	59	144674
36623	tool	77	144675
36624	tool	406	144676
36625	tool	3436	144681
36626	tool	2440	144687
36627	tool	17656	144694
36628	tool	482	144700
36629	tool	12388	144702
36630	tool	4515	144709
36631	tool	59	144712
36632	tool	77	144713
36633	tool	1639	144714
36634	tool	406	144716
36635	tool	434	144721
36636	tool	10079	144724
36637	tool	2548	144731
36638	tool	383	144736
36639	tool	1822	144739
36640	tool	1639	144744
36641	tool	406	144746
36642	tool	3436	144751
36643	tool	38922	144757
36644	tool	17656	144764
36645	tool	482	144770
36646	tool	3689	144772
36647	tool	4515	144776
36648	tool	59	144779
36649	tool	77	144780
36650	tool	406	144781
36651	tool	3436	144786
36652	tool	5149	144792
36653	tool	482	144799
36654	tool	5069	144801
36655	tool	16	144804
36656	tool	504	144805
36657	tool	313	144807
36658	tool	2124	144809
36659	tool	25	144816
36660	tool	313	144817
36661	tool	3357	144819
36662	tool	25	144824
36663	tool	359	144825
36664	tool	8043	144827
36665	tool	504	144836
36666	tool	2548	144838
36667	tool	25	144843
36668	tool	220	144844
36669	tool	23	144845
36670	tool	15	144846
36671	tool	23	144847
36672	tool	15	144848
36673	tool	333	144849
36674	tool	17574	144851
36675	tool	59	144855
36676	tool	77	144856
36677	tool	1639	144857
36678	tool	406	144859
36679	tool	434	144864
36680	tool	10079	144867
36681	tool	3357	144874
36682	tool	383	144879
36683	tool	4416	144882
36684	tool	1639	144890
36685	tool	406	144892
36686	tool	3436	144897
36687	tool	38922	144903
36688	tool	17656	144910
36689	tool	482	144916
36690	tool	12388	144918
36691	tool	4515	144925
36692	tool	59	144928
36693	tool	77	144929
36694	tool	406	144930
36695	tool	3436	144935
36696	tool	5149	144941
36697	tool	482	144948
36698	tool	5069	144950
36699	tool	16	144953
36700	tool	504	144954
36701	tool	313	144956
36702	tool	2124	144958
36703	tool	25	144965
36704	tool	313	144966
36705	tool	3357	144968
36706	tool	25	144973
36707	tool	359	144974
36708	tool	8422	144976
36709	tool	877	144983
36710	tool	504	144987
36711	tool	2548	144989
36712	tool	25	144994
36713	tool	220	144995
36714	tool	18	144996
36715	tool	15	144997
36716	tool	15	144998
36717	tool	15	144999
36718	tool	333	145000
36719	tool	17574	145002
36720	tool	59	145006
36721	tool	77	145007
36722	tool	1639	145008
36723	tool	406	145010
36724	tool	3436	145015
36725	tool	38922	145021
36726	tool	17656	145028
36727	tool	482	145034
36728	tool	3689	145036
36729	tool	4515	145040
36730	tool	59	145043
36731	tool	77	145044
36732	tool	406	145045
36733	tool	713	145050
36734	tool	1067	145056
36735	tool	283	145063
36736	tool	3436	145065
36737	tool	24210	145071
36738	tool	482	145077
36739	tool	12388	145079
36740	tool	4515	145086
36741	tool	59	145089
36742	tool	77	145090
36743	tool	1639	145091
36744	tool	406	145093
36745	tool	1660	145098
36746	tool	4309	145105
36747	tool	4538	145112
36748	tool	3330	145115
36749	tool	553	145120
36750	tool	8630	145122
36751	tool	3589	145126
36752	tool	42913	145131
36753	tool	77	145134
36754	tool	406	145135
36755	tool	1660	145140
36756	tool	4309	145147
36757	tool	13537	145154
36758	tool	54551	145159
36759	tool	553	145164
36760	tool	84916	145166
36761	tool	7	145178
36762	tool	15	145179
36763	tool	42913	145180
36764	tool	77	145183
36765	tool	406	145184
36766	tool	1660	145189
36767	tool	30179	145196
36768	tool	652	145202
36769	tool	482	145206
36770	tool	5069	145208
36771	tool	16	145211
36772	tool	18343	145212
36773	tool	12842	145216
36774	tool	2231	145223
36775	tool	2124	145225
36776	tool	25	145232
36777	tool	313	145233
36778	tool	3357	145235
36779	tool	25	145240
36780	tool	359	145241
36781	tool	8422	145243
36782	tool	877	145250
36783	tool	504	145254
36784	tool	2548	145256
36785	tool	25	145261
36786	tool	220	145262
36787	tool	23	145263
36788	tool	15	145264
36789	tool	23	145265
36790	tool	15	145266
36791	tool	333	145267
36792	tool	17574	145269
36793	tool	59	145273
36794	tool	77	145274
36795	tool	262	145275
36796	tool	17574	145278
36797	tool	59	145282
36798	tool	77	145283
36799	tool	1639	145284
36800	tool	262	145286
36801	tool	424	145289
36802	tool	482	145292
36803	tool	5274	145294
36804	tool	10817	145300
36805	tool	24979	145307
36806	tool	303	145317
36807	tool	23283	145320
36808	tool	5978	145327
36809	tool	504	145335
36810	tool	1659	145337
36811	tool	574	145340
36812	tool	27238	145343
36813	tool	77	145346
36814	tool	406	145347
36815	tool	3436	145352
36816	tool	2440	145358
36817	tool	482	145365
36818	tool	5069	145367
36819	tool	16	145370
36820	tool	504	145371
36821	tool	313	145373
36822	tool	2124	145375
36823	tool	25	145382
36824	tool	313	145383
36825	tool	3357	145385
36826	tool	25	145390
36827	tool	359	145391
36828	tool	8043	145393
36829	tool	504	145402
36830	tool	2548	145404
36831	tool	25	145409
36832	tool	220	145410
36833	tool	18	145411
36834	tool	15	145412
36835	tool	15	145413
36836	tool	15	145414
36837	tool	333	145415
36838	tool	17574	145417
36839	tool	59	145421
36840	tool	77	145422
36841	tool	406	145423
36842	tool	3436	145428
36843	tool	2440	145434
36844	tool	17656	145441
36845	tool	482	145447
36846	tool	12388	145449
36847	tool	4515	145456
36848	tool	59	145459
36849	tool	77	145460
36850	tool	1639	145461
36851	tool	406	145463
36852	tool	434	145468
36853	tool	10079	145471
36854	tool	3357	145478
36855	tool	383	145483
36856	tool	1822	145486
36857	tool	1639	145491
36858	tool	406	145493
36859	tool	3436	145498
36860	tool	38922	145504
36861	tool	17656	145511
36862	tool	482	145517
36863	tool	3689	145519
36864	tool	4515	145523
36865	tool	59	145526
36866	tool	77	145527
36867	tool	406	145528
36868	tool	3436	145533
36869	tool	5149	145539
36870	tool	482	145546
36871	tool	5069	145548
36872	tool	16	145551
36873	tool	504	145552
36874	tool	313	145554
36875	tool	2124	145556
36876	tool	25	145563
36877	tool	313	145564
36878	tool	3357	145566
36879	tool	25	145571
36880	tool	359	145572
36881	tool	3689	145574
36882	tool	877	145578
36883	tool	504	145582
36884	tool	2548	145584
36885	tool	25	145589
36886	tool	220	145590
36887	tool	18	145591
36888	tool	15	145592
36889	tool	15	145593
36890	tool	15	145594
36891	tool	333	145595
36892	tool	17574	145597
36893	tool	59	145601
36894	tool	77	145602
36895	tool	1639	145603
36896	tool	406	145605
36897	tool	434	145610
36898	tool	10079	145613
36899	tool	3357	145620
36900	tool	383	145625
36901	tool	4416	145628
36902	tool	318	145636
36903	tool	23310	145638
36904	tool	2002	145642
36905	tool	10383	145648
36906	tool	77	145650
36907	tool	406	145651
36908	tool	3436	145656
36909	tool	38922	145662
36910	tool	17656	145669
36911	tool	482	145675
36912	tool	12388	145677
36913	tool	4515	145684
36914	tool	59	145687
36915	tool	77	145688
36916	tool	406	145689
36917	tool	3436	145694
36918	tool	5149	145700
36919	tool	482	145707
36920	tool	5069	145709
36921	tool	16	145712
36922	tool	504	145713
36923	tool	313	145715
36924	tool	2124	145717
36925	tool	25	145724
36926	tool	313	145725
36927	tool	3357	145727
36928	tool	25	145732
36929	tool	359	145733
36930	tool	12388	145735
36931	tool	877	145742
36932	tool	504	145746
36933	tool	2548	145748
36934	tool	25	145753
36935	tool	220	145754
36936	tool	18	145755
36937	tool	15	145756
36938	tool	15	145757
36939	tool	15	145758
36940	tool	333	145759
36941	tool	17574	145761
36942	tool	59	145765
36943	tool	77	145766
36944	tool	1639	145767
36945	tool	406	145769
36946	tool	3436	145774
36947	tool	38922	145780
36948	tool	17656	145787
36949	tool	482	145793
36950	tool	3689	145795
36951	tool	4515	145799
36952	tool	59	145802
36953	tool	77	145803
36954	tool	406	145804
36955	tool	713	145809
36956	tool	1067	145815
36957	tool	283	145822
36958	tool	3436	145824
36959	tool	24210	145830
36960	tool	482	145836
36961	tool	12388	145838
36962	tool	4515	145845
36963	tool	59	145848
36964	tool	77	145849
36965	tool	1639	145850
36966	tool	406	145852
36967	tool	1660	145857
36968	tool	4309	145864
36969	tool	4538	145871
36970	tool	3330	145874
36971	tool	553	145879
36972	tool	8630	145881
36973	tool	3457	145885
36974	tool	42913	145891
36975	tool	77	145894
36976	tool	406	145895
36977	tool	1660	145900
36978	tool	4309	145907
36979	tool	13537	145914
36980	tool	54551	145919
36981	tool	553	145924
36982	tool	84916	145926
36983	tool	7	145938
36984	tool	16	145939
36985	tool	42913	145940
36986	tool	77	145943
36987	tool	406	145944
36988	tool	1660	145949
36989	tool	4309	145956
36990	tool	13537	145963
36991	tool	54551	145968
36992	tool	58	145973
36993	tool	15	145974
36994	tool	906	145975
36995	tool	2267	145977
36996	tool	553	145981
36997	tool	8630	145983
36998	tool	482	145987
36999	tool	5069	145989
37000	tool	16	145992
37001	tool	5254	145993
37002	tool	17307	146000
37003	tool	4515	146005
37004	tool	59	146008
37005	tool	77	146009
37006	tool	262	146010
37007	tool	17574	146013
37008	tool	59	146017
37009	tool	77	146018
37010	tool	1639	146019
37011	tool	262	146021
37012	tool	424	146024
37013	tool	482	146027
37014	tool	5274	146029
37015	tool	3579	146035
37016	tool	10562	146042
37017	tool	440	146048
37018	tool	874	146053
37019	tool	4203	146056
37020	tool	318	146064
37021	tool	9071	146066
37022	tool	43314	146070
37023	tool	18170	146078
37024	tool	1659	146081
37025	tool	574	146084
37026	tool	27238	146087
37027	tool	77	146090
37028	tool	406	146091
37029	tool	3436	146096
37030	tool	2440	146102
37031	tool	482	146109
37032	tool	5069	146111
37033	tool	16	146114
37034	tool	504	146115
37035	tool	313	146117
37036	tool	264	146119
37037	tool	25	146121
37038	tool	220	146122
37039	tool	16	146123
37040	tool	17574	146124
37041	tool	59	146128
37042	tool	77	146129
37043	tool	406	146130
37044	tool	3436	146135
37045	tool	2440	146141
37046	tool	17656	146148
37047	tool	482	146154
37048	tool	12388	146156
37049	tool	4515	146163
37050	tool	59	146166
37051	tool	77	146167
37052	tool	1639	146168
37053	tool	406	146170
37054	tool	3436	146175
37055	tool	38922	146181
37056	tool	17656	146188
37057	tool	482	146194
37058	tool	3689	146196
37059	tool	4515	146200
37060	tool	59	146203
37061	tool	77	146204
37062	tool	406	146205
37063	tool	713	146210
37064	tool	1067	146216
37065	tool	283	146223
37066	tool	3436	146225
37067	tool	24210	146231
37068	tool	482	146237
37069	tool	12388	146239
37070	tool	4515	146246
37071	tool	59	146249
37072	tool	77	146250
37073	tool	1639	146251
37074	tool	406	146253
37075	tool	1660	146258
37076	tool	4309	146265
37077	tool	4538	146272
37078	tool	3330	146275
37079	tool	553	146280
37080	tool	8630	146282
37081	tool	3589	146286
37082	tool	42913	146291
37083	tool	77	146294
37084	tool	406	146295
37085	tool	1660	146300
37086	tool	4309	146307
37087	tool	13537	146314
37088	tool	54551	146319
37089	tool	553	146324
37090	tool	84916	146326
37091	tool	7	146338
37092	tool	15	146339
37093	tool	42913	146340
37094	tool	77	146343
37095	tool	262	146344
37096	tool	17574	146347
37097	tool	59	146351
37098	tool	77	146352
37099	tool	1639	146353
37100	tool	262	146355
37101	tool	424	146358
37102	tool	482	146361
37103	tool	5274	146363
37104	tool	2430	146369
37105	tool	948	146375
37106	tool	51586	146380
37107	tool	1083	146388
37108	tool	638	146393
37109	tool	504	146398
37110	tool	1659	146400
37111	tool	574	146403
37112	tool	27238	146406
37113	tool	77	146409
37114	tool	406	146410
37115	tool	3436	146415
37116	tool	2440	146421
37117	tool	17656	146428
37118	tool	482	146434
37119	tool	12388	146436
37120	tool	4515	146443
37121	tool	59	146446
37122	tool	77	146447
37123	tool	406	146448
37124	tool	3436	146453
37125	tool	38922	146459
37126	tool	17656	146466
37127	tool	482	146472
37128	tool	12388	146474
37129	tool	4515	146481
37130	tool	59	146484
37131	tool	77	146485
37132	tool	406	146486
37133	tool	1660	146491
37134	tool	4903	146498
37135	tool	574	146501
37136	tool	3436	146504
37137	tool	24210	146510
37138	tool	482	146516
37139	tool	12388	146518
37140	tool	18343	146525
37141	tool	85075	146529
37142	tool	2061	146536
37143	tool	59	146539
37144	tool	77	146540
37145	tool	262	146541
37146	tool	17574	146544
37147	tool	59	146548
37148	tool	77	146549
37149	tool	1639	146550
37150	tool	262	146552
37151	tool	424	146555
37152	tool	482	146558
37153	tool	5274	146560
37154	tool	2430	146566
37155	tool	948	146572
37156	tool	51586	146577
37157	tool	2397	146585
37158	tool	57810	146589
37159	tool	8602	146598
37160	tool	504	146605
37161	tool	1659	146607
37162	tool	574	146610
37163	tool	27238	146613
37164	tool	77	146616
37165	tool	406	146617
37166	tool	1660	146622
37167	tool	4903	146629
37168	tool	574	146632
37169	tool	3436	146635
37170	tool	24210	146641
37171	tool	482	146647
37172	tool	6082	146649
37173	tool	61921	146652
37174	tool	18343	146660
37175	tool	85075	146664
37176	tool	2061	146671
37177	tool	59	146674
37178	tool	77	146675
37179	tool	262	146676
37180	tool	17574	146679
37181	tool	59	146683
37182	tool	77	146684
37183	tool	1639	146685
37184	tool	262	146687
37185	tool	424	146690
37186	tool	482	146693
37187	tool	5274	146695
37188	tool	3579	146701
37189	tool	7594	146708
37190	tool	264	146715
37191	tool	491	146717
37192	tool	2128	146721
37193	tool	383	146730
37194	tool	2450	146733
37195	tool	8602	146740
37196	tool	504	146747
37197	tool	1659	146749
37198	tool	574	146752
37199	tool	27238	146755
37200	tool	77	146758
37201	tool	406	146759
37202	tool	3436	146764
37203	tool	2440	146770
37204	tool	482	146777
37205	tool	5069	146779
37206	tool	16	146782
37207	tool	504	146783
37208	tool	313	146785
37209	tool	264	146787
37210	tool	25	146789
37211	tool	220	146790
37212	tool	16	146791
37213	tool	17574	146792
37214	tool	59	146796
37215	tool	77	146797
37216	tool	406	146798
37217	tool	3436	146803
37218	tool	2440	146809
37219	tool	17656	146816
37220	tool	482	146822
37221	tool	12388	146824
37222	tool	4515	146831
37223	tool	59	146834
37224	tool	77	146835
37225	tool	1639	146836
37226	tool	406	146838
37227	tool	3436	146843
37228	tool	38922	146849
37229	tool	17656	146856
37230	tool	482	146862
37231	tool	12388	146864
37232	tool	4515	146871
37233	tool	59	146874
37234	tool	77	146875
37235	tool	406	146876
37236	tool	3436	146881
37237	tool	2440	146887
37238	tool	482	146894
37239	tool	5069	146896
37240	tool	17	146899
37241	tool	504	146900
37242	tool	313	146902
37243	tool	292	146904
37244	tool	25	146906
37245	tool	220	146907
37246	tool	17	146908
37247	tool	17574	146909
37248	tool	59	146913
37249	tool	77	146914
37250	tool	1639	146915
37251	tool	406	146917
37252	tool	3436	146922
37253	tool	38922	146928
37254	tool	17656	146935
37255	tool	482	146941
37256	tool	3689	146943
37257	tool	4515	146947
37258	tool	59	146950
37259	tool	77	146951
37260	tool	406	146952
37261	tool	713	146957
37262	tool	1067	146963
37263	tool	283	146970
37264	tool	3436	146972
37265	tool	24210	146978
37266	tool	482	146984
37267	tool	12388	146986
37268	tool	4515	146993
37269	tool	59	146996
37270	tool	77	146997
37271	tool	1639	146998
37272	tool	406	147000
37273	tool	1660	147005
37274	tool	4309	147012
37275	tool	4538	147019
37276	tool	3330	147022
37277	tool	553	147027
37278	tool	8630	147029
37279	tool	3589	147033
37280	tool	42913	147038
37281	tool	77	147041
37282	tool	406	147042
37283	tool	1660	147047
37284	tool	4309	147054
37285	tool	13537	147061
37286	tool	54551	147066
37287	tool	553	147071
37288	tool	84916	147073
37289	tool	7	147085
37290	tool	15	147086
37291	tool	42913	147087
37292	tool	77	147090
37293	tool	406	147091
37294	tool	1660	147096
37295	tool	30179	147103
37296	tool	652	147109
37297	tool	482	147113
37298	tool	5069	147115
37299	tool	17	147118
37300	tool	18343	147119
37301	tool	12842	147123
37302	tool	2231	147130
37303	tool	292	147132
37304	tool	25	147134
37305	tool	220	147135
37306	tool	17	147136
37307	tool	17574	147137
37308	tool	59	147141
37309	tool	77	147142
37310	tool	262	147143
37311	tool	17574	147146
37312	tool	59	147150
37313	tool	77	147151
37314	tool	1639	147152
37315	tool	262	147154
37316	tool	424	147157
37317	tool	482	147160
37318	tool	5274	147162
37319	tool	3579	147168
37320	tool	31918	147175
37321	tool	264	147184
37322	tool	2128	147186
37323	tool	383	147195
37324	tool	2450	147198
37325	tool	8602	147205
37326	tool	504	147212
37327	tool	1659	147214
37328	tool	574	147217
37329	tool	27238	147220
37330	tool	77	147223
37331	tool	406	147224
37332	tool	3436	147229
37333	tool	2440	147235
37334	tool	482	147242
37335	tool	5069	147244
37336	tool	16	147247
37337	tool	504	147248
37338	tool	313	147250
37339	tool	264	147252
37340	tool	25	147254
37341	tool	220	147255
37342	tool	16	147256
37343	tool	17574	147257
37344	tool	59	147261
37345	tool	77	147262
37346	tool	406	147263
37347	tool	3436	147268
37348	tool	2440	147274
37349	tool	482	147281
37350	tool	5069	147283
37351	tool	17	147286
37352	tool	504	147287
37353	tool	313	147289
37354	tool	292	147291
37355	tool	25	147293
37356	tool	220	147294
37357	tool	17	147295
37358	tool	17574	147296
37359	tool	59	147300
37360	tool	77	147301
37361	tool	406	147302
37362	tool	3436	147307
37363	tool	2440	147313
37364	tool	17656	147320
37365	tool	482	147326
37366	tool	12388	147328
37367	tool	4515	147335
37368	tool	59	147338
37369	tool	77	147339
37370	tool	1639	147340
37371	tool	406	147342
37372	tool	3436	147347
37373	tool	38922	147353
37374	tool	17656	147360
37375	tool	482	147366
37376	tool	12388	147368
37377	tool	4515	147375
37378	tool	59	147378
37379	tool	77	147379
37380	tool	406	147380
37381	tool	3436	147385
37382	tool	7205	147391
37383	tool	482	147398
37384	tool	5069	147400
37385	tool	17	147403
37386	tool	4515	147404
37387	tool	59	147407
37388	tool	77	147408
37389	tool	1639	147409
37390	tool	406	147411
37391	tool	3436	147416
37392	tool	38922	147422
37393	tool	17656	147429
37394	tool	482	147435
37395	tool	3689	147437
37396	tool	4515	147441
37397	tool	59	147444
37398	tool	77	147445
37399	tool	406	147446
37400	tool	713	147451
37401	tool	1067	147457
37402	tool	283	147464
37403	tool	3436	147466
37404	tool	24210	147472
37405	tool	482	147478
37406	tool	12388	147480
37407	tool	4515	147487
37408	tool	59	147490
37409	tool	77	147491
37410	tool	1639	147492
37411	tool	406	147494
37412	tool	1660	147499
37413	tool	4309	147506
37414	tool	4538	147513
37415	tool	3330	147516
37416	tool	553	147521
37417	tool	8630	147523
37418	tool	3589	147527
37419	tool	42913	147532
37420	tool	77	147535
37421	tool	406	147536
37422	tool	1660	147541
37423	tool	4309	147548
37424	tool	13537	147555
37425	tool	54551	147560
37426	tool	553	147565
37427	tool	84916	147567
37428	tool	7	147579
37429	tool	15	147580
37430	tool	42913	147581
37431	tool	77	147584
37432	tool	262	147585
37433	tool	17574	147588
37434	tool	59	147592
37435	tool	77	147593
37436	tool	1639	147594
37437	tool	262	147596
37438	tool	424	147599
37439	tool	482	147602
37440	tool	5274	147604
37441	tool	1420	147610
37442	tool	25170	147615
37443	tool	1067	147622
37444	tool	440	147629
37445	tool	11022	147634
37446	tool	2543	147639
37447	tool	1283	147641
37448	tool	364	147644
37449	tool	24979	147648
37450	tool	504	147658
37451	tool	1659	147660
37452	tool	574	147663
37453	tool	27238	147666
37454	tool	77	147669
37455	tool	406	147670
37456	tool	3436	147675
37457	tool	2440	147681
37458	tool	482	147688
37459	tool	5069	147690
37460	tool	16	147693
37461	tool	504	147694
37462	tool	313	147696
37463	tool	264	147698
37464	tool	25	147700
37465	tool	220	147701
37466	tool	16	147702
37467	tool	11	147703
37468	tool	292	147704
37469	tool	25	147706
37470	tool	220	147707
37471	tool	17	147708
37472	tool	17574	147709
37473	tool	59	147713
37474	tool	77	147714
37475	tool	406	147715
37476	tool	3436	147720
37477	tool	2440	147726
37478	tool	17656	147733
37479	tool	482	147739
37480	tool	12388	147741
37481	tool	4515	147748
37482	tool	59	147751
37483	tool	77	147752
37484	tool	1639	147753
37485	tool	406	147755
37486	tool	3436	147760
37487	tool	38922	147766
37488	tool	17656	147773
37489	tool	482	147779
37490	tool	3689	147781
37491	tool	4515	147785
37492	tool	59	147788
37493	tool	77	147789
37494	tool	406	147790
37495	tool	3436	147795
37496	tool	5149	147801
37497	tool	482	147808
37498	tool	5069	147810
37499	tool	16	147813
37500	tool	504	147814
37501	tool	313	147816
37502	tool	264	147818
37503	tool	25	147820
37504	tool	220	147821
37505	tool	16	147822
37506	tool	15	147823
37507	tool	11	147824
37508	tool	292	147825
37509	tool	25	147827
37510	tool	220	147828
37511	tool	17	147829
37512	tool	17574	147830
37513	tool	59	147834
37514	tool	77	147835
37515	tool	1639	147836
37516	tool	406	147838
37517	tool	3436	147843
37518	tool	38922	147849
37519	tool	17656	147856
37520	tool	482	147862
37521	tool	12388	147864
37522	tool	4515	147871
37523	tool	59	147874
37524	tool	77	147875
37525	tool	406	147876
37526	tool	3436	147881
37527	tool	5149	147887
37528	tool	482	147894
37529	tool	5069	147896
37530	tool	16	147899
37531	tool	504	147900
37532	tool	313	147902
37533	tool	264	147904
37534	tool	25	147906
37535	tool	220	147907
37536	tool	17	147908
37537	tool	15	147909
37538	tool	11	147910
37539	tool	292	147911
37540	tool	25	147913
37541	tool	220	147914
37542	tool	17	147915
37543	tool	17574	147916
37544	tool	59	147920
37545	tool	77	147921
37546	tool	1639	147922
37547	tool	406	147924
37548	tool	3436	147929
37549	tool	38922	147935
37550	tool	17656	147942
37551	tool	482	147948
37552	tool	3689	147950
37553	tool	4515	147954
37554	tool	59	147957
37555	tool	77	147958
37556	tool	406	147959
37557	tool	713	147964
37558	tool	1067	147970
37559	tool	283	147977
37560	tool	3436	147979
37561	tool	24210	147985
37562	tool	482	147991
37563	tool	12388	147993
37564	tool	4515	148000
37565	tool	59	148003
37566	tool	77	148004
37567	tool	1639	148005
37568	tool	406	148007
37569	tool	1660	148012
37570	tool	4309	148019
37571	tool	4538	148026
37572	tool	3330	148029
37573	tool	553	148034
37574	tool	8630	148036
37575	tool	3457	148040
37576	tool	42913	148046
37577	tool	77	148049
37578	tool	406	148050
37579	tool	434	148055
37580	tool	380	148058
37581	tool	49788	148060
37582	tool	1220	148065
37583	tool	1420	148072
37584	tool	11022	148077
37585	tool	2543	148082
37586	tool	1283	148084
37587	tool	10616	148087
37588	tool	1639	148098
37589	tool	406	148100
37590	tool	1660	148105
37591	tool	4309	148112
37592	tool	721	148119
37593	tool	49788	148121
37594	tool	659	148126
37595	tool	5069	148128
37596	tool	16	148131
37597	tool	24255	148132
37598	tool	12842	148136
37599	tool	2231	148143
37600	tool	264	148145
37601	tool	25	148147
37602	tool	220	148148
37603	tool	16	148149
37604	tool	15	148150
37605	tool	11	148151
37606	tool	292	148152
37607	tool	25	148154
37608	tool	220	148155
37609	tool	17	148156
37610	tool	17574	148157
37611	tool	59	148161
37612	tool	77	148162
37613	tool	262	148163
37614	tool	17574	148166
37615	tool	59	148170
37616	tool	77	148171
37617	tool	1639	148172
37618	tool	262	148174
37619	tool	424	148177
37620	tool	482	148180
37621	tool	5274	148182
37622	tool	524	148188
37623	tool	5427	148192
37624	tool	1428	148199
37625	tool	8602	148207
37626	tool	948	148214
37627	tool	10562	148219
37628	tool	682	148225
37629	tool	24979	148229
37630	tool	504	148239
37631	tool	1659	148241
37632	tool	574	148244
37633	tool	27238	148247
37634	tool	77	148250
37635	tool	406	148251
37636	tool	3436	148256
37637	tool	2440	148262
37638	tool	482	148269
37639	tool	5069	148271
37640	tool	16	148274
37641	tool	504	148275
37642	tool	313	148277
37643	tool	264	148279
37644	tool	25	148281
37645	tool	220	148282
37646	tool	16	148283
37647	tool	11	148284
37648	tool	292	148285
37649	tool	25	148287
37650	tool	220	148288
37651	tool	17	148289
37652	tool	17574	148290
37653	tool	59	148294
37654	tool	77	148295
37655	tool	406	148296
37656	tool	3436	148301
37657	tool	2440	148307
37658	tool	17656	148314
37659	tool	482	148320
37660	tool	12388	148322
37661	tool	4515	148329
37662	tool	59	148332
37663	tool	77	148333
37664	tool	1639	148334
37665	tool	406	148336
37666	tool	3436	148341
37667	tool	38922	148347
37668	tool	17656	148354
37669	tool	482	148360
37670	tool	3689	148362
37671	tool	4515	148366
37672	tool	59	148369
37673	tool	77	148370
37674	tool	406	148371
37675	tool	3436	148376
37676	tool	5149	148382
37677	tool	482	148389
37678	tool	5069	148391
37679	tool	16	148394
37680	tool	504	148395
37681	tool	313	148397
37682	tool	264	148399
37683	tool	25	148401
37684	tool	220	148402
37685	tool	16	148403
37686	tool	15	148404
37687	tool	11	148405
37688	tool	292	148406
37689	tool	25	148408
37690	tool	220	148409
37691	tool	17	148410
37692	tool	17574	148411
37693	tool	59	148415
37694	tool	77	148416
37695	tool	1639	148417
37696	tool	406	148419
37697	tool	3436	148424
37698	tool	38922	148430
37699	tool	17656	148437
37700	tool	482	148443
37701	tool	12388	148445
37702	tool	4515	148452
37703	tool	59	148455
37704	tool	77	148456
37705	tool	406	148457
37706	tool	3436	148462
37707	tool	5149	148468
37708	tool	482	148475
37709	tool	5069	148477
37710	tool	16	148480
37711	tool	504	148481
37712	tool	313	148483
37713	tool	264	148485
37714	tool	25	148487
37715	tool	220	148488
37716	tool	17	148489
37717	tool	15	148490
37718	tool	11	148491
37719	tool	292	148492
37720	tool	25	148494
37721	tool	220	148495
37722	tool	17	148496
37723	tool	17574	148497
37724	tool	59	148501
37725	tool	77	148502
37726	tool	1639	148503
37727	tool	406	148505
37728	tool	3436	148510
37729	tool	38922	148516
37730	tool	17656	148523
37731	tool	482	148529
37732	tool	3689	148531
37733	tool	4515	148535
37734	tool	59	148538
37735	tool	77	148539
37736	tool	406	148540
37737	tool	713	148545
37738	tool	1518	148551
37739	tool	50346	148558
37740	tool	283	148563
37741	tool	3436	148565
37742	tool	652	148571
37743	tool	482	148575
37744	tool	5069	148577
37745	tool	16	148580
37746	tool	4515	148581
37747	tool	59	148584
37748	tool	77	148585
37749	tool	406	148586
37750	tool	3436	148591
37751	tool	24210	148597
37752	tool	482	148603
37753	tool	12388	148605
37754	tool	4515	148612
37755	tool	59	148615
37756	tool	77	148616
37757	tool	406	148617
37758	tool	713	148622
37759	tool	1238	148628
37760	tool	50346	148634
37761	tool	283	148639
37762	tool	3436	148641
37763	tool	652	148647
37764	tool	482	148651
37765	tool	5069	148653
37766	tool	16	148656
37767	tool	4515	148657
37768	tool	59	148660
37769	tool	77	148661
37770	tool	1639	148662
37771	tool	406	148664
37772	tool	1660	148669
37773	tool	90668	148676
37774	tool	50346	148682
37775	tool	553	148687
37776	tool	12842	148689
37777	tool	90394	148696
37778	tool	50346	148703
37779	tool	42913	148708
37780	tool	77	148711
37781	tool	262	148712
37782	tool	17574	148715
37783	tool	59	148719
37784	tool	77	148720
37785	tool	1639	148721
37786	tool	262	148723
37787	tool	424	148726
37788	tool	482	148729
37789	tool	5274	148731
37790	tool	3579	148737
37791	tool	17839	148744
37792	tool	430	148751
37793	tool	2002	148754
37794	tool	2663	148760
37795	tool	504	148767
37796	tool	1659	148769
37797	tool	574	148772
37798	tool	27238	148775
37799	tool	77	148778
37800	tool	406	148779
37801	tool	3436	148784
37802	tool	2440	148790
37803	tool	482	148797
37804	tool	5069	148799
37805	tool	16	148802
37806	tool	504	148803
37807	tool	313	148805
37808	tool	9212	148807
37809	tool	25	148812
37810	tool	2429	148813
37811	tool	64	148816
37812	tool	504	148817
37813	tool	359	148819
37814	tool	65	148821
37815	tool	642	148822
37816	tool	17574	148824
37817	tool	59	148828
37818	tool	77	148829
37819	tool	406	148830
37820	tool	3436	148835
37821	tool	2440	148841
37822	tool	17656	148848
37823	tool	482	148854
37824	tool	12388	148856
37825	tool	4515	148863
37826	tool	59	148866
37827	tool	77	148867
37828	tool	1639	148868
37829	tool	406	148870
37830	tool	3436	148875
37831	tool	38922	148881
37832	tool	17656	148888
37833	tool	482	148894
37834	tool	3689	148896
37835	tool	4515	148900
37836	tool	59	148903
37837	tool	77	148904
37838	tool	406	148905
37839	tool	3436	148910
37840	tool	5149	148916
37841	tool	482	148923
37842	tool	5069	148925
37843	tool	16	148928
37844	tool	504	148929
37845	tool	313	148931
37846	tool	9212	148933
37847	tool	25	148938
37848	tool	2429	148939
37849	tool	64	148942
37850	tool	504	148943
37851	tool	359	148945
37852	tool	65	148947
37853	tool	504	148948
37854	tool	359	148950
37855	tool	66	148952
37856	tool	642	148953
37857	tool	17574	148955
37858	tool	59	148959
37859	tool	77	148960
37860	tool	1639	148961
37861	tool	406	148963
37862	tool	3436	148968
37863	tool	38922	148974
37864	tool	17656	148981
37865	tool	482	148987
37866	tool	12388	148989
37867	tool	4515	148996
37868	tool	59	148999
37869	tool	77	149000
37870	tool	406	149001
37871	tool	3436	149006
37872	tool	5149	149012
37873	tool	482	149019
37874	tool	5069	149021
37875	tool	16	149024
37876	tool	504	149025
37877	tool	313	149027
37878	tool	9212	149029
37879	tool	25	149034
37880	tool	2429	149035
37881	tool	64	149038
37882	tool	504	149039
37883	tool	359	149041
37884	tool	65	149043
37885	tool	642	149044
37886	tool	17574	149046
37887	tool	59	149050
37888	tool	77	149051
37889	tool	1639	149052
37890	tool	406	149054
37891	tool	3436	149059
37892	tool	38922	149065
37893	tool	17656	149072
37894	tool	482	149078
37895	tool	3689	149080
37896	tool	4515	149084
37897	tool	59	149087
37898	tool	77	149088
37899	tool	406	149089
37900	tool	713	149094
37901	tool	1067	149100
37902	tool	283	149107
37903	tool	3436	149109
37904	tool	24210	149115
37905	tool	482	149121
37906	tool	12388	149123
37907	tool	4515	149130
37908	tool	59	149133
37909	tool	77	149134
37910	tool	1639	149135
37911	tool	406	149137
37912	tool	1660	149142
37913	tool	4309	149149
37914	tool	4538	149156
37915	tool	3330	149159
37916	tool	553	149164
37917	tool	8630	149166
37918	tool	3589	149170
37919	tool	42913	149175
37920	tool	77	149178
37921	tool	406	149179
37922	tool	1660	149184
37923	tool	4309	149191
37924	tool	13537	149198
37925	tool	54551	149203
37926	tool	553	149208
37927	tool	84916	149210
37928	tool	7	149222
37929	tool	15	149223
37930	tool	42913	149224
37931	tool	77	149227
37932	tool	406	149228
37933	tool	1660	149233
37934	tool	30179	149240
37935	tool	652	149246
37936	tool	482	149250
37937	tool	5069	149252
37938	tool	16	149255
37939	tool	18343	149256
37940	tool	12842	149260
37941	tool	2231	149267
37942	tool	9212	149269
37943	tool	25	149274
37944	tool	2429	149275
37945	tool	64	149278
37946	tool	504	149279
37947	tool	359	149281
37948	tool	65	149283
37949	tool	504	149284
37950	tool	359	149286
37951	tool	66	149288
37952	tool	642	149289
37953	tool	17574	149291
37954	tool	59	149295
37955	tool	77	149296
37956	tool	262	149297
37957	tool	17574	149300
37958	tool	59	149304
37959	tool	77	149305
37960	tool	1639	149306
37961	tool	262	149308
37962	tool	424	149311
37963	tool	482	149314
37964	tool	5274	149316
37965	tool	10817	149322
37966	tool	11712	149329
37967	tool	948	149338
37968	tool	2107	149343
37969	tool	10744	149348
37970	tool	2222	149354
37971	tool	1287	149361
37972	tool	20648	149367
37973	tool	504	149379
37974	tool	1659	149381
37975	tool	574	149384
37976	tool	27238	149387
37977	tool	77	149390
37978	tool	406	149391
37979	tool	3436	149396
37980	tool	2440	149402
37981	tool	482	149409
37982	tool	5069	149411
37983	tool	16	149414
37984	tool	504	149415
37985	tool	313	149417
37986	tool	9212	149419
37987	tool	25	149424
37988	tool	2429	149425
37989	tool	64	149428
37990	tool	504	149429
37991	tool	359	149431
37992	tool	65	149433
37993	tool	642	149434
37994	tool	17574	149436
37995	tool	59	149440
37996	tool	77	149441
37997	tool	406	149442
37998	tool	3436	149447
37999	tool	2440	149453
38000	tool	17656	149460
38001	tool	482	149466
38002	tool	12388	149468
38003	tool	4515	149475
38004	tool	59	149478
38005	tool	77	149479
38006	tool	1639	149480
38007	tool	406	149482
38008	tool	3436	149487
38009	tool	38922	149493
38010	tool	17656	149500
38011	tool	482	149506
38012	tool	3689	149508
38013	tool	4515	149512
38014	tool	59	149515
38015	tool	77	149516
38016	tool	406	149517
38017	tool	3436	149522
38018	tool	5149	149528
38019	tool	482	149535
38020	tool	5069	149537
38021	tool	16	149540
38022	tool	504	149541
38023	tool	313	149543
38024	tool	9212	149545
38025	tool	25	149550
38026	tool	2429	149551
38027	tool	64	149554
38028	tool	504	149555
38029	tool	359	149557
38030	tool	65	149559
38031	tool	504	149560
38032	tool	359	149562
38033	tool	66	149564
38034	tool	642	149565
38035	tool	17574	149567
38036	tool	59	149571
38037	tool	77	149572
38038	tool	1639	149573
38039	tool	406	149575
38040	tool	3436	149580
38041	tool	38922	149586
38042	tool	17656	149593
38043	tool	482	149599
38044	tool	12388	149601
38045	tool	4515	149608
38046	tool	59	149611
38047	tool	77	149612
38048	tool	406	149613
38049	tool	3436	149618
38050	tool	5149	149624
38051	tool	482	149631
38052	tool	5069	149633
38053	tool	16	149636
38054	tool	504	149637
38055	tool	313	149639
38056	tool	9212	149641
38057	tool	25	149646
38058	tool	2429	149647
38059	tool	87	149650
38060	tool	504	149651
38061	tool	359	149653
38062	tool	88	149655
38063	tool	642	149656
38064	tool	17574	149658
38065	tool	59	149662
38066	tool	77	149663
38067	tool	1639	149664
38068	tool	406	149666
38069	tool	3436	149671
38070	tool	38922	149677
38071	tool	17656	149684
38072	tool	482	149690
38073	tool	3689	149692
38074	tool	4515	149696
38075	tool	59	149699
38076	tool	77	149700
38077	tool	406	149701
38078	tool	713	149706
38079	tool	1067	149712
38080	tool	283	149719
38081	tool	3436	149721
38082	tool	24210	149727
38083	tool	482	149733
38084	tool	12388	149735
38085	tool	4515	149742
38086	tool	59	149745
38087	tool	77	149746
38088	tool	1639	149747
38089	tool	406	149749
38090	tool	1660	149754
38091	tool	4309	149761
38092	tool	4538	149768
38093	tool	3330	149771
38094	tool	553	149776
38095	tool	8630	149778
38096	tool	3457	149782
38097	tool	42913	149788
38098	tool	77	149791
38099	tool	406	149792
38100	tool	1660	149797
38101	tool	4309	149804
38102	tool	13537	149811
38103	tool	54551	149816
38104	tool	553	149821
38105	tool	84916	149823
38106	tool	7	149835
38107	tool	16	149836
38108	tool	42913	149837
38109	tool	77	149840
38110	tool	262	149841
38111	tool	17574	149844
38112	tool	59	149848
38113	tool	77	149849
38114	tool	220	149850
38115	tool	17574	149851
38116	tool	59	149855
38117	tool	77	149856
38118	tool	13685	149857
38119	tool	59	149860
38120	tool	77	149861
38121	tool	2129	149862
38122	tool	1152	149865
38123	tool	2551	149869
38124	tool	56550	149874
38125	tool	41490	149878
38126	tool	60363	149887
38127	tool	44842	149893
38128	tool	32149	149902
38129	tool	5772	149908
38130	tool	20633	149913
38131	tool	29958	149916
38132	tool	198	149919
38133	tool	510	149920
38134	tool	13766	149922
38135	tool	13042	149926
38136	tool	29	149931
38137	prompt	248046	149932
38138	prompt	198	149932
38139	prompt	248045	149933
38140	prompt	846	149933
38141	prompt	198	149937
38142	prompt	27	149938
38143	prompt	13766	149939
38144	prompt	9367	149943
38145	prompt	29	149952
38146	prompt	198	149953
38147	prompt	1643	149954
38148	prompt	3354	149958
38149	prompt	7544	149966
38150	prompt	506	149979
38151	prompt	25	149982
38152	prompt	593	149983
38153	prompt	41490	149985
38154	prompt	60363	149994
38155	prompt	44842	150000
38156	prompt	32149	150009
38157	prompt	5772	150015
38158	prompt	20633	150020
38159	prompt	318	150023
38160	prompt	1152	150025
38161	prompt	1528	150029
38162	prompt	369	150035
38163	prompt	1428	150038
38164	prompt	303	150046
38165	prompt	678	150049
38166	prompt	2193	150054
38167	prompt	1892	150062
38168	prompt	874	150066
38169	prompt	1144	150069
38170	prompt	310	150074
38171	prompt	4310	150077
38172	prompt	424	150082
38173	prompt	1142	150085
38174	prompt	8	150090
38175	prompt	198	150091
38176	prompt	510	150092
38177	prompt	13766	150094
38178	prompt	9367	150098
38179	prompt	29	150107
38180	prompt	248046	150108
38181	prompt	198	150108
38182	prompt	248045	150109
38183	prompt	74455	150109
38184	prompt	198	150118
38185	think	248068	150119
38186	think	271	150126
38187	think	248069	150128
38188	out	271	150136
38189	out	6820	150138
38190	out	1042	150141
38191	out	728	150145
38192	out	1870	150148
38193	out	321	150154
38194	out	1542	150158
38195	out	279	150162
38196	out	6813	150166
38197	out	25	150172
38198	out	271	150173
38199	tool	27	150175
38200	tool	13766	150176
38201	tool	13042	150180
38202	tool	29	150185
38203	tool	198	150186
38204	tool	4754	150187
38205	tool	591	150189
38206	tool	763	150193
38207	tool	328	150195
38208	tool	6065	150197
38209	tool	4149	150201
38210	tool	487	150207
38211	tool	328	150209
38212	tool	15889	150211
38213	tool	763	150220
38214	tool	5046	150222
38215	tool	2738	150225
38216	tool	3147	150231
38217	tool	33586	150234
38218	tool	2129	150243
38219	tool	77903	150246
38220	tool	3147	150252
38221	tool	21	150255
38222	tool	29958	150256
38223	tool	198	150259
38224	tool	510	150260
38225	tool	13766	150262
38226	tool	13042	150266
38227	tool	29	150271
38228	out	198	150272
38229	tool	27	150273
38230	tool	13766	150274
38231	tool	13042	150278
38232	tool	29	150283
38233	tool	198	150284
38234	tool	4754	150285
38235	tool	591	150287
38236	tool	763	150291
38237	tool	328	150293
38238	tool	6065	150295
38239	tool	4149	150299
38240	tool	487	150305
38241	tool	328	150307
38242	tool	15889	150309
38243	tool	763	150318
38244	tool	5046	150320
38245	tool	2738	150323
38246	tool	3147	150329
38247	tool	258	150332
38248	tool	26324	150334
38249	tool	2129	150343
38250	tool	77903	150346
38251	tool	3147	150352
38252	tool	22	150355
38253	tool	29958	150356
38254	tool	198	150359
38255	tool	510	150360
38256	tool	13766	150362
38257	tool	13042	150366
38258	tool	29	150371
38259	prompt	248046	150372
38260	prompt	198	150372
38261	prompt	248045	150373
38262	prompt	846	150373
38263	prompt	198	150377
38264	prompt	27	150378
38265	prompt	13766	150379
38266	prompt	9367	150383
38267	prompt	29	150392
38268	prompt	198	150393
38269	prompt	15719	150394
38270	prompt	3274	150401
38271	prompt	653	150406
38272	prompt	21	150408
38273	prompt	2552	150409
38274	prompt	198	150416
38275	prompt	510	150417
38276	prompt	13766	150419
38277	prompt	9367	150423
38278	prompt	29	150432
38279	prompt	198	150433
38280	prompt	27	150434
38281	prompt	13766	150435
38282	prompt	9367	150439
38283	prompt	29	150448
38284	prompt	198	150449
38285	prompt	15719	150450
38286	prompt	3274	150457
38287	prompt	653	150462
38288	prompt	22	150464
38289	prompt	2552	150465
38290	prompt	198	150472
38291	prompt	510	150473
38292	prompt	13766	150475
38293	prompt	9367	150479
38294	prompt	29	150488
38295	prompt	248046	150489
38296	prompt	198	150489
38297	prompt	248045	150490
38298	prompt	74455	150490
38299	prompt	198	150499
38300	think	248068	150500
38301	think	271	150507
38302	think	248069	150509
38303	out	271	150517
38304	tool	27	150519
38305	tool	13766	150520
38306	tool	13042	150524
38307	tool	29	150529
38308	tool	198	150530
38309	tool	4754	150531
38310	tool	591	150533
38311	tool	763	150537
38312	tool	328	150539
38313	tool	33	150541
38314	tool	956	150542
38315	tool	487	150545
38316	tool	328	150547
38317	tool	15889	150549
38318	tool	763	150558
38319	tool	5046	150560
38320	tool	5454	150563
38321	tool	3147	150570
38322	tool	77	150573
38323	tool	1705	150574
38324	tool	259	150576
38325	tool	2311	150578
38326	tool	1137	150580
38327	tool	2083	150583
38328	tool	36	150585
38329	tool	1701	150586
38330	tool	220	150589
38331	tool	17	150590
38332	tool	5608	150591
38333	tool	16	150593
38334	tool	2129	150594
38335	tool	4532	150597
38336	tool	3147	150608
38337	tool	900	150611
38338	tool	15464	150615
38339	tool	279	150621
38340	tool	2313	150625
38341	tool	29958	150633
38342	tool	198	150636
38343	tool	510	150637
38344	tool	13766	150639
38345	tool	13042	150643
38346	tool	29	150648
38347	prompt	248046	150649
38348	prompt	198	150649
38349	prompt	248045	150650
38350	prompt	846	150650
38351	prompt	198	150654
38352	prompt	27	150655
38353	prompt	13766	150656
38354	prompt	9367	150660
38355	prompt	29	150669
38356	prompt	198	150670
38357	prompt	14893	150671
38358	prompt	1970	150675
38359	prompt	220	150680
38360	prompt	17	150681
38361	prompt	198	150682
38362	prompt	3431	150683
38363	prompt	8750	150686
38364	prompt	20633	150692
38365	prompt	7	150695
38366	prompt	16	150696
38367	prompt	11	150697
38368	prompt	18	150698
38369	prompt	20	150699
38370	prompt	1590	150700
38371	prompt	1412	150702
38372	prompt	22250	150708
38373	prompt	17	150711
38374	prompt	23	150712
38375	prompt	18	150713
38376	prompt	20	150714
38377	prompt	25	150715
38378	prompt	38097	150716
38379	prompt	1120	150725
38380	prompt	12351	150732
38381	prompt	1144	150738
38382	prompt	11135	150743
38383	prompt	999	150752
38384	prompt	19119	150757
38385	prompt	303	150768
38386	prompt	76856	150771
38387	prompt	1846	150775
38388	prompt	1186	150777
38389	prompt	14760	150782
38390	prompt	948	150790
38391	prompt	16794	150795
38392	prompt	4211	150799
38393	prompt	36846	150805
38394	prompt	6	150815
38395	prompt	369	150816
38396	prompt	359	150819
38397	prompt	3394	150821
38398	prompt	16	150825
38399	prompt	21	150826
38400	prompt	6	150827
38401	prompt	466	150828
38402	prompt	359	150831
38403	prompt	33421	150833
38404	prompt	268	150836
38405	prompt	419	150838
38406	prompt	4282	150841
38407	prompt	14149	150843
38408	prompt	488	150847
38409	prompt	2977	150851
38410	prompt	2668	150856
38411	prompt	4173	150860
38412	prompt	2764	150865
38413	prompt	67619	150868
38414	prompt	198	150870
38415	prompt	3431	150871
38416	prompt	8750	150874
38417	prompt	20633	150880
38418	prompt	7	150883
38419	prompt	17	150884
38420	prompt	11	150885
38421	prompt	16	150886
38422	prompt	20	150887
38423	prompt	1590	150888
38424	prompt	1412	150890
38425	prompt	22250	150896
38426	prompt	17	150899
38427	prompt	18	150900
38428	prompt	24	150901
38429	prompt	20	150902
38430	prompt	25	150903
38431	prompt	28380	150904
38432	prompt	15232	150915
38433	prompt	303	150928
38434	prompt	25170	150931
38435	prompt	17466	150938
38436	prompt	359	150950
38437	prompt	7288	150952
38438	prompt	5903	150960
38439	prompt	6	150965
38440	prompt	1902	150966
38441	prompt	381	150971
38442	prompt	660	150974
38443	prompt	33733	150978
38444	prompt	466	150987
38445	prompt	660	150990
38446	prompt	2136	150994
38447	prompt	13	151000
38448	prompt	198	151001
38449	prompt	3431	151002
38450	prompt	8750	151005
38451	prompt	20633	151011
38452	prompt	7	151014
38453	prompt	17	151015
38454	prompt	11	151016
38455	prompt	21	151017
38456	prompt	23	151018
38457	prompt	1590	151019
38458	prompt	1412	151021
38459	prompt	22250	151027
38460	prompt	17	151030
38461	prompt	23	151031
38462	prompt	18	151032
38463	prompt	20	151033
38464	prompt	25	151034
38465	prompt	38097	151035
38466	prompt	1120	151044
38467	prompt	12351	151051
38468	prompt	1144	151057
38469	prompt	11135	151062
38470	prompt	999	151071
38471	prompt	19119	151076
38472	prompt	303	151087
38473	prompt	76856	151090
38474	prompt	1846	151094
38475	prompt	1186	151096
38476	prompt	14760	151101
38477	prompt	948	151109
38478	prompt	16794	151114
38479	prompt	4211	151118
38480	prompt	36846	151124
38481	prompt	6	151134
38482	prompt	369	151135
38483	prompt	359	151138
38484	prompt	3394	151140
38485	prompt	16	151144
38486	prompt	21	151145
38487	prompt	6	151146
38488	prompt	466	151147
38489	prompt	359	151150
38490	prompt	33421	151152
38491	prompt	268	151155
38492	prompt	419	151157
38493	prompt	4282	151160
38494	prompt	14149	151162
38495	prompt	488	151166
38496	prompt	2977	151170
38497	prompt	2668	151175
38498	prompt	8969	151179
38499	prompt	2764	151184
38500	prompt	67619	151187
38501	prompt	198	151189
38502	prompt	3431	151190
38503	prompt	8750	151193
38504	prompt	20633	151199
38505	prompt	7	151202
38506	prompt	20	151203
38507	prompt	11	151204
38508	prompt	16	151205
38509	prompt	19	151206
38510	prompt	1590	151207
38511	prompt	1412	151209
38512	prompt	22250	151215
38513	prompt	17	151218
38514	prompt	18	151219
38515	prompt	17	151220
38516	prompt	18	151221
38517	prompt	25	151222
38518	prompt	33508	151223
38519	prompt	311	151230
38520	prompt	17920	151233
38521	prompt	33733	151240
38522	prompt	3759	151249
38523	prompt	359	151258
38524	prompt	7288	151260
38525	prompt	5903	151268
38526	prompt	4282	151273
38527	prompt	198	151275
38528	prompt	3431	151276
38529	prompt	8750	151279
38530	prompt	20633	151285
38531	prompt	7	151288
38532	prompt	20	151289
38533	prompt	11	151290
38534	prompt	16	151291
38535	prompt	19	151292
38536	prompt	1590	151293
38537	prompt	1412	151295
38538	prompt	22250	151301
38539	prompt	17	151304
38540	prompt	18	151305
38541	prompt	24	151306
38542	prompt	20	151307
38543	prompt	25	151308
38544	prompt	28380	151309
38545	prompt	15232	151320
38546	prompt	303	151333
38547	prompt	25170	151336
38548	prompt	17466	151343
38549	prompt	359	151355
38550	prompt	7288	151357
38551	prompt	5903	151365
38552	prompt	6	151370
38553	prompt	1902	151371
38554	prompt	381	151376
38555	prompt	660	151379
38556	prompt	33733	151383
38557	prompt	466	151392
38558	prompt	660	151395
38559	prompt	2136	151399
38560	prompt	13	151405
38561	prompt	198	151406
38562	prompt	3431	151407
38563	prompt	8750	151410
38564	prompt	20633	151416
38565	prompt	7	151419
38566	prompt	22	151420
38567	prompt	11	151421
38568	prompt	19	151422
38569	prompt	22	151423
38570	prompt	1590	151424
38571	prompt	1412	151426
38572	prompt	22250	151432
38573	prompt	17	151435
38574	prompt	18	151436
38575	prompt	17	151437
38576	prompt	18	151438
38577	prompt	25	151439
38578	prompt	33508	151440
38579	prompt	311	151447
38580	prompt	17920	151450
38581	prompt	33733	151457
38582	prompt	3759	151466
38583	prompt	359	151475
38584	prompt	7288	151477
38585	prompt	5903	151485
38586	prompt	4282	151490
38587	prompt	198	151492
38588	prompt	3431	151493
38589	prompt	8750	151496
38590	prompt	20633	151502
38591	prompt	7	151505
38592	prompt	22	151506
38593	prompt	11	151507
38594	prompt	21	151508
38595	prompt	23	151509
38596	prompt	1590	151510
38597	prompt	1412	151512
38598	prompt	22250	151518
38599	prompt	17	151521
38600	prompt	23	151522
38601	prompt	18	151523
38602	prompt	20	151524
38603	prompt	25	151525
38604	prompt	38097	151526
38605	prompt	1120	151535
38606	prompt	12351	151542
38607	prompt	1144	151548
38608	prompt	11135	151553
38609	prompt	999	151562
38610	prompt	19119	151567
38611	prompt	303	151578
38612	prompt	76856	151581
38613	prompt	1846	151585
38614	prompt	1186	151587
38615	prompt	14760	151592
38616	prompt	948	151600
38617	prompt	16794	151605
38618	prompt	4211	151609
38619	prompt	36846	151615
38620	prompt	6	151625
38621	prompt	369	151626
38622	prompt	359	151629
38623	prompt	3394	151631
38624	prompt	16	151635
38625	prompt	21	151636
38626	prompt	6	151637
38627	prompt	466	151638
38628	prompt	359	151641
38629	prompt	33421	151643
38630	prompt	268	151646
38631	prompt	419	151648
38632	prompt	4282	151651
38633	prompt	14149	151653
38634	prompt	488	151657
38635	prompt	2977	151661
38636	prompt	2668	151666
38637	prompt	8969	151670
38638	prompt	2764	151675
38639	prompt	67619	151678
38640	prompt	198	151680
38641	prompt	3431	151681
38642	prompt	30289	151684
38643	prompt	20633	151690
38644	prompt	7	151693
38645	prompt	16	151694
38646	prompt	11	151695
38647	prompt	20	151696
38648	prompt	18	151697
38649	prompt	1590	151698
38650	prompt	1412	151700
38651	prompt	22250	151706
38652	prompt	17	151709
38653	prompt	23	151710
38654	prompt	18	151711
38655	prompt	20	151712
38656	prompt	25	151713
38657	prompt	38097	151714
38658	prompt	1120	151723
38659	prompt	12351	151730
38660	prompt	1144	151736
38661	prompt	11135	151741
38662	prompt	999	151750
38663	prompt	19119	151755
38664	prompt	303	151766
38665	prompt	76856	151769
38666	prompt	1846	151773
38667	prompt	1186	151775
38668	prompt	14760	151780
38669	prompt	948	151788
38670	prompt	16794	151793
38671	prompt	4211	151797
38672	prompt	36846	151803
38673	prompt	6	151813
38674	prompt	369	151814
38675	prompt	359	151817
38676	prompt	3394	151819
38677	prompt	16	151823
38678	prompt	21	151824
38679	prompt	6	151825
38680	prompt	466	151826
38681	prompt	359	151829
38682	prompt	33421	151831
38683	prompt	268	151834
38684	prompt	419	151836
38685	prompt	4282	151839
38686	prompt	14149	151841
38687	prompt	488	151845
38688	prompt	2977	151849
38689	prompt	2668	151854
38690	prompt	8969	151858
38691	prompt	2764	151863
38692	prompt	67619	151866
38693	prompt	198	151868
38694	prompt	3431	151869
38695	prompt	30289	151872
38696	prompt	20633	151878
38697	prompt	7	151881
38698	prompt	17	151882
38699	prompt	24	151883
38700	prompt	21	151884
38701	prompt	11	151885
38702	prompt	17	151886
38703	prompt	18	151887
38704	prompt	1590	151888
38705	prompt	1412	151890
38706	prompt	22250	151896
38707	prompt	17	151899
38708	prompt	18	151900
38709	prompt	18	151901
38710	prompt	24	151902
38711	prompt	25	151903
38712	prompt	8391	151904
38713	prompt	359	151913
38714	prompt	5069	151915
38715	prompt	15121	151918
38716	prompt	54551	151922
38717	prompt	6	151927
38718	prompt	1503	151928
38719	prompt	524	151933
38720	prompt	2905	151937
38721	prompt	383	151943
38722	prompt	913	151946
38723	prompt	11240	151951
38724	prompt	25170	151954
38725	prompt	25	151961
38726	prompt	1576	151962
38727	prompt	26	151969
38728	prompt	24979	151970
38729	prompt	25	151980
38730	prompt	56606	151981
38731	prompt	1249	151990
38732	prompt	26	151992
38733	prompt	333	151993
38734	prompt	4282	151995
38735	prompt	198	151997
38736	prompt	510	151998
38737	prompt	13766	152000
38738	prompt	9367	152004
38739	prompt	29	152013
38740	prompt	248046	152014
38741	prompt	198	152014
38742	prompt	248045	152015
38743	prompt	74455	152015
38744	prompt	198	152024
38745	think	248068	152025
38746	think	271	152032
38747	think	248069	152034
38748	out	271	152042
38749	out	40	152044
38750	out	1144	152045
38751	out	310	152050
38752	out	4884	152053
38753	out	279	152057
38754	out	1120	152061
38755	out	12351	152068
38756	out	321	152074
38757	out	279	152078
38758	out	3759	152082
38759	out	33791	152091
38760	out	4125	152098
38761	out	13	152104
38762	out	6558	152105
38763	out	728	152109
38764	out	4884	152112
38765	out	1439	152116
38766	out	25	152122
38767	out	271	152123
38768	tool	27	152125
38769	tool	13766	152126
38770	tool	13042	152130
38771	tool	29	152135
38772	tool	198	152136
38773	tool	4754	152137
38774	tool	591	152139
38775	tool	763	152143
38776	tool	328	152145
38777	tool	4274	152147
38778	tool	487	152151
38779	tool	328	152153
38780	tool	15889	152155
38781	tool	763	152164
38782	tool	5046	152166
38783	tool	1152	152169
38784	tool	2551	152173
38785	tool	56550	152178
38786	tool	41490	152182
38787	tool	13050	152191
38788	tool	8750	152195
38789	tool	20633	152201
38790	tool	29958	152204
38791	tool	198	152207
38792	tool	510	152208
38793	tool	13766	152210
38794	tool	13042	152214
38795	tool	29	152219
38796	prompt	248046	152220
38797	prompt	198	152220
38798	prompt	248045	152221
38799	prompt	846	152221
38800	prompt	198	152225
38801	prompt	27	152226
38802	prompt	13766	152227
38803	prompt	9367	152231
38804	prompt	29	152240
38805	prompt	198	152241
38806	prompt	16	152242
38807	prompt	21242	152243
38808	prompt	313	152250
38809	prompt	11451	152252
38810	prompt	5903	152261
38811	prompt	9385	152266
38812	prompt	333	152270
38813	prompt	494	152272
38814	prompt	2668	152277
38815	prompt	4173	152281
38816	prompt	6750	152286
38817	prompt	198	152288
38818	prompt	17	152289
38819	prompt	21242	152290
38820	prompt	913	152297
38821	prompt	313	152302
38822	prompt	11451	152304
38823	prompt	5903	152313
38824	prompt	11	152318
38825	prompt	5889	152319
38826	prompt	11	152327
38827	prompt	38754	152328
38828	prompt	2009	152334
38829	prompt	11	152340
38830	prompt	56606	152341
38831	prompt	333	152350
38832	prompt	494	152352
38833	prompt	2668	152357
38834	prompt	8969	152361
38835	prompt	6750	152366
38836	prompt	198	152368
38837	prompt	18	152369
38838	prompt	1517	152370
38839	prompt	19	152372
38840	prompt	197	152373
38841	prompt	320	152374
38842	prompt	997	152376
38843	prompt	63606	152379
38844	prompt	279	152386
38845	prompt	7873	152390
38846	prompt	430	152405
38847	prompt	279	152408
38848	prompt	569	152412
38849	prompt	11451	152419
38850	prompt	5903	152428
38851	prompt	198	152433
38852	prompt	20	152434
38853	prompt	57434	152435
38854	prompt	713	152442
38855	prompt	11451	152448
38856	prompt	5903	152457
38857	prompt	283	152462
38858	prompt	11451	152464
38859	prompt	5903	152473
38860	prompt	9385	152478
38861	prompt	430	152482
38862	prompt	9496	152485
38863	prompt	430	152493
38864	prompt	491	152496
38865	prompt	1659	152500
38866	prompt	574	152503
38867	prompt	11451	152506
38868	prompt	5903	152515
38869	prompt	26	152520
38870	prompt	198	152521
38871	prompt	21	152522
38872	prompt	1517	152523
38873	prompt	22	152525
38874	prompt	57434	152526
38875	prompt	913	152533
38876	prompt	313	152538
38877	prompt	5889	152540
38878	prompt	11	152548
38879	prompt	38754	152549
38880	prompt	2009	152555
38881	prompt	11	152561
38882	prompt	56606	152562
38883	prompt	11	152571
38884	prompt	11451	152572
38885	prompt	5903	152581
38886	prompt	333	152586
38887	prompt	494	152588
38888	prompt	2668	152593
38889	prompt	8969	152597
38890	prompt	6750	152602
38891	prompt	198	152604
38892	prompt	23	152605
38893	prompt	198	152606
38894	prompt	510	152607
38895	prompt	13766	152609
38896	prompt	9367	152613
38897	prompt	29	152622
38898	prompt	248046	152623
38899	prompt	198	152623
38900	prompt	248045	152624
38901	prompt	74455	152624
38902	prompt	198	152633
38903	think	248068	152634
38904	think	271	152641
38905	think	248069	152643
38906	out	271	152651
38907	tool	27	152653
38908	tool	13766	152654
38909	tool	13042	152658
38910	tool	29	152663
38911	tool	198	152664
38912	tool	4754	152665
38913	tool	591	152667
38914	tool	763	152671
38915	tool	328	152673
38916	tool	7734	152675
38917	tool	487	152680
38918	tool	328	152682
38919	tool	15889	152684
38920	tool	763	152693
38921	tool	5046	152695
38922	tool	1733	152698
38923	tool	3147	152705
38924	tool	464	152708
38925	tool	313	152714
38926	tool	11451	152716
38927	tool	5903	152725
38928	tool	9385	152730
38929	tool	333	152734
38930	tool	494	152736
38931	tool	2668	152741
38932	tool	4173	152745
38933	tool	2764	152750
38934	tool	6750	152753
38935	tool	59	152755
38936	tool	77	152756
38937	tool	464	152757
38938	tool	913	152763
38939	tool	313	152768
38940	tool	11451	152770
38941	tool	5903	152779
38942	tool	430	152784
38943	tool	11451	152787
38944	tool	5903	152796
38945	tool	4889	152801
38946	tool	11	152810
38947	tool	5889	152811
38948	tool	11	152819
38949	tool	38754	152820
38950	tool	2009	152826
38951	tool	11	152832
38952	tool	56606	152833
38953	tool	333	152842
38954	tool	494	152844
38955	tool	2668	152849
38956	tool	8969	152853
38957	tool	2764	152858
38958	tool	6750	152861
38959	tool	59	152863
38960	tool	77	152864
38961	tool	1639	152865
38962	tool	320	152867
38963	tool	997	152869
38964	tool	63606	152872
38965	tool	279	152879
38966	tool	7873	152883
38967	tool	430	152898
38968	tool	279	152901
38969	tool	569	152905
38970	tool	11451	152912
38971	tool	5903	152921
38972	tool	1639	152926
38973	tool	1479	152928
38974	tool	713	152934
38975	tool	11451	152940
38976	tool	5903	152949
38977	tool	283	152954
38978	tool	11451	152956
38979	tool	5903	152965
38980	tool	9385	152970
38981	tool	430	152974
38982	tool	9496	152977
38983	tool	430	152985
38984	tool	491	152988
38985	tool	1659	152992
38986	tool	574	152995
38987	tool	11451	152998
38988	tool	5903	153007
38989	tool	4889	153012
38990	tool	17347	153021
38991	tool	77	153023
38992	tool	1639	153024
38993	tool	1479	153026
38994	tool	913	153032
38995	tool	313	153037
38996	tool	5889	153039
38997	tool	11	153047
38998	tool	38754	153048
38999	tool	2009	153054
39000	tool	11	153060
39001	tool	56606	153061
39002	tool	11	153070
39003	tool	11451	153071
39004	tool	5903	153080
39005	tool	333	153085
39006	tool	494	153087
39007	tool	2668	153092
39008	tool	8969	153096
39009	tool	2764	153101
39010	tool	6750	153104
39011	tool	59	153106
39012	tool	77	153107
39013	tool	2129	153108
39014	tool	1152	153111
39015	tool	2551	153115
39016	tool	56550	153120
39017	tool	41490	153124
39018	tool	13050	153133
39019	tool	8750	153137
39020	tool	20633	153143
39021	tool	29958	153146
39022	tool	198	153149
39023	tool	510	153150
39024	tool	13766	153152
39025	tool	13042	153156
39026	tool	29	153161
39027	prompt	248046	153162
39028	prompt	198	153162
39029	prompt	248045	153163
39030	prompt	846	153163
39031	prompt	198	153167
39032	prompt	27	153168
39033	prompt	13766	153169
39034	prompt	9367	153173
39035	prompt	29	153182
39036	prompt	198	153183
39037	prompt	760	153184
39038	prompt	999	153187
39039	prompt	593	153192
39040	prompt	41490	153194
39041	prompt	13050	153203
39042	prompt	8750	153207
39043	prompt	20633	153213
39044	prompt	682	153216
39045	prompt	978	153220
39046	prompt	5860	153225
39047	prompt	7544	153233
39048	prompt	13	153246
39049	prompt	318	153247
39050	prompt	1152	153249
39051	prompt	1528	153253
39052	prompt	369	153259
39053	prompt	1428	153262
39054	prompt	303	153270
39055	prompt	678	153273
39056	prompt	2193	153278
39057	prompt	1892	153286
39058	prompt	874	153290
39059	prompt	1144	153293
39060	prompt	310	153298
39061	prompt	4310	153301
39062	prompt	424	153306
39063	prompt	1142	153309
39064	prompt	8	153314
39065	prompt	198	153315
39066	prompt	510	153316
39067	prompt	13766	153318
39068	prompt	9367	153322
39069	prompt	29	153331
39070	prompt	248046	153332
39071	prompt	198	153332
39072	prompt	248045	153333
39073	prompt	74455	153333
39074	prompt	198	153342
39075	think	248068	153343
39076	think	271	153350
39077	think	248069	153352
39078	out	271	153360
39079	tool	27	153362
39080	tool	13766	153363
39081	tool	13042	153367
39082	tool	29	153372
39083	tool	198	153373
39084	tool	4754	153374
39085	tool	591	153376
39086	tool	763	153380
39087	tool	328	153382
39088	tool	3900	153384
39089	tool	487	153388
39090	tool	328	153390
39091	tool	15889	153392
39092	tool	763	153401
39093	tool	5046	153403
39094	tool	1152	153406
39095	tool	2551	153410
39096	tool	56550	153415
39097	tool	41490	153419
39098	tool	13050	153428
39099	tool	30289	153432
39100	tool	20633	153438
39101	tool	2129	153441
39102	tool	902	153444
39103	tool	3773	153447
39104	tool	3147	153454
39105	tool	464	153457
39106	tool	913	153463
39107	tool	313	153468
39108	tool	5889	153470
39109	tool	11	153478
39110	tool	56606	153479
39111	tool	11	153488
39112	tool	38754	153489
39113	tool	2009	153495
39114	tool	333	153501
39115	tool	494	153503
39116	tool	2668	153508
39117	tool	8969	153512
39118	tool	2764	153517
39119	tool	6750	153520
39120	tool	2129	153522
39121	tool	787	153525
39122	tool	3773	153528
39123	tool	3147	153535
39124	tool	464	153538
39125	tool	913	153544
39126	tool	313	153549
39127	tool	5889	153551
39128	tool	11	153559
39129	tool	56606	153560
39130	tool	11	153569
39131	tool	38754	153570
39132	tool	2009	153576
39133	tool	333	153582
39134	tool	494	153584
39135	tool	2668	153589
39136	tool	8969	153593
39137	tool	6750	153598
39138	tool	2129	153600
39139	tool	7899	153603
39140	tool	5527	153610
39141	tool	763	153614
39142	tool	3721	153616
39143	tool	3307	153621
39144	tool	198	153623
39145	tool	510	153624
39146	tool	13766	153626
39147	tool	13042	153630
39148	tool	29	153635
39149	prompt	248046	153636
39150	prompt	198	153636
39151	prompt	248045	153637
39152	prompt	846	153637
39153	prompt	198	153641
39154	prompt	27	153642
39155	prompt	13766	153643
39156	prompt	9367	153647
39157	prompt	29	153656
39158	prompt	198	153657
39159	prompt	760	153658
39160	prompt	999	153661
39161	prompt	593	153666
39162	prompt	41490	153668
39163	prompt	13050	153677
39164	prompt	30289	153681
39165	prompt	20633	153687
39166	prompt	682	153690
39167	prompt	978	153694
39168	prompt	5860	153699
39169	prompt	7544	153707
39170	prompt	13	153720
39171	prompt	318	153721
39172	prompt	1152	153723
39173	prompt	1528	153727
39174	prompt	369	153733
39175	prompt	1428	153736
39176	prompt	303	153744
39177	prompt	678	153747
39178	prompt	2193	153752
39179	prompt	1892	153760
39180	prompt	874	153764
39181	prompt	1144	153767
39182	prompt	310	153772
39183	prompt	4310	153775
39184	prompt	424	153780
39185	prompt	1142	153783
39186	prompt	8	153788
39187	prompt	198	153789
39188	prompt	510	153790
39189	prompt	13766	153792
39190	prompt	9367	153796
39191	prompt	29	153805
39192	prompt	248046	153806
39193	prompt	198	153806
39194	prompt	248045	153807
39195	prompt	74455	153807
39196	prompt	198	153816
39197	think	248068	153817
39198	think	271	153824
39199	think	248069	153826
39200	out	271	153834
39201	out	6820	153836
39202	out	4884	153839
39203	out	279	153843
39204	out	1510	153847
39205	out	5069	153849
39206	out	15121	153852
39207	out	54551	153856
39208	out	63	153861
39209	out	3759	153862
39210	out	803	153871
39211	out	4125	153876
39212	out	303	153882
39213	out	279	153885
39214	out	10562	153889
39215	out	1654	153895
39216	out	25	153902
39217	out	271	153903
39218	tool	27	153905
39219	tool	13766	153906
39220	tool	13042	153910
39221	tool	29	153915
39222	tool	198	153916
39223	tool	4754	153917
39224	tool	591	153919
39225	tool	763	153923
39226	tool	328	153925
39227	tool	4274	153927
39228	tool	487	153931
39229	tool	328	153933
39230	tool	15889	153935
39231	tool	763	153944
39232	tool	5046	153946
39233	tool	1152	153949
39234	tool	2551	153953
39235	tool	56550	153958
39236	tool	41490	153962
39237	tool	13050	153971
39238	tool	30289	153975
39239	tool	20633	153981
39240	tool	2129	153984
39241	tool	9226	153987
39242	tool	763	153992
39243	tool	18	153994
39244	tool	15	153995
39245	tool	1288	153996
39246	tool	3075	153998
39247	tool	763	154004
39248	tool	17	154006
39249	tool	23	154007
39250	tool	15	154008
39251	tool	3307	154009
39252	tool	198	154011
39253	tool	510	154012
39254	tool	13766	154014
39255	tool	13042	154018
39256	tool	29	154023
39257	prompt	248046	154024
39258	prompt	198	154024
39259	prompt	248045	154025
39260	prompt	846	154025
39261	prompt	198	154029
39262	prompt	27	154030
39263	prompt	13766	154031
39264	prompt	9367	154035
39265	prompt	29	154044
39266	prompt	198	154045
39267	prompt	17	154046
39268	prompt	23	154047
39269	prompt	15	154048
39270	prompt	7237	154049
39271	prompt	2962	154057
39272	prompt	26	154066
39273	prompt	198	154067
39274	prompt	17	154068
39275	prompt	23	154069
39276	prompt	16	154070
39277	prompt	8830	154071
39278	prompt	333	154077
39279	prompt	198	154079
39280	prompt	17	154080
39281	prompt	23	154081
39282	prompt	17	154082
39283	prompt	1517	154083
39284	prompt	17	154085
39285	prompt	23	154086
39286	prompt	18	154087
39287	prompt	8830	154088
39288	prompt	434	154094
39289	prompt	11206	154097
39290	prompt	25	154102
39291	prompt	1132	154103
39292	prompt	2450	154108
39293	prompt	5324	154115
39294	prompt	198	154123
39295	prompt	17	154124
39296	prompt	23	154125
39297	prompt	19	154126
39298	prompt	8830	154127
39299	prompt	413	154133
39300	prompt	1451	154136
39301	prompt	5480	154139
39302	prompt	5221	154145
39303	prompt	976	154152
39304	prompt	2450	154155
39305	prompt	5221	154162
39306	prompt	8	154169
39307	prompt	313	154170
39308	prompt	198	154172
39309	prompt	17	154173
39310	prompt	23	154174
39311	prompt	20	154175
39312	prompt	7237	154176
39313	prompt	413	154184
39314	prompt	318	154187
39315	prompt	2348	154189
39316	prompt	15118	154195
39317	prompt	8	154201
39318	prompt	313	154202
39319	prompt	198	154204
39320	prompt	17	154205
39321	prompt	23	154206
39322	prompt	21	154207
39323	prompt	30631	154208
39324	prompt	25170	154218
39325	prompt	60977	154225
39326	prompt	58	154229
39327	prompt	5069	154230
39328	prompt	739	154233
39329	prompt	60	154235
39330	prompt	283	154236
39331	prompt	5365	154238
39332	prompt	36429	154243
39333	prompt	12080	154248
39334	prompt	2674	154255
39335	prompt	0	154262
39336	prompt	1174	154263
39337	prompt	198	154265
39338	prompt	17	154266
39339	prompt	23	154267
39340	prompt	22	154268
39341	prompt	7237	154269
39342	prompt	333	154277
39343	prompt	198	154279
39344	prompt	17	154280
39345	prompt	23	154281
39346	prompt	23	154282
39347	prompt	7237	154283
39348	prompt	2962	154291
39349	prompt	26	154300
39350	prompt	198	154301
39351	prompt	17	154302
39352	prompt	23	154303
39353	prompt	24	154304
39354	prompt	8830	154305
39355	prompt	333	154311
39356	prompt	198	154313
39357	prompt	17	154314
39358	prompt	24	154315
39359	prompt	15	154316
39360	prompt	1517	154317
39361	prompt	17	154319
39362	prompt	24	154320
39363	prompt	16	154321
39364	prompt	8830	154322
39365	prompt	434	154328
39366	prompt	11206	154331
39367	prompt	25	154336
39368	prompt	2107	154337
39369	prompt	5324	154342
39370	prompt	471	154350
39371	prompt	1144	154352
39372	prompt	2250	154357
39373	prompt	25941	154363
39374	prompt	10562	154367
39375	prompt	506	154373
39376	prompt	2002	154376
39377	prompt	2119	154382
39378	prompt	198	154388
39379	prompt	17	154389
39380	prompt	24	154390
39381	prompt	17	154391
39382	prompt	8830	154392
39383	prompt	713	154398
39384	prompt	2255	154404
39385	prompt	2674	154409
39386	prompt	283	154416
39387	prompt	44208	154418
39388	prompt	2674	154427
39389	prompt	9136	154434
39390	prompt	50415	154437
39391	prompt	198	154441
39392	prompt	17	154442
39393	prompt	24	154443
39394	prompt	18	154444
39395	prompt	8830	154445
39396	prompt	713	154451
39397	prompt	11022	154457
39398	prompt	2674	154462
39399	prompt	283	154469
39400	prompt	2100	154471
39401	prompt	2674	154478
39402	prompt	9136	154485
39403	prompt	50415	154488
39404	prompt	198	154492
39405	prompt	17	154493
39406	prompt	24	154494
39407	prompt	19	154495
39408	prompt	8830	154496
39409	prompt	713	154502
39410	prompt	45625	154508
39411	prompt	2674	154515
39412	prompt	283	154522
39413	prompt	2450	154524
39414	prompt	2674	154531
39415	prompt	9136	154538
39416	prompt	50415	154541
39417	prompt	198	154545
39418	prompt	17	154546
39419	prompt	24	154547
39420	prompt	20	154548
39421	prompt	1517	154549
39422	prompt	17	154551
39423	prompt	24	154552
39424	prompt	21	154553
39425	prompt	8830	154554
39426	prompt	713	154560
39427	prompt	313	154566
39428	prompt	25170	154568
39429	prompt	11	154575
39430	prompt	4479	154576
39431	prompt	15121	154580
39432	prompt	54551	154584
39433	prompt	333	154589
39434	prompt	283	154591
39435	prompt	411	154593
39436	prompt	13284	154598
39437	prompt	740	154601
39438	prompt	33894	154604
39439	prompt	50346	154607
39440	prompt	11211	154612
39441	prompt	7	154619
39442	prompt	198	154620
39443	prompt	17	154621
39444	prompt	24	154622
39445	prompt	22	154623
39446	prompt	7237	154624
39447	prompt	4479	154632
39448	prompt	739	154636
39449	prompt	11	154638
39450	prompt	198	154639
39451	prompt	17	154640
39452	prompt	24	154641
39453	prompt	23	154642
39454	prompt	7237	154643
39455	prompt	2255	154651
39456	prompt	2674	154656
39457	prompt	11	154663
39458	prompt	198	154664
39459	prompt	17	154665
39460	prompt	24	154666
39461	prompt	24	154667
39462	prompt	7237	154668
39463	prompt	11022	154676
39464	prompt	2674	154681
39465	prompt	11	154688
39466	prompt	198	154689
39467	prompt	18	154690
39468	prompt	15	154691
39469	prompt	15	154692
39470	prompt	7237	154693
39471	prompt	45625	154701
39472	prompt	2674	154708
39473	prompt	198	154715
39474	prompt	18	154716
39475	prompt	15	154717
39476	prompt	16	154718
39477	prompt	8830	154719
39478	prompt	6688	154725
39479	prompt	198	154728
39480	prompt	18	154729
39481	prompt	15	154730
39482	prompt	17	154731
39483	prompt	1517	154732
39484	prompt	18	154734
39485	prompt	15	154735
39486	prompt	18	154736
39487	prompt	8830	154737
39488	prompt	24979	154743
39489	prompt	2470	154753
39490	prompt	18280	154758
39491	prompt	5069	154762
39492	prompt	15121	154765
39493	prompt	54551	154769
39494	prompt	1174	154774
39495	prompt	198	154776
39496	prompt	18	154777
39497	prompt	15	154778
39498	prompt	19	154779
39499	prompt	1517	154780
39500	prompt	18	154782
39501	prompt	15	154783
39502	prompt	20	154784
39503	prompt	8830	154785
39504	prompt	434	154791
39505	prompt	1690	154794
39506	prompt	279	154798
39507	prompt	25170	154802
39508	prompt	2468	154809
39509	prompt	11	154816
39510	prompt	8563	154817
39511	prompt	24979	154825
39512	prompt	303	154835
39513	prompt	4542	154838
39514	prompt	314	154844
39515	prompt	328	154847
39516	prompt	2391	154849
39517	prompt	1	154853
39518	prompt	198	154854
39519	prompt	18	154855
39520	prompt	15	154856
39521	prompt	21	154857
39522	prompt	8830	154858
39523	prompt	713	154864
39524	prompt	19072	154870
39525	prompt	44	154879
39526	prompt	49788	154880
39527	prompt	283	154885
39528	prompt	411	154887
39529	prompt	14267	154892
39530	prompt	15121	154900
39531	prompt	54551	154904
39532	prompt	623	154909
39533	prompt	37	154911
39534	prompt	3185	154912
39535	prompt	2056	154916
39536	prompt	46	154918
39537	prompt	1663	154919
39538	prompt	7	154922
39539	prompt	198	154923
39540	prompt	18	154924
39541	prompt	15	154925
39542	prompt	22	154926
39543	prompt	7237	154927
39544	prompt	25170	154935
39545	prompt	11	154942
39546	prompt	198	154943
39547	prompt	18	154944
39548	prompt	15	154945
39549	prompt	23	154946
39550	prompt	7237	154947
39551	prompt	11022	154955
39552	prompt	2674	154960
39553	prompt	11	154967
39554	prompt	198	154968
39555	prompt	18	154969
39556	prompt	15	154970
39557	prompt	24	154971
39558	prompt	7237	154972
39559	prompt	4479	154980
39560	prompt	15121	154984
39561	prompt	54551	154988
39562	prompt	198	154993
39563	prompt	510	154994
39564	prompt	13766	154996
39565	prompt	9367	155000
39566	prompt	29	155009
39567	prompt	248046	155010
39568	prompt	198	155010
39569	prompt	248045	155011
39570	prompt	8678	155011
39571	prompt	198	155017
39572	prompt	760	155018
39573	prompt	3274	155021
39574	prompt	7141	155026
39575	prompt	8719	155032
39576	prompt	914	155038
39577	prompt	978	155040
39578	prompt	1429	155045
39579	prompt	5742	155050
39580	prompt	13	155059
39581	prompt	1368	155060
39582	prompt	488	155063
39583	prompt	2224	155067
39584	prompt	3133	155070
39585	prompt	383	155078
39586	prompt	8806	155081
39587	prompt	421	155087
39588	prompt	1000	155092
39589	prompt	8495	155098
39590	prompt	494	155106
39591	prompt	14419	155111
39592	prompt	4936	155120
39593	prompt	11	155129
39594	prompt	2814	155130
39595	prompt	1608	155139
39596	prompt	5261	155145
39597	prompt	3886	155150
39598	prompt	310	155156
39599	prompt	884	155159
39600	prompt	491	155163
39601	prompt	8806	155167
39602	prompt	321	155173
39603	prompt	5261	155177
39604	prompt	4149	155182
39605	prompt	310	155188
39606	prompt	2560	155191
39607	prompt	3274	155198
39608	prompt	2552	155203
39609	prompt	318	155210
39610	prompt	723	155212
39611	prompt	310	155215
39612	prompt	303	155218
39613	prompt	26324	155221
39614	prompt	948	155230
39615	prompt	5732	155235
39616	prompt	11	155244
39617	prompt	7888	155245
39618	prompt	948	155255
39619	prompt	2725	155260
39620	prompt	553	155265
39621	prompt	7054	155267
39622	prompt	2814	155272
39623	prompt	15361	155281
39624	prompt	685	155290
39625	prompt	279	155293
39626	prompt	3274	155297
39627	prompt	1103	155302
39628	prompt	413	155307
39629	prompt	424	155310
39630	prompt	682	155313
39631	prompt	3512	155317
39632	prompt	48659	155324
39633	prompt	13	155330
39634	prompt	8020	155331
39635	prompt	958	155336
39636	prompt	1439	155340
39637	prompt	413	155346
39638	prompt	9468	155349
39639	prompt	310	155358
39640	prompt	279	155361
39641	prompt	1428	155365
39642	prompt	944	155373
39643	prompt	13	155378
39644	prompt	1061	155379
39645	prompt	369	155384
39646	prompt	1066	155387
39647	prompt	264	155392
39648	prompt	21030	155394
39649	prompt	25680	155401
39650	prompt	471	155410
39651	prompt	9738	155412
39652	prompt	413	155419
39653	prompt	524	155422
39654	prompt	8155	155426
39655	prompt	13	155437
39656	prompt	1358	155438
39657	prompt	8160	155441
39658	prompt	513	155445
39659	prompt	279	155449
39660	prompt	6149	155453
39661	prompt	8806	155462
39662	prompt	25	155468
39663	prompt	271	155469
39664	prompt	2	155471
39665	prompt	16	155472
39666	prompt	13	155473
39667	prompt	498	155474
39668	prompt	33586	155476
39669	prompt	60	155485
39670	prompt	30057	155486
39671	prompt	11451	155496
39672	prompt	5903	155505
39673	prompt	4346	155510
39674	prompt	321	155516
39675	prompt	23344	155520
39676	prompt	198	155531
39677	prompt	2	155532
39678	prompt	17	155533
39679	prompt	13	155534
39680	prompt	498	155535
39681	prompt	33586	155537
39682	prompt	60	155546
39683	prompt	30057	155547
39684	prompt	6007	155557
39685	prompt	795	155562
39686	prompt	13976	155567
39687	prompt	198	155578
39688	prompt	2	155579
39689	prompt	18	155580
39690	prompt	13	155581
39691	prompt	498	155582
39692	prompt	33586	155584
39693	prompt	60	155593
39694	prompt	30057	155594
39695	prompt	61967	155604
39696	prompt	7289	155609
39697	prompt	198	155620
39698	prompt	2	155621
39699	prompt	19	155622
39700	prompt	13	155623
39701	prompt	498	155624
39702	prompt	33586	155626
39703	prompt	60	155635
39704	prompt	30057	155636
39705	prompt	82515	155646
39706	prompt	1785	155656
39707	prompt	198	155663
39708	prompt	2	155664
39709	prompt	20	155665
39710	prompt	13	155666
39711	prompt	498	155667
39712	prompt	33586	155669
39713	prompt	60	155678
39714	prompt	30057	155679
39715	prompt	2250	155689
39716	prompt	25941	155695
39717	prompt	10562	155699
39718	prompt	198	155705
39719	prompt	2	155706
39720	prompt	21	155707
39721	prompt	13	155708
39722	prompt	498	155709
39723	prompt	33586	155711
39724	prompt	60	155720
39725	prompt	9357	155721
39726	prompt	15352	155727
39727	prompt	6813	155741
39728	prompt	198	155747
39729	prompt	2	155748
39730	prompt	22	155749
39731	prompt	13	155750
39732	prompt	498	155751
39733	prompt	258	155753
39734	prompt	26324	155755
39735	prompt	60	155764
39736	prompt	24624	155765
39737	prompt	1870	155772
39738	prompt	321	155778
39739	prompt	6813	155782
39740	prompt	1440	155788
39741	prompt	248046	155793
39742	prompt	198	155793
39743	prompt	248045	155794
39744	prompt	74455	155794
39745	prompt	198	155803
39746	think	248068	155804
39747	think	271	155811
39748	think	248069	155813
39749	out	271	155821
39750	out	760	155823
39751	out	4125	155826
39752	out	369	155832
39753	out	421	155835
39754	out	1510	155840
39755	out	26952	155842
39756	out	33894	155847
39757	out	50346	155850
39758	out	11211	155855
39759	out	63	155862
39760	out	4523	155863
39761	out	51891	155871
39762	out	25170	155874
39763	out	11	155881
39764	out	24979	155882
39765	out	333	155892
39766	out	63	155894
39767	out	694	155895
39768	out	353	155899
39769	out	2688	155901
39770	out	20146	155903
39771	out	1618	155912
39772	out	430	155917
39773	out	51891	155920
39774	out	25170	155923
39775	out	11	155930
39776	out	4479	155931
39777	out	15121	155935
39778	out	54551	155939
39779	out	333	155944
39780	out	27653	155946
39781	out	6558	155948
39782	out	728	155952
39783	out	4884	155955
39784	out	411	155959
39785	out	25	155964
39786	out	271	155965
39787	tool	27	155967
39788	tool	13766	155968
39789	tool	13042	155972
39790	tool	29	155977
39791	tool	198	155978
39792	tool	4754	155979
39793	tool	591	155981
39794	tool	763	155985
39795	tool	328	155987
39796	tool	3900	155989
39797	tool	487	155993
39798	tool	328	155995
39799	tool	15889	155997
39800	tool	763	156006
39801	tool	5046	156008
39802	tool	1152	156011
39803	tool	2551	156015
39804	tool	56550	156020
39805	tool	41490	156024
39806	tool	13050	156033
39807	tool	30289	156037
39808	tool	20633	156043
39809	tool	2129	156046
39810	tool	902	156049
39811	tool	3773	156052
39812	tool	3147	156059
39813	tool	406	156062
39814	tool	713	156067
39815	tool	313	156073
39816	tool	25170	156075
39817	tool	11	156082
39818	tool	24979	156083
39819	tool	25	156093
39820	tool	4479	156094
39821	tool	15121	156098
39822	tool	54551	156102
39823	tool	333	156107
39824	tool	283	156109
39825	tool	411	156111
39826	tool	13284	156116
39827	tool	740	156119
39828	tool	33894	156122
39829	tool	50346	156125
39830	tool	11211	156130
39831	tool	45919	156137
39832	tool	787	156141
39833	tool	3773	156144
39834	tool	3147	156151
39835	tool	406	156154
39836	tool	713	156159
39837	tool	313	156165
39838	tool	25170	156167
39839	tool	11	156174
39840	tool	4479	156175
39841	tool	15121	156179
39842	tool	54551	156183
39843	tool	333	156188
39844	tool	283	156190
39845	tool	411	156192
39846	tool	13284	156197
39847	tool	740	156200
39848	tool	33894	156203
39849	tool	50346	156206
39850	tool	11211	156211
39851	tool	45919	156218
39852	tool	7899	156222
39853	tool	5527	156229
39854	tool	763	156233
39855	tool	3721	156235
39856	tool	3307	156240
39857	tool	198	156242
39858	tool	510	156243
39859	tool	13766	156245
39860	tool	13042	156249
39861	tool	29	156254
39862	prompt	248046	156255
39863	prompt	198	156255
39864	prompt	248045	156256
39865	prompt	846	156256
39866	prompt	198	156260
39867	prompt	27	156261
39868	prompt	13766	156262
39869	prompt	9367	156266
39870	prompt	29	156275
39871	prompt	198	156276
39872	prompt	760	156277
39873	prompt	999	156280
39874	prompt	593	156285
39875	prompt	41490	156287
39876	prompt	13050	156296
39877	prompt	30289	156300
39878	prompt	20633	156306
39879	prompt	682	156309
39880	prompt	978	156313
39881	prompt	5860	156318
39882	prompt	7544	156326
39883	prompt	13	156339
39884	prompt	318	156340
39885	prompt	1152	156342
39886	prompt	1528	156346
39887	prompt	369	156352
39888	prompt	1428	156355
39889	prompt	303	156363
39890	prompt	678	156366
39891	prompt	2193	156371
39892	prompt	1892	156379
39893	prompt	874	156383
39894	prompt	1144	156386
39895	prompt	310	156391
39896	prompt	4310	156394
39897	prompt	424	156399
39898	prompt	1142	156402
39899	prompt	8	156407
39900	prompt	198	156408
39901	prompt	510	156409
39902	prompt	13766	156411
39903	prompt	9367	156415
39904	prompt	29	156424
39905	prompt	248046	156425
39906	prompt	198	156425
39907	prompt	248045	156426
39908	prompt	74455	156426
39909	prompt	198	156435
39910	think	248068	156436
39911	think	271	156443
39912	think	248069	156445
39913	out	271	156453
39914	tool	27	156455
39915	tool	13766	156456
39916	tool	13042	156460
39917	tool	29	156465
39918	tool	198	156466
39919	tool	4754	156467
39920	tool	591	156469
39921	tool	763	156473
39922	tool	328	156475
39923	tool	33	156477
39924	tool	956	156478
39925	tool	487	156481
39926	tool	328	156483
39927	tool	15889	156485
39928	tool	763	156494
39929	tool	5046	156496
39930	tool	5454	156499
39931	tool	3147	156506
39932	tool	77	156509
39933	tool	1705	156510
39934	tool	259	156512
39935	tool	2311	156514
39936	tool	1137	156516
39937	tool	2083	156519
39938	tool	36	156521
39939	tool	1701	156522
39940	tool	220	156525
39941	tool	17	156526
39942	tool	5608	156527
39943	tool	16	156529
39944	tool	2129	156530
39945	tool	4532	156533
39946	tool	3147	156544
39947	tool	900	156547
39948	tool	15464	156551
39949	tool	279	156557
39950	tool	2313	156561
39951	tool	29958	156569
39952	tool	198	156572
39953	tool	510	156573
39954	tool	13766	156575
39955	tool	13042	156579
39956	tool	29	156584
39957	prompt	248046	156585
39958	prompt	198	156585
39959	prompt	248045	156586
39960	prompt	846	156586
39961	prompt	198	156590
39962	prompt	27	156591
39963	prompt	13766	156592
39964	prompt	9367	156596
39965	prompt	29	156605
39966	prompt	198	156606
39967	prompt	14893	156607
39968	prompt	1970	156611
39969	prompt	220	156616
39970	prompt	17	156617
39971	prompt	198	156618
39972	prompt	3431	156619
39973	prompt	8750	156622
39974	prompt	20633	156628
39975	prompt	7	156631
39976	prompt	20	156632
39977	prompt	11	156633
39978	prompt	16	156634
39979	prompt	19	156635
39980	prompt	1590	156636
39981	prompt	1412	156638
39982	prompt	22250	156644
39983	prompt	17	156647
39984	prompt	18	156648
39985	prompt	17	156649
39986	prompt	18	156650
39987	prompt	25	156651
39988	prompt	33508	156652
39989	prompt	311	156659
39990	prompt	17920	156662
39991	prompt	33733	156669
39992	prompt	3759	156678
39993	prompt	359	156687
39994	prompt	7288	156689
39995	prompt	5903	156697
39996	prompt	4282	156702
39997	prompt	198	156704
39998	prompt	3431	156705
39999	prompt	8750	156708
40000	prompt	20633	156714
40001	prompt	7	156717
40002	prompt	22	156718
40003	prompt	11	156719
40004	prompt	19	156720
40005	prompt	22	156721
40006	prompt	1590	156722
40007	prompt	1412	156724
40008	prompt	22250	156730
40009	prompt	17	156733
40010	prompt	18	156734
40011	prompt	17	156735
40012	prompt	18	156736
40013	prompt	25	156737
40014	prompt	33508	156738
40015	prompt	311	156745
40016	prompt	17920	156748
40017	prompt	33733	156755
40018	prompt	3759	156764
40019	prompt	359	156773
40020	prompt	7288	156775
40021	prompt	5903	156783
40022	prompt	4282	156788
40023	prompt	198	156790
40024	prompt	510	156791
40025	prompt	13766	156793
40026	prompt	9367	156797
40027	prompt	29	156806
40028	prompt	248046	156807
40029	prompt	198	156807
40030	prompt	248045	156808
40031	prompt	74455	156808
40032	prompt	198	156817
40033	think	248068	156818
40034	think	271	156825
40035	think	248069	156827
40036	out	271	156835
40037	out	760	156837
40038	out	4125	156840
40039	out	369	156846
40040	out	421	156849
40041	out	1510	156854
40042	out	7288	156856
40043	out	5903	156864
40044	out	63	156869
40045	out	369	156870
40046	out	2107	156873
40047	out	264	156878
40048	out	1510	156880
40049	out	989	156882
40050	out	63	156887
40051	out	7250	156888
40052	out	321	156895
40053	out	264	156899
40054	out	1510	156901
40055	out	1267	156903
40056	out	63	156907
40057	out	311	156908
40058	out	63606	156911
40059	out	13	156918
40060	out	6558	156919
40061	out	728	156923
40062	out	4884	156926
40063	out	279	156930
40064	out	1857	156934
40065	out	25	156940
40066	out	271	156941
40067	tool	27	156943
40068	tool	13766	156944
40069	tool	13042	156948
40070	tool	29	156953
40071	tool	198	156954
40072	tool	4754	156955
40073	tool	591	156957
40074	tool	763	156961
40075	tool	328	156963
40076	tool	7734	156965
40077	tool	487	156970
40078	tool	328	156972
40079	tool	15889	156974
40080	tool	763	156983
40081	tool	5046	156985
40082	tool	1733	156988
40083	tool	3147	156995
40084	tool	464	156998
40085	tool	313	157004
40086	tool	11451	157006
40087	tool	5903	157015
40088	tool	9385	157020
40089	tool	333	157024
40090	tool	494	157026
40091	tool	2668	157031
40092	tool	4173	157035
40093	tool	2764	157040
40094	tool	6750	157043
40095	tool	59	157045
40096	tool	77	157046
40097	tool	464	157047
40098	tool	913	157053
40099	tool	313	157058
40100	tool	11451	157060
40101	tool	5903	157069
40102	tool	430	157074
40103	tool	11451	157077
40104	tool	5903	157086
40105	tool	4889	157091
40106	tool	11	157100
40107	tool	5889	157101
40108	tool	11	157109
40109	tool	38754	157110
40110	tool	2009	157116
40111	tool	11	157122
40112	tool	56606	157123
40113	tool	333	157132
40114	tool	494	157134
40115	tool	2668	157139
40116	tool	8969	157143
40117	tool	2764	157148
40118	tool	6750	157151
40119	tool	59	157153
40120	tool	77	157154
40121	tool	1639	157155
40122	tool	320	157157
40123	tool	997	157159
40124	tool	63606	157162
40125	tool	279	157169
40126	tool	7873	157173
40127	tool	430	157188
40128	tool	279	157191
40129	tool	569	157195
40130	tool	11451	157202
40131	tool	5903	157211
40132	tool	1639	157216
40133	tool	1479	157218
40134	tool	313	157224
40135	tool	11451	157226
40136	tool	5903	157235
40137	tool	9385	157240
40138	tool	430	157244
40139	tool	11451	157247
40140	tool	5903	157256
40141	tool	333	157261
40142	tool	17347	157263
40143	tool	77	157265
40144	tool	1639	157266
40145	tool	1479	157268
40146	tool	913	157274
40147	tool	313	157279
40148	tool	5889	157281
40149	tool	11	157289
40150	tool	38754	157290
40151	tool	2009	157296
40152	tool	11	157302
40153	tool	56606	157303
40154	tool	11	157312
40155	tool	11451	157313
40156	tool	5903	157322
40157	tool	333	157327
40158	tool	494	157329
40159	tool	2668	157334
40160	tool	8969	157338
40161	tool	2764	157343
40162	tool	6750	157346
40163	tool	59	157348
40164	tool	77	157349
40165	tool	2129	157350
40166	tool	1152	157353
40167	tool	2551	157357
40168	tool	56550	157362
40169	tool	41490	157366
40170	tool	13050	157375
40171	tool	8750	157379
40172	tool	20633	157385
40173	tool	29958	157388
40174	tool	198	157391
40175	tool	510	157392
40176	tool	13766	157394
40177	tool	13042	157398
40178	tool	29	157403
40179	prompt	248046	157404
40180	prompt	198	157404
40181	prompt	248045	157405
40182	prompt	846	157405
40183	prompt	198	157409
40184	prompt	27	157410
40185	prompt	13766	157411
40186	prompt	9367	157415
40187	prompt	29	157424
40188	prompt	198	157425
40189	prompt	760	157426
40190	prompt	999	157429
40191	prompt	593	157434
40192	prompt	41490	157436
40193	prompt	13050	157445
40194	prompt	8750	157449
40195	prompt	20633	157455
40196	prompt	682	157458
40197	prompt	978	157462
40198	prompt	5860	157467
40199	prompt	7544	157475
40200	prompt	13	157488
40201	prompt	318	157489
40202	prompt	1152	157491
40203	prompt	1528	157495
40204	prompt	369	157501
40205	prompt	1428	157504
40206	prompt	303	157512
40207	prompt	678	157515
40208	prompt	2193	157520
40209	prompt	1892	157528
40210	prompt	874	157532
40211	prompt	1144	157535
40212	prompt	310	157540
40213	prompt	4310	157543
40214	prompt	424	157548
40215	prompt	1142	157551
40216	prompt	8	157556
40217	prompt	198	157557
40218	prompt	510	157558
40219	prompt	13766	157560
40220	prompt	9367	157564
40221	prompt	29	157573
40222	prompt	248046	157574
40223	prompt	198	157574
40224	prompt	248045	157575
40225	prompt	74455	157575
40226	prompt	198	157584
40227	think	248068	157585
40228	think	271	157592
40229	think	248069	157594
40230	out	271	157602
40231	tool	27	157604
40232	tool	13766	157605
40233	tool	13042	157609
40234	tool	29	157614
40235	tool	198	157615
40236	tool	4754	157616
40237	tool	591	157618
40238	tool	763	157622
40239	tool	328	157624
40240	tool	33	157626
40241	tool	956	157627
40242	tool	487	157630
40243	tool	328	157632
40244	tool	15889	157634
40245	tool	763	157643
40246	tool	5046	157645
40247	tool	5454	157648
40248	tool	3147	157655
40249	tool	77	157658
40250	tool	1705	157659
40251	tool	259	157661
40252	tool	2311	157663
40253	tool	1137	157665
40254	tool	2083	157668
40255	tool	36	157670
40256	tool	1701	157671
40257	tool	220	157674
40258	tool	17	157675
40259	tool	5608	157676
40260	tool	16	157678
40261	tool	2129	157679
40262	tool	4532	157682
40263	tool	3147	157693
40264	tool	900	157696
40265	tool	15464	157700
40266	tool	279	157706
40267	tool	2313	157710
40268	tool	29958	157718
40269	tool	198	157721
40270	tool	510	157722
40271	tool	13766	157724
40272	tool	13042	157728
40273	tool	29	157733
40274	prompt	248046	157734
40275	prompt	198	157734
40276	prompt	248045	157735
40277	prompt	846	157735
40278	prompt	198	157739
40279	prompt	27	157740
40280	prompt	13766	157741
40281	prompt	9367	157745
40282	prompt	29	157754
40283	prompt	198	157755
40284	prompt	14893	157756
40285	prompt	1970	157760
40286	prompt	220	157765
40287	prompt	17	157766
40288	prompt	198	157767
40289	prompt	3431	157768
40290	prompt	8750	157771
40291	prompt	20633	157777
40292	prompt	7	157780
40293	prompt	20	157781
40294	prompt	11	157782
40295	prompt	18	157783
40296	prompt	16	157784
40297	prompt	1590	157785
40298	prompt	1412	157787
40299	prompt	22250	157793
40300	prompt	17	157796
40301	prompt	18	157797
40302	prompt	15	157798
40303	prompt	15	157799
40304	prompt	25	157800
40305	prompt	68659	157801
40306	prompt	12448	157811
40307	prompt	359	157822
40308	prompt	7288	157824
40309	prompt	5903	157832
40310	prompt	4282	157837
40311	prompt	198	157839
40312	prompt	3431	157840
40313	prompt	8750	157843
40314	prompt	20633	157849
40315	prompt	7	157852
40316	prompt	22	157853
40317	prompt	11	157854
40318	prompt	19	157855
40319	prompt	22	157856
40320	prompt	1590	157857
40321	prompt	1412	157859
40322	prompt	22250	157865
40323	prompt	17	157868
40324	prompt	18	157869
40325	prompt	15	157870
40326	prompt	15	157871
40327	prompt	25	157872
40328	prompt	68659	157873
40329	prompt	12448	157883
40330	prompt	359	157894
40331	prompt	7288	157896
40332	prompt	5903	157904
40333	prompt	4282	157909
40334	prompt	198	157911
40335	prompt	510	157912
40336	prompt	13766	157914
40337	prompt	9367	157918
40338	prompt	29	157927
40339	prompt	248046	157928
40340	prompt	198	157928
40341	prompt	248045	157929
40342	prompt	74455	157929
40343	prompt	198	157938
40344	think	248068	157939
40345	think	271	157946
40346	think	248069	157948
40347	out	271	157956
40348	out	760	157958
40349	out	4125	157961
40350	out	369	157967
40351	out	421	157970
40352	out	1510	157975
40353	out	7288	157977
40354	out	5903	157985
40355	out	63	157990
40356	out	7701	157991
40357	out	2107	157999
40358	out	430	158004
40359	out	264	158007
40360	out	869	158009
40361	out	7250	158015
40362	out	321	158022
40363	out	264	158026
40364	out	913	158028
40365	out	7250	158033
40366	out	383	158040
40367	out	279	158043
40368	out	1788	158047
40369	out	1500	158052
40370	out	13	158057
40371	out	6558	158058
40372	out	728	158062
40373	out	311	158065
40374	out	7589	158068
40375	out	25	158077
40376	out	271	158078
40377	tool	27	158080
40378	tool	13766	158081
40379	tool	13042	158085
40380	tool	29	158090
40381	tool	198	158091
40382	tool	4754	158092
40383	tool	591	158094
40384	tool	763	158098
40385	tool	328	158100
40386	tool	7734	158102
40387	tool	487	158107
40388	tool	328	158109
40389	tool	15889	158111
40390	tool	763	158120
40391	tool	5046	158122
40392	tool	1733	158125
40393	tool	3147	158132
40394	tool	464	158135
40395	tool	313	158141
40396	tool	11451	158143
40397	tool	5903	158152
40398	tool	9385	158157
40399	tool	333	158161
40400	tool	494	158163
40401	tool	2668	158168
40402	tool	4173	158172
40403	tool	2764	158177
40404	tool	6750	158180
40405	tool	59	158182
40406	tool	77	158183
40407	tool	464	158184
40408	tool	913	158190
40409	tool	313	158195
40410	tool	5889	158197
40411	tool	11	158205
40412	tool	38754	158206
40413	tool	2009	158212
40414	tool	11	158218
40415	tool	56606	158219
40416	tool	11	158228
40417	tool	11451	158229
40418	tool	5903	158238
40419	tool	333	158243
40420	tool	494	158245
40421	tool	2668	158250
40422	tool	8969	158254
40423	tool	2764	158259
40424	tool	6750	158262
40425	tool	59	158264
40426	tool	77	158265
40427	tool	1639	158266
40428	tool	320	158268
40429	tool	997	158270
40430	tool	63606	158273
40431	tool	279	158280
40432	tool	7873	158284
40433	tool	430	158299
40434	tool	279	158302
40435	tool	569	158306
40436	tool	11451	158313
40437	tool	5903	158322
40438	tool	1639	158327
40439	tool	1479	158329
40440	tool	313	158335
40441	tool	11451	158337
40442	tool	5903	158346
40443	tool	9385	158351
40444	tool	430	158355
40445	tool	11451	158358
40446	tool	5903	158367
40447	tool	333	158372
40448	tool	17347	158374
40449	tool	77	158376
40450	tool	1639	158377
40451	tool	1479	158379
40452	tool	913	158385
40453	tool	313	158390
40454	tool	5889	158392
40455	tool	11	158400
40456	tool	38754	158401
40457	tool	2009	158407
40458	tool	11	158413
40459	tool	56606	158414
40460	tool	333	158423
40461	tool	17347	158425
40462	tool	77	158427
40463	tool	2129	158428
40464	tool	1152	158431
40465	tool	2551	158435
40466	tool	56550	158440
40467	tool	41490	158444
40468	tool	13050	158453
40469	tool	8750	158457
40470	tool	20633	158463
40471	tool	29958	158466
40472	tool	198	158469
40473	tool	510	158470
40474	tool	13766	158472
40475	tool	13042	158476
40476	tool	29	158481
40477	prompt	248046	158482
40478	prompt	198	158482
40479	prompt	248045	158483
40480	prompt	846	158483
40481	prompt	198	158487
40482	prompt	27	158488
40483	prompt	13766	158489
40484	prompt	9367	158493
40485	prompt	29	158502
40486	prompt	198	158503
40487	prompt	760	158504
40488	prompt	999	158507
40489	prompt	593	158512
40490	prompt	41490	158514
40491	prompt	13050	158523
40492	prompt	8750	158527
40493	prompt	20633	158533
40494	prompt	682	158536
40495	prompt	978	158540
40496	prompt	5860	158545
40497	prompt	7544	158553
40498	prompt	13	158566
40499	prompt	318	158567
40500	prompt	1152	158569
40501	prompt	1528	158573
40502	prompt	369	158579
40503	prompt	1428	158582
40504	prompt	303	158590
40505	prompt	678	158593
40506	prompt	2193	158598
40507	prompt	1892	158606
40508	prompt	874	158610
40509	prompt	1144	158613
40510	prompt	310	158618
40511	prompt	4310	158621
40512	prompt	424	158626
40513	prompt	1142	158629
40514	prompt	8	158634
40515	prompt	198	158635
40516	prompt	510	158636
40517	prompt	13766	158638
40518	prompt	9367	158642
40519	prompt	29	158651
40520	prompt	248046	158652
40521	prompt	198	158652
40522	prompt	248045	158653
40523	prompt	8678	158653
40524	prompt	198	158659
40525	prompt	760	158660
40526	prompt	3274	158663
40527	prompt	7141	158668
40528	prompt	8719	158674
40529	prompt	914	158680
40530	prompt	978	158682
40531	prompt	1429	158687
40532	prompt	5742	158692
40533	prompt	13	158701
40534	prompt	1368	158702
40535	prompt	488	158705
40536	prompt	2224	158709
40537	prompt	3133	158712
40538	prompt	383	158720
40539	prompt	8806	158723
40540	prompt	421	158729
40541	prompt	1000	158734
40542	prompt	8495	158740
40543	prompt	494	158748
40544	prompt	14419	158753
40545	prompt	4936	158762
40546	prompt	11	158771
40547	prompt	2814	158772
40548	prompt	1608	158781
40549	prompt	5261	158787
40550	prompt	3886	158792
40551	prompt	310	158798
40552	prompt	884	158801
40553	prompt	491	158805
40554	prompt	8806	158809
40555	prompt	321	158815
40556	prompt	5261	158819
40557	prompt	4149	158824
40558	prompt	310	158830
40559	prompt	2560	158833
40560	prompt	3274	158840
40561	prompt	2552	158845
40562	prompt	318	158852
40563	prompt	723	158854
40564	prompt	310	158857
40565	prompt	303	158860
40566	prompt	26324	158863
40567	prompt	948	158872
40568	prompt	5732	158877
40569	prompt	11	158886
40570	prompt	7888	158887
40571	prompt	948	158897
40572	prompt	2725	158902
40573	prompt	553	158907
40574	prompt	7054	158909
40575	prompt	2814	158914
40576	prompt	15361	158923
40577	prompt	685	158932
40578	prompt	279	158935
40579	prompt	3274	158939
40580	prompt	1103	158944
40581	prompt	413	158949
40582	prompt	424	158952
40583	prompt	682	158955
40584	prompt	3512	158959
40585	prompt	48659	158966
40586	prompt	13	158972
40587	prompt	8020	158973
40588	prompt	958	158978
40589	prompt	1439	158982
40590	prompt	413	158988
40591	prompt	9468	158991
40592	prompt	310	159000
40593	prompt	279	159003
40594	prompt	1428	159007
40595	prompt	944	159015
40596	prompt	13	159020
40597	prompt	1061	159021
40598	prompt	369	159026
40599	prompt	1066	159029
40600	prompt	264	159034
40601	prompt	21030	159036
40602	prompt	25680	159043
40603	prompt	471	159052
40604	prompt	9738	159054
40605	prompt	413	159061
40606	prompt	524	159064
40607	prompt	8155	159068
40608	prompt	13	159079
40609	prompt	1358	159080
40610	prompt	8160	159083
40611	prompt	513	159087
40612	prompt	279	159091
40613	prompt	6149	159095
40614	prompt	8806	159104
40615	prompt	25	159110
40616	prompt	271	159111
40617	prompt	2	159113
40618	prompt	16	159114
40619	prompt	13	159115
40620	prompt	498	159116
40621	prompt	33586	159118
40622	prompt	60	159127
40623	prompt	30057	159128
40624	prompt	11451	159138
40625	prompt	5903	159147
40626	prompt	4346	159152
40627	prompt	321	159158
40628	prompt	23344	159162
40629	prompt	198	159173
40630	prompt	2	159174
40631	prompt	17	159175
40632	prompt	13	159176
40633	prompt	498	159177
40634	prompt	33586	159179
40635	prompt	60	159188
40636	prompt	30057	159189
40637	prompt	6007	159199
40638	prompt	795	159204
40639	prompt	13976	159209
40640	prompt	198	159220
40641	prompt	2	159221
40642	prompt	18	159222
40643	prompt	13	159223
40644	prompt	498	159224
40645	prompt	33586	159226
40646	prompt	60	159235
40647	prompt	30057	159236
40648	prompt	61967	159246
40649	prompt	7289	159251
40650	prompt	198	159262
40651	prompt	2	159263
40652	prompt	19	159264
40653	prompt	13	159265
40654	prompt	498	159266
40655	prompt	33586	159268
40656	prompt	60	159277
40657	prompt	30057	159278
40658	prompt	82515	159288
40659	prompt	1785	159298
40660	prompt	198	159305
40661	prompt	2	159306
40662	prompt	20	159307
40663	prompt	13	159308
40664	prompt	498	159309
40665	prompt	33586	159311
40666	prompt	60	159320
40667	prompt	30057	159321
40668	prompt	2250	159331
40669	prompt	25941	159337
40670	prompt	10562	159341
40671	prompt	198	159347
40672	prompt	2	159348
40673	prompt	21	159349
40674	prompt	13	159350
40675	prompt	498	159351
40676	prompt	33586	159353
40677	prompt	60	159362
40678	prompt	9357	159363
40679	prompt	15352	159369
40680	prompt	6813	159383
40681	prompt	198	159389
40682	prompt	2	159390
40683	prompt	22	159391
40684	prompt	13	159392
40685	prompt	498	159393
40686	prompt	258	159395
40687	prompt	26324	159397
40688	prompt	60	159406
40689	prompt	24624	159407
40690	prompt	1870	159414
40691	prompt	321	159420
40692	prompt	6813	159424
40693	prompt	1440	159430
40694	prompt	248046	159435
40695	prompt	198	159435
40696	prompt	248045	159436
40697	prompt	74455	159436
40698	prompt	198	159445
40699	think	248068	159446
40700	think	271	159453
40701	think	248069	159455
40702	out	271	159463
40703	tool	27	159465
40704	tool	13766	159466
40705	tool	13042	159470
40706	tool	29	159475
40707	tool	198	159476
40708	tool	4754	159477
40709	tool	591	159479
40710	tool	763	159483
40711	tool	328	159485
40712	tool	33	159487
40713	tool	956	159488
40714	tool	487	159491
40715	tool	328	159493
40716	tool	15889	159495
40717	tool	763	159504
40718	tool	5046	159506
40719	tool	5454	159509
40720	tool	3147	159516
40721	tool	77	159519
40722	tool	1705	159520
40723	tool	259	159522
40724	tool	2311	159524
40725	tool	1137	159526
40726	tool	2083	159529
40727	tool	36	159531
40728	tool	1701	159532
40729	tool	220	159535
40730	tool	17	159536
40731	tool	5608	159537
40732	tool	16	159539
40733	tool	2129	159540
40734	tool	4532	159543
40735	tool	3147	159554
40736	tool	900	159557
40737	tool	15464	159561
40738	tool	279	159567
40739	tool	2313	159571
40740	tool	29958	159579
40741	tool	198	159582
40742	tool	510	159583
40743	tool	13766	159585
40744	tool	13042	159589
40745	tool	29	159594
40746	prompt	248046	159595
40747	prompt	198	159595
40748	prompt	248045	159596
40749	prompt	846	159596
40750	prompt	198	159600
40751	prompt	27	159601
40752	prompt	13766	159602
40753	prompt	9367	159606
40754	prompt	29	159615
40755	prompt	198	159616
40756	prompt	5181	159617
40757	prompt	956	159619
40758	prompt	7888	159622
40759	prompt	440	159632
40760	prompt	874	159637
40761	prompt	2468	159640
40762	prompt	8	159647
40763	prompt	198	159648
40764	prompt	510	159649
40765	prompt	13766	159651
40766	prompt	9367	159655
40767	prompt	29	159664
40768	prompt	248046	159665
40769	prompt	198	159665
40770	prompt	248045	159666
40771	prompt	74455	159666
40772	prompt	198	159675
40773	think	248068	159676
40774	think	271	159683
40775	think	248069	159685
40776	out	271	159693
40777	out	900	159695
40778	out	15464	159699
40779	out	286	159705
40780	out	15734	159708
40781	out	13	159715
40782	out	4543	159716
40783	out	1042	159720
40784	out	728	159724
40785	out	1542	159727
40786	out	279	159731
40787	out	6813	159735
40788	out	25	159741
40789	out	271	159742
40790	tool	27	159744
40791	tool	13766	159745
40792	tool	13042	159749
40793	tool	29	159754
40794	tool	198	159755
40795	tool	4754	159756
40796	tool	591	159758
40797	tool	763	159762
40798	tool	328	159764
40799	tool	33	159766
40800	tool	956	159767
40801	tool	487	159770
40802	tool	328	159772
40803	tool	15889	159774
40804	tool	763	159783
40805	tool	5046	159785
40806	tool	5454	159788
40807	tool	3147	159795
40808	tool	77	159798
40809	tool	1705	159799
40810	tool	12775	159801
40811	tool	467	159805
40812	tool	1542	159808
40813	tool	220	159812
40814	tool	17	159813
40815	tool	5608	159814
40816	tool	16	159816
40817	tool	2129	159817
40818	tool	4532	159820
40819	tool	3147	159831
40820	tool	6516	159834
40821	tool	6813	159837
40822	tool	29958	159843
40823	tool	198	159846
40824	tool	510	159847
40825	tool	13766	159849
40826	tool	13042	159853
40827	tool	29	159858
40828	prompt	248046	159859
40829	prompt	198	159859
40830	prompt	248045	159860
40831	prompt	846	159860
40832	prompt	198	159864
40833	prompt	27	159865
40834	prompt	13766	159866
40835	prompt	9367	159870
40836	prompt	29	159879
40837	prompt	198	159880
40838	prompt	45811	159881
40839	prompt	220	159884
40840	prompt	343	159885
40841	prompt	17	159887
40842	prompt	13	159888
40843	prompt	16	159889
40844	prompt	13	159890
40845	prompt	24	159891
40846	prompt	593	159892
40847	prompt	41490	159894
40848	prompt	271	159903
40849	prompt	50615	159905
40850	prompt	6813	159909
40851	prompt	44842	159915
40852	prompt	32149	159924
40853	prompt	5772	159930
40854	prompt	20633	159935
40855	prompt	318	159938
40856	prompt	19	159940
40857	prompt	20	159941
40858	prompt	6813	159942
40859	prompt	8	159948
40860	prompt	220	159949
40861	prompt	23	159950
40862	prompt	977	159951
40863	prompt	271	159953
40864	prompt	3284	159955
40865	prompt	16867	159960
40866	prompt	220	159966
40867	prompt	220	159967
40868	prompt	16	159968
40869	prompt	5642	159969
40870	prompt	318	159976
40871	prompt	16	159978
40872	prompt	8	159979
40873	prompt	198	159980
40874	prompt	406	159981
40875	prompt	19537	159986
40876	prompt	220	159992
40877	prompt	220	159993
40878	prompt	19	159994
40879	prompt	20	159995
40880	prompt	5642	159996
40881	prompt	318	160003
40882	prompt	19	160005
40883	prompt	20	160006
40884	prompt	8	160007
40885	prompt	198	160008
40886	prompt	256	160009
40887	prompt	4980	160011
40888	prompt	506	160017
40889	prompt	220	160020
40890	prompt	220	160021
40891	prompt	17	160022
40892	prompt	16	160023
40893	prompt	25	160024
40894	prompt	18	160025
40895	prompt	16	160026
40896	prompt	25	160027
40897	prompt	16	160028
40898	prompt	18	160029
40899	prompt	198	160030
40900	prompt	256	160031
40901	prompt	20400	160033
40902	prompt	220	160042
40903	prompt	220	160043
40904	prompt	16	160044
40905	prompt	20	160045
40906	prompt	16	160046
40907	prompt	977	160047
40908	prompt	318	160049
40909	prompt	4549	160051
40910	prompt	220	160060
40911	prompt	18	160061
40912	prompt	23	160062
40913	prompt	977	160063
40914	prompt	11	160065
40915	prompt	6302	160066
40916	prompt	220	160072
40917	prompt	15	160073
40918	prompt	977	160074
40919	prompt	11	160076
40920	prompt	6327	160077
40921	prompt	220	160085
40922	prompt	18	160086
40923	prompt	19	160087
40924	prompt	977	160088
40925	prompt	11	160090
40926	prompt	6813	160091
40927	prompt	220	160097
40928	prompt	23	160098
40929	prompt	977	160099
40930	prompt	11	160101
40931	prompt	4424	160102
40932	prompt	220	160114
40933	prompt	15	160115
40934	prompt	977	160116
40935	prompt	11	160118
40936	prompt	10236	160119
40937	prompt	220	160127
40938	prompt	19	160128
40939	prompt	16	160129
40940	prompt	977	160130
40941	prompt	8	160132
40942	prompt	198	160133
40943	prompt	510	160134
40944	prompt	13766	160136
40945	prompt	9367	160140
40946	prompt	29	160149
40947	prompt	248046	160150
40948	prompt	198	160150
40949	prompt	248045	160151
40950	prompt	74455	160151
40951	prompt	198	160160
40952	think	248068	160161
40953	think	271	160168
40954	think	248069	160170
40955	out	271	160178
40956	out	2324	160180
40957	out	220	160183
40958	out	19	160184
40959	out	20	160185
40960	out	6813	160186
40961	out	1440	160192
40962	out	13	160197
40963	out	6558	160198
40964	out	728	160202
40965	out	1048	160205
40966	out	9845	160210
40967	out	279	160217
40968	out	1870	160221
40969	out	4138	160227
40970	out	25	160233
40971	out	271	160234
40972	tool	27	160236
40973	tool	13766	160237
40974	tool	13042	160241
40975	tool	29	160246
40976	tool	198	160247
40977	tool	4754	160248
40978	tool	591	160250
40979	tool	763	160254
40980	tool	328	160256
40981	tool	33	160258
40982	tool	956	160259
40983	tool	487	160262
40984	tool	328	160264
40985	tool	15889	160266
40986	tool	763	160275
40987	tool	5046	160277
40988	tool	5454	160280
40989	tool	3147	160287
40990	tool	77	160290
40991	tool	1705	160291
40992	tool	259	160293
40993	tool	2311	160295
40994	tool	220	160297
40995	tool	17	160298
40996	tool	5608	160299
40997	tool	16	160301
40998	tool	2129	160302
40999	tool	4532	160305
41000	tool	3147	160316
41001	tool	10743	160319
41002	tool	279	160324
41003	tool	2313	160328
41004	tool	29958	160336
41005	tool	198	160339
41006	tool	510	160340
41007	tool	13766	160342
41008	tool	13042	160346
41009	tool	29	160351
41010	prompt	248046	160352
41011	prompt	198	160352
41012	prompt	248045	160353
41013	prompt	846	160353
41014	prompt	198	160357
41015	prompt	27	160358
41016	prompt	13766	160359
41017	prompt	9367	160363
41018	prompt	29	160372
41019	prompt	198	160373
41020	prompt	5181	160374
41021	prompt	956	160376
41022	prompt	7888	160379
41023	prompt	440	160389
41024	prompt	874	160394
41025	prompt	2468	160397
41026	prompt	8	160404
41027	prompt	198	160405
41028	prompt	510	160406
41029	prompt	13766	160408
41030	prompt	9367	160412
41031	prompt	29	160421
41032	prompt	248046	160422
41033	prompt	198	160422
41034	prompt	248045	160423
41035	prompt	74455	160423
41036	prompt	198	160432
41037	think	248068	160433
41038	think	271	160440
41039	think	248069	160442
41040	out	271	160450
41041	tool	27	160452
41042	tool	13766	160453
41043	tool	13042	160457
41044	tool	29	160462
41045	tool	198	160463
41046	tool	4754	160464
41047	tool	591	160466
41048	tool	763	160470
41049	tool	328	160472
41050	tool	6065	160474
41051	tool	4149	160478
41052	tool	487	160484
41053	tool	328	160486
41054	tool	15889	160488
41055	tool	763	160497
41056	tool	5046	160499
41057	tool	2738	160502
41058	tool	3147	160508
41059	tool	33586	160511
41060	tool	2129	160520
41061	tool	77903	160523
41062	tool	3147	160529
41063	tool	22	160532
41064	tool	29958	160533
41065	tool	198	160536
41066	tool	510	160537
41067	tool	13766	160539
41068	tool	13042	160543
41069	tool	29	160548
41070	prompt	248046	160549
41071	prompt	198	160549
41072	prompt	248045	160550
41073	prompt	846	160550
41074	prompt	198	160554
41075	prompt	27	160555
41076	prompt	13766	160556
41077	prompt	9367	160560
41078	prompt	29	160569
41079	prompt	198	160570
41080	prompt	15719	160571
41081	prompt	3274	160578
41082	prompt	653	160583
41083	prompt	22	160585
41084	prompt	2552	160586
41085	prompt	198	160593
41086	prompt	510	160594
41087	prompt	13766	160596
41088	prompt	9367	160600
41089	prompt	29	160609
41090	prompt	248046	160610
41091	prompt	198	160610
41092	prompt	248045	160611
41093	prompt	74455	160611
41094	prompt	198	160620
41095	think	248068	160621
41096	think	271	160628
41097	think	248069	160630
41098	out	271	160638
