no-think: empty-think prefill on all chat paths
profile: cc (sm_120) | kv=fp8 fd=mma pmin=0.5 maxd=auto7 suffix=1/w12 fast-head=1 think=0 batch-gemm=auto(k>=3)
loading tokenizer...
loading model...
tool dialect: json (general.name "Qwen3.6-27B")
uploading weights...
resident: 15.46 GB (checksummed)
vram: free 15.76 GB post-weights
--ctx auto: 262144 (free 15.8GB post-weights, fp8 KV, W_MAX=12)
[prefill] shared arena 0.85 GB (one per process)
[pool] 1 slots, floor 0.57 GB (half-ctx x slots), pool 12.77 GB
[pool] paged KV: 12.77 GB (K 97464 pages x 65536 B, V 97464 pages x 65536 B)
KV cache: fp8 E4M3 (opt-in, 34 KB/token)
token graph captured
sample graph captured
q27: Q27_PF_BATCH_MIN=2 < 32 -- tiny prompts take the CHUNKED prefill path; the 5-token canonical md5 does NOT hold here
suffix drafter ON: L>=12, width 12 (greedy gated rounds only)
spec graphs captured (ONE set, M1b; depth-4; mono D/V SKIPPED (dexit on, no --constrain-tools); +per-width verify 2..8; +P14 sampled per-width verify 2..5; +per-step draft 0..6); Q27_PMIN=0.500 (gated), gate_maxd=7 (auto: ladder 4..7), dexit=1
slot 0 ready: ctx=262144
vram: free 1.51 GB at ready
interleave: round-granularity
[gcache] fused-verify graph cache ON (Q27_BATCH_GRAPH=1, cap 64)
continuous batching: ON (serving default since 2026-07-16, union cap 12)
q27-server listening on http://127.0.0.1:8110 (ctx 262144, fast head)
[http] GET /health -> 200
[http] GET /health -> 200
[timing] render 0.0ms encode 0.8ms (1784 chars -> 441 toks)
[gen] prompt=441 prefix_hit=0 snap=0 ckpt=-1 pfx=0
[timing] render 0.9ms encode 20.1ms (100972 chars -> 23689 toks)
[gen-done] eos: 17 tokens in 0.1s (201.0 t/s), n_max=64000
[req] rid=0 api=anth conv=878daa26b7139902 qw_ms=0 tok_ms=1 prompt=441 hit=0 ckpt=-1 pf=441 pf_ms=156 dec=17 dec_ms=85 cb_ms=0 rounds=5 tps=201.0 end=eos gw=0 yields=0 slot=0 t=4869 md4=5 md5=0 md6=0 md7=0 mprom=0 mdem=0 gch=1,0,0,0,4,0,0,0 gnh=1,0,0,0,4,0,0,0 glf=4,4,4,4,0,0,0 gla=4,4,4,4,0,0,0 phd=16.0 phv=68.4 phs=17 phwn=1,0,0,4,0,0,0 phwm=13.0,0.0,0.0,55.4,0.0,0.0,0.0 sfxm=0.0 sfxn=0 phfd=0.0 sfx=0,0 bat=1.0,0
[http] POST /v1/messages -> 200
[gen] prompt=23689 prefix_hit=0 snap=0 ckpt=-1 pfx=0
[gen-done] eos: 131 tokens in 0.8s (172.6 t/s), n_max=64000
[req] rid=1 api=anth conv=336f8f5dfb3ad013 qw_ms=206 tok_ms=21 prompt=23689 hit=0 ckpt=-1 pf=23689 pf_ms=6858 dec=131 dec_ms=759 cb_ms=0 rounds=45 tps=172.6 end=eos gw=0 yields=0 slot=0 t=12487 md4=45 md5=0 md6=0 md7=0 mprom=0 mdem=0 gch=7,9,2,6,26,0,0,0 gnh=9,14,5,7,15,0,0,0 glf=43,34,32,26,0,0,0 gla=38,27,22,15,0,0,0 phd=138.8 phv=619.5 phs=142 phwn=15,2,6,22,0,0,0 phwm=203.5,28.8,81.3,305.8,0.0,0.0,0.0 sfxm=0.0 sfxn=0 phfd=0.0 sfx=0,0 bat=1.0,0
[http] POST /v1/messages -> 200
[timing] render 0.0ms encode 0.8ms (1968 chars -> 473 toks)
[gen] prompt=473 prefix_hit=0 snap=0 ckpt=-1 pfx=0
[timing] render 0.8ms encode 17.0ms (101220 chars -> 23751 toks)
[gen-done] eos: 17 tokens in 0.1s (147.3 t/s), n_max=64000
[req] rid=2 api=anth conv=b73717b825a52bb2 qw_ms=0 tok_ms=1 prompt=473 hit=0 ckpt=-1 pf=473 pf_ms=160 dec=17 dec_ms=115 cb_ms=0 rounds=7 tps=147.3 end=eos gw=0 yields=0 slot=0 t=14169 md4=7 md5=0 md6=0 md7=0 mprom=0 mdem=0 gch=8,9,3,6,31,0,0,0 gnh=12,15,5,8,17,0,0,0 glf=49,40,37,31,0,0,0 gla=42,30,25,17,0,0,0 phd=20.6 phv=94.7 phs=24 phwn=1,1,0,5,0,0,0 phwm=13.0,12.8,0.0,68.9,0.0,0.0,0.0 sfxm=0.0 sfxn=0 phfd=0.0 sfx=0,0 bat=1.0,0
[http] POST /v1/messages -> 200
[gen] prompt=23751 prefix_hit=0 snap=0 ckpt=-1 pfx=0
[gen-done] eos: 209 tokens in 1.2s (170.0 t/s), n_max=64000
[req] rid=3 api=anth conv=acd0754585fa03b9 qw_ms=249 tok_ms=18 prompt=23751 hit=0 ckpt=-1 pf=23751 pf_ms=6890 dec=209 dec_ms=1230 cb_ms=0 rounds=70 tps=170.0 end=eos gw=0 yields=0 slot=0 t=22290 md4=70 md5=0 md6=0 md7=0 mprom=0 mdem=0 gch=18,16,11,15,67,0,0,0 gnh=29,28,16,18,36,0,0,0 glf=109,93,82,67,0,0,0 gla=94,70,54,36,0,0,0 phd=225.2 phv=1004.0 phs=228 phwn=17,8,9,36,0,0,0 phwm=242.0,118.5,125.1,518.4,0.0,0.0,0.0 sfxm=0.0 sfxn=0 phfd=0.0 sfx=0,0 bat=1.0,0
[http] POST /v1/messages -> 200
[timing] render 0.5ms encode 11.4ms (66541 chars -> 15734 toks)
[gen] prompt=15734 prefix_hit=0 snap=0 ckpt=-1 pfx=0
[gen-done] eos: 200 tokens in 1.0s (196.0 t/s), n_max=32000
[sample-stats] T=1.000 top_p=1.000: 3.448 tokens/round (200 tok/58 rounds)
[req] rid=4 api=anth conv=1990cb8b1cdba846 qw_ms=0 tok_ms=12 prompt=15734 hit=0 ckpt=-1 pf=15734 pf_ms=4433 dec=200 dec_ms=1020 cb_ms=0 rounds=58 tps=196.0 end=eos gw=0 yields=0 slot=0 t=27768 md4=0 md5=0 md6=0 md7=0 mprom=0 mdem=0 gch=18,16,11,15,67,0,0,0 gnh=29,28,16,18,36,0,0,0 glf=109,93,82,67,0,0,0 gla=94,70,54,36,0,0,0 phd=0.0 phv=0.0 phs=0 phwn=0,0,0,0,0,0,0 phwm=0.0,0.0,0.0,0.0,0.0,0.0,0.0 sfxm=0.0 sfxn=0 phfd=0.0 sfx=0,0 bat=1.0,0
[http] POST /v1/messages -> 200
[timing] render 0.5ms encode 11.9ms (68991 chars -> 16367 toks)
[gen] prompt=16367 prefix_hit=15727 snap=15727 ckpt=-1 pfx=0
[gen-done] eos: 140 tokens in 0.6s (227.7 t/s), n_max=32000
[sample-stats] T=1.000 top_p=1.000: 4.118 tokens/round (140 tok/34 rounds)
[req] rid=5 api=anth conv=1990cb8b1cdba846 qw_ms=0 tok_ms=12 prompt=16367 hit=15727 ckpt=-1 pf=640 pf_ms=232 dec=140 dec_ms=615 cb_ms=0 rounds=34 tps=227.7 end=eos gw=0 yields=0 slot=0 t=28643 md4=0 md5=0 md6=0 md7=0 mprom=0 mdem=0 gch=18,16,11,15,67,0,0,0 gnh=29,28,16,18,36,0,0,0 glf=109,93,82,67,0,0,0 gla=94,70,54,36,0,0,0 phd=0.0 phv=0.0 phs=0 phwn=0,0,0,0,0,0,0 phwm=0.0,0.0,0.0,0.0,0.0,0.0,0.0 sfxm=0.0 sfxn=0 phfd=0.0 sfx=0,0 bat=1.0,0
[http] POST /v1/messages -> 200
[timing] render 0.6ms encode 18.8ms (120311 chars -> 31338 toks)
[gen] prompt=31338 prefix_hit=16360 snap=16360 ckpt=-1 pfx=0
[gen-done] eos: 161 tokens in 0.9s (175.2 t/s), n_max=32000
[sample-stats] T=1.000 top_p=1.000: 3.157 tokens/round (161 tok/51 rounds)
[req] rid=6 api=anth conv=1990cb8b1cdba846 qw_ms=0 tok_ms=19 prompt=31338 hit=16360 ckpt=-1 pf=14978 pf_ms=4816 dec=161 dec_ms=919 cb_ms=0 rounds=51 tps=175.2 end=eos gw=0 yields=0 slot=0 t=34409 md4=0 md5=0 md6=0 md7=0 mprom=0 mdem=0 gch=18,16,11,15,67,0,0,0 gnh=29,28,16,18,36,0,0,0 glf=109,93,82,67,0,0,0 gla=94,70,54,36,0,0,0 phd=0.0 phv=0.0 phs=0 phwn=0,0,0,0,0,0,0 phwm=0.0,0.0,0.0,0.0,0.0,0.0,0.0 sfxm=0.0 sfxn=0 phfd=0.0 sfx=0,0 bat=1.0,0
[http] POST /v1/messages -> 200
[timing] render 0.5ms encode 18.6ms (121122 chars -> 31544 toks)
[gen] prompt=31544 prefix_hit=31331 snap=31331 ckpt=-1 pfx=0
[gen-done] eos: 79 tokens in 0.4s (222.0 t/s), n_max=32000
[sample-stats] T=1.000 top_p=1.000: 4.158 tokens/round (79 tok/19 rounds)
[req] rid=7 api=anth conv=1990cb8b1cdba846 qw_ms=0 tok_ms=19 prompt=31544 hit=31331 ckpt=-1 pf=213 pf_ms=137 dec=79 dec_ms=356 cb_ms=0 rounds=19 tps=222.0 end=eos gw=0 yields=0 slot=0 t=34945 md4=0 md5=0 md6=0 md7=0 mprom=0 mdem=0 gch=18,16,11,15,67,0,0,0 gnh=29,28,16,18,36,0,0,0 glf=109,93,82,67,0,0,0 gla=94,70,54,36,0,0,0 phd=0.0 phv=0.0 phs=0 phwn=0,0,0,0,0,0,0 phwm=0.0,0.0,0.0,0.0,0.0,0.0,0.0 sfxm=0.0 sfxn=0 phfd=0.0 sfx=0,0 bat=1.0,0
[http] POST /v1/messages -> 200
[timing] render 0.6ms encode 22.4ms (146694 chars -> 38766 toks)
[gen] prompt=38766 prefix_hit=31537 snap=31537 ckpt=-1 pfx=0
[gen-done] eos: 68 tokens in 0.4s (154.6 t/s), n_max=32000
[sample-stats] T=1.000 top_p=1.000: 2.833 tokens/round (68 tok/24 rounds)
[req] rid=8 api=anth conv=1990cb8b1cdba846 qw_ms=0 tok_ms=23 prompt=38766 hit=31537 ckpt=-1 pf=7229 pf_ms=2568 dec=68 dec_ms=440 cb_ms=0 rounds=24 tps=154.6 end=eos gw=0 yields=0 slot=0 t=37990 md4=0 md5=0 md6=0 md7=0 mprom=0 mdem=0 gch=18,16,11,15,67,0,0,0 gnh=29,28,16,18,36,0,0,0 glf=109,93,82,67,0,0,0 gla=94,70,54,36,0,0,0 phd=0.0 phv=0.0 phs=0 phwn=0,0,0,0,0,0,0 phwm=0.0,0.0,0.0,0.0,0.0,0.0,0.0 sfxm=0.0 sfxn=0 phfd=0.0 sfx=0,0 bat=1.0,0
[http] POST /v1/messages -> 200
[timing] render 0.6ms encode 23.8ms (147097 chars -> 38861 toks)
[gen] prompt=38861 prefix_hit=38759 snap=38759 ckpt=-1 pfx=0
[gen-done] eos: 538 tokens in 2.7s (198.6 t/s), n_max=32000
[sample-stats] T=1.000 top_p=1.000: 3.710 tokens/round (538 tok/145 rounds)
[req] rid=9 api=anth conv=1990cb8b1cdba846 qw_ms=0 tok_ms=24 prompt=38861 hit=38759 ckpt=-1 pf=102 pf_ms=103 dec=538 dec_ms=2709 cb_ms=0 rounds=145 tps=198.6 end=eos gw=0 yields=0 slot=0 t=40842 md4=0 md5=0 md6=0 md7=0 mprom=0 mdem=0 gch=18,16,11,15,67,0,0,0 gnh=29,28,16,18,36,0,0,0 glf=109,93,82,67,0,0,0 gla=94,70,54,36,0,0,0 phd=0.0 phv=0.0 phs=0 phwn=0,0,0,0,0,0,0 phwm=0.0,0.0,0.0,0.0,0.0,0.0,0.0 sfxm=0.0 sfxn=0 phfd=0.0 sfx=0,0 bat=1.0,0
[drift] UN-RESCUED (ntools=18) intended tool call: {"name": "Read","set_arg_"file_path":"subprocess=C:\\Users\\runneradmin\\AppData\\Local\\Programs\\Python\\Python38\\python.exe figures to read files from disk, relative to the localDir approved at finalize_plan. Preferred for anything you have on disk: the tool reads, encodes, and uploads directly so the contents never enter the model context. Mutually exclusive with data.","minimum":1,"type":"st
[http] POST /v1/messages -> 200
[timing] render 0.8ms encode 17.1ms (104245 chars -> 24502 toks)
[gen] prompt=24502 prefix_hit=0 snap=0 ckpt=-1 pfx=0
[gen-done] eos: 30 tokens in 0.1s (235.2 t/s), n_max=64000
[req] rid=10 api=anth conv=acd0754585fa03b9 qw_ms=1 tok_ms=18 prompt=24502 hit=0 ckpt=-1 pf=24502 pf_ms=7166 dec=30 dec_ms=128 cb_ms=0 rounds=7 tps=235.2 end=eos gw=0 yields=0 slot=0 t=48171 md4=7 md5=0 md6=0 md7=0 mprom=0 mdem=0 gch=18,17,11,15,73,0,0,0 gnh=29,29,16,18,42,0,0,0 glf=116,99,88,73,0,0,0 gla=101,76,60,42,0,0,0 phd=26.7 phv=100.8 phs=26 phwn=1,0,0,6,0,0,0 phwm=13.9,0.0,0.0,86.9,0.0,0.0,0.0 sfxm=0.0 sfxn=0 phfd=0.0 sfx=0,0 bat=1.0,0
[http] POST /v1/messages -> 200
[timing] render 0.7ms encode 21.0ms (127753 chars -> 31375 toks)
[gen] prompt=31375 prefix_hit=24495 snap=24495 ckpt=-1 pfx=0
[gen-done] eos: 330 tokens in 1.8s (184.2 t/s), n_max=64000
[req] rid=11 api=anth conv=acd0754585fa03b9 qw_ms=0 tok_ms=22 prompt=31375 hit=24495 ckpt=-1 pf=6880 pf_ms=2314 dec=330 dec_ms=1791 cb_ms=0 rounds=98 tps=184.2 end=eos gw=0 yields=0 slot=0 t=52311 md4=105 md5=0 md6=0 md7=0 mprom=0 mdem=0 gch=29,22,18,22,141,0,0,0 gnh=42,51,27,35,77,0,0,0 glf=203,181,163,141,0,0,0 gla=179,139,112,77,0,0,0 phd=351.3 phv=1439.3 phs=342 phwn=16,7,7,68,0,0,0 phwm=236.7,108.7,99.0,994.9,0.0,0.0,0.0 sfxm=0.0 sfxn=0 phfd=0.0 sfx=0,0 bat=1.0,0
[http] POST /v1/messages -> 200
[timing] render 0.8ms encode 20.8ms (129495 chars -> 31843 toks)
[gen] prompt=31843 prefix_hit=31368 snap=31368 ckpt=-1 pfx=0
[gen-done] eos: 50 tokens in 0.3s (192.5 t/s), n_max=64000
[req] rid=12 api=anth conv=acd0754585fa03b9 qw_ms=0 tok_ms=22 prompt=31843 hit=31368 ckpt=-1 pf=475 pf_ms=203 dec=50 dec_ms=260 cb_ms=0 rounds=14 tps=192.5 end=eos gw=0 yields=0 slot=0 t=52816 md4=114 md5=5 md6=0 md7=0 mprom=1 mdem=0 gch=31,24,19,22,145,4,0,0 gnh=44,53,30,35,81,2,0,0 glf=214,190,171,149,4,0,0 gla=190,148,118,83,2,0,0 phd=46.3 phv=194.6 phs=45 phwn=4,1,0,4,4,0,0 phwm=58.7,15.6,0.0,58.5,61.9,0.0,0.0 sfxm=18.6 sfxn=1 phfd=0.0 sfx=1,6 bat=1.0,0
[http] POST /v1/messages -> 200
[timing] render 0.8ms encode 23.0ms (136076 chars -> 33622 toks)
[gen] prompt=33622 prefix_hit=31836 snap=31836 ckpt=-1 pfx=0
[gen-done] eos: 448 tokens in 2.1s (214.5 t/s), n_max=64000
[req] rid=13 api=anth conv=acd0754585fa03b9 qw_ms=1 tok_ms=24 prompt=33622 hit=31836 ckpt=-1 pf=1786 pf_ms=648 dec=448 dec_ms=2089 cb_ms=0 rounds=105 tps=214.5 end=eos gw=0 yields=0 slot=0 t=55589 md4=114 md5=85 md6=22 md7=0 mprom=2 mdem=0 gch=38,28,31,34,148,49,18,0 gnh=57,63,43,50,87,33,13,0 glf=308,280,249,215,67,18,0 gla=275,226,183,133,46,13,0 phd=454.6 phv=1557.8 phs=448 phwn=11,12,12,3,45,18,0 phwm=163.7,188.5,170.4,44.0,699.5,291.8,0.0 sfxm=75.3 sfxn=4 phfd=0.0 sfx=5,16 bat=1.0,0
[http] POST /v1/messages -> 200
[timing] render 0.8ms encode 22.2ms (138106 chars -> 34122 toks)
[gen] prompt=34122 prefix_hit=33615 snap=33615 ckpt=-1 pfx=0
[gen-done] eos: 49 tokens in 0.2s (205.6 t/s), n_max=64000
[req] rid=14 api=anth conv=acd0754585fa03b9 qw_ms=1 tok_ms=23 prompt=34122 hit=33615 ckpt=-1 pf=507 pf_ms=225 dec=49 dec_ms=238 cb_ms=0 rounds=12 tps=205.6 end=eos gw=0 yields=0 slot=0 t=56105 md4=114 md5=85 md6=32 md7=0 mprom=2 mdem=0 gch=39,28,32,35,149,50,22,0 gnh=57,67,44,51,87,33,16,0 glf=316,288,256,221,72,22,0 gla=283,231,187,136,49,16,0 phd=41.4 phv=140.1 phs=43 phwn=1,1,1,1,1,4,0 phwm=15.2,15.7,14.2,14.7,15.5,64.8,0.0 sfxm=56.7 sfxn=3 phfd=0.0 sfx=8,31 bat=1.0,0
[http] POST /v1/messages -> 200
[timing] render 0.8ms encode 20.3ms (139429 chars -> 34458 toks)
[gen] prompt=34458 prefix_hit=34115 snap=34115 ckpt=-1 pfx=0
[gen-done] eos: 308 tokens in 1.6s (198.2 t/s), n_max=64000
[req] rid=15 api=anth conv=acd0754585fa03b9 qw_ms=1 tok_ms=21 prompt=34458 hit=34115 ckpt=-1 pf=343 pf_ms=179 dec=308 dec_ms=1554 cb_ms=0 rounds=82 tps=198.2 end=eos gw=0 yields=0 slot=0 t=57870 md4=114 md5=158 md6=40 md7=0 mprom=2 mdem=1 gch=51,40,39,41,155,83,23,0 gnh=66,90,57,59,94,50,16,0 glf=381,341,302,261,106,23,0 gla=344,276,219,160,66,16,0 phd=288.2 phv=1168.7 phs=282 phwn=24,7,6,6,33,1,0 phwm=355.4,110.4,85.3,88.3,513.2,16.2,0.0 sfxm=96.7 sfxn=5 phfd=0.0 sfx=13,77 bat=1.0,0
[http] POST /v1/messages -> 200
[timing] render 0.8ms encode 23.9ms (142915 chars -> 35401 toks)
[gen] prompt=35401 prefix_hit=34451 snap=34451 ckpt=-1 pfx=0
[gen-done] eos: 325 tokens in 1.9s (173.2 t/s), n_max=64000
[req] rid=16 api=anth conv=acd0754585fa03b9 qw_ms=1 tok_ms=25 prompt=35401 hit=34451 ckpt=-1 pf=950 pf_ms=366 dec=325 dec_ms=1876 cb_ms=0 rounds=99 tps=173.2 end=eos gw=0 yields=0 slot=0 t=60149 md4=114 md5=256 md6=40 md7=0 mprom=2 mdem=1 gch=62,50,50,61,165,119,23,0 gnh=83,113,72,73,108,65,16,0 glf=468,418,368,307,142,23,0 gla=422,334,262,189,81,16,0 phd=377.1 phv=1479.9 phs=374 phwn=21,11,20,10,36,0,0 phwm=312.3,174.4,284.9,147.5,560.8,0.0,0.0 sfxm=18.8 sfxn=1 phfd=0.0 sfx=14,80 bat=1.0,0
[http] POST /v1/messages -> 200
[timing] render 0.0ms encode 1.7ms (9063 chars -> 2593 toks)
[gen] prompt=2593 prefix_hit=0 snap=0 ckpt=-1 pfx=0
[timing] render 0.8ms encode 18.8ms (108208 chars -> 25840 toks)
[gen-done] eos: 11 tokens in 0.1s (215.6 t/s), n_max=64000
[req] rid=17 api=anth conv=edaab0c0ba191ff8 qw_ms=0 tok_ms=2 prompt=2593 hit=0 ckpt=-1 pf=2593 pf_ms=716 dec=11 dec_ms=51 cb_ms=0 rounds=3 tps=215.6 end=eos gw=0 yields=0 slot=0 t=62053 md4=3 md5=0 md6=0 md7=0 mprom=0 mdem=0 gch=62,50,51,61,167,119,23,0 gnh=83,113,73,73,110,65,16,0 glf=471,421,370,309,142,23,0 gla=425,337,264,191,81,16,0 phd=10.1 phv=40.9 phs=11 phwn=0,1,0,2,0,0,0 phwm=0.0,13.0,0.0,27.9,0.0,0.0,0.0 sfxm=0.0 sfxn=0 phfd=0.0 sfx=14,80 bat=1.0,0
[http] POST /v1/messages -> 200
[gen] prompt=25840 prefix_hit=0 snap=0 ckpt=-1 pfx=0
[gen-done] eos: 108 tokens in 0.5s (208.7 t/s), n_max=64000
[req] rid=18 api=anth conv=1bbbdfe083db478b qw_ms=740 tok_ms=20 prompt=25840 hit=0 ckpt=-1 pf=25840 pf_ms=7664 dec=108 dec_ms=518 cb_ms=0 rounds=29 tps=208.7 end=eos gw=0 yields=0 slot=0 t=70237 md4=25 md5=4 md6=0 md7=0 mprom=1 mdem=0 gch=63,52,52,63,187,122,23,0 gnh=85,119,77,75,123,67,16,0 glf=499,447,395,332,145,23,0 gla=451,358,281,206,83,16,0 phd=111.0 phv=406.4 phs=111 phwn=3,1,2,20,3,0,0 phwm=41.0,14.6,27.0,279.4,44.4,0.0,0.0 sfxm=0.0 sfxn=0 phfd=0.0 sfx=14,80 bat=1.0,0
[http] POST /v1/messages -> 200
[timing] render 0.8ms encode 18.1ms (108805 chars -> 25982 toks)
[gen] prompt=25982 prefix_hit=25833 snap=25833 ckpt=-1 pfx=0
[gen-done] eos: 42 tokens in 0.2s (218.8 t/s), n_max=64000
[req] rid=19 api=anth conv=1bbbdfe083db478b qw_ms=0 tok_ms=19 prompt=25982 hit=25833 ckpt=-1 pf=149 pf_ms=113 dec=42 dec_ms=192 cb_ms=0 rounds=10 tps=218.8 end=eos gw=0 yields=0 slot=0 t=70574 md4=25 md5=14 md6=0 md7=0 mprom=1 mdem=0 gch=64,52,52,63,188,130,23,0 gnh=85,121,78,76,125,71,16,0 glf=508,456,404,341,153,23,0 gla=460,366,288,212,87,16,0 phd=45.3 phv=146.5 phs=46 phwn=1,0,0,1,8,0,0 phwm=14.2,0.0,0.0,14.1,118.2,0.0,0.0 sfxm=0.0 sfxn=0 phfd=0.0 sfx=14,80 bat=1.0,0
[http] POST /v1/messages -> 200
[timing] render 0.8ms encode 18.5ms (109057 chars -> 26049 toks)
[gen] prompt=26049 prefix_hit=25975 snap=25975 ckpt=-1 pfx=0
[gen-done] eos: 30 tokens in 0.1s (310.4 t/s), n_max=64000
[req] rid=20 api=anth conv=1bbbdfe083db478b qw_ms=1 tok_ms=19 prompt=26049 hit=25975 ckpt=-1 pf=74 pf_ms=88 dec=30 dec_ms=97 cb_ms=0 rounds=5 tps=310.4 end=eos gw=0 yields=0 slot=0 t=70812 md4=25 md5=19 md6=0 md7=0 mprom=1 mdem=0 gch=64,52,52,63,188,134,23,0 gnh=85,121,78,76,125,75,16,0 glf=512,460,408,345,157,23,0 gla=464,370,292,216,91,16,0 phd=19.7 phv=59.2 phs=20 phwn=0,0,0,0,4,0,0 phwm=0.0,0.0,0.0,0.0,59.2,0.0,0.0 sfxm=17.7 sfxn=1 phfd=0.0 sfx=15,87 bat=1.0,0
[http] POST /v1/messages -> 200
[timing] render 0.7ms encode 19.8ms (129984 chars -> 32036 toks)
[gen] prompt=32036 prefix_hit=26042 snap=26042 ckpt=-1 pfx=0
[gen-done] eos: 54 tokens in 0.2s (223.5 t/s), n_max=64000
[req] rid=21 api=anth conv=1bbbdfe083db478b qw_ms=0 tok_ms=20 prompt=32036 hit=26042 ckpt=-1 pf=5994 pf_ms=2044 dec=54 dec_ms=242 cb_ms=0 rounds=13 tps=223.5 end=eos gw=0 yields=0 slot=0 t=73128 md4=25 md5=31 md6=0 md7=0 mprom=1 mdem=0 gch=65,53,52,65,189,140,23,0 gnh=86,123,79,77,127,79,16,0 glf=522,469,417,352,163,23,0 gla=473,378,299,222,95,16,0 phd=45.0 phv=159.9 phs=46 phwn=2,0,2,1,6,0,0 phwm=28.3,0.0,27.3,14.2,90.1,0.0,0.0 sfxm=36.5 sfxn=2 phfd=0.0 sfx=17,98 bat=1.0,0
[http] POST /v1/messages -> 200
[timing] render 0.8ms encode 26.3ms (156909 chars -> 39812 toks)
[gen] prompt=39812 prefix_hit=32029 snap=32029 ckpt=-1 pfx=0
[gen-done] eos: 231 tokens in 1.2s (185.4 t/s), n_max=64000
[req] rid=22 api=anth conv=1bbbdfe083db478b qw_ms=1 tok_ms=27 prompt=39812 hit=32029 ckpt=-1 pf=7783 pf_ms=2786 dec=231 dec_ms=1246 cb_ms=0 rounds=67 tps=185.4 end=eos gw=0 yields=0 slot=0 t=77207 md4=25 md5=98 md6=0 md7=0 mprom=1 mdem=0 gch=75,61,58,74,194,168,23,0 gnh=98,139,85,91,131,93,16,0 glf=578,517,459,385,191,23,0 gla=522,416,331,240,109,16,0 phd=246.6 phv=980.5 phs=245 phwn=18,6,9,5,28,0,0 phwm=264.0,94.2,124.8,71.8,425.8,0.0,0.0 sfxm=18.2 sfxn=1 phfd=0.0 sfx=18,110 bat=1.0,0
[http] POST /v1/messages -> 200
[timing] render 0.8ms encode 24.8ms (160788 chars -> 41219 toks)
[gen] prompt=41219 prefix_hit=39805 snap=39805 ckpt=-1 pfx=0
[gen-done] eos: 58 tokens in 0.3s (210.6 t/s), n_max=64000
[req] rid=23 api=anth conv=1bbbdfe083db478b qw_ms=1 tok_ms=26 prompt=41219 hit=39805 ckpt=-1 pf=1414 pf_ms=568 dec=58 dec_ms=275 cb_ms=0 rounds=14 tps=210.6 end=eos gw=0 yields=0 slot=0 t=78093 md4=25 md5=111 md6=0 md7=0 mprom=1 mdem=0 gch=76,61,58,75,194,179,23,0 gnh=99,139,89,92,132,99,16,0 glf=590,529,471,396,202,23,0 gla=534,428,339,247,115,16,0 phd=60.2 phv=196.8 phs=60 phwn=1,0,1,0,11,0,0 phwm=15.1,0.0,14.0,0.0,167.7,0.0,0.0 sfxm=18.3 sfxn=1 phfd=0.0 sfx=19,113 bat=1.0,0
[http] POST /v1/messages -> 200
[timing] render 0.6ms encode 24.4ms (161586 chars -> 41400 toks)
[gen] prompt=41400 prefix_hit=41212 snap=41212 ckpt=-1 pfx=0
[gen-done] eos: 42 tokens in 0.2s (236.2 t/s), n_max=64000
[req] rid=24 api=anth conv=1bbbdfe083db478b qw_ms=0 tok_ms=25 prompt=41400 hit=41212 ckpt=-1 pf=188 pf_ms=130 dec=42 dec_ms=178 cb_ms=0 rounds=9 tps=236.2 end=eos gw=0 yields=0 slot=0 t=78445 md4=25 md5=120 md6=0 md7=0 mprom=1 mdem=0 gch=76,61,58,76,194,186,23,0 gnh=99,140,90,94,133,102,16,0 glf=598,537,479,403,209,23,0 gla=542,435,345,251,118,16,0 phd=39.2 phv=120.3 phs=39 phwn=0,0,1,0,7,0,0 phwm=0.0,0.0,13.9,0.0,106.4,0.0,0.0 sfxm=18.2 sfxn=1 phfd=0.0 sfx=20,122 bat=1.0,0
[http] POST /v1/messages -> 200
[timing] render 0.8ms encode 24.6ms (162520 chars -> 41682 toks)
[gen] prompt=41682 prefix_hit=41393 snap=41393 ckpt=-1 pfx=0
[gen-done] eos: 466 tokens in 2.2s (207.2 t/s), n_max=64000
[req] rid=25 api=anth conv=1bbbdfe083db478b qw_ms=0 tok_ms=25 prompt=41682 hit=41393 ckpt=-1 pf=289 pf_ms=171 dec=466 dec_ms=2249 cb_ms=0 rounds=118 tps=207.2 end=eos gw=0 yields=0 slot=0 t=80902 md4=25 md5=232 md6=6 md7=0 mprom=2 mdem=0 gch=85,74,69,91,208,238,24,0 gnh=112,165,110,105,143,137,17,0 glf=704,630,561,470,262,24,0 gla=640,512,402,297,154,17,0 phd=474.5 phv=1716.6 phs=465 phwn=22,11,15,14,52,1,0 phwm=322.7,174.3,209.0,201.5,793.3,15.9,0.0 sfxm=56.8 sfxn=3 phfd=0.0 sfx=23,157 bat=1.0,0
[http] POST /v1/messages -> 200
[timing] render 0.7ms encode 24.3ms (164644 chars -> 42200 toks)
[gen] prompt=42200 prefix_hit=41675 snap=41675 ckpt=-1 pfx=0
[gen-done] eos: 50 tokens in 0.2s (251.0 t/s), n_max=64000
[req] rid=26 api=anth conv=1bbbdfe083db478b qw_ms=0 tok_ms=25 prompt=42200 hit=41675 ckpt=-1 pf=525 pf_ms=245 dec=50 dec_ms=199 cb_ms=0 rounds=10 tps=251.0 end=eos gw=0 yields=0 slot=0 t=81411 md4=25 md5=232 md6=14 md7=0 mprom=2 mdem=0 gch=85,75,69,91,209,239,28,0 gnh=112,166,110,105,146,137,20,0 glf=711,636,567,476,267,28,0 gla=647,518,408,303,157,20,0 phd=36.0 phv=107.7 phs=37 phwn=1,0,0,1,1,4,0 phwm=14.3,0.0,0.0,14.4,15.3,63.8,0.0 sfxm=55.4 sfxn=3 phfd=0.0 sfx=26,172 bat=1.0,0
[http] POST /v1/messages -> 200
[timing] render 0.6ms encode 25.5ms (165342 chars -> 42387 toks)
[gen] prompt=42387 prefix_hit=42193 snap=42193 ckpt=-1 pfx=0
[gen-done] eos: 61 tokens in 0.2s (249.9 t/s), n_max=64000
[req] rid=27 api=anth conv=1bbbdfe083db478b qw_ms=0 tok_ms=26 prompt=42387 hit=42193 ckpt=-1 pf=194 pf_ms=132 dec=61 dec_ms=244 cb_ms=0 rounds=12 tps=249.9 end=eos gw=0 yields=0 slot=0 t=81827 md4=25 md5=232 md6=26 md7=0 mprom=2 mdem=0 gch=85,76,70,92,210,240,34,0 gnh=113,168,111,106,147,137,25,0 glf=722,646,576,484,274,34,0 gla=657,526,415,309,162,25,0 phd=56.0 phv=169.4 phs=56 phwn=1,1,1,1,1,6,0 phwm=14.4,15.9,13.9,14.4,15.3,95.6,0.0 sfxm=18.5 sfxn=1 phfd=0.0 sfx=27,182 bat=1.0,0
[http] POST /v1/messages -> 200
[timing] render 0.6ms encode 25.5ms (166780 chars -> 42786 toks)
[gen] prompt=42786 prefix_hit=42380 snap=42380 ckpt=-1 pfx=0
[gen-done] eos: 270 tokens in 1.4s (188.6 t/s), n_max=64000
[req] rid=28 api=anth conv=1bbbdfe083db478b qw_ms=0 tok_ms=26 prompt=42786 hit=42380 ckpt=-1 pf=406 pf_ms=204 dec=270 dec_ms=1432 cb_ms=0 rounds=74 tps=188.6 end=eos gw=0 yields=0 slot=0 t=83500 md4=25 md5=285 md6=47 md7=0 mprom=2 mdem=1 gch=93,84,76,96,219,270,43,0 gnh=125,186,116,115,155,156,28,0 glf=788,704,628,532,313,43,0 gla=716,570,454,339,184,28,0 phd=311.2 phv=1120.0 phs=309 phwn=16,6,4,9,30,9,0 phwm=236.8,95.6,55.7,129.9,458.5,143.4,0.0 sfxm=0.0 sfxn=0 phfd=0.0 sfx=27,182 bat=1.0,0
[http] POST /v1/messages -> 200
[timing] render 0.0ms encode 1.0ms (2484 chars -> 602 toks)
[gen] prompt=602 prefix_hit=0 snap=0 ckpt=-1 pfx=0
[timing] render 1.0ms encode 18.1ms (101728 chars -> 23884 toks)
[gen-done] eos: 17 tokens in 0.1s (195.4 t/s), n_max=64000
[req] rid=29 api=anth conv=ac5a6fae3dd48243 qw_ms=0 tok_ms=1 prompt=602 hit=0 ckpt=-1 pf=602 pf_ms=197 dec=17 dec_ms=87 cb_ms=0 rounds=5 tps=195.4 end=eos gw=0 yields=0 slot=0 t=85455 md4=5 md5=0 md6=0 md7=0 mprom=0 mdem=0 gch=93,84,76,96,224,270,43,0 gnh=126,187,116,115,158,156,28,0 glf=793,709,633,537,313,43,0 gla=720,573,457,342,184,28,0 phd=17.7 phv=69.2 phs=20 phwn=0,0,0,5,0,0,0 phwm=0.0,0.0,0.0,69.2,0.0,0.0,0.0 sfxm=0.0 sfxn=0 phfd=0.0 sfx=27,182 bat=1.0,0
[http] POST /v1/messages -> 200
[gen] prompt=23884 prefix_hit=0 snap=0 ckpt=-1 pfx=0
[gen-done] eos: 115 tokens in 0.8s (152.1 t/s), n_max=64000
[req] rid=30 api=anth conv=2b9b70e583c005dd qw_ms=255 tok_ms=19 prompt=23884 hit=0 ckpt=-1 pf=23884 pf_ms=7045 dec=115 dec_ms=756 cb_ms=0 rounds=43 tps=152.1 end=eos gw=0 yields=0 slot=0 t=93257 md4=43 md5=0 md6=0 md7=0 mprom=0 mdem=0 gch=95,92,83,101,245,270,43,0 gnh=136,200,123,120,166,156,28,0 glf=834,742,659,558,313,43,0 gla=752,593,470,350,184,28,0 phd=138.9 phv=617.1 phs=143 phwn=10,7,5,21,0,0,0 phwm=139.6,104.1,69.8,303.5,0.0,0.0,0.0 sfxm=0.0 sfxn=0 phfd=0.0 sfx=27,182 bat=1.0,0
[http] POST /v1/messages -> 200
[timing] render 0.0ms encode 1.0ms (2295 chars -> 564 toks)
[gen] prompt=564 prefix_hit=0 snap=0 ckpt=-1 pfx=0
[timing] render 0.9ms encode 18.1ms (101571 chars -> 23846 toks)
[gen-done] eos: 16 tokens in 0.1s (158.5 t/s), n_max=64000
[req] rid=31 api=anth conv=3c84b998906336c6 qw_ms=0 tok_ms=1 prompt=564 hit=0 ckpt=-1 pf=564 pf_ms=184 dec=16 dec_ms=101 cb_ms=0 rounds=6 tps=158.5 end=eos gw=0 yields=0 slot=0 t=95222 md4=6 md5=0 md6=0 md7=0 mprom=0 mdem=0 gch=95,93,83,103,248,270,43,0 gnh=136,203,123,121,168,156,28,0 glf=840,747,664,561,313,43,0 gla=758,596,473,352,184,28,0 phd=20.3 phv=80.6 phs=22 phwn=1,0,2,3,0,0,0 phwm=12.3,0.0,26.8,41.6,0.0,0.0,0.0 sfxm=0.0 sfxn=0 phfd=0.0 sfx=27,182 bat=1.0,0
[http] POST /v1/messages -> 200
[gen] prompt=23846 prefix_hit=0 snap=0 ckpt=-1 pfx=0
[gen-done] eos: 222 tokens in 1.4s (157.5 t/s), n_max=64000
[req] rid=32 api=anth conv=f3a5cdbd7ecf605b qw_ms=256 tok_ms=19 prompt=23846 hit=0 ckpt=-1 pf=23846 pf_ms=7034 dec=222 dec_ms=1409 cb_ms=0 rounds=80 tps=157.5 end=eos gw=0 yields=0 slot=0 t=103667 md4=80 md5=0 md6=0 md7=0 mprom=0 mdem=0 gch=104,102,99,113,284,270,43,0 gnh=155,227,131,133,185,156,28,0 glf=911,809,710,597,313,43,0 gla=814,633,502,369,184,28,0 phd=254.3 phv=1154.3 phs=259 phwn=18,16,10,36,0,0,0 phwm=255.9,238.0,139.7,520.7,0.0,0.0,0.0 sfxm=0.0 sfxn=0 phfd=0.0 sfx=27,182 bat=1.0,0
[http] POST /v1/messages -> 200
[timing] render 0.4ms encode 11.0ms (66642 chars -> 15761 toks)
[gen] prompt=15761 prefix_hit=0 snap=0 ckpt=-1 pfx=0
[gen-done] eos: 207 tokens in 1.0s (201.7 t/s), n_max=32000
[sample-stats] T=1.000 top_p=1.000: 3.569 tokens/round (207 tok/58 rounds)
[req] rid=33 api=anth conv=3641231c2ec1f204 qw_ms=0 tok_ms=11 prompt=15761 hit=0 ckpt=-1 pf=15761 pf_ms=4501 dec=207 dec_ms=1026 cb_ms=0 rounds=58 tps=201.7 end=eos gw=0 yields=0 slot=0 t=109218 md4=0 md5=0 md6=0 md7=0 mprom=0 mdem=0 gch=104,102,99,113,284,270,43,0 gnh=155,227,131,133,185,156,28,0 glf=911,809,710,597,313,43,0 gla=814,633,502,369,184,28,0 phd=0.0 phv=0.0 phs=0 phwn=0,0,0,0,0,0,0 phwm=0.0,0.0,0.0,0.0,0.0,0.0,0.0 sfxm=0.0 sfxn=0 phfd=0.0 sfx=27,182 bat=1.0,0
[http] POST /v1/messages -> 200
[timing] render 0.4ms encode 11.8ms (69358 chars -> 16433 toks)
[gen] prompt=16433 prefix_hit=15754 snap=15754 ckpt=-1 pfx=0
[http] POST /v1/messages/count_tokens -> 200
[gen-done] eos: 152 tokens in 0.6s (252.1 t/s), n_max=32000
[sample-stats] T=1.000 top_p=1.000: 4.606 tokens/round (152 tok/33 rounds)
[req] rid=34 api=anth conv=3641231c2ec1f204 qw_ms=0 tok_ms=12 prompt=16433 hit=15754 ckpt=-1 pf=679 pf_ms=236 dec=152 dec_ms=603 cb_ms=0 rounds=33 tps=252.1 end=eos gw=0 yields=0 slot=0 t=110090 md4=0 md5=0 md6=0 md7=0 mprom=0 mdem=0 gch=104,102,99,113,284,270,43,0 gnh=155,227,131,133,185,156,28,0 glf=911,809,710,597,313,43,0 gla=814,633,502,369,184,28,0 phd=0.0 phv=0.0 phs=0 phwn=0,0,0,0,0,0,0 phwm=0.0,0.0,0.0,0.0,0.0,0.0,0.0 sfxm=0.0 sfxn=0 phfd=0.0 sfx=27,182 bat=1.0,0
[http] POST /v1/messages -> 200
[timing] render 0.6ms encode 22.1ms (148107 chars -> 39965 toks)
[gen] prompt=39965 prefix_hit=16426 snap=16426 ckpt=-1 pfx=0
[gen-done] eos: 73 tokens in 0.5s (153.3 t/s), n_max=32000
[sample-stats] T=1.000 top_p=1.000: 2.808 tokens/round (73 tok/26 rounds)
[req] rid=35 api=anth conv=3641231c2ec1f204 qw_ms=0 tok_ms=23 prompt=39965 hit=16426 ckpt=-1 pf=23539 pf_ms=7887 dec=73 dec_ms=476 cb_ms=0 rounds=26 tps=153.3 end=eos gw=0 yields=0 slot=0 t=118489 md4=0 md5=0 md6=0 md7=0 mprom=0 mdem=0 gch=104,102,99,113,284,270,43,0 gnh=155,227,131,133,185,156,28,0 glf=911,809,710,597,313,43,0 gla=814,633,502,369,184,28,0 phd=0.0 phv=0.0 phs=0 phwn=0,0,0,0,0,0,0 phwm=0.0,0.0,0.0,0.0,0.0,0.0,0.0 sfxm=0.0 sfxn=0 phfd=0.0 sfx=27,182 bat=1.0,0
[http] POST /v1/messages -> 200
[timing] render 0.4ms encode 22.7ms (153191 chars -> 41512 toks)
[gen] prompt=41512 prefix_hit=39958 snap=39958 ckpt=-1 pfx=0
[gen-done] eos: 1790 tokens in 10.3s (173.3 t/s), n_max=32000
[sample-stats] T=1.000 top_p=1.000: 3.249 tokens/round (1790 tok/551 rounds)
[req] rid=36 api=anth conv=3641231c2ec1f204 qw_ms=0 tok_ms=23 prompt=41512 hit=39958 ckpt=-1 pf=1554 pf_ms=619 dec=1790 dec_ms=10327 cb_ms=0 rounds=551 tps=173.3 end=eos gw=0 yields=0 slot=0 t=129476 md4=0 md5=0 md6=0 md7=0 mprom=0 mdem=0 gch=104,102,99,113,284,270,43,0 gnh=155,227,131,133,185,156,28,0 glf=911,809,710,597,313,43,0 gla=814,633,502,369,184,28,0 phd=0.0 phv=0.0 phs=0 phwn=0,0,0,0,0,0,0 phwm=0.0,0.0,0.0,0.0,0.0,0.0,0.0 sfxm=0.0 sfxn=0 phfd=0.0 sfx=27,182 bat=1.0,0
[http] POST /v1/messages -> 200
[timing] render 0.6ms encode 17.9ms (109537 chars -> 25873 toks)
[gen] prompt=25873 prefix_hit=0 snap=0 ckpt=-1 pfx=0
[drift] recovered=1 modes=1
[tool-fallback] 1 bare call(s) recovered (stream)
[gen-done] eos: 86 tokens in 0.4s (230.3 t/s), n_max=64000
[req] rid=37 api=anth conv=f3a5cdbd7ecf605b qw_ms=1 tok_ms=19 prompt=25873 hit=0 ckpt=-1 pf=25873 pf_ms=7700 dec=86 dec_ms=373 cb_ms=0 rounds=20 tps=230.3 end=eos gw=0 yields=0 slot=0 t=137585 md4=17 md5=3 md6=0 md7=0 mprom=1 mdem=0 gch=104,104,100,113,297,273,43,0 gnh=155,229,134,134,197,157,28,0 glf=930,826,726,613,316,43,0 gla=833,650,516,382,185,28,0 phd=77.3 phv=277.7 phs=74 phwn=2,1,0,13,3,0,0 phwm=27.9,15.1,0.0,188.6,46.1,0.0,0.0 sfxm=18.4 sfxn=1 phfd=0.0 sfx=28,188 bat=1.0,0
[http] POST /v1/messages -> 200
[timing] render 0.6ms encode 18.4ms (116328 chars -> 27850 toks)
[gen] prompt=27850 prefix_hit=25866 snap=25866 ckpt=-1 pfx=0
[gen-done] eos: 68 tokens in 0.4s (186.0 t/s), n_max=64000
[req] rid=38 api=anth conv=f3a5cdbd7ecf605b qw_ms=0 tok_ms=19 prompt=27850 hit=25866 ckpt=-1 pf=1984 pf_ms=686 dec=68 dec_ms=366 cb_ms=0 rounds=20 tps=186.0 end=eos gw=0 yields=0 slot=0 t=138675 md4=17 md5=23 md6=0 md7=0 mprom=1 mdem=0 gch=109,106,100,116,300,279,43,0 gnh=159,234,137,136,198,161,28,0 glf=944,838,738,622,322,43,0 gla=846,660,523,387,189,28,0 phd=65.9 phv=280.8 phs=66 phwn=7,0,3,3,6,0,0 phwm=102.4,0.0,42.2,43.7,92.5,0.0,0.0 sfxm=18.6 sfxn=1 phfd=0.0 sfx=29,198 bat=1.0,0
[http] POST /v1/messages -> 200
[timing] render 0.8ms encode 18.7ms (117692 chars -> 28254 toks)
[gen] prompt=28254 prefix_hit=27843 snap=27843 ckpt=-1 pfx=0
[gen-done] eos: 71 tokens in 0.3s (211.4 t/s), n_max=64000
[req] rid=39 api=anth conv=f3a5cdbd7ecf605b qw_ms=0 tok_ms=19 prompt=28254 hit=27843 ckpt=-1 pf=411 pf_ms=191 dec=71 dec_ms=336 cb_ms=0 rounds=18 tps=211.4 end=eos gw=0 yields=0 slot=0 t=139233 md4=17 md5=41 md6=0 md7=0 mprom=1 mdem=0 gch=114,107,101,117,301,287,43,0 gnh=161,239,138,137,199,168,28,0 glf=956,849,748,631,330,43,0 gla=858,670,532,395,196,28,0 phd=61.1 phv=255.8 phs=59 phwn=6,1,1,1,8,0,0 phwm=88.5,15.3,14.1,14.6,123.4,0.0,0.0 sfxm=18.7 sfxn=1 phfd=0.0 sfx=30,205 bat=1.0,0
[http] POST /v1/messages -> 200
[timing] render 0.6ms encode 18.9ms (119378 chars -> 28737 toks)
[gen] prompt=28737 prefix_hit=28247 snap=28247 ckpt=-1 pfx=0
[gen-done] eos: 278 tokens in 1.5s (179.7 t/s), n_max=64000
[req] rid=40 api=anth conv=f3a5cdbd7ecf605b qw_ms=1 tok_ms=20 prompt=28737 hit=28247 ckpt=-1 pf=490 pf_ms=214 dec=278 dec_ms=1547 cb_ms=0 rounds=82 tps=179.7 end=eos gw=0 yields=0 slot=0 t=141024 md4=17 md5=121 md6=0 md7=0 mprom=1 mdem=0 gch=122,118,110,124,308,325,43,0 gnh=174,259,149,147,204,189,28,0 glf=1028,910,800,676,368,43,0 gla=922,717,568,421,217,28,0 phd=309.1 phv=1199.7 phs=310 phwn=19,9,7,7,38,0,0 phwm=274.3,138.0,98.7,102.2,586.6,0.0,0.0 sfxm=37.2 sfxn=2 phfd=0.0 sfx=32,209 bat=1.0,0
[http] POST /v1/messages -> 200
[timing] render 0.6ms encode 20.1ms (121080 chars -> 29173 toks)
[gen] prompt=29173 prefix_hit=28730 snap=28730 ckpt=-1 pfx=0
[gen-done] eos: 197 tokens in 0.8s (261.6 t/s), n_max=64000
[req] rid=41 api=anth conv=f3a5cdbd7ecf605b qw_ms=1 tok_ms=21 prompt=29173 hit=28730 ckpt=-1 pf=443 pf_ms=196 dec=197 dec_ms=753 cb_ms=0 rounds=37 tps=261.6 end=eos gw=0 yields=0 slot=0 t=142013 md4=17 md5=139 md6=16 md7=0 mprom=2 mdem=0 gch=124,119,112,124,309,340,54,0 gnh=175,262,152,149,206,203,35,0 glf=1058,939,827,703,394,54,0 gla=952,745,593,444,238,35,0 phd=159.3 phv=497.9 phs=156 phwn=3,2,0,1,15,11,0 phwm=43.9,30.7,0.0,14.6,231.5,177.1,0.0 sfxm=95.5 sfxn=5 phfd=0.0 sfx=37,242 bat=1.0,0
[http] POST /v1/messages -> 200
[timing] render 0.6ms encode 19.4ms (122106 chars -> 29424 toks)
[gen] prompt=29424 prefix_hit=29166 snap=29166 ckpt=-1 pfx=0
[gen-done] eos: 125 tokens in 0.7s (183.4 t/s), n_max=64000
[req] rid=42 api=anth conv=f3a5cdbd7ecf605b qw_ms=0 tok_ms=20 prompt=29424 hit=29166 ckpt=-1 pf=258 pf_ms=140 dec=125 dec_ms=681 cb_ms=0 rounds=36 tps=183.4 end=eos gw=0 yields=0 slot=0 t=142887 md4=17 md5=156 md6=35 md7=0 mprom=2 mdem=1 gch=129,125,115,127,310,350,60,0 gnh=180,273,156,154,207,211,35,0 glf=1087,962,847,720,410,60,0 gla=979,763,607,453,246,35,0 phd=130.2 phv=513.3 phs=131 phwn=11,3,3,1,10,6,0 phwm=159.3,46.1,42.3,14.6,154.5,96.5,0.0 sfxm=37.6 sfxn=2 phfd=0.0 sfx=39,256 bat=1.0,0
[http] POST /v1/messages -> 200
[timing] render 0.6ms encode 20.3ms (123886 chars -> 29887 toks)
[gen] prompt=29887 prefix_hit=29417 snap=29417 ckpt=-1 pfx=0
[gen-done] eos: 266 tokens in 0.9s (282.3 t/s), n_max=64000
[req] rid=43 api=anth conv=f3a5cdbd7ecf605b qw_ms=0 tok_ms=21 prompt=29887 hit=29417 ckpt=-1 pf=470 pf_ms=201 dec=266 dec_ms=942 cb_ms=0 rounds=47 tps=282.3 end=eos gw=0 yields=0 slot=0 t=144062 md4=17 md5=181 md6=55 md7=0 mprom=3 mdem=1 gch=131,128,115,131,311,366,72,0 gnh=184,277,157,158,210,225,43,0 glf=1123,995,880,749,438,72,0 gla=1013,793,636,478,268,43,0 phd=184.8 phv=583.8 phs=181 phwn=5,0,4,1,16,12,0 phwm=72.5,0.0,56.4,14.5,247.0,193.3,0.0 sfxm=173.3 sfxn=9 phfd=0.0 sfx=48,339 bat=1.0,0
[http] POST /v1/messages -> 200
[timing] render 0.6ms encode 19.4ms (125187 chars -> 30203 toks)
[gen] prompt=30203 prefix_hit=29880 snap=29880 ckpt=-1 pfx=0
[gen-done] eos: 91 tokens in 0.3s (303.2 t/s), n_max=64000
[req] rid=44 api=anth conv=f3a5cdbd7ecf605b qw_ms=0 tok_ms=20 prompt=30203 hit=29880 ckpt=-1 pf=323 pf_ms=176 dec=91 dec_ms=300 cb_ms=0 rounds=15 tps=303.2 end=eos gw=0 yields=0 slot=0 t=144589 md4=17 md5=181 md6=60 md7=7 mprom=4 mdem=1 gch=132,129,115,131,312,366,75,2 gnh=184,279,157,158,211,225,46,2 glf=1130,1001,886,755,443,77,2 gla=1020,799,642,484,273,48,2 phd=39.4 phv=128.2 phs=40 phwn=2,0,0,1,0,3,2 phwm=29.1,0.0,0.0,14.6,0.0,48.3,36.2 sfxm=132.3 sfxn=7 phfd=0.0 sfx=55,389 bat=1.0,0
[http] POST /v1/messages -> 200
[timing] render 0.7ms encode 19.8ms (127863 chars -> 30931 toks)
[gen] prompt=30931 prefix_hit=30196 snap=30196 ckpt=-1 pfx=0
[gen-done] eos: 140 tokens in 0.8s (166.4 t/s), n_max=64000
[req] rid=45 api=anth conv=f3a5cdbd7ecf605b qw_ms=0 tok_ms=21 prompt=30931 hit=30196 ckpt=-1 pf=735 pf_ms=286 dec=140 dec_ms=842 cb_ms=0 rounds=45 tps=166.4 end=eos gw=0 yields=0 slot=0 t=145748 md4=17 md5=196 md6=74 md7=23 mprom=4 mdem=3 gch=143,136,120,135,314,374,77,6 gnh=194,295,161,161,211,232,49,2 glf=1162,1026,906,771,457,83,6 gla=1047,816,655,494,283,51,2 phd=148.0 phv=655.6 phs=148 phwn=18,5,4,2,8,2,4 phwm=264.9,77.6,56.6,29.3,123.9,32.3,71.1 sfxm=37.6 sfxn=2 phfd=0.0 sfx=57,402 bat=1.0,0
[http] POST /v1/messages -> 200
[timing] render 0.6ms encode 20.5ms (128832 chars -> 31175 toks)
[gen] prompt=31175 prefix_hit=30924 snap=30924 ckpt=-1 pfx=0
[gen-done] eos: 307 tokens in 1.6s (196.5 t/s), n_max=64000
[req] rid=46 api=anth conv=f3a5cdbd7ecf605b qw_ms=0 tok_ms=21 prompt=31175 hit=30924 ckpt=-1 pf=251 pf_ms=141 dec=307 dec_ms=1563 cb_ms=0 rounds=82 tps=196.5 end=eos gw=0 yields=0 slot=0 t=147485 md4=17 md5=278 md6=74 md7=23 mprom=4 mdem=3 gch=152,146,126,142,322,413,77,6 gnh=204,316,171,170,219,253,49,2 glf=1232,1086,960,818,496,83,6 gla=1112,864,693,523,304,51,2 phd=314.6 phv=1190.5 phs=310 phwn=19,6,7,8,39,0,0 phwm=277.7,93.1,99.1,116.9,603.7,0.0,0.0 sfxm=56.8 sfxn=3 phfd=0.0 sfx=60,427 bat=1.0,0
[http] POST /v1/messages -> 200
[timing] render 0.7ms encode 22.2ms (130344 chars -> 31532 toks)
[gen] prompt=31532 prefix_hit=31168 snap=31168 ckpt=-1 pfx=0
[gen-done] eos: 51 tokens in 0.2s (280.5 t/s), n_max=64000
[req] rid=47 api=anth conv=f3a5cdbd7ecf605b qw_ms=0 tok_ms=23 prompt=31532 hit=31168 ckpt=-1 pf=364 pf_ms=183 dec=51 dec_ms=182 cb_ms=0 rounds=9 tps=280.5 end=eos gw=0 yields=0 slot=0 t=147906 md4=17 md5=285 md6=76 md7=23 mprom=5 mdem=3 gch=152,146,126,142,322,418,78,6 gnh=204,317,171,170,219,257,50,2 glf=1238,1092,966,824,502,84,6 gla=1118,869,698,528,309,52,2 phd=30.9 phv=93.6 phs=31 phwn=0,0,0,0,5,1,0 phwm=0.0,0.0,0.0,0.0,77.5,16.1,0.0 sfxm=57.1 sfxn=3 phfd=0.0 sfx=63,452 bat=1.0,0
[http] POST /v1/messages -> 200
[timing] render 0.7ms encode 20.4ms (132324 chars -> 32051 toks)
[gen] prompt=32051 prefix_hit=31525 snap=31525 ckpt=-1 pfx=0
[gen-done] eos: 587 tokens in 3.0s (195.2 t/s), n_max=64000
[req] rid=48 api=anth conv=f3a5cdbd7ecf605b qw_ms=0 tok_ms=21 prompt=32051 hit=31525 ckpt=-1 pf=526 pf_ms=231 dec=587 dec_ms=3008 cb_ms=0 rounds=152 tps=195.2 end=eos gw=0 yields=0 slot=0 t=151177 md4=17 md5=393 md6=118 md7=23 mprom=5 mdem=4 gch=160,159,140,150,337,489,99,6 gnh=217,350,199,185,234,294,59,2 glf=1380,1221,1081,931,594,105,6 gla=1248,973,774,589,355,61,2 phd=671.1 phv=2298.2 phs=667 phwn=21,14,8,15,71,21,0 phwm=306.6,218.7,113.4,219.8,1100.1,339.6,0.0 sfxm=37.6 sfxn=2 phfd=0.0 sfx=65,459 bat=1.0,0
[http] POST /v1/messages -> 200
[timing] render 0.7ms encode 22.7ms (135687 chars -> 32939 toks)
[gen] prompt=32939 prefix_hit=32044 snap=32044 ckpt=-1 pfx=0
[gen-done] eos: 70 tokens in 0.4s (181.6 t/s), n_max=64000
[req] rid=49 api=anth conv=f3a5cdbd7ecf605b qw_ms=1 tok_ms=23 prompt=32939 hit=32044 ckpt=-1 pf=895 pf_ms=344 dec=70 dec_ms=385 cb_ms=0 rounds=20 tps=181.6 end=eos gw=0 yields=0 slot=0 t=152796 md4=17 md5=412 md6=118 md7=23 mprom=5 mdem=4 gch=162,161,141,151,339,500,99,6 gnh=220,353,203,188,234,300,59,2 glf=1397,1236,1095,944,605,105,6 gla=1264,986,783,595,361,61,2 phd=77.7 phv=288.8 phs=78 phwn=4,1,1,2,11,0,0 phwm=59.0,15.7,14.2,29.4,170.5,0.0,0.0 sfxm=18.9 sfxn=1 phfd=0.0 sfx=66,463 bat=1.0,0
[http] POST /v1/messages -> 200
[timing] render 0.7ms encode 21.0ms (136532 chars -> 33131 toks)
[gen] prompt=33131 prefix_hit=32932 snap=32932 ckpt=-1 pfx=0
[gen-done] eos: 50 tokens in 0.2s (248.3 t/s), n_max=64000
[req] rid=50 api=anth conv=f3a5cdbd7ecf605b qw_ms=0 tok_ms=22 prompt=33131 hit=32932 ckpt=-1 pf=199 pf_ms=126 dec=50 dec_ms=201 cb_ms=0 rounds=10 tps=248.3 end=eos gw=0 yields=0 slot=0 t=153172 md4=17 md5=421 md6=118 md7=23 mprom=5 mdem=4 gch=162,161,141,151,340,507,99,6 gnh=220,354,203,189,235,305,59,2 glf=1405,1244,1103,952,612,105,6 gla=1272,993,790,601,366,61,2 phd=40.3 phv=123.4 phs=40 phwn=0,0,0,1,7,0,0 phwm=0.0,0.0,0.0,14.7,108.7,0.0,0.0 sfxm=37.6 sfxn=2 phfd=0.0 sfx=68,474 bat=1.0,0
[http] POST /v1/messages -> 200
[timing] render 0.7ms encode 22.6ms (136839 chars -> 33214 toks)
[gen] prompt=33214 prefix_hit=33124 snap=33124 ckpt=-1 pfx=0
[gen-done] eos: 50 tokens in 0.2s (283.0 t/s), n_max=64000
[req] rid=51 api=anth conv=f3a5cdbd7ecf605b qw_ms=1 tok_ms=23 prompt=33214 hit=33124 ckpt=-1 pf=90 pf_ms=98 dec=50 dec_ms=177 cb_ms=0 rounds=9 tps=283.0 end=eos gw=0 yields=0 slot=0 t=153486 md4=17 md5=429 md6=118 md7=23 mprom=5 mdem=4 gch=162,161,141,151,341,511,99,6 gnh=220,354,203,189,237,308,59,2 glf=1410,1249,1108,957,616,105,6 gla=1277,998,795,606,369,61,2 phd=24.8 phv=76.7 phs=25 phwn=0,0,0,1,4,0,0 phwm=0.0,0.0,0.0,14.7,62.0,0.0,0.0 sfxm=75.1 sfxn=4 phfd=0.0 sfx=72,502 bat=1.0,0
[http] POST /v1/messages -> 200
[timing] render 0.6ms encode 22.0ms (137141 chars -> 33293 toks)
[gen] prompt=33293 prefix_hit=33207 snap=33207 ckpt=-1 pfx=0
[gen-done] eos: 463 tokens in 1.9s (239.8 t/s), n_max=64000
[req] rid=52 api=anth conv=f3a5cdbd7ecf605b qw_ms=1 tok_ms=23 prompt=33293 hit=33207 ckpt=-1 pf=86 pf_ms=91 dec=463 dec_ms=1930 cb_ms=0 rounds=98 tps=239.8 end=eos gw=0 yields=0 slot=0 t=155562 md4=17 md5=482 md6=161 md7=23 mprom=6 mdem=5 gch=172,170,145,163,343,546,117,6 gnh=227,369,211,208,242,332,71,2 glf=1490,1320,1175,1012,669,123,6 gla=1355,1066,855,647,405,73,2 phd=397.2 phv=1379.1 phs=383 phwn=19,4,12,2,35,18,0 phwm=281.0,62.8,170.4,29.4,544.0,291.5,0.0 sfxm=153.5 sfxn=8 phfd=0.0 sfx=80,577 bat=1.0,0
[http] POST /v1/messages -> 200
[timing] render 0.7ms encode 21.7ms (139817 chars -> 34057 toks)
[gen] prompt=34057 prefix_hit=33286 snap=33286 ckpt=-1 pfx=0
[gen-done] eos: 629 tokens in 1.9s (329.9 t/s), n_max=64000
[req] rid=53 api=anth conv=f3a5cdbd7ecf605b qw_ms=0 tok_ms=22 prompt=34057 hit=33286 ckpt=-1 pf=771 pf_ms=301 dec=629 dec_ms=1907 cb_ms=0 rounds=94 tps=329.9 end=eos gw=0 yields=0 slot=0 t=157839 md4=17 md5=517 md6=176 md7=65 mprom=8 mdem=5 gch=178,172,150,169,349,563,119,21 gnh=236,378,218,216,248,346,71,8 glf=1543,1371,1221,1052,703,140,21 gla=1403,1107,889,673,425,79,8 phd=281.7 phv=936.8 phs=284 phwn=8,5,6,6,17,2,15 phwm=120.1,78.8,85.4,88.5,264.7,32.4,266.9 sfxm=687.6 sfxn=35 phfd=0.0 sfx=115,969 bat=1.0,0
[http] POST /v1/messages -> 200
[timing] render 0.7ms encode 22.2ms (142539 chars -> 34833 toks)
[gen] prompt=34833 prefix_hit=34050 snap=34050 ckpt=-1 pfx=0
[gen-done] eos: 650 tokens in 1.5s (425.5 t/s), n_max=64000
[req] rid=54 api=anth conv=f3a5cdbd7ecf605b qw_ms=1 tok_ms=23 prompt=34833 hit=34050 ckpt=-1 pf=783 pf_ms=333 dec=650 dec_ms=1527 cb_ms=0 rounds=77 tps=425.5 end=eos gw=0 yields=0 slot=0 t=159746 md4=17 md5=517 md6=209 md7=108 mprom=9 mdem=6 gch=183,173,151,173,354,564,130,23 gnh=244,383,221,222,249,347,76,9 glf=1568,1395,1244,1071,717,153,23 gla=1423,1124,903,681,432,85,9 phd=132.3 phv=466.8 phs=137 phwn=6,1,4,5,1,11,2 phwm=90.7,15.8,57.0,73.6,15.5,178.5,35.7 sfxm=927.6 sfxn=47 phfd=0.0 sfx=162,1516 bat=1.0,0
[http] POST /v1/messages -> 200
[timing] render 0.6ms encode 23.4ms (145497 chars -> 35696 toks)
[gen] prompt=35696 prefix_hit=34826 snap=34826 ckpt=-1 pfx=0
[gen-done] eos: 778 tokens in 2.5s (307.3 t/s), n_max=64000
[req] rid=55 api=anth conv=f3a5cdbd7ecf605b qw_ms=1 tok_ms=24 prompt=35696 hit=34826 ckpt=-1 pf=870 pf_ms=352 dec=778 dec_ms=2531 cb_ms=0 rounds=114 tps=307.3 end=eos gw=0 yields=0 slot=0 t=162681 md4=17 md5=517 md6=209 md7=209 mprom=9 mdem=6 gch=184,175,155,177,358,566,135,79 gnh=247,389,229,229,254,352,81,48 glf=1645,1470,1315,1138,780,214,79 gla=1497,1193,964,735,481,129,48 phd=490.3 phv=1336.4 phs=492 phwn=3,4,4,4,2,5,56 phwm=44.3,63.7,57.2,59.1,31.3,81.4,999.4 sfxm=703.7 sfxn=36 phfd=0.0 sfx=198,1826 bat=1.0,0
[http] POST /v1/messages -> 200
[timing] render 0.8ms encode 23.7ms (149030 chars -> 36551 toks)
[gen] prompt=36551 prefix_hit=35689 snap=35689 ckpt=-1 pfx=0
[gen-done] eos: 751 tokens in 1.6s (475.6 t/s), n_max=64000
[req] rid=56 api=anth conv=f3a5cdbd7ecf605b qw_ms=1 tok_ms=25 prompt=36551 hit=35689 ckpt=-1 pf=862 pf_ms=353 dec=751 dec_ms=1579 cb_ms=0 rounds=76 tps=475.6 end=eos gw=0 yields=0 slot=0 t=164661 md4=17 md5=517 md6=209 md7=278 mprom=9 mdem=6 gch=184,175,155,178,360,566,136,94 gnh=247,390,229,231,256,353,84,58 glf=1664,1489,1334,1156,796,230,94 gla=1516,1211,982,751,495,142,58 phd=124.8 phv=328.0 phs=126 phwn=0,0,1,2,0,1,15 phwm=0.0,0.0,14.3,29.6,0.0,16.3,267.9 sfxm=1125.5 sfxn=57 phfd=0.0 sfx=255,2451 bat=1.0,0
[http] POST /v1/messages -> 200
[timing] render 0.7ms encode 25.1ms (153087 chars -> 37525 toks)
[gen] prompt=37525 prefix_hit=36544 snap=36544 ckpt=-1 pfx=0
[gen-done] eos: 149 tokens in 0.9s (171.1 t/s), n_max=64000
[req] rid=57 api=anth conv=f3a5cdbd7ecf605b qw_ms=1 tok_ms=26 prompt=37525 hit=36544 ckpt=-1 pf=981 pf_ms=387 dec=149 dec_ms=871 cb_ms=0 rounds=44 tps=171.1 end=eos gw=0 yields=0 slot=0 t=165969 md4=17 md5=517 md6=233 md7=296 mprom=9 mdem=7 gch=188,184,161,179,365,566,148,98 gnh=254,401,239,234,259,354,89,59 glf=1701,1517,1356,1177,812,246,98 gla=1549,1234,995,761,502,148,59 phd=167.9 phv=645.1 phs=169 phwn=13,6,1,5,0,12,4 phwm=193.0,96.2,14.3,74.1,0.0,195.8,71.6 sfxm=57.4 sfxn=3 phfd=0.0 sfx=258,2467 bat=1.0,0
[http] POST /v1/messages -> 200
[timing] render 0.7ms encode 24.6ms (154156 chars -> 37824 toks)
[gen] prompt=37824 prefix_hit=37518 snap=37518 ckpt=-1 pfx=0
[gen-done] eos: 304 tokens in 0.9s (351.7 t/s), n_max=64000
[req] rid=58 api=anth conv=f3a5cdbd7ecf605b qw_ms=0 tok_ms=25 prompt=37824 hit=37518 ckpt=-1 pf=306 pf_ms=178 dec=304 dec_ms=864 cb_ms=0 rounds=44 tps=351.7 end=eos gw=0 yields=0 slot=0 t=167053 md4=17 md5=541 md6=250 md7=296 mprom=10 mdem=8 gch=189,188,164,181,365,578,150,98 gnh=256,406,243,235,260,363,91,59 glf=1724,1536,1372,1191,826,248,98 gla=1570,1251,1008,773,513,150,59 phd=102.0 phv=370.9 phs=99 phwn=5,3,2,0,12,2,0 phwm=73.9,48.1,28.6,0.0,187.7,32.5,0.0 sfxm=391.1 sfxn=20 phfd=0.0 sfx=278,2672 bat=1.0,0
[http] POST /v1/messages -> 200
[timing] render 0.7ms encode 25.0ms (155556 chars -> 38178 toks)
[gen] prompt=38178 prefix_hit=37817 snap=37817 ckpt=-1 pfx=0
[gen-done] eos: 874 tokens in 2.0s (433.3 t/s), n_max=64000
[req] rid=59 api=anth conv=f3a5cdbd7ecf605b qw_ms=1 tok_ms=26 prompt=38178 hit=37817 ckpt=-1 pf=361 pf_ms=192 dec=874 dec_ms=2017 cb_ms=0 rounds=96 tps=433.3 end=eos gw=0 yields=0 slot=0 t=169324 md4=17 md5=541 md6=258 md7=379 mprom=11 mdem=8 gch=190,189,165,181,367,579,154,120 gnh=260,410,245,237,262,364,97,70 glf=1755,1566,1401,1220,853,274,120 gla=1597,1275,1030,793,531,167,70 phd=198.7 phv=551.3 phs=202 phwn=2,1,0,2,1,4,22 phwm=30.1,16.1,0.0,29.6,15.7,65.4,394.4 sfxm=1266.2 sfxn=64 phfd=0.0 sfx=342,3377 bat=1.0,0
[http] POST /v1/messages -> 200
[timing] render 0.7ms encode 26.3ms (159584 chars -> 39172 toks)
[gen] prompt=39172 prefix_hit=38171 snap=38171 ckpt=-1 pfx=0
[gen-done] eos: 97 tokens in 0.3s (312.4 t/s), n_max=64000
[req] rid=60 api=anth conv=f3a5cdbd7ecf605b qw_ms=1 tok_ms=27 prompt=39172 hit=38171 ckpt=-1 pf=1001 pf_ms=395 dec=97 dec_ms=311 cb_ms=0 rounds=14 tps=312.4 end=eos gw=0 yields=0 slot=0 t=170085 md4=17 md5=541 md6=258 md7=390 mprom=11 mdem=8 gch=190,189,165,181,368,579,154,127 gnh=260,410,245,238,263,364,98,75 glf=1763,1574,1409,1228,860,281,127 gla=1605,1283,1038,800,537,173,75 phd=53.1 phv=140.7 phs=54 phwn=0,0,0,1,0,0,7 phwm=0.0,0.0,0.0,14.9,0.0,0.0,125.8 sfxm=116.5 sfxn=6 phfd=0.0 sfx=348,3421 bat=1.0,0
[http] POST /v1/messages -> 200
[timing] render 0.7ms encode 25.5ms (162492 chars -> 39940 toks)
[gen] prompt=39940 prefix_hit=39165 snap=39165 ckpt=-1 pfx=0
[gen-done] eos: 422 tokens in 2.4s (179.1 t/s), n_max=64000
[req] rid=61 api=anth conv=f3a5cdbd7ecf605b qw_ms=0 tok_ms=26 prompt=39940 hit=39165 ckpt=-1 pf=775 pf_ms=315 dec=422 dec_ms=2357 cb_ms=0 rounds=120 tps=179.1 end=eos gw=0 yields=0 slot=0 t=172794 md4=17 md5=629 md6=273 md7=404 mprom=11 mdem=10 gch=204,200,179,191,379,631,157,129 gnh=272,441,266,252,275,388,99,77 glf=1866,1666,1487,1296,917,286,129 gla=1701,1357,1091,839,564,176,77 phd=480.8 phv=1818.4 phs=470 phwn=25,14,10,11,52,3,2 phwm=380.1,227.4,143.8,163.8,818.2,49.2,35.9 sfxm=56.5 sfxn=3 phfd=0.0 sfx=351,3426 bat=1.0,0
[http] POST /v1/messages -> 200
[timing] render 0.0ms encode 2.1ms (3860 chars -> 1153 toks)
[gen] prompt=1153 prefix_hit=0 snap=0 ckpt=-1 pfx=0
[timing] render 0.6ms encode 17.6ms (103118 chars -> 24430 toks)
[gen-done] eos: 29 tokens in 0.1s (210.5 t/s), n_max=64000
[req] rid=62 api=anth conv=3f5897a6965d5fed qw_ms=0 tok_ms=2 prompt=1153 hit=0 ckpt=-1 pf=1153 pf_ms=347 dec=29 dec_ms=138 cb_ms=0 rounds=8 tps=210.5 end=eos gw=0 yields=0 slot=0 t=174462 md4=8 md5=0 md6=0 md7=0 mprom=0 mdem=0 gch=205,200,179,192,385,631,157,129 gnh=272,443,266,253,280,388,99,77 glf=1873,1673,1494,1302,917,286,129 gla=1708,1363,1097,844,564,176,77 phd=28.1 phv=109.5 phs=29 phwn=1,0,1,6,0,0,0 phwm=13.1,0.0,13.4,83.1,0.0,0.0,0.0 sfxm=0.0 sfxn=0 phfd=0.0 sfx=351,3426 bat=1.0,0
[http] POST /v1/messages -> 200
[gen] prompt=24430 prefix_hit=0 snap=0 ckpt=-1 pfx=0
[gen-done] eos: 217 tokens in 1.1s (192.7 t/s), n_max=64000
[req] rid=63 api=anth conv=f860b77dcf839f80 qw_ms=459 tok_ms=18 prompt=24430 hit=0 ckpt=-1 pf=24430 pf_ms=7190 dec=217 dec_ms=1126 cb_ms=0 rounds=63 tps=192.7 end=eos gw=0 yields=0 slot=0 t=182779 md4=63 md5=0 md6=0 md7=0 mprom=0 mdem=0 gch=211,207,185,197,424,631,157,129 gnh=279,457,273,264,304,388,99,77 glf=1930,1723,1538,1341,917,286,129 gla=1760,1405,1132,868,564,176,77 phd=218.4 phv=907.2 phs=214 phwn=13,6,5,39,0,0,0 phwm=184.6,89.5,69.7,563.4,0.0,0.0,0.0 sfxm=0.0 sfxn=0 phfd=0.0 sfx=351,3426 bat=1.0,0
[http] POST /v1/messages -> 200
[timing] render 0.4ms encode 10.9ms (66467 chars -> 15729 toks)
[gen] prompt=15729 prefix_hit=0 snap=0 ckpt=-1 pfx=0
[gen-done] eos: 322 tokens in 1.6s (204.9 t/s), n_max=32000
[sample-stats] T=1.000 top_p=1.000: 3.659 tokens/round (322 tok/88 rounds)
[req] rid=64 api=anth conv=66361a44f7ca261f qw_ms=0 tok_ms=11 prompt=15729 hit=0 ckpt=-1 pf=15729 pf_ms=4480 dec=322 dec_ms=1571 cb_ms=0 rounds=88 tps=204.9 end=eos gw=0 yields=0 slot=0 t=188854 md4=0 md5=0 md6=0 md7=0 mprom=0 mdem=0 gch=211,207,185,197,424,631,157,129 gnh=279,457,273,264,304,388,99,77 glf=1930,1723,1538,1341,917,286,129 gla=1760,1405,1132,868,564,176,77 phd=0.0 phv=0.0 phs=0 phwn=0,0,0,0,0,0,0 phwm=0.0,0.0,0.0,0.0,0.0,0.0,0.0 sfxm=0.0 sfxn=0 phfd=0.0 sfx=351,3426 bat=1.0,0
[http] POST /v1/messages -> 200
[timing] render 0.4ms encode 11.7ms (70997 chars -> 16971 toks)
[gen] prompt=16971 prefix_hit=15722 snap=15722 ckpt=-1 pfx=0
[gen-done] eos: 90 tokens in 0.4s (207.8 t/s), n_max=32000
[sample-stats] T=1.000 top_p=1.000: 3.600 tokens/round (90 tok/25 rounds)
[req] rid=65 api=anth conv=66361a44f7ca261f qw_ms=0 tok_ms=12 prompt=16971 hit=15722 ckpt=-1 pf=1249 pf_ms=436 dec=90 dec_ms=433 cb_ms=0 rounds=25 tps=207.8 end=eos gw=0 yields=0 slot=0 t=189749 md4=0 md5=0 md6=0 md7=0 mprom=0 mdem=0 gch=211,207,185,197,424,631,157,129 gnh=279,457,273,264,304,388,99,77 glf=1930,1723,1538,1341,917,286,129 gla=1760,1405,1132,868,564,176,77 phd=0.0 phv=0.0 phs=0 phwn=0,0,0,0,0,0,0 phwm=0.0,0.0,0.0,0.0,0.0,0.0,0.0 sfxm=0.0 sfxn=0 phfd=0.0 sfx=351,3426 bat=1.0,0
[http] POST /v1/messages -> 200
[timing] render 0.6ms encode 18.2ms (104402 chars -> 24752 toks)
[gen] prompt=24752 prefix_hit=0 snap=0 ckpt=-1 pfx=0
[gen-done] eos: 50 tokens in 0.2s (244.9 t/s), n_max=64000
[req] rid=66 api=anth conv=f860b77dcf839f80 qw_ms=1 tok_ms=19 prompt=24752 hit=0 ckpt=-1 pf=24752 pf_ms=7329 dec=50 dec_ms=204 cb_ms=0 rounds=11 tps=244.9 end=eos gw=0 yields=0 slot=0 t=197312 md4=10 md5=0 md6=0 md7=0 mprom=0 mdem=0 gch=211,207,185,197,433,631,157,129 gnh=280,457,275,264,310,388,99,77 glf=1939,1732,1547,1350,917,286,129 gla=1768,1413,1138,874,564,176,77 phd=37.0 phv=130.3 phs=36 phwn=0,0,0,9,0,0,0 phwm=0.0,0.0,0.0,130.3,0.0,0.0,0.0 sfxm=36.7 sfxn=2 phfd=0.0 sfx=353,3442 bat=1.0,0
[http] POST /v1/messages -> 200
[timing] render 0.6ms encode 18.5ms (113627 chars -> 27633 toks)
[gen] prompt=27633 prefix_hit=24745 snap=24745 ckpt=-1 pfx=0
[gen-done] eos: 639 tokens in 2.9s (219.3 t/s), n_max=64000
[req] rid=67 api=anth conv=f860b77dcf839f80 qw_ms=0 tok_ms=19 prompt=27633 hit=24745 ckpt=-1 pf=2888 pf_ms=996 dec=639 dec_ms=2913 cb_ms=0 rounds=155 tps=219.3 end=eos gw=0 yields=0 slot=0 t=201255 md4=74 md5=58 md6=28 md7=0 mprom=2 mdem=1 gch=228,217,206,204,478,666,165,129 gnh=299,480,298,280,342,411,106,77 glf=2065,1848,1642,1438,960,294,129 gla=1884,1514,1216,936,594,183,77 phd=547.1 phv=2135.2 phs=537 phwn=27,21,7,45,35,8,0 phwm=393.0,320.3,98.5,655.1,539.7,128.6,0.0 sfxm=229.7 sfxn=12 phfd=0.0 sfx=365,3539 bat=1.0,0
[http] POST /v1/messages -> 200
[timing] render 0.6ms encode 18.5ms (116257 chars -> 28323 toks)
[gen] prompt=28323 prefix_hit=27626 snap=27626 ckpt=-1 pfx=0
[gen-done] eos: 73 tokens in 0.4s (198.0 t/s), n_max=64000
[req] rid=68 api=anth conv=f860b77dcf839f80 qw_ms=0 tok_ms=19 prompt=28323 hit=27626 ckpt=-1 pf=697 pf_ms=277 dec=73 dec_ms=369 cb_ms=0 rounds=19 tps=198.0 end=eos gw=0 yields=0 slot=0 t=201941 md4=74 md5=76 md6=28 md7=0 mprom=2 mdem=1 gch=228,219,209,204,478,678,165,129 gnh=300,485,302,280,344,416,106,77 glf=2082,1863,1654,1450,972,294,129 gla=1900,1525,1223,943,599,183,77 phd=71.0 phv=259.3 phs=73 phwn=2,3,0,0,12,0,0 phwm=28.2,45.9,0.0,0.0,185.3,0.0,0.0 sfxm=38.2 sfxn=2 phfd=0.0 sfx=367,3552 bat=1.0,0
[http] POST /v1/messages -> 200
[timing] render 0.6ms encode 19.3ms (119746 chars -> 29431 toks)
[gen] prompt=29431 prefix_hit=28316 snap=28316 ckpt=-1 pfx=0
[gen-done] eos: 184 tokens in 1.1s (161.5 t/s), n_max=64000
[req] rid=69 api=anth conv=f860b77dcf839f80 qw_ms=0 tok_ms=20 prompt=29431 hit=28316 ckpt=-1 pf=1115 pf_ms=429 dec=184 dec_ms=1139 cb_ms=0 rounds=61 tps=161.5 end=eos gw=0 yields=0 slot=0 t=203540 md4=74 md5=137 md6=28 md7=0 mprom=2 mdem=1 gch=235,228,219,208,485,702,165,129 gnh=314,502,311,284,350,427,106,77 glf=2136,1908,1689,1481,996,294,129 gla=1945,1555,1244,960,610,183,77 phd=223.3 phv=915.4 phs=226 phwn=16,10,4,7,24,0,0 phwm=231.8,154.0,56.4,102.2,371.0,0.0,0.0 sfxm=0.0 sfxn=0 phfd=0.0 sfx=367,3552 bat=1.0,0
[http] POST /v1/messages -> 200
[timing] render 0.6ms encode 19.7ms (121053 chars -> 29736 toks)
[gen] prompt=29736 prefix_hit=29424 snap=29424 ckpt=-1 pfx=0
[gen-done] eos: 393 tokens in 1.9s (207.3 t/s), n_max=64000
[req] rid=70 api=anth conv=f860b77dcf839f80 qw_ms=0 tok_ms=20 prompt=29736 hit=29424 ckpt=-1 pf=312 pf_ms=174 dec=393 dec_ms=1896 cb_ms=0 rounds=95 tps=207.3 end=eos gw=0 yields=0 slot=0 t=205650 md4=74 md5=185 md6=72 md7=0 mprom=3 mdem=2 gch=241,232,222,218,493,741,186,129 gnh=322,518,324,297,359,449,116,77 glf=2221,1989,1767,1549,1056,315,129 gla=2025,1622,1298,1001,642,193,77 phd=428.9 phv=1391.8 phs=427 phwn=10,3,10,8,39,21,0 phwm=146.4,46.3,141.1,117.0,602.7,338.4,0.0 sfxm=74.3 sfxn=4 phfd=0.0 sfx=371,3570 bat=1.0,0
[http] POST /v1/messages -> 200
[timing] render 0.6ms encode 19.2ms (122348 chars -> 30165 toks)
[gen] prompt=30165 prefix_hit=29729 snap=29729 ckpt=-1 pfx=0
[gen-done] eos: 380 tokens in 0.7s (535.2 t/s), n_max=64000
[req] rid=71 api=anth conv=f860b77dcf839f80 qw_ms=0 tok_ms=20 prompt=30165 hit=29729 ckpt=-1 pf=436 pf_ms=197 dec=380 dec_ms=710 cb_ms=0 rounds=36 tps=535.2 end=eos gw=0 yields=0 slot=0 t=206593 md4=74 md5=198 md6=87 md7=8 mprom=5 mdem=2 gch=241,232,223,218,493,746,186,129 gnh=322,518,325,297,359,454,116,77 glf=2227,1995,1772,1554,1061,315,129 gla=2031,1628,1303,1006,647,193,77 phd=28.6 phv=92.9 phs=28 phwn=0,1,0,0,5,0,0 phwm=0.0,15.5,0.0,0.0,77.5,0.0,0.0 sfxm=588.3 sfxn=30 phfd=0.0 sfx=401,3920 bat=1.0,0
[http] POST /v1/messages -> 200
[timing] render 0.6ms encode 19.5ms (123685 chars -> 30607 toks)
[gen] prompt=30607 prefix_hit=30158 snap=30158 ckpt=-1 pfx=0
[gen-done] eos: 392 tokens in 0.9s (452.3 t/s), n_max=64000
[req] rid=72 api=anth conv=f860b77dcf839f80 qw_ms=0 tok_ms=20 prompt=30607 hit=30158 ckpt=-1 pf=449 pf_ms=199 dec=392 dec_ms=867 cb_ms=0 rounds=43 tps=452.3 end=eos gw=0 yields=0 slot=0 t=207702 md4=74 md5=198 md6=87 md7=51 mprom=5 mdem=2 gch=243,234,223,220,493,747,187,136 gnh=325,522,325,298,363,454,116,80 glf=2240,2006,1783,1563,1070,323,136 gla=2042,1636,1311,1013,650,196,80 phd=73.3 phv=242.4 phs=76 phwn=4,0,2,0,1,1,7 phwm=58.4,0.0,28.3,0.0,15.5,16.2,124.0 sfxm=550.6 sfxn=28 phfd=0.0 sfx=429,4254 bat=1.0,0
[http] POST /v1/messages -> 200
[timing] render 0.0ms encode 1.2ms (3191 chars -> 990 toks)
[gen] prompt=990 prefix_hit=0 snap=0 ckpt=-1 pfx=0
[timing] render 0.6ms encode 18.5ms (102429 chars -> 24267 toks)
[gen-done] eos: 21 tokens in 0.1s (206.0 t/s), n_max=64000
[req] rid=73 api=anth conv=ff4d7beef8838c0 qw_ms=0 tok_ms=1 prompt=990 hit=0 ckpt=-1 pf=990 pf_ms=292 dec=21 dec_ms=102 cb_ms=0 rounds=6 tps=206.0 end=eos gw=0 yields=0 slot=0 t=209243 md4=6 md5=0 md6=0 md7=0 mprom=0 mdem=0 gch=244,234,223,220,498,747,187,136 gnh=326,523,325,298,367,454,116,80 glf=2245,2011,1788,1568,1070,323,136 gla=2047,1640,1315,1017,650,196,80 phd=19.5 phv=82.4 phs=21 phwn=1,0,0,5,0,0,0 phwm=13.1,0.0,0.0,69.3,0.0,0.0,0.0 sfxm=0.0 sfxn=0 phfd=0.0 sfx=429,4254 bat=1.0,0
[http] POST /v1/messages -> 200
[gen] prompt=24267 prefix_hit=0 snap=0 ckpt=-1 pfx=0
[gen-done] eos: 192 tokens in 1.1s (178.4 t/s), n_max=64000
[req] rid=74 api=anth conv=6b1c4f4dca7619a0 qw_ms=366 tok_ms=19 prompt=24267 hit=0 ckpt=-1 pf=24267 pf_ms=7158 dec=192 dec_ms=1076 cb_ms=0 rounds=60 tps=178.4 end=eos gw=0 yields=0 slot=0 t=217478 md4=60 md5=0 md6=0 md7=0 mprom=0 mdem=0 gch=248,238,234,229,530,747,187,136 gnh=334,535,339,308,383,454,116,80 glf=2301,2063,1829,1600,1070,323,136 gla=2097,1680,1341,1033,650,196,80 phd=209.3 phv=866.3 phs=209 phwn=8,11,9,32,0,0,0 phwm=113.9,164.2,125.6,462.7,0.0,0.0,0.0 sfxm=0.0 sfxn=0 phfd=0.0 sfx=429,4254 bat=1.0,0
[http] POST /v1/messages -> 200
[timing] render 0.4ms encode 10.9ms (66504 chars -> 15738 toks)
[gen] prompt=15738 prefix_hit=0 snap=0 ckpt=-1 pfx=0
[gen-done] eos: 326 tokens in 1.4s (228.4 t/s), n_max=32000
[sample-stats] T=1.000 top_p=1.000: 4.127 tokens/round (326 tok/79 rounds)
[req] rid=75 api=anth conv=fea09feab7078981 qw_ms=0 tok_ms=11 prompt=15738 hit=0 ckpt=-1 pf=15738 pf_ms=4498 dec=326 dec_ms=1428 cb_ms=0 rounds=79 tps=228.4 end=eos gw=0 yields=0 slot=0 t=223427 md4=0 md5=0 md6=0 md7=0 mprom=0 mdem=0 gch=248,238,234,229,530,747,187,136 gnh=334,535,339,308,383,454,116,80 glf=2301,2063,1829,1600,1070,323,136 gla=2097,1680,1341,1033,650,196,80 phd=0.0 phv=0.0 phs=0 phwn=0,0,0,0,0,0,0 phwm=0.0,0.0,0.0,0.0,0.0,0.0,0.0 sfxm=0.0 sfxn=0 phfd=0.0 sfx=429,4254 bat=1.0,0
[http] POST /v1/messages -> 200
[timing] render 0.4ms encode 11.2ms (68777 chars -> 16332 toks)
[gen] prompt=16332 prefix_hit=15731 snap=15731 ckpt=-1 pfx=0
[gen-done] eos: 149 tokens in 0.7s (212.1 t/s), n_max=32000
[sample-stats] T=1.000 top_p=1.000: 3.821 tokens/round (149 tok/39 rounds)
[req] rid=76 api=anth conv=fea09feab7078981 qw_ms=0 tok_ms=12 prompt=16332 hit=15731 ckpt=-1 pf=601 pf_ms=229 dec=149 dec_ms=702 cb_ms=0 rounds=39 tps=212.1 end=eos gw=0 yields=0 slot=0 t=224385 md4=0 md5=0 md6=0 md7=0 mprom=0 mdem=0 gch=248,238,234,229,530,747,187,136 gnh=334,535,339,308,383,454,116,80 glf=2301,2063,1829,1600,1070,323,136 gla=2097,1680,1341,1033,650,196,80 phd=0.0 phv=0.0 phs=0 phwn=0,0,0,0,0,0,0 phwm=0.0,0.0,0.0,0.0,0.0,0.0,0.0 sfxm=0.0 sfxn=0 phfd=0.0 sfx=429,4254 bat=1.0,0
[http] POST /v1/messages -> 200
[timing] render 0.4ms encode 12.8ms (79290 chars -> 19673 toks)
[gen] prompt=19673 prefix_hit=16325 snap=16325 ckpt=-1 pfx=0
[gen-done] eos: 128 tokens in 0.7s (188.6 t/s), n_max=32000
[sample-stats] T=1.000 top_p=1.000: 3.368 tokens/round (128 tok/38 rounds)
[req] rid=77 api=anth conv=fea09feab7078981 qw_ms=0 tok_ms=13 prompt=19673 hit=16325 ckpt=-1 pf=3348 pf_ms=1093 dec=128 dec_ms=679 cb_ms=0 rounds=38 tps=188.6 end=eos gw=0 yields=0 slot=0 t=226182 md4=0 md5=0 md6=0 md7=0 mprom=0 mdem=0 gch=248,238,234,229,530,747,187,136 gnh=334,535,339,308,383,454,116,80 glf=2301,2063,1829,1600,1070,323,136 gla=2097,1680,1341,1033,650,196,80 phd=0.0 phv=0.0 phs=0 phwn=0,0,0,0,0,0,0 phwm=0.0,0.0,0.0,0.0,0.0,0.0,0.0 sfxm=0.0 sfxn=0 phfd=0.0 sfx=429,4254 bat=1.0,0
[http] POST /v1/messages -> 200
[timing] render 0.4ms encode 14.1ms (83231 chars -> 20848 toks)
[gen] prompt=20848 prefix_hit=19666 snap=19666 ckpt=-1 pfx=0
[gen-done] eos: 87 tokens in 0.4s (209.5 t/s), n_max=32000
[sample-stats] T=1.000 top_p=1.000: 3.783 tokens/round (87 tok/23 rounds)
[req] rid=78 api=anth conv=fea09feab7078981 qw_ms=0 tok_ms=15 prompt=20848 hit=19666 ckpt=-1 pf=1182 pf_ms=431 dec=87 dec_ms=415 cb_ms=0 rounds=23 tps=209.5 end=eos gw=0 yields=0 slot=0 t=227059 md4=0 md5=0 md6=0 md7=0 mprom=0 mdem=0 gch=248,238,234,229,530,747,187,136 gnh=334,535,339,308,383,454,116,80 glf=2301,2063,1829,1600,1070,323,136 gla=2097,1680,1341,1033,650,196,80 phd=0.0 phv=0.0 phs=0 phwn=0,0,0,0,0,0,0 phwm=0.0,0.0,0.0,0.0,0.0,0.0,0.0 sfxm=0.0 sfxn=0 phfd=0.0 sfx=429,4254 bat=1.0,0
[http] POST /v1/messages -> 200
[timing] render 0.4ms encode 14.1ms (89883 chars -> 22930 toks)
[gen] prompt=22930 prefix_hit=20841 snap=20841 ckpt=-1 pfx=0
[gen-done] eos: 161 tokens in 0.8s (195.8 t/s), n_max=32000
[sample-stats] T=1.000 top_p=1.000: 3.500 tokens/round (161 tok/46 rounds)
[req] rid=79 api=anth conv=fea09feab7078981 qw_ms=0 tok_ms=15 prompt=22930 hit=20841 ckpt=-1 pf=2089 pf_ms=718 dec=161 dec_ms=822 cb_ms=0 rounds=46 tps=195.8 end=eos gw=0 yields=0 slot=0 t=228625 md4=0 md5=0 md6=0 md7=0 mprom=0 mdem=0 gch=248,238,234,229,530,747,187,136 gnh=334,535,339,308,383,454,116,80 glf=2301,2063,1829,1600,1070,323,136 gla=2097,1680,1341,1033,650,196,80 phd=0.0 phv=0.0 phs=0 phwn=0,0,0,0,0,0,0 phwm=0.0,0.0,0.0,0.0,0.0,0.0,0.0 sfxm=0.0 sfxn=0 phfd=0.0 sfx=429,4254 bat=1.0,0
[http] POST /v1/messages -> 200
[timing] render 0.4ms encode 15.8ms (90815 chars -> 23186 toks)
[gen] prompt=23186 prefix_hit=22923 snap=22923 ckpt=-1 pfx=0
[gen-done] eos: 41 tokens in 0.2s (248.4 t/s), n_max=32000
[sample-stats] T=1.000 top_p=1.000: 4.556 tokens/round (41 tok/9 rounds)
[req] rid=80 api=anth conv=fea09feab7078981 qw_ms=0 tok_ms=16 prompt=23186 hit=22923 ckpt=-1 pf=263 pf_ms=135 dec=41 dec_ms=165 cb_ms=0 rounds=9 tps=248.4 end=eos gw=0 yields=0 slot=0 t=228963 md4=0 md5=0 md6=0 md7=0 mprom=0 mdem=0 gch=248,238,234,229,530,747,187,136 gnh=334,535,339,308,383,454,116,80 glf=2301,2063,1829,1600,1070,323,136 gla=2097,1680,1341,1033,650,196,80 phd=0.0 phv=0.0 phs=0 phwn=0,0,0,0,0,0,0 phwm=0.0,0.0,0.0,0.0,0.0,0.0,0.0 sfxm=0.0 sfxn=0 phfd=0.0 sfx=429,4254 bat=1.0,0
[http] POST /v1/messages -> 200
[timing] render 0.4ms encode 14.6ms (93067 chars -> 23838 toks)
[gen] prompt=23838 prefix_hit=23179 snap=23179 ckpt=-1 pfx=0
[gen-done] eos: 147 tokens in 0.7s (217.7 t/s), n_max=32000
[sample-stats] T=1.000 top_p=1.000: 3.973 tokens/round (147 tok/37 rounds)
[req] rid=81 api=anth conv=fea09feab7078981 qw_ms=0 tok_ms=15 prompt=23838 hit=23179 ckpt=-1 pf=659 pf_ms=249 dec=147 dec_ms=675 cb_ms=0 rounds=37 tps=217.7 end=eos gw=0 yields=0 slot=0 t=229913 md4=0 md5=0 md6=0 md7=0 mprom=0 mdem=0 gch=248,238,234,229,530,747,187,136 gnh=334,535,339,308,383,454,116,80 glf=2301,2063,1829,1600,1070,323,136 gla=2097,1680,1341,1033,650,196,80 phd=0.0 phv=0.0 phs=0 phwn=0,0,0,0,0,0,0 phwm=0.0,0.0,0.0,0.0,0.0,0.0,0.0 sfxm=0.0 sfxn=0 phfd=0.0 sfx=429,4254 bat=1.0,0
[http] POST /v1/messages -> 200
[timing] render 0.4ms encode 14.9ms (94673 chars -> 24313 toks)
[gen] prompt=24313 prefix_hit=23831 snap=23831 ckpt=-1 pfx=0
[gen-done] eos: 43 tokens in 0.2s (231.0 t/s), n_max=32000
[sample-stats] T=1.000 top_p=1.000: 4.300 tokens/round (43 tok/10 rounds)
[req] rid=82 api=anth conv=fea09feab7078981 qw_ms=0 tok_ms=15 prompt=24313 hit=23831 ckpt=-1 pf=482 pf_ms=199 dec=43 dec_ms=186 cb_ms=0 rounds=10 tps=231.0 end=eos gw=0 yields=0 slot=0 t=230328 md4=0 md5=0 md6=0 md7=0 mprom=0 mdem=0 gch=248,238,234,229,530,747,187,136 gnh=334,535,339,308,383,454,116,80 glf=2301,2063,1829,1600,1070,323,136 gla=2097,1680,1341,1033,650,196,80 phd=0.0 phv=0.0 phs=0 phwn=0,0,0,0,0,0,0 phwm=0.0,0.0,0.0,0.0,0.0,0.0,0.0 sfxm=0.0 sfxn=0 phfd=0.0 sfx=429,4254 bat=1.0,0
[http] POST /v1/messages -> 200
[timing] render 0.4ms encode 15.7ms (98203 chars -> 25452 toks)
[gen] prompt=25452 prefix_hit=24306 snap=24306 ckpt=-1 pfx=0
[gen-done] eos: 73 tokens in 0.4s (192.3 t/s), n_max=32000
[sample-stats] T=1.000 top_p=1.000: 3.476 tokens/round (73 tok/21 rounds)
[req] rid=83 api=anth conv=fea09feab7078981 qw_ms=0 tok_ms=16 prompt=25452 hit=24306 ckpt=-1 pf=1146 pf_ms=431 dec=73 dec_ms=380 cb_ms=0 rounds=21 tps=192.3 end=eos gw=0 yields=0 slot=0 t=231166 md4=0 md5=0 md6=0 md7=0 mprom=0 mdem=0 gch=248,238,234,229,530,747,187,136 gnh=334,535,339,308,383,454,116,80 glf=2301,2063,1829,1600,1070,323,136 gla=2097,1680,1341,1033,650,196,80 phd=0.0 phv=0.0 phs=0 phwn=0,0,0,0,0,0,0 phwm=0.0,0.0,0.0,0.0,0.0,0.0,0.0 sfxm=0.0 sfxn=0 phfd=0.0 sfx=429,4254 bat=1.0,0
[http] POST /v1/messages -> 200
[timing] render 0.4ms encode 15.2ms (98613 chars -> 25555 toks)
[gen] prompt=25555 prefix_hit=25445 snap=25445 ckpt=-1 pfx=0
[gen-done] eos: 42 tokens in 0.2s (250.1 t/s), n_max=32000
[sample-stats] T=1.000 top_p=1.000: 4.667 tokens/round (42 tok/9 rounds)
[req] rid=84 api=anth conv=fea09feab7078981 qw_ms=0 tok_ms=16 prompt=25555 hit=25445 ckpt=-1 pf=110 pf_ms=94 dec=42 dec_ms=168 cb_ms=0 rounds=9 tps=250.1 end=eos gw=0 yields=0 slot=0 t=231458 md4=0 md5=0 md6=0 md7=0 mprom=0 mdem=0 gch=248,238,234,229,530,747,187,136 gnh=334,535,339,308,383,454,116,80 glf=2301,2063,1829,1600,1070,323,136 gla=2097,1680,1341,1033,650,196,80 phd=0.0 phv=0.0 phs=0 phwn=0,0,0,0,0,0,0 phwm=0.0,0.0,0.0,0.0,0.0,0.0,0.0 sfxm=0.0 sfxn=0 phfd=0.0 sfx=429,4254 bat=1.0,0
[http] POST /v1/messages -> 200
[timing] render 0.4ms encode 15.7ms (99878 chars -> 25963 toks)
[gen] prompt=25963 prefix_hit=25548 snap=25548 ckpt=-1 pfx=0
[gen-done] eos: 1959 tokens in 11.0s (178.8 t/s), n_max=32000
[sample-stats] T=1.000 top_p=1.000: 3.222 tokens/round (1959 tok/608 rounds)
[req] rid=85 api=anth conv=fea09feab7078981 qw_ms=0 tok_ms=16 prompt=25963 hit=25548 ckpt=-1 pf=415 pf_ms=188 dec=1959 dec_ms=10956 cb_ms=0 rounds=608 tps=178.8 end=eos gw=0 yields=0 slot=0 t=242627 md4=0 md5=0 md6=0 md7=0 mprom=0 mdem=0 gch=248,238,234,229,530,747,187,136 gnh=334,535,339,308,383,454,116,80 glf=2301,2063,1829,1600,1070,323,136 gla=2097,1680,1341,1033,650,196,80 phd=0.0 phv=0.0 phs=0 phwn=0,0,0,0,0,0,0 phwm=0.0,0.0,0.0,0.0,0.0,0.0,0.0 sfxm=0.0 sfxn=0 phfd=0.0 sfx=429,4254 bat=1.0,0
[http] POST /v1/messages -> 200
[timing] render 0.6ms encode 17.4ms (110023 chars -> 26433 toks)
[gen] prompt=26433 prefix_hit=0 snap=0 ckpt=-1 pfx=0
[gen-done] eos: 69 tokens in 0.3s (229.2 t/s), n_max=64000
[req] rid=86 api=anth conv=6b1c4f4dca7619a0 qw_ms=0 tok_ms=18 prompt=26433 hit=0 ckpt=-1 pf=26433 pf_ms=7879 dec=69 dec_ms=301 cb_ms=0 rounds=17 tps=229.2 end=eos gw=0 yields=0 slot=0 t=250842 md4=17 md5=0 md6=0 md7=0 mprom=0 mdem=0 gch=249,239,235,230,543,747,187,136 gnh=336,535,341,310,394,454,116,80 glf=2317,2078,1843,1613,1070,323,136 gla=2112,1695,1354,1044,650,196,80 phd=62.9 phv=238.1 phs=62 phwn=2,1,1,13,0,0,0 phwm=27.7,14.6,13.5,182.2,0.0,0.0,0.0 sfxm=0.0 sfxn=0 phfd=0.0 sfx=429,4254 bat=1.0,0
[http] POST /v1/messages -> 200
[timing] render 0.6ms encode 18.1ms (113406 chars -> 27544 toks)
[gen] prompt=27544 prefix_hit=26426 snap=26426 ckpt=-1 pfx=0
[gen-done] eos: 44 tokens in 0.2s (286.4 t/s), n_max=64000
[req] rid=87 api=anth conv=6b1c4f4dca7619a0 qw_ms=0 tok_ms=19 prompt=27544 hit=26426 ckpt=-1 pf=1118 pf_ms=426 dec=44 dec_ms=154 cb_ms=0 rounds=8 tps=286.4 end=eos gw=0 yields=0 slot=0 t=251454 md4=19 md5=6 md6=0 md7=0 mprom=1 mdem=0 gch=249,239,235,230,545,752,187,136 gnh=336,535,343,310,396,457,116,80 glf=2324,2085,1850,1620,1075,323,136 gla=2119,1702,1359,1049,653,196,80 phd=33.3 phv=102.5 phs=33 phwn=0,0,0,2,5,0,0 phwm=0.0,0.0,0.0,28.1,74.4,0.0,0.0 sfxm=17.7 sfxn=1 phfd=0.0 sfx=430,4266 bat=1.0,0
[http] POST /v1/messages -> 200
[timing] render 0.6ms encode 19.2ms (118936 chars -> 29275 toks)
[gen] prompt=29275 prefix_hit=27537 snap=27537 ckpt=-1 pfx=0
[gen-done] eos: 282 tokens in 1.3s (218.4 t/s), n_max=64000
[req] rid=88 api=anth conv=6b1c4f4dca7619a0 qw_ms=1 tok_ms=20 prompt=29275 hit=27537 ckpt=-1 pf=1738 pf_ms=619 dec=282 dec_ms=1291 cb_ms=0 rounds=67 tps=218.4 end=eos gw=0 yields=0 slot=0 t=253395 md4=19 md5=72 md6=0 md7=0 mprom=1 mdem=0 gch=251,241,239,235,549,801,187,136 gnh=339,546,355,318,401,484,116,80 glf=2388,2147,1908,1673,1124,323,136 gla=2181,1754,1399,1081,680,196,80 phd=301.5 phv=970.9 phs=303 phwn=4,4,5,4,49,0,0 phwm=56.1,59.6,68.0,56.3,731.0,0.0,0.0 sfxm=18.0 sfxn=1 phfd=0.0 sfx=431,4271 bat=1.0,0
[http] POST /v1/messages -> 200
[timing] render 1.0ms encode 25.1ms (119961 chars -> 29593 toks)
[gen] prompt=29593 prefix_hit=29268 snap=29268 ckpt=-1 pfx=0
[gen-done] eos: 270 tokens in 0.5s (525.1 t/s), n_max=64000
[req] rid=89 api=anth conv=6b1c4f4dca7619a0 qw_ms=1 tok_ms=26 prompt=29593 hit=29268 ckpt=-1 pf=325 pf_ms=174 dec=270 dec_ms=514 cb_ms=0 rounds=27 tps=525.1 end=eos gw=0 yields=0 slot=0 t=254136 md4=19 md5=82 md6=15 md7=1 mprom=3 mdem=0 gch=251,241,239,235,549,807,187,136 gnh=339,546,356,318,401,489,116,80 glf=2394,2153,1914,1679,1130,323,136 gla=2187,1760,1404,1086,685,196,80 phd=29.7 phv=89.5 phs=30 phwn=0,0,0,0,6,0,0 phwm=0.0,0.0,0.0,0.0,89.5,0.0,0.0 sfxm=394.9 sfxn=21 phfd=0.0 sfx=452,4511 bat=1.0,0
[http] POST /v1/messages -> 200
[timing] render 0.6ms encode 19.2ms (121029 chars -> 29925 toks)
[gen] prompt=29925 prefix_hit=29586 snap=29586 ckpt=-1 pfx=0
[gen-done] eos: 274 tokens in 0.6s (426.1 t/s), n_max=64000
[req] rid=90 api=anth conv=6b1c4f4dca7619a0 qw_ms=1 tok_ms=20 prompt=29925 hit=29586 ckpt=-1 pf=339 pf_ms=176 dec=274 dec_ms=643 cb_ms=0 rounds=32 tps=426.1 end=eos gw=0 yields=0 slot=0 t=254996 md4=19 md5=82 md6=15 md7=32 mprom=3 mdem=0 gch=252,243,239,236,549,807,187,146 gnh=340,548,357,320,403,489,117,85 glf=2407,2164,1925,1689,1140,333,146 gla=2199,1771,1414,1094,691,202,85 phd=77.6 phv=226.5 phs=79 phwn=3,0,1,0,0,0,10 phwm=41.7,0.0,13.6,0.0,0.0,0.0,171.2 sfxm=338.7 sfxn=18 phfd=0.0 sfx=470,4715 bat=1.0,0
[http] POST /v1/messages -> 200
[timing] render 0.6ms encode 19.3ms (122095 chars -> 30266 toks)
[gen] prompt=30266 prefix_hit=29918 snap=29918 ckpt=-1 pfx=0
[gen-done] eos: 129 tokens in 0.8s (170.5 t/s), n_max=64000
[req] rid=91 api=anth conv=6b1c4f4dca7619a0 qw_ms=1 tok_ms=20 prompt=30266 hit=29918 ckpt=-1 pf=348 pf_ms=178 dec=129 dec_ms=757 cb_ms=0 rounds=39 tps=170.5 end=eos gw=0 yields=0 slot=0 t=255970 md4=19 md5=82 md6=33 md7=52 mprom=3 mdem=1 gch=254,249,245,239,554,807,196,153 gnh=347,557,366,323,406,490,120,88 glf=2443,2194,1949,1710,1156,349,153 gla=2228,1793,1427,1104,698,208,88 phd=165.6 phv=572.6 phs=174 phwn=8,6,3,5,0,9,7 phwm=110.9,89.7,40.9,70.7,0.0,140.5,119.9 sfxm=18.3 sfxn=1 phfd=0.0 sfx=471,4717 bat=1.0,0
[http] POST /v1/messages -> 200
[timing] render 0.6ms encode 20.4ms (123318 chars -> 30585 toks)
[gen] prompt=30585 prefix_hit=30259 snap=30259 ckpt=-1 pfx=0
[gen-done] eos: 57 tokens in 0.2s (235.2 t/s), n_max=64000
[req] rid=92 api=anth conv=6b1c4f4dca7619a0 qw_ms=0 tok_ms=21 prompt=30585 hit=30259 ckpt=-1 pf=326 pf_ms=175 dec=57 dec_ms=242 cb_ms=0 rounds=12 tps=235.2 end=eos gw=0 yields=0 slot=0 t=256557 md4=19 md5=82 md6=43 md7=52 mprom=3 mdem=1 gch=254,249,247,239,554,808,203,153 gnh=348,557,368,323,407,490,126,88 glf=2453,2204,1957,1718,1164,356,153 gla=2237,1802,1434,1111,704,214,88 phd=51.9 phv=154.0 phs=54 phwn=0,2,0,0,1,7,0 phwm=0.0,29.9,0.0,0.0,15.0,109.1,0.0 sfxm=36.3 sfxn=2 phfd=0.0 sfx=473,4723 bat=1.0,0
[http] POST /v1/messages -> 200
[timing] render 0.6ms encode 20.0ms (123614 chars -> 30667 toks)
[gen] prompt=30667 prefix_hit=30578 snap=30578 ckpt=-1 pfx=0
[gen-done] eos: 57 tokens in 0.3s (204.6 t/s), n_max=64000
[req] rid=93 api=anth conv=6b1c4f4dca7619a0 qw_ms=1 tok_ms=21 prompt=30667 hit=30578 ckpt=-1 pf=89 pf_ms=91 dec=57 dec_ms=279 cb_ms=0 rounds=14 tps=204.6 end=eos gw=0 yields=0 slot=0 t=256970 md4=19 md5=82 md6=56 md7=52 mprom=3 mdem=1 gch=254,251,247,239,555,810,211,153 gnh=352,559,368,323,408,491,131,88 glf=2466,2215,1968,1729,1174,364,153 gla=2246,1809,1441,1118,710,219,88 phd=64.2 phv=196.0 phs=69 phwn=2,0,0,1,2,8,0 phwm=27.3,0.0,0.0,14.1,29.9,124.7,0.0 sfxm=18.2 sfxn=1 phfd=0.0 sfx=474,4727 bat=1.0,0
[http] POST /v1/messages -> 200
[timing] render 0.7ms encode 19.3ms (123991 chars -> 30775 toks)
[gen] prompt=30775 prefix_hit=30660 snap=30660 ckpt=-1 pfx=0
[gen-done] eos: 98 tokens in 0.5s (196.1 t/s), n_max=64000
[req] rid=94 api=anth conv=6b1c4f4dca7619a0 qw_ms=0 tok_ms=20 prompt=30775 hit=30660 ckpt=-1 pf=115 pf_ms=100 dec=98 dec_ms=500 cb_ms=0 rounds=27 tps=196.1 end=eos gw=0 yields=0 slot=0 t=257637 md4=19 md5=92 md6=72 md7=52 mprom=3 mdem=2 gch=256,257,248,243,556,816,217,153 gnh=354,569,369,326,411,495,134,88 glf=2490,2233,1985,1742,1186,370,153 gla=2269,1823,1454,1128,717,222,88 phd=103.1 phv=378.4 phs=104 phwn=8,1,4,1,6,6,0 phwm=111.2,15.0,54.6,14.1,89.9,93.6,0.0 sfxm=18.1 sfxn=1 phfd=0.0 sfx=475,4731 bat=1.0,0
[http] POST /v1/messages -> 200
[timing] render 0.6ms encode 20.7ms (124729 chars -> 30984 toks)
[gen] prompt=30984 prefix_hit=30768 snap=30768 ckpt=-1 pfx=0
[gen-done] eos: 147 tokens in 0.8s (190.5 t/s), n_max=64000
[req] rid=95 api=anth conv=6b1c4f4dca7619a0 qw_ms=1 tok_ms=21 prompt=30984 hit=30768 ckpt=-1 pf=216 pf_ms=136 dec=147 dec_ms=772 cb_ms=0 rounds=42 tps=190.5 end=eos gw=0 yields=0 slot=0 t=258590 md4=19 md5=132 md6=72 md7=52 mprom=3 mdem=2 gch=260,263,250,247,558,837,217,153 gnh=359,580,374,331,411,508,134,88 glf=2525,2262,2012,1765,1207,370,153 gla=2301,1846,1472,1141,730,222,88 phd=150.4 phv=567.3 phs=153 phwn=10,2,4,2,21,0,0 phwm=140.2,30.0,54.5,28.3,314.3,0.0,0.0 sfxm=53.8 sfxn=3 phfd=0.0 sfx=478,4741 bat=1.0,0
[http] POST /v1/messages -> 200
[timing] render 0.7ms encode 20.2ms (125305 chars -> 31172 toks)
[gen] prompt=31172 prefix_hit=30977 snap=30977 ckpt=-1 pfx=0
[gen-done] eos: 103 tokens in 0.6s (161.7 t/s), n_max=64000
[req] rid=96 api=anth conv=6b1c4f4dca7619a0 qw_ms=0 tok_ms=21 prompt=31172 hit=30977 ckpt=-1 pf=195 pf_ms=119 dec=103 dec_ms=637 cb_ms=0 rounds=35 tps=161.7 end=eos gw=0 yields=0 slot=0 t=259433 md4=19 md5=165 md6=72 md7=52 mprom=3 mdem=2 gch=262,269,252,250,561,853,217,153 gnh=369,588,376,334,415,513,134,88 glf=2555,2286,2034,1784,1223,370,153 gla=2323,1860,1484,1150,735,222,88 phd=119.3 phv=463.4 phs=127 phwn=8,2,3,3,16,0,0 phwm=111.3,30.0,41.0,42.3,238.8,0.0,0.0 sfxm=54.0 sfxn=3 phfd=0.0 sfx=481,4753 bat=1.0,0
[http] POST /v1/messages -> 200
[timing] render 0.6ms encode 20.5ms (125819 chars -> 31304 toks)
[gen] prompt=31304 prefix_hit=31165 snap=31165 ckpt=-1 pfx=0
[gen-done] eos: 63 tokens in 0.3s (189.5 t/s), n_max=64000
[req] rid=97 api=anth conv=6b1c4f4dca7619a0 qw_ms=1 tok_ms=21 prompt=31304 hit=31165 ckpt=-1 pf=139 pf_ms=114 dec=63 dec_ms=332 cb_ms=0 rounds=18 tps=189.5 end=eos gw=0 yields=0 slot=0 t=259953 md4=19 md5=182 md6=72 md7=52 mprom=3 mdem=2 gch=264,269,255,252,563,860,217,153 gnh=370,592,380,335,417,517,134,88 glf=2569,2300,2045,1793,1230,370,153 gla=2336,1871,1491,1156,739,222,88 phd=62.1 phv=234.4 phs=64 phwn=2,3,2,2,7,0,0 phwm=29.1,45.1,27.3,28.3,104.7,0.0,0.0 sfxm=35.9 sfxn=2 phfd=0.0 sfx=483,4760 bat=1.0,0
[http] POST /v1/messages -> 200
[timing] render 0.7ms encode 20.3ms (126165 chars -> 31397 toks)
[gen] prompt=31397 prefix_hit=31297 snap=31297 ckpt=-1 pfx=0
[gen-done] eos: 168 tokens in 0.8s (209.8 t/s), n_max=64000
[req] rid=98 api=anth conv=6b1c4f4dca7619a0 qw_ms=0 tok_ms=21 prompt=31397 hit=31297 ckpt=-1 pf=100 pf_ms=92 dec=168 dec_ms=801 cb_ms=0 rounds=43 tps=209.8 end=eos gw=0 yields=0 slot=0 t=260887 md4=19 md5=222 md6=72 md7=52 mprom=3 mdem=2 gch=266,274,258,257,565,882,217,153 gnh=370,604,383,342,420,531,134,88 glf=2606,2332,2074,1817,1252,370,153 gla=2373,1898,1515,1173,753,222,88 phd=161.2 phv=568.8 phs=161 phwn=7,3,5,2,22,0,0 phwm=97.7,45.1,68.3,28.3,329.3,0.0,0.0 sfxm=70.7 sfxn=4 phfd=0.0 sfx=487,4770 bat=1.0,0
[http] POST /v1/messages -> 200
[timing] render 0.6ms encode 21.6ms (127115 chars -> 31664 toks)
[gen] prompt=31664 prefix_hit=31390 snap=31390 ckpt=-1 pfx=0
[gen-done] eos: 55 tokens in 0.2s (275.8 t/s), n_max=64000
[req] rid=99 api=anth conv=6b1c4f4dca7619a0 qw_ms=1 tok_ms=22 prompt=31664 hit=31390 ckpt=-1 pf=274 pf_ms=156 dec=55 dec_ms=199 cb_ms=0 rounds=10 tps=275.8 end=eos gw=0 yields=0 slot=0 t=262004 md4=19 md5=228 md6=75 md7=52 mprom=4 mdem=2 gch=266,274,258,257,565,887,220,153 gnh=370,604,383,342,421,537,135,88 glf=2614,2340,2082,1825,1260,373,153 gla=2381,1906,1523,1181,760,223,88 phd=41.8 phv=121.5 phs=43 phwn=0,0,0,0,5,3,0 phwm=0.0,0.0,0.0,0.0,74.6,46.9,0.0 sfxm=36.0 sfxn=2 phfd=0.0 sfx=489,4778 bat=1.0,0
[http] POST /v1/messages -> 200
[timing] render 0.6ms encode 20.3ms (127802 chars -> 31846 toks)
[gen] prompt=31846 prefix_hit=31657 snap=31657 ckpt=-1 pfx=0
[gen-done] eos: 69 tokens in 0.3s (219.5 t/s), n_max=64000
[req] rid=100 api=anth conv=6b1c4f4dca7619a0 qw_ms=0 tok_ms=21 prompt=31846 hit=31657 ckpt=-1 pf=189 pf_ms=118 dec=69 dec_ms=314 cb_ms=0 rounds=16 tps=219.5 end=eos gw=0 yields=0 slot=0 t=264395 md4=19 md5=228 md6=89 md7=52 mprom=4 mdem=2 gch=267,274,260,259,565,887,229,153 gnh=371,607,385,343,421,537,142,88 glf=2627,2353,2093,1834,1269,382,153 gla=2394,1916,1531,1188,767,230,88 phd=66.5 phv=211.9 phs=69 phwn=1,2,2,0,0,9,0 phwm=14.5,30.1,27.3,0.0,0.0,140.1,0.0 sfxm=35.8 sfxn=2 phfd=0.0 sfx=491,4783 bat=1.0,0
[http] POST /v1/messages -> 200
[timing] render 0.7ms encode 20.3ms (128194 chars -> 31962 toks)
[gen] prompt=31962 prefix_hit=31839 snap=31839 ckpt=-1 pfx=0
[gen-done] eos: 84 tokens in 0.3s (286.2 t/s), n_max=64000
[req] rid=101 api=anth conv=6b1c4f4dca7619a0 qw_ms=0 tok_ms=21 prompt=31962 hit=31839 ckpt=-1 pf=123 pf_ms=102 dec=84 dec_ms=293 cb_ms=0 rounds=15 tps=286.2 end=eos gw=0 yields=0 slot=0 t=264826 md4=19 md5=228 md6=102 md7=52 mprom=4 mdem=2 gch=267,275,262,260,565,888,235,153 gnh=371,609,387,344,421,539,146,88 glf=2638,2363,2101,1841,1276,388,153 gla=2405,1925,1538,1194,773,234,88 phd=53.4 phv=166.0 phs=54 phwn=1,2,1,0,1,6,0 phwm=13.7,30.1,13.6,0.0,15.0,93.6,0.0 sfxm=73.9 sfxn=4 phfd=0.0 sfx=495,4816 bat=1.0,0
[http] POST /v1/messages -> 200
[timing] render 0.6ms encode 20.7ms (129565 chars -> 32273 toks)
[gen] prompt=32273 prefix_hit=31955 snap=31955 ckpt=-1 pfx=0
[gen-done] eos: 88 tokens in 0.3s (295.6 t/s), n_max=64000
[req] rid=102 api=anth conv=6b1c4f4dca7619a0 qw_ms=0 tok_ms=21 prompt=32273 hit=31955 ckpt=-1 pf=318 pf_ms=176 dec=88 dec_ms=298 cb_ms=0 rounds=15 tps=295.6 end=eos gw=0 yields=0 slot=0 t=265589 md4=19 md5=228 md6=113 md7=52 mprom=4 mdem=2 gch=267,275,262,262,565,888,243,153 gnh=371,609,387,346,421,540,153,88 glf=2648,2373,2111,1849,1284,396,153 gla=2415,1935,1548,1202,781,241,88 phd=54.7 phv=151.9 phs=56 phwn=0,0,2,0,0,8,0 phwm=0.0,0.0,27.3,0.0,0.0,124.6,0.0 sfxm=91.0 sfxn=5 phfd=0.0 sfx=500,4843 bat=1.0,0
[http] POST /v1/messages -> 200
[timing] render 0.6ms encode 20.6ms (130006 chars -> 32388 toks)
[gen] prompt=32388 prefix_hit=32266 snap=32266 ckpt=-1 pfx=0
[gen-done] eos: 253 tokens in 0.6s (453.9 t/s), n_max=64000
[req] rid=103 api=anth conv=6b1c4f4dca7619a0 qw_ms=0 tok_ms=21 prompt=32388 hit=32266 ckpt=-1 pf=122 pf_ms=102 dec=253 dec_ms=557 cb_ms=0 rounds=28 tps=453.9 end=eos gw=0 yields=0 slot=0 t=271600 md4=19 md5=228 md6=115 md7=75 mprom=5 mdem=2 gch=267,275,263,262,565,888,245,159 gnh=371,609,388,346,422,541,155,92 glf=2657,2382,2119,1857,1292,404,159 gla=2424,1944,1556,1210,788,247,92 phd=54.4 phv=148.3 phs=57 phwn=0,1,0,0,0,2,6 phwm=0.0,15.1,0.0,0.0,0.0,31.0,102.2 sfxm=354.4 sfxn=19 phfd=0.0 sfx=519,5037 bat=1.0,0
[http] POST /v1/messages -> 200
[timing] render 0.7ms encode 21.1ms (131105 chars -> 32724 toks)
[gen] prompt=32724 prefix_hit=32381 snap=32381 ckpt=-1 pfx=0
[gen-done] eos: 63 tokens in 0.3s (248.3 t/s), n_max=64000
[req] rid=104 api=anth conv=6b1c4f4dca7619a0 qw_ms=1 tok_ms=22 prompt=32724 hit=32381 ckpt=-1 pf=343 pf_ms=179 dec=63 dec_ms=254 cb_ms=0 rounds=12 tps=248.3 end=eos gw=0 yields=0 slot=0 t=272117 md4=19 md5=228 md6=115 md7=84 mprom=5 mdem=2 gch=267,275,263,262,566,889,245,165 gnh=372,609,388,347,423,542,155,96 glf=2665,2390,2127,1865,1299,410,165 gla=2431,1951,1563,1216,793,251,96 phd=49.0 phv=131.9 phs=53 phwn=0,0,0,1,1,0,6 phwm=0.0,0.0,0.0,14.1,14.9,0.0,102.8 sfxm=72.7 sfxn=4 phfd=0.0 sfx=523,5055 bat=1.0,0
[http] POST /v1/messages -> 200
[timing] render 0.7ms encode 20.9ms (131467 chars -> 32814 toks)
[gen] prompt=32814 prefix_hit=32717 snap=32717 ckpt=-1 pfx=0
[gen-done] eos: 243 tokens in 0.4s (598.1 t/s), n_max=64000
[req] rid=105 api=anth conv=6b1c4f4dca7619a0 qw_ms=1 tok_ms=22 prompt=32814 hit=32717 ckpt=-1 pf=97 pf_ms=97 dec=243 dec_ms=406 cb_ms=0 rounds=21 tps=598.1 end=eos gw=0 yields=0 slot=0 t=272795 md4=19 md5=228 md6=115 md7=105 mprom=5 mdem=2 gch=267,275,263,262,566,889,245,167 gnh=372,609,388,347,423,542,155,98 glf=2667,2392,2129,1867,1301,412,167 gla=2433,1953,1565,1218,795,253,98 phd=12.9 phv=34.1 phs=14 phwn=0,0,0,0,0,0,2 phwm=0.0,0.0,0.0,0.0,0.0,0.0,34.1 sfxm=359.0 sfxn=19 phfd=0.0 sfx=542,5283 bat=1.0,0
[http] POST /v1/messages -> 200
[timing] render 0.7ms encode 21.1ms (132529 chars -> 33140 toks)
[gen] prompt=33140 prefix_hit=32807 snap=32807 ckpt=-1 pfx=0
[gen-done] eos: 73 tokens in 0.3s (249.1 t/s), n_max=64000
[req] rid=106 api=anth conv=6b1c4f4dca7619a0 qw_ms=0 tok_ms=22 prompt=33140 hit=32807 ckpt=-1 pf=333 pf_ms=174 dec=73 dec_ms=293 cb_ms=0 rounds=14 tps=249.1 end=eos gw=0 yields=0 slot=0 t=273344 md4=19 md5=228 md6=115 md7=117 mprom=5 mdem=2 gch=269,275,263,263,567,890,245,174 gnh=373,610,389,348,424,543,156,103 glf=2677,2402,2139,1876,1309,419,174 gla=2443,1963,1574,1226,802,259,103 phd=64.6 phv=192.1 phs=66 phwn=2,0,1,1,1,0,7 phwm=29.2,0.0,13.7,14.2,15.0,0.0,120.0 sfxm=36.2 sfxn=2 phfd=0.0 sfx=544,5291 bat=1.0,0
[http] POST /v1/messages -> 200
[timing] render 0.7ms encode 21.1ms (133022 chars -> 33271 toks)
[gen] prompt=33271 prefix_hit=33133 snap=33133 ckpt=-1 pfx=0
[gen-done] eos: 50 tokens in 0.2s (296.6 t/s), n_max=64000
[req] rid=107 api=anth conv=6b1c4f4dca7619a0 qw_ms=0 tok_ms=22 prompt=33271 hit=33133 ckpt=-1 pf=138 pf_ms=112 dec=50 dec_ms=169 cb_ms=0 rounds=8 tps=296.6 end=eos gw=0 yields=0 slot=0 t=273671 md4=19 md5=228 md6=115 md7=123 mprom=5 mdem=2 gch=269,275,264,263,567,890,245,178 gnh=373,610,390,348,424,543,156,107 glf=2682,2407,2143,1880,1313,423,178 gla=2448,1968,1578,1230,806,263,107 phd=30.1 phv=83.7 phs=31 phwn=0,1,0,0,0,0,4 phwm=0.0,15.2,0.0,0.0,0.0,0.0,68.6 sfxm=54.7 sfxn=3 phfd=0.0 sfx=547,5309 bat=1.0,0
[http] POST /v1/messages -> 200
[timing] render 0.6ms encode 21.4ms (133364 chars -> 33359 toks)
[gen] prompt=33359 prefix_hit=33264 snap=33264 ckpt=-1 pfx=0
[gen-done] eos: 75 tokens in 0.3s (225.2 t/s), n_max=64000
[req] rid=108 api=anth conv=6b1c4f4dca7619a0 qw_ms=0 tok_ms=22 prompt=33359 hit=33264 ckpt=-1 pf=95 pf_ms=97 dec=75 dec_ms=333 cb_ms=0 rounds=16 tps=225.2 end=eos gw=0 yields=0 slot=0 t=274191 md4=19 md5=228 md6=115 md7=137 mprom=5 mdem=2 gch=270,277,265,263,568,891,245,186 gnh=373,614,392,348,426,544,156,112 glf=2695,2418,2153,1890,1322,431,186 gla=2461,1978,1586,1238,812,268,112 phd=72.9 phv=223.5 phs=75 phwn=3,1,0,1,1,0,8 phwm=42.2,15.2,0.0,14.2,15.0,0.0,137.0 sfxm=36.4 sfxn=2 phfd=0.0 sfx=549,5317 bat=1.0,0
[http] POST /v1/messages -> 200
[timing] render 0.6ms encode 21.5ms (133875 chars -> 33492 toks)
[gen] prompt=33492 prefix_hit=33352 snap=33352 ckpt=-1 pfx=0
[gen-done] eos: 55 tokens in 0.2s (233.4 t/s), n_max=64000
[req] rid=109 api=anth conv=6b1c4f4dca7619a0 qw_ms=0 tok_ms=22 prompt=33492 hit=33352 ckpt=-1 pf=140 pf_ms=112 dec=55 dec_ms=236 cb_ms=0 rounds=11 tps=233.4 end=eos gw=0 yields=0 slot=0 t=274589 md4=19 md5=228 md6=115 md7=146 mprom=5 mdem=2 gch=270,277,265,264,569,892,245,192 gnh=373,615,392,350,427,545,156,116 glf=2704,2427,2162,1898,1329,437,192 gla=2470,1986,1594,1244,817,272,116 phd=54.3 phv=145.6 phs=57 phwn=0,0,1,1,1,0,6 phwm=0.0,0.0,13.7,14.2,15.0,0.0,102.7 sfxm=35.6 sfxn=2 phfd=0.0 sfx=551,5321 bat=1.0,0
[http] POST /v1/messages -> 200
[timing] render 0.6ms encode 21.7ms (134193 chars -> 33574 toks)
[gen] prompt=33574 prefix_hit=33485 snap=33485 ckpt=-1 pfx=0
[gen-done] eos: 86 tokens in 0.4s (200.8 t/s), n_max=64000
[req] rid=110 api=anth conv=6b1c4f4dca7619a0 qw_ms=0 tok_ms=22 prompt=33574 hit=33485 ckpt=-1 pf=89 pf_ms=97 dec=86 dec_ms=428 cb_ms=0 rounds=21 tps=200.8 end=eos gw=0 yields=0 slot=0 t=275153 md4=19 md5=228 md6=115 md7=163 mprom=5 mdem=2 gch=273,278,266,264,569,895,245,201 gnh=376,618,395,350,427,546,156,123 glf=2718,2440,2174,1910,1341,446,201 gla=2482,1997,1602,1252,825,279,123 phd=83.6 phv=272.2 phs=89 phwn=4,1,0,0,3,0,9 phwm=57.7,15.2,0.0,0.0,45.0,0.0,154.3 sfxm=72.2 sfxn=4 phfd=0.0 sfx=555,5330 bat=1.0,0
[http] POST /v1/messages -> 200
[timing] render 0.6ms encode 21.9ms (135101 chars -> 33777 toks)
[gen] prompt=33777 prefix_hit=33567 snap=33567 ckpt=-1 pfx=0
[gen-done] eos: 243 tokens in 0.4s (597.8 t/s), n_max=64000
[req] rid=111 api=anth conv=6b1c4f4dca7619a0 qw_ms=0 tok_ms=23 prompt=33777 hit=33567 ckpt=-1 pf=210 pf_ms=133 dec=243 dec_ms=406 cb_ms=0 rounds=21 tps=597.8 end=eos gw=0 yields=0 slot=0 t=276448 md4=19 md5=228 md6=115 md7=184 mprom=5 mdem=2 gch=273,278,266,264,569,895,245,203 gnh=376,618,395,350,427,546,156,125 glf=2720,2442,2176,1912,1343,448,203 gla=2484,1999,1604,1254,827,281,125 phd=12.9 phv=34.1 phs=14 phwn=0,0,0,0,0,0,2 phwm=0.0,0.0,0.0,0.0,0.0,0.0,34.1 sfxm=359.2 sfxn=19 phfd=0.0 sfx=574,5558 bat=1.0,0
[http] POST /v1/messages -> 200
[timing] render 0.6ms encode 22.2ms (136874 chars -> 34322 toks)
[gen] prompt=34322 prefix_hit=33770 snap=33770 ckpt=-1 pfx=0
[gen-done] eos: 71 tokens in 0.3s (230.5 t/s), n_max=64000
[req] rid=112 api=anth conv=6b1c4f4dca7619a0 qw_ms=0 tok_ms=23 prompt=34322 hit=33770 ckpt=-1 pf=552 pf_ms=235 dec=71 dec_ms=308 cb_ms=0 rounds=15 tps=230.5 end=eos gw=0 yields=0 slot=0 t=277221 md4=19 md5=228 md6=115 md7=194 mprom=5 mdem=2 gch=273,279,267,264,569,895,245,210 gnh=376,619,398,350,427,546,156,130 glf=2729,2450,2183,1919,1350,455,210 gla=2493,2007,1609,1259,832,286,130 phd=50.5 phv=149.2 phs=54 phwn=1,1,0,0,0,0,7 phwm=13.9,15.3,0.0,0.0,0.0,0.0,120.0 sfxm=108.3 sfxn=6 phfd=0.0 sfx=580,5581 bat=1.0,0
[http] POST /v1/messages -> 200
[timing] render 0.7ms encode 22.4ms (137236 chars -> 34420 toks)
[gen] prompt=34420 prefix_hit=34315 snap=34315 ckpt=-1 pfx=0
[gen-done] eos: 243 tokens in 0.4s (597.3 t/s), n_max=64000
[req] rid=113 api=anth conv=6b1c4f4dca7619a0 qw_ms=1 tok_ms=23 prompt=34420 hit=34315 ckpt=-1 pf=105 pf_ms=99 dec=243 dec_ms=407 cb_ms=0 rounds=21 tps=597.3 end=eos gw=0 yields=0 slot=0 t=279176 md4=19 md5=228 md6=115 md7=215 mprom=5 mdem=2 gch=273,279,267,264,569,895,245,212 gnh=376,619,398,350,427,546,156,132 glf=2731,2452,2185,1921,1352,457,212 gla=2495,2009,1611,1261,834,288,132 phd=12.9 phv=34.2 phs=14 phwn=0,0,0,0,0,0,2 phwm=0.0,0.0,0.0,0.0,0.0,0.0,34.2 sfxm=359.5 sfxn=19 phfd=0.0 sfx=599,5809 bat=1.0,0
[http] POST /v1/messages -> 200
[timing] render 1.0ms encode 25.2ms (139895 chars -> 35217 toks)
[gen] prompt=35217 prefix_hit=34413 snap=34413 ckpt=-1 pfx=0
[gen-done] eos: 88 tokens in 0.4s (220.6 t/s), n_max=64000
[req] rid=114 api=anth conv=6b1c4f4dca7619a0 qw_ms=1 tok_ms=26 prompt=35217 hit=34413 ckpt=-1 pf=804 pf_ms=332 dec=88 dec_ms=399 cb_ms=0 rounds=20 tps=220.6 end=eos gw=0 yields=0 slot=0 t=280243 md4=19 md5=228 md6=115 md7=234 mprom=5 mdem=2 gch=277,279,270,266,570,896,245,219 gnh=377,622,403,352,429,547,157,135 glf=2745,2466,2196,1930,1360,464,219 gla=2509,2023,1620,1268,839,292,135 phd=79.9 phv=281.6 phs=81 phwn=4,3,2,1,1,0,7 phwm=58.9,45.9,27.4,14.2,15.0,0.0,120.2 sfxm=37.2 sfxn=2 phfd=0.0 sfx=601,5822 bat=1.0,0
[http] POST /v1/messages -> 200
[timing] render 0.7ms encode 23.4ms (142973 chars -> 36057 toks)
[gen] prompt=36057 prefix_hit=35210 snap=35210 ckpt=-1 pfx=0
[gen-done] eos: 355 tokens in 1.7s (205.2 t/s), n_max=64000
[req] rid=115 api=anth conv=6b1c4f4dca7619a0 qw_ms=0 tok_ms=24 prompt=36057 hit=35210 ckpt=-1 pf=847 pf_ms=342 dec=355 dec_ms=1730 cb_ms=0 rounds=92 tps=205.2 end=eos gw=0 yields=0 slot=0 t=282351 md4=19 md5=287 md6=131 md7=249 mprom=5 mdem=4 gch=290,290,277,272,576,929,248,224 gnh=390,647,414,361,436,563,158,137 glf=2816,2526,2249,1977,1401,472,224 gla=2574,2069,1655,1294,858,295,137 phd=327.2 phv=1252.1 phs=331 phwn=24,7,6,6,33,3,5 phwm=346.0,107.8,82.5,85.3,497.2,47.2,86.1 sfxm=149.6 sfxn=8 phfd=0.0 sfx=609,5894 bat=1.0,0
[http] POST /v1/messages -> 200
[timing] render 0.7ms encode 23.9ms (144436 chars -> 36458 toks)
[gen] prompt=36458 prefix_hit=36050 snap=36050 ckpt=-1 pfx=0
[gen-done] eos: 435 tokens in 1.8s (238.7 t/s), n_max=64000
[req] rid=116 api=anth conv=6b1c4f4dca7619a0 qw_ms=1 tok_ms=25 prompt=36458 hit=36050 ckpt=-1 pf=408 pf_ms=194 dec=435 dec_ms=1823 cb_ms=0 rounds=93 tps=238.7 end=eos gw=0 yields=0 slot=0 t=284606 md4=19 md5=324 md6=186 md7=249 mprom=6 mdem=5 gch=298,295,288,277,581,950,278,224 gnh=399,664,426,370,442,581,172,137 glf=2893,2598,2310,2033,1452,502,224 gla=2645,2128,1702,1332,890,309,137 phd=385.8 phv=1285.8 phs=385 phwn=13,11,5,5,21,30,0 phwm=188.7,169.7,68.8,71.3,316.6,470.7,0.0 sfxm=150.5 sfxn=8 phfd=0.0 sfx=617,5979 bat=1.0,0
[http] POST /v1/messages -> 200
[timing] render 0.7ms encode 24.6ms (146635 chars -> 37169 toks)
[gen] prompt=37169 prefix_hit=36451 snap=36451 ckpt=-1 pfx=0
[gen-done] eos: 391 tokens in 1.3s (299.7 t/s), n_max=64000
[req] rid=117 api=anth conv=6b1c4f4dca7619a0 qw_ms=1 tok_ms=25 prompt=37169 hit=36451 ckpt=-1 pf=718 pf_ms=293 dec=391 dec_ms=1304 cb_ms=0 rounds=61 tps=299.7 end=eos gw=0 yields=0 slot=0 t=286441 md4=19 md5=330 md6=207 md7=280 mprom=8 mdem=5 gch=299,297,290,279,583,955,292,245 gnh=400,670,429,372,446,586,189,148 glf=2941,2644,2354,2075,1492,537,245 gla=2692,2170,1741,1369,923,337,148 phd=290.2 phv=788.8 phs=289 phwn=3,2,2,2,5,14,21 phwm=43.0,31.0,27.6,28.5,75.4,220.1,363.1 sfxm=225.0 sfxn=12 phfd=0.0 sfx=629,6086 bat=1.0,0
[http] POST /v1/messages -> 200
[timing] render 0.7ms encode 25.4ms (150599 chars -> 38338 toks)
[gen] prompt=38338 prefix_hit=37162 snap=37162 ckpt=-1 pfx=0
[gen-done] eos: 134 tokens in 0.7s (197.8 t/s), n_max=64000
[req] rid=118 api=anth conv=6b1c4f4dca7619a0 qw_ms=0 tok_ms=26 prompt=38338 hit=37162 ckpt=-1 pf=1176 pf_ms=475 dec=134 dec_ms=677 cb_ms=0 rounds=34 tps=197.8 end=eos gw=0 yields=0 slot=0 t=287835 md4=19 md5=330 md6=224 md7=296 mprom=8 mdem=6 gch=300,301,293,285,584,958,301,250 gnh=404,678,434,378,446,587,194,151 glf=2972,2671,2378,2093,1509,551,250 gla=2720,2190,1756,1378,932,345,151 phd=150.6 phv=489.2 phs=155 phwn=5,3,6,1,3,9,5 phwm=71.3,46.7,82.8,14.3,45.4,142.1,86.5 sfxm=37.4 sfxn=2 phfd=0.0 sfx=631,6099 bat=1.0,0
[http] POST /v1/messages -> 200
[timing] render 0.7ms encode 25.6ms (151236 chars -> 38497 toks)
[gen] prompt=38497 prefix_hit=38331 snap=38331 ckpt=-1 pfx=0
[gen-done] eos: 106 tokens in 0.5s (205.1 t/s), n_max=64000
[req] rid=119 api=anth conv=6b1c4f4dca7619a0 qw_ms=1 tok_ms=26 prompt=38497 hit=38331 ckpt=-1 pf=166 pf_ms=118 dec=106 dec_ms=517 cb_ms=0 rounds=28 tps=205.1 end=eos gw=0 yields=0 slot=0 t=288652 md4=19 md5=350 md6=231 md7=296 mprom=8 mdem=7 gch=303,305,298,285,588,966,301,250 gnh=408,683,441,379,447,593,194,151 glf=2993,2688,2390,2105,1517,551,250 gla=2740,2205,1764,1385,938,345,151 phd=85.9 phv=357.0 phs=86 phwn=7,5,0,4,8,0,0 phwm=101.1,77.8,0.0,57.2,121.0,0.0,0.0 sfxm=73.7 sfxn=4 phfd=0.0 sfx=635,6128 bat=1.0,0
[http] POST /v1/messages -> 200
[timing] render 0.7ms encode 25.2ms (151726 chars -> 38630 toks)
[gen] prompt=38630 prefix_hit=38490 snap=38490 ckpt=-1 pfx=0
[gen-done] eos: 246 tokens in 0.5s (514.3 t/s), n_max=64000
[req] rid=120 api=anth conv=6b1c4f4dca7619a0 qw_ms=1 tok_ms=26 prompt=38630 hit=38490 ckpt=-1 pf=140 pf_ms=115 dec=246 dec_ms=478 cb_ms=0 rounds=25 tps=514.3 end=eos gw=0 yields=0 slot=0 t=291720 md4=19 md5=358 md6=245 md7=296 mprom=9 mdem=7 gch=303,305,298,285,589,968,302,250 gnh=408,683,441,379,448,595,195,151 glf=2997,2692,2394,2109,1520,552,250 gla=2744,2209,1768,1389,941,346,151 phd=21.0 phv=60.2 phs=21 phwn=0,0,0,1,2,1,0 phwm=0.0,0.0,0.0,14.3,30.2,15.7,0.0 sfxm=396.8 sfxn=21 phfd=0.0 sfx=656,6353 bat=1.0,0
[http] POST /v1/messages -> 200
[timing] render 0.7ms encode 26.6ms (154554 chars -> 39480 toks)
[gen] prompt=39480 prefix_hit=38623 snap=38623 ckpt=-1 pfx=0
[gen-done] eos: 556 tokens in 2.4s (228.3 t/s), n_max=64000
[req] rid=121 api=anth conv=6b1c4f4dca7619a0 qw_ms=0 tok_ms=27 prompt=39480 hit=38623 ckpt=-1 pf=857 pf_ms=356 dec=556 dec_ms=2435 cb_ms=0 rounds=126 tps=228.3 end=eos gw=0 yields=0 slot=0 t=294765 md4=19 md5=443 md6=281 md7=296 mprom=10 mdem=8 gch=313,314,307,296,596,1020,318,250 gnh=417,707,459,390,459,626,205,151 glf=3101,2787,2480,2184,1588,568,250 gla=2843,2290,1831,1441,982,356,151 phd=499.4 phv=1712.5 phs=494 phwn=19,9,11,7,52,16,0 phwm=277.9,141.1,152.2,100.2,788.2,252.8,0.0 sfxm=222.5 sfxn=12 phfd=0.0 sfx=668,6446 bat=1.0,0
[http] POST /v1/messages -> 200
[timing] render 0.7ms encode 27.2ms (157872 chars -> 40586 toks)
[gen] prompt=40586 prefix_hit=39473 snap=39473 ckpt=-1 pfx=0
[gen-done] eos: 528 tokens in 2.2s (237.8 t/s), n_max=64000
[req] rid=122 api=anth conv=6b1c4f4dca7619a0 qw_ms=1 tok_ms=28 prompt=40586 hit=39473 ckpt=-1 pf=1113 pf_ms=466 dec=528 dec_ms=2220 cb_ms=0 rounds=116 tps=237.8 end=eos gw=0 yields=0 slot=0 t=297705 md4=19 md5=525 md6=313 md7=296 mprom=10 mdem=9 gch=323,325,317,306,605,1059,331,250 gnh=434,724,474,401,469,651,212,151 glf=3193,2868,2551,2245,1640,581,250 gla=2924,2358,1884,1483,1014,363,151 phd=425.4 phv=1530.2 phs=422 phwn=21,10,10,9,39,13,0 phwm=307.6,157.7,138.6,129.1,591.7,205.6,0.0 sfxm=263.5 sfxn=14 phfd=0.0 sfx=682,6588 bat=1.0,0
[http] POST /v1/messages -> 200
[timing] render 0.7ms encode 28.1ms (160480 chars -> 41374 toks)
[gen] prompt=41374 prefix_hit=40579 snap=40579 ckpt=-1 pfx=0
[gen-done] eos: 409 tokens in 1.6s (258.7 t/s), n_max=64000
[req] rid=123 api=anth conv=6b1c4f4dca7619a0 qw_ms=1 tok_ms=29 prompt=41374 hit=40579 ckpt=-1 pf=795 pf_ms=346 dec=409 dec_ms=1581 cb_ms=0 rounds=80 tps=258.7 end=eos gw=0 yields=0 slot=0 t=299895 md4=19 md5=560 md6=352 md7=296 mprom=11 mdem=9 gch=327,329,322,311,610,1079,353,250 gnh=442,733,478,407,480,665,225,151 glf=3254,2925,2603,2292,1682,603,250 gla=2980,2406,1928,1521,1041,376,151 phd=308.3 phv=992.0 phs=306 phwn=8,5,5,5,20,22,0 phwm=117.7,79.2,69.5,72.0,304.0,349.5,0.0 sfxm=280.1 sfxn=15 phfd=0.0 sfx=697,6708 bat=1.0,0
[http] POST /v1/messages -> 200
[timing] render 0.7ms encode 27.8ms (162844 chars -> 42069 toks)
[gen] prompt=42069 prefix_hit=41367 snap=41367 ckpt=-1 pfx=0
[gen-done] eos: 381 tokens in 0.7s (550.4 t/s), n_max=64000
[req] rid=124 api=anth conv=6b1c4f4dca7619a0 qw_ms=1 tok_ms=28 prompt=42069 hit=41367 ckpt=-1 pf=702 pf_ms=300 dec=381 dec_ms=692 cb_ms=0 rounds=35 tps=550.4 end=eos gw=0 yields=0 slot=0 t=301135 md4=19 md5=560 md6=359 md7=323 mprom=12 mdem=9 gch=327,329,322,311,610,1079,355,253 gnh=442,733,478,407,480,665,227,154 glf=3259,2930,2608,2297,1687,608,253 gla=2985,2411,1933,1526,1046,381,154 phd=32.8 phv=84.0 phs=33 phwn=0,0,0,0,0,2,3 phwm=0.0,0.0,0.0,0.0,0.0,31.8,52.2 sfxm=575.1 sfxn=30 phfd=0.0 sfx=727,7053 bat=1.0,0
[http] POST /v1/messages -> 200
[timing] render 0.7ms encode 28.4ms (165629 chars -> 43067 toks)
[gen] prompt=43067 prefix_hit=42062 snap=42062 ckpt=-1 pfx=0
[gen-done] eos: 119 tokens in 0.6s (197.4 t/s), n_max=64000
[req] rid=125 api=anth conv=6b1c4f4dca7619a0 qw_ms=1 tok_ms=29 prompt=43067 hit=42062 ckpt=-1 pf=1005 pf_ms=402 dec=119 dec_ms=603 cb_ms=0 rounds=30 tps=197.4 end=eos gw=0 yields=0 slot=0 t=302403 md4=19 md5=560 md6=370 md7=341 mprom=12 mdem=10 gch=328,337,324,312,610,1081,365,257 gnh=443,743,484,409,481,666,234,154 glf=3286,2949,2625,2313,1703,622,257 gla=3011,2428,1944,1535,1054,388,154 phd=130.3 phv=435.4 phs=131 phwn=9,2,1,0,2,10,4 phwm=130.3,31.9,13.9,0.0,30.5,158.9,69.9 sfxm=36.9 sfxn=2 phfd=0.0 sfx=729,7066 bat=1.0,0
[http] POST /v1/messages -> 200
[timing] render 0.7ms encode 28.5ms (167376 chars -> 43559 toks)
[gen] prompt=43559 prefix_hit=43060 snap=43060 ckpt=-1 pfx=0
[gen-done] eos: 276 tokens in 1.3s (212.6 t/s), n_max=64000
[req] rid=126 api=anth conv=6b1c4f4dca7619a0 qw_ms=0 tok_ms=29 prompt=43559 hit=43060 ckpt=-1 pf=499 pf_ms=230 dec=276 dec_ms=1298 cb_ms=0 rounds=63 tps=212.6 end=eos gw=0 yields=0 slot=0 t=303974 md4=19 md5=560 md6=413 md7=358 mprom=13 mdem=11 gch=332,338,331,317,614,1085,395,261 gnh=449,755,491,416,483,668,256,155 glf=3341,3003,2672,2355,1741,656,261 gla=3061,2469,1978,1562,1079,411,155 phd=299.3 phv=923.6 phs=302 phwn=5,7,5,4,4,30,4 phwm=75.5,112.0,69.7,57.7,61.0,477.8,69.9 sfxm=74.8 sfxn=4 phfd=0.0 sfx=733,7081 bat=1.0,0
[http] POST /v1/messages -> 200
[timing] render 0.9ms encode 28.6ms (168840 chars -> 43890 toks)
[gen] prompt=43890 prefix_hit=43552 snap=43552 ckpt=-1 pfx=0
[gen-done] eos: 440 tokens in 1.3s (332.2 t/s), n_max=64000
[req] rid=127 api=anth conv=6b1c4f4dca7619a0 qw_ms=0 tok_ms=29 prompt=43890 hit=43552 ckpt=-1 pf=338 pf_ms=187 dec=440 dec_ms=1325 cb_ms=0 rounds=61 tps=332.2 end=eos gw=0 yields=0 slot=0 t=305537 md4=19 md5=560 md6=428 md7=398 mprom=14 mdem=11 gch=333,339,334,318,614,1087,405,285 gnh=450,758,494,416,485,672,266,174 glf=3382,3043,2709,2391,1777,690,285 gla=3101,2507,2013,1597,1112,440,174 phd=268.0 phv=701.2 phs=257 phwn=2,3,1,0,2,10,24 phwm=29.7,48.1,14.0,0.0,30.6,159.3,419.5 sfxm=355.0 sfxn=19 phfd=0.0 sfx=752,7252 bat=1.0,0
[http] POST /v1/messages -> 200
[timing] render 0.7ms encode 29.7ms (172317 chars -> 45161 toks)
[gen] prompt=45161 prefix_hit=43883 snap=43883 ckpt=-1 pfx=0
[gen-done] eos: 584 tokens in 2.4s (244.9 t/s), n_max=64000
[req] rid=128 api=anth conv=6b1c4f4dca7619a0 qw_ms=1 tok_ms=30 prompt=45161 hit=43883 ckpt=-1 pf=1278 pf_ms=533 dec=584 dec_ms=2385 cb_ms=0 rounds=112 tps=244.9 end=eos gw=0 yields=0 slot=0 t=308722 md4=19 md5=560 md6=452 md7=472 mprom=14 mdem=12 gch=337,346,340,322,619,1091,424,326 gnh=461,770,503,421,492,677,282,199 glf=3468,3122,2782,2460,1841,750,326 gla=3177,2574,2071,1650,1158,481,199 phd=498.2 phv=1472.3 phs=505 phwn=11,6,4,5,4,19,41 phwm=163.2,97.0,56.0,72.5,61.4,304.1,718.1 sfxm=413.8 sfxn=22 phfd=0.0 sfx=774,7380 bat=1.0,0
[http] POST /v1/messages -> 200
[timing] render 0.7ms encode 31.5ms (177414 chars -> 46806 toks)
[gen] prompt=46806 prefix_hit=45154 snap=45154 ckpt=-1 pfx=0
[gen-done] eos: 92 tokens in 0.4s (219.1 t/s), n_max=64000
[req] rid=129 api=anth conv=6b1c4f4dca7619a0 qw_ms=1 tok_ms=32 prompt=46806 hit=45154 ckpt=-1 pf=1652 pf_ms=666 dec=92 dec_ms=420 cb_ms=0 rounds=22 tps=219.1 end=eos gw=0 yields=0 slot=0 t=310077 md4=19 md5=572 md6=461 md7=472 mprom=14 mdem=13 gch=337,349,345,325,621,1097,424,326 gnh=463,774,506,425,495,680,282,199 glf=3487,3138,2793,2468,1847,750,326 gla=3194,2587,2081,1656,1161,481,199 phd=73.9 phv=288.5 phs=73 phwn=3,5,3,2,6,0,0 phwm=43.9,81.3,42.1,29.1,92.1,0.0,0.0 sfxm=57.2 sfxn=3 phfd=0.0 sfx=777,7407 bat=1.0,0
[http] POST /v1/messages -> 200
[timing] render 0.7ms encode 30.8ms (179690 chars -> 47403 toks)
[gen] prompt=47403 prefix_hit=46799 snap=46799 ckpt=-1 pfx=0
[gen-done] eos: 99 tokens in 0.5s (214.1 t/s), n_max=64000
[req] rid=130 api=anth conv=6b1c4f4dca7619a0 qw_ms=1 tok_ms=32 prompt=47403 hit=46799 ckpt=-1 pf=604 pf_ms=283 dec=99 dec_ms=462 cb_ms=0 rounds=24 tps=214.1 end=eos gw=0 yields=0 slot=0 t=310867 md4=19 md5=595 md6=461 md7=472 mprom=14 mdem=13 gch=339,351,347,327,625,1107,424,326 gnh=466,777,508,428,499,687,282,199 glf=3507,3156,2809,2482,1857,750,326 gla=3213,2603,2095,1667,1168,481,199 phd=91.1 phv=333.2 phs=90 phwn=4,2,2,4,10,0,0 phwm=60.2,32.7,28.1,58.2,154.1,0.0,0.0 sfxm=37.9 sfxn=2 phfd=0.0 sfx=779,7420 bat=1.0,0
[http] POST /v1/messages -> 200
[timing] render 0.7ms encode 31.2ms (180169 chars -> 47531 toks)
[gen] prompt=47531 prefix_hit=47396 snap=47396 ckpt=-1 pfx=0
[gen-done] eos: 97 tokens in 0.3s (311.8 t/s), n_max=64000
[req] rid=131 api=anth conv=6b1c4f4dca7619a0 qw_ms=1 tok_ms=32 prompt=47531 hit=47396 ckpt=-1 pf=135 pf_ms=110 dec=97 dec_ms=311 cb_ms=0 rounds=16 tps=311.8 end=eos gw=0 yields=0 slot=0 t=311355 md4=19 md5=608 md6=461 md7=472 mprom=15 mdem=13 gch=339,351,347,328,626,1114,424,326 gnh=466,777,508,429,500,694,282,199 glf=3516,3165,2818,2490,1864,750,326 gla=3222,2612,2104,1675,1175,481,199 phd=45.8 phv=135.8 phs=44 phwn=0,0,1,1,7,0,0 phwm=0.0,0.0,14.0,14.5,107.4,0.0,0.0 sfxm=129.3 sfxn=7 phfd=0.0 sfx=786,7467 bat=1.0,0
[http] POST /v1/messages -> 200
[timing] render 0.8ms encode 32.2ms (182444 chars -> 48148 toks)
[gen] prompt=48148 prefix_hit=47524 snap=47524 ckpt=-1 pfx=0
[gen-done] eos: 81 tokens in 0.3s (231.9 t/s), n_max=64000
[req] rid=132 api=anth conv=6b1c4f4dca7619a0 qw_ms=1 tok_ms=33 prompt=48148 hit=47524 ckpt=-1 pf=624 pf_ms=283 dec=81 dec_ms=349 cb_ms=0 rounds=17 tps=231.9 end=eos gw=0 yields=0 slot=0 t=313915 md4=19 md5=608 md6=478 md7=472 mprom=15 mdem=13 gch=342,351,348,329,626,1115,434,326 gnh=468,778,511,431,500,695,289,199 glf=3529,3178,2830,2501,1875,760,326 gla=3235,2625,2114,1683,1183,488,199 phd=78.1 phv=252.3 phs=76 phwn=3,1,1,0,1,10,0 phwm=46.5,16.4,14.0,0.0,15.4,160.0,0.0 sfxm=18.7 sfxn=1 phfd=0.0 sfx=787,7475 bat=1.0,0
[http] POST /v1/messages -> 200
[timing] render 0.8ms encode 34.3ms (183245 chars -> 48385 toks)
[gen] prompt=48385 prefix_hit=48141 snap=48141 ckpt=-1 pfx=0
[gen-done] eos: 44 tokens in 0.2s (260.7 t/s), n_max=64000
[req] rid=133 api=anth conv=6b1c4f4dca7619a0 qw_ms=1 tok_ms=35 prompt=48385 hit=48141 ckpt=-1 pf=244 pf_ms=149 dec=44 dec_ms=169 cb_ms=0 rounds=8 tps=260.7 end=eos gw=0 yields=0 slot=0 t=314285 md4=19 md5=608 md6=486 md7=472 mprom=15 mdem=13 gch=342,351,349,329,627,1115,439,326 gnh=468,778,512,432,501,695,293,199 glf=3536,3185,2836,2507,1880,765,326 gla=3242,2632,2120,1688,1187,492,199 phd=39.0 phv=111.1 phs=38 phwn=0,1,0,1,0,5,0 phwm=0.0,16.4,0.0,14.6,0.0,80.2,0.0 sfxm=18.6 sfxn=1 phfd=0.0 sfx=788,7482 bat=1.0,0
[http] POST /v1/messages -> 200
[timing] render 0.7ms encode 31.5ms (183915 chars -> 48600 toks)
[gen] prompt=48600 prefix_hit=48378 snap=48378 ckpt=-1 pfx=0
[gen-done] eos: 90 tokens in 0.4s (249.5 t/s), n_max=64000
[req] rid=134 api=anth conv=6b1c4f4dca7619a0 qw_ms=1 tok_ms=32 prompt=48600 hit=48378 ckpt=-1 pf=222 pf_ms=148 dec=90 dec_ms=361 cb_ms=0 rounds=17 tps=249.5 end=eos gw=0 yields=0 slot=0 t=314839 md4=19 md5=608 md6=503 md7=472 mprom=15 mdem=13 gch=342,352,350,330,627,1116,451,326 gnh=469,780,513,434,502,697,300,199 glf=3552,3200,2850,2520,1893,777,326 gla=3257,2645,2132,1698,1196,499,199 phd=88.9 phv=253.0 phs=87 phwn=1,1,1,0,1,12,0 phwm=14.7,16.4,14.1,0.0,15.4,192.5,0.0 sfxm=18.6 sfxn=1 phfd=0.0 sfx=789,7493 bat=1.0,0
[http] POST /v1/messages -> 200
[timing] render 0.7ms encode 33.0ms (185152 chars -> 48970 toks)
[gen] prompt=48970 prefix_hit=48593 snap=48593 ckpt=-1 pfx=0
[gen-done] eos: 43 tokens in 0.2s (256.6 t/s), n_max=64000
[req] rid=135 api=anth conv=6b1c4f4dca7619a0 qw_ms=1 tok_ms=34 prompt=48970 hit=48593 ckpt=-1 pf=377 pf_ms=206 dec=43 dec_ms=168 cb_ms=0 rounds=8 tps=256.6 end=eos gw=0 yields=0 slot=0 t=315266 md4=19 md5=608 md6=510 md7=472 mprom=15 mdem=13 gch=342,352,351,330,627,1116,456,326 gnh=469,780,514,434,503,697,304,199 glf=3558,3206,2855,2525,1898,782,326 gla=3263,2651,2137,1703,1200,503,199 phd=33.4 phv=96.8 phs=33 phwn=0,1,0,0,0,5,0 phwm=0.0,16.4,0.0,0.0,0.0,80.3,0.0 sfxm=37.3 sfxn=2 phfd=0.0 sfx=791,7502 bat=1.0,0
[http] POST /v1/messages -> 200
[timing] render 0.7ms encode 33.7ms (187874 chars -> 49907 toks)
[gen] prompt=49907 prefix_hit=48963 snap=48963 ckpt=-1 pfx=0
[gen-done] eos: 743 tokens in 2.9s (253.0 t/s), n_max=64000
[req] rid=136 api=anth conv=6b1c4f4dca7619a0 qw_ms=1 tok_ms=34 prompt=49907 hit=48963 ckpt=-1 pf=944 pf_ms=402 dec=743 dec_ms=2936 cb_ms=0 rounds=137 tps=253.0 end=eos gw=0 yields=0 slot=0 t=318652 md4=19 md5=608 md6=590 md7=522 mprom=16 mdem=13 gch=351,359,357,335,632,1122,510,355 gnh=477,795,529,443,509,712,339,217 glf=3670,3311,2954,2619,1987,865,355 gla=3370,2749,2220,1777,1268,556,217 phd=667.7 phv=1963.4 phs=649 phwn=16,6,5,5,6,54,29 phwm=244.3,99.3,70.6,73.2,93.0,871.1,511.9 sfxm=304.2 sfxn=16 phfd=0.0 sfx=807,7620 bat=1.0,0
[http] POST /v1/messages -> 200
[timing] render 0.7ms encode 34.2ms (192571 chars -> 51182 toks)
[gen] prompt=51182 prefix_hit=49900 snap=49900 ckpt=-1 pfx=0
[gen-done] eos: 225 tokens in 0.8s (275.2 t/s), n_max=64000
[req] rid=137 api=anth conv=6b1c4f4dca7619a0 qw_ms=1 tok_ms=35 prompt=51182 hit=49900 ckpt=-1 pf=1282 pf_ms=556 dec=225 dec_ms=818 cb_ms=0 rounds=38 tps=275.2 end=eos gw=0 yields=0 slot=0 t=320364 md4=19 md5=608 md6=590 md7=551 mprom=16 mdem=13 gch=352,360,357,336,633,1122,512,372 gnh=480,797,530,444,510,712,343,228 glf=3692,3332,2975,2639,2006,884,372 gla=3390,2767,2237,1793,1283,571,228 phd=142.3 phv=392.6 phs=145 phwn=2,0,1,1,0,2,17 phwm=30.6,0.0,14.2,14.6,0.0,32.3,300.8 sfxm=282.5 sfxn=15 phfd=0.0 sfx=822,7713 bat=1.0,0
[http] POST /v1/messages -> 200
[timing] render 0.8ms encode 34.7ms (194009 chars -> 51654 toks)
[gen] prompt=51654 prefix_hit=51175 snap=51175 ckpt=-1 pfx=0
[gen-done] eos: 59 tokens in 0.2s (353.5 t/s), n_max=64000
[req] rid=138 api=anth conv=6b1c4f4dca7619a0 qw_ms=1 tok_ms=35 prompt=51654 hit=51175 ckpt=-1 pf=479 pf_ms=232 dec=59 dec_ms=167 cb_ms=0 rounds=8 tps=353.5 end=eos gw=0 yields=0 slot=0 t=321025 md4=19 md5=608 md6=590 md7=559 mprom=16 mdem=13 gch=352,361,357,337,633,1122,512,375 gnh=480,798,530,445,510,713,343,230 glf=3697,3336,2979,2642,2009,887,375 gla=3395,2771,2241,1796,1286,573,230 phd=27.0 phv=81.9 phs=27 phwn=1,0,1,0,0,0,3 phwm=14.9,0.0,14.1,0.0,0.0,0.0,52.9 sfxm=57.9 sfxn=3 phfd=0.0 sfx=825,7749 bat=1.0,0
[http] POST /v1/messages -> 200
[timing] render 0.7ms encode 34.8ms (194397 chars -> 51752 toks)
[gen] prompt=51752 prefix_hit=51647 snap=51647 ckpt=-1 pfx=0
[gen-done] eos: 54 tokens in 0.3s (187.3 t/s), n_max=64000
[req] rid=139 api=anth conv=6b1c4f4dca7619a0 qw_ms=1 tok_ms=35 prompt=51752 hit=51647 ckpt=-1 pf=105 pf_ms=110 dec=54 dec_ms=288 cb_ms=0 rounds=14 tps=187.3 end=eos gw=0 yields=0 slot=0 t=321471 md4=19 md5=608 md6=590 md7=572 mprom=16 mdem=13 gch=353,362,361,338,634,1123,513,378 gnh=482,801,533,445,510,715,343,233 glf=3709,3347,2986,2648,2014,891,378 gla=3405,2779,2246,1801,1291,576,233 phd=58.4 phv=210.9 phs=58 phwn=2,4,1,1,1,1,3 phwm=30.6,66.7,14.1,14.6,15.5,16.1,53.2 sfxm=18.9 sfxn=1 phfd=0.0 sfx=826,7753 bat=1.0,0
[http] POST /v1/messages -> 200
[timing] render 0.7ms encode 34.4ms (195630 chars -> 52082 toks)
[gen] prompt=52082 prefix_hit=51745 snap=51745 ckpt=-1 pfx=0
[gen-done] eos: 369 tokens in 2.0s (183.0 t/s), n_max=64000
[req] rid=140 api=anth conv=6b1c4f4dca7619a0 qw_ms=0 tok_ms=35 prompt=52082 hit=51745 ckpt=-1 pf=337 pf_ms=195 dec=369 dec_ms=2016 cb_ms=0 rounds=102 tps=183.0 end=eos gw=0 yields=0 slot=0 t=323743 md4=19 md5=677 md6=617 md7=576 mprom=16 mdem=15 gch=362,371,373,349,642,1162,524,379 gnh=499,819,546,460,521,737,346,234 glf=3800,3429,3056,2707,2065,903,379 gla=3483,2844,2298,1838,1317,580,234 phd=425.9 phv=1552.4 phs=418 phwn=18,12,11,8,39,11,1 phwm=276.6,200.8,156.1,117.5,605.8,178.1,17.6 sfxm=37.2 sfxn=2 phfd=0.0 sfx=828,7758 bat=1.0,0
[http] POST /v1/messages -> 200
[timing] render 0.0ms encode 1.0ms (2211 chars -> 543 toks)
[gen] prompt=543 prefix_hit=0 snap=0 ckpt=-1 pfx=0
[timing] render 0.7ms encode 16.6ms (101484 chars -> 23833 toks)
[gen-done] eos: 19 tokens in 0.1s (164.4 t/s), n_max=64000
[req] rid=141 api=anth conv=62c042abc47d51c6 qw_ms=0 tok_ms=1 prompt=543 hit=0 ckpt=-1 pf=543 pf_ms=182 dec=19 dec_ms=116 cb_ms=0 rounds=7 tps=164.4 end=eos gw=0 yields=0 slot=0 t=325486 md4=7 md5=0 md6=0 md7=0 mprom=0 mdem=0 gch=362,373,373,349,647,1162,524,379 gnh=500,822,546,460,524,737,346,234 glf=3807,3434,3061,2712,2065,903,379 gla=3489,2847,2301,1841,1317,580,234 phd=21.8 phv=93.7 phs=24 phwn=2,0,0,5,0,0,0 phwm=24.6,0.0,0.0,69.2,0.0,0.0,0.0 sfxm=0.0 sfxn=0 phfd=0.0 sfx=828,7758 bat=1.0,0
[http] POST /v1/messages -> 200
[gen] prompt=23833 prefix_hit=0 snap=0 ckpt=-1 pfx=0
[gen-done] eos: 188 tokens in 1.0s (182.8 t/s), n_max=64000
[req] rid=142 api=anth conv=71aa4fd7fef7b7d6 qw_ms=272 tok_ms=17 prompt=23833 hit=0 ckpt=-1 pf=23833 pf_ms=7036 dec=188 dec_ms=1029 cb_ms=0 rounds=58 tps=182.8 end=eos gw=0 yields=0 slot=0 t=333552 md4=58 md5=0 md6=0 md7=0 mprom=0 mdem=0 gch=367,382,381,355,677,1162,524,379 gnh=505,837,559,468,541,737,346,234 glf=3860,3478,3097,2742,2065,903,379 gla=3539,2885,2326,1858,1317,580,234 phd=194.6 phv=833.7 phs=191 phwn=14,8,6,30,0,0,0 phwm=197.3,119.0,83.8,433.7,0.0,0.0,0.0 sfxm=0.0 sfxn=0 phfd=0.0 sfx=828,7758 bat=1.0,0
[http] POST /v1/messages -> 200
[timing] render 0.4ms encode 11.3ms (66561 chars -> 15748 toks)
[gen] prompt=15748 prefix_hit=0 snap=0 ckpt=-1 pfx=0
[gen-done] eos: 323 tokens in 1.5s (220.0 t/s), n_max=32000
[sample-stats] T=1.000 top_p=1.000: 3.939 tokens/round (323 tok/82 rounds)
[req] rid=143 api=anth conv=b21f715a2019eb59 qw_ms=0 tok_ms=12 prompt=15748 hit=0 ckpt=-1 pf=15748 pf_ms=4494 dec=323 dec_ms=1468 cb_ms=0 rounds=82 tps=220.0 end=eos gw=0 yields=0 slot=0 t=339538 md4=0 md5=0 md6=0 md7=0 mprom=0 mdem=0 gch=367,382,381,355,677,1162,524,379 gnh=505,837,559,468,541,737,346,234 glf=3860,3478,3097,2742,2065,903,379 gla=3539,2885,2326,1858,1317,580,234 phd=0.0 phv=0.0 phs=0 phwn=0,0,0,0,0,0,0 phwm=0.0,0.0,0.0,0.0,0.0,0.0,0.0 sfxm=0.0 sfxn=0 phfd=0.0 sfx=828,7758 bat=1.0,0
[drift] recovered=1 modes=1
[tool-fallback] 1 bare call(s) recovered (stream)
[http] POST /v1/messages -> 200
[timing] render 0.4ms encode 11.9ms (67923 chars -> 16129 toks)
[gen] prompt=16129 prefix_hit=15741 snap=15741 ckpt=-1 pfx=0
[gen-done] eos: 134 tokens in 0.6s (209.0 t/s), n_max=32000
[sample-stats] T=1.000 top_p=1.000: 3.722 tokens/round (134 tok/36 rounds)
[req] rid=144 api=anth conv=b21f715a2019eb59 qw_ms=0 tok_ms=12 prompt=16129 hit=15741 ckpt=-1 pf=388 pf_ms=174 dec=134 dec_ms=641 cb_ms=0 rounds=36 tps=209.0 end=eos gw=0 yields=0 slot=0 t=340402 md4=0 md5=0 md6=0 md7=0 mprom=0 mdem=0 gch=367,382,381,355,677,1162,524,379 gnh=505,837,559,468,541,737,346,234 glf=3860,3478,3097,2742,2065,903,379 gla=3539,2885,2326,1858,1317,580,234 phd=0.0 phv=0.0 phs=0 phwn=0,0,0,0,0,0,0 phwm=0.0,0.0,0.0,0.0,0.0,0.0,0.0 sfxm=0.0 sfxn=0 phfd=0.0 sfx=828,7758 bat=1.0,0
[drift] recovered=1 modes=1
[tool-fallback] 1 bare call(s) recovered (stream)
[http] POST /v1/messages -> 200
[http] POST /v1/messages/count_tokens -> 200
[timing] render 0.4ms encode 15.6ms (106329 chars -> 27853 toks)
[gen] prompt=27853 prefix_hit=16122 snap=16122 ckpt=-1 pfx=0
[gen-done] eos: 209 tokens in 1.1s (184.8 t/s), n_max=32000
[sample-stats] T=1.000 top_p=1.000: 3.371 tokens/round (209 tok/62 rounds)
[req] rid=145 api=anth conv=b21f715a2019eb59 qw_ms=0 tok_ms=16 prompt=27853 hit=16122 ckpt=-1 pf=11731 pf_ms=3779 dec=209 dec_ms=1131 cb_ms=0 rounds=62 tps=184.8 end=eos gw=0 yields=0 slot=0 t=345350 md4=0 md5=0 md6=0 md7=0 mprom=0 mdem=0 gch=367,382,381,355,677,1162,524,379 gnh=505,837,559,468,541,737,346,234 glf=3860,3478,3097,2742,2065,903,379 gla=3539,2885,2326,1858,1317,580,234 phd=0.0 phv=0.0 phs=0 phwn=0,0,0,0,0,0,0 phwm=0.0,0.0,0.0,0.0,0.0,0.0,0.0 sfxm=0.0 sfxn=0 phfd=0.0 sfx=828,7758 bat=1.0,0
[drift] recovered=1 modes=1
[tool-fallback] 1 bare call(s) recovered (stream)
[http] POST /v1/messages -> 200
[timing] render 0.4ms encode 16.9ms (107592 chars -> 28228 toks)
[gen] prompt=28228 prefix_hit=27846 snap=27846 ckpt=-1 pfx=0
[gen-done] eos: 58 tokens in 0.3s (168.6 t/s), n_max=32000
[sample-stats] T=1.000 top_p=1.000: 3.053 tokens/round (58 tok/19 rounds)
[req] rid=146 api=anth conv=b21f715a2019eb59 qw_ms=0 tok_ms=17 prompt=28228 hit=27846 ckpt=-1 pf=382 pf_ms=186 dec=58 dec_ms=344 cb_ms=0 rounds=19 tps=168.6 end=eos gw=0 yields=0 slot=0 t=345918 md4=0 md5=0 md6=0 md7=0 mprom=0 mdem=0 gch=367,382,381,355,677,1162,524,379 gnh=505,837,559,468,541,737,346,234 glf=3860,3478,3097,2742,2065,903,379 gla=3539,2885,2326,1858,1317,580,234 phd=0.0 phv=0.0 phs=0 phwn=0,0,0,0,0,0,0 phwm=0.0,0.0,0.0,0.0,0.0,0.0,0.0 sfxm=0.0 sfxn=0 phfd=0.0 sfx=828,7758 bat=1.0,0
[http] POST /v1/messages -> 200
[timing] render 0.6ms encode 17.1ms (107980 chars -> 28327 toks)
[gen] prompt=28327 prefix_hit=28221 snap=28221 ckpt=-1 pfx=0
[gen-done] eos: 64 tokens in 0.3s (230.1 t/s), n_max=32000
[sample-stats] T=1.000 top_p=1.000: 4.267 tokens/round (64 tok/15 rounds)
[req] rid=147 api=anth conv=b21f715a2019eb59 qw_ms=0 tok_ms=18 prompt=28327 hit=28221 ckpt=-1 pf=106 pf_ms=95 dec=64 dec_ms=278 cb_ms=0 rounds=15 tps=230.1 end=eos gw=0 yields=0 slot=0 t=346322 md4=0 md5=0 md6=0 md7=0 mprom=0 mdem=0 gch=367,382,381,355,677,1162,524,379 gnh=505,837,559,468,541,737,346,234 glf=3860,3478,3097,2742,2065,903,379 gla=3539,2885,2326,1858,1317,580,234 phd=0.0 phv=0.0 phs=0 phwn=0,0,0,0,0,0,0 phwm=0.0,0.0,0.0,0.0,0.0,0.0,0.0 sfxm=0.0 sfxn=0 phfd=0.0 sfx=828,7758 bat=1.0,0
[http] POST /v1/messages -> 200
[timing] render 0.4ms encode 17.1ms (108795 chars -> 28517 toks)
[gen] prompt=28517 prefix_hit=28320 snap=28320 ckpt=-1 pfx=0
[gen-done] eos: 33 tokens in 0.1s (252.6 t/s), n_max=32000
[sample-stats] T=1.000 top_p=1.000: 4.714 tokens/round (33 tok/7 rounds)
[req] rid=148 api=anth conv=b21f715a2019eb59 qw_ms=0 tok_ms=18 prompt=28517 hit=28320 ckpt=-1 pf=197 pf_ms=122 dec=33 dec_ms=131 cb_ms=0 rounds=7 tps=252.6 end=eos gw=0 yields=0 slot=0 t=346608 md4=0 md5=0 md6=0 md7=0 mprom=0 mdem=0 gch=367,382,381,355,677,1162,524,379 gnh=505,837,559,468,541,737,346,234 glf=3860,3478,3097,2742,2065,903,379 gla=3539,2885,2326,1858,1317,580,234 phd=0.0 phv=0.0 phs=0 phwn=0,0,0,0,0,0,0 phwm=0.0,0.0,0.0,0.0,0.0,0.0,0.0 sfxm=0.0 sfxn=0 phfd=0.0 sfx=828,7758 bat=1.0,0
[http] POST /v1/messages -> 200
[timing] render 0.5ms encode 18.6ms (125020 chars -> 34448 toks)
[gen] prompt=34448 prefix_hit=28510 snap=28510 ckpt=-1 pfx=0
[gen-done] eos: 133 tokens in 0.8s (165.9 t/s), n_max=32000
[sample-stats] T=1.000 top_p=1.000: 3.023 tokens/round (133 tok/44 rounds)
[req] rid=149 api=anth conv=b21f715a2019eb59 qw_ms=0 tok_ms=19 prompt=34448 hit=28510 ckpt=-1 pf=5938 pf_ms=2073 dec=133 dec_ms=802 cb_ms=0 rounds=44 tps=165.9 end=eos gw=0 yields=0 slot=0 t=349511 md4=0 md5=0 md6=0 md7=0 mprom=0 mdem=0 gch=367,382,381,355,677,1162,524,379 gnh=505,837,559,468,541,737,346,234 glf=3860,3478,3097,2742,2065,903,379 gla=3539,2885,2326,1858,1317,580,234 phd=0.0 phv=0.0 phs=0 phwn=0,0,0,0,0,0,0 phwm=0.0,0.0,0.0,0.0,0.0,0.0,0.0 sfxm=0.0 sfxn=0 phfd=0.0 sfx=828,7758 bat=1.0,0
[drift] recovered=1 modes=1
[tool-fallback] 1 bare call(s) recovered (stream)
[http] POST /v1/messages -> 200
[timing] render 0.5ms encode 19.2ms (125663 chars -> 34618 toks)
[gen] prompt=34618 prefix_hit=34441 snap=34441 ckpt=-1 pfx=0
[gen-done] eos: 45 tokens in 0.3s (147.3 t/s), n_max=32000
[sample-stats] T=1.000 top_p=1.000: 2.647 tokens/round (45 tok/17 rounds)
[req] rid=150 api=anth conv=b21f715a2019eb59 qw_ms=0 tok_ms=20 prompt=34618 hit=34441 ckpt=-1 pf=177 pf_ms=124 dec=45 dec_ms=306 cb_ms=0 rounds=17 tps=147.3 end=eos gw=0 yields=0 slot=0 t=349976 md4=0 md5=0 md6=0 md7=0 mprom=0 mdem=0 gch=367,382,381,355,677,1162,524,379 gnh=505,837,559,468,541,737,346,234 glf=3860,3478,3097,2742,2065,903,379 gla=3539,2885,2326,1858,1317,580,234 phd=0.0 phv=0.0 phs=0 phwn=0,0,0,0,0,0,0 phwm=0.0,0.0,0.0,0.0,0.0,0.0,0.0 sfxm=0.0 sfxn=0 phfd=0.0 sfx=828,7758 bat=1.0,0
[http] POST /v1/messages -> 200
[timing] render 0.5ms encode 19.2ms (127860 chars -> 35548 toks)
[gen] prompt=35548 prefix_hit=34611 snap=34611 ckpt=-1 pfx=0
[gen-done] eos: 41 tokens in 0.2s (219.8 t/s), n_max=32000
[sample-stats] T=1.000 top_p=1.000: 4.100 tokens/round (41 tok/10 rounds)
[req] rid=151 api=anth conv=b21f715a2019eb59 qw_ms=0 tok_ms=20 prompt=35548 hit=34611 ckpt=-1 pf=937 pf_ms=364 dec=41 dec_ms=187 cb_ms=0 rounds=10 tps=219.8 end=eos gw=0 yields=0 slot=0 t=350557 md4=0 md5=0 md6=0 md7=0 mprom=0 mdem=0 gch=367,382,381,355,677,1162,524,379 gnh=505,837,559,468,541,737,346,234 glf=3860,3478,3097,2742,2065,903,379 gla=3539,2885,2326,1858,1317,580,234 phd=0.0 phv=0.0 phs=0 phwn=0,0,0,0,0,0,0 phwm=0.0,0.0,0.0,0.0,0.0,0.0,0.0 sfxm=0.0 sfxn=0 phfd=0.0 sfx=828,7758 bat=1.0,0
[http] POST /v1/messages -> 200
[timing] render 0.4ms encode 19.4ms (128734 chars -> 35825 toks)
[gen] prompt=35825 prefix_hit=35541 snap=35541 ckpt=-1 pfx=0
[gen-done] eos: 60 tokens in 0.3s (188.5 t/s), n_max=32000
[sample-stats] T=1.000 top_p=1.000: 3.529 tokens/round (60 tok/17 rounds)
[req] rid=152 api=anth conv=b21f715a2019eb59 qw_ms=0 tok_ms=20 prompt=35825 hit=35541 ckpt=-1 pf=284 pf_ms=166 dec=60 dec_ms=318 cb_ms=0 rounds=17 tps=188.5 end=eos gw=0 yields=0 slot=0 t=351071 md4=0 md5=0 md6=0 md7=0 mprom=0 mdem=0 gch=367,382,381,355,677,1162,524,379 gnh=505,837,559,468,541,737,346,234 glf=3860,3478,3097,2742,2065,903,379 gla=3539,2885,2326,1858,1317,580,234 phd=0.0 phv=0.0 phs=0 phwn=0,0,0,0,0,0,0 phwm=0.0,0.0,0.0,0.0,0.0,0.0,0.0 sfxm=0.0 sfxn=0 phfd=0.0 sfx=828,7758 bat=1.0,0
[http] POST /v1/messages -> 200
[timing] render 0.4ms encode 19.6ms (129253 chars -> 35950 toks)
[gen] prompt=35950 prefix_hit=35818 snap=35818 ckpt=-1 pfx=0
[gen-done] eos: 77 tokens in 0.3s (252.5 t/s), n_max=32000
[sample-stats] T=1.000 top_p=1.000: 4.812 tokens/round (77 tok/16 rounds)
[req] rid=153 api=anth conv=b21f715a2019eb59 qw_ms=0 tok_ms=20 prompt=35950 hit=35818 ckpt=-1 pf=132 pf_ms=105 dec=77 dec_ms=305 cb_ms=0 rounds=16 tps=252.5 end=eos gw=0 yields=0 slot=0 t=351517 md4=0 md5=0 md6=0 md7=0 mprom=0 mdem=0 gch=367,382,381,355,677,1162,524,379 gnh=505,837,559,468,541,737,346,234 glf=3860,3478,3097,2742,2065,903,379 gla=3539,2885,2326,1858,1317,580,234 phd=0.0 phv=0.0 phs=0 phwn=0,0,0,0,0,0,0 phwm=0.0,0.0,0.0,0.0,0.0,0.0,0.0 sfxm=0.0 sfxn=0 phfd=0.0 sfx=828,7758 bat=1.0,0
[http] POST /v1/messages -> 200
[timing] render 0.5ms encode 20.6ms (130470 chars -> 36319 toks)
[gen] prompt=36319 prefix_hit=35943 snap=35943 ckpt=-1 pfx=0
[gen-done] eos: 1332 tokens in 7.9s (168.0 t/s), n_max=32000
[sample-stats] T=1.000 top_p=1.000: 3.098 tokens/round (1332 tok/430 rounds)
[req] rid=154 api=anth conv=b21f715a2019eb59 qw_ms=0 tok_ms=21 prompt=36319 hit=35943 ckpt=-1 pf=376 pf_ms=192 dec=1332 dec_ms=7930 cb_ms=0 rounds=430 tps=168.0 end=eos gw=0 yields=0 slot=0 t=359678 md4=0 md5=0 md6=0 md7=0 mprom=0 mdem=0 gch=367,382,381,355,677,1162,524,379 gnh=505,837,559,468,541,737,346,234 glf=3860,3478,3097,2742,2065,903,379 gla=3539,2885,2326,1858,1317,580,234 phd=0.0 phv=0.0 phs=0 phwn=0,0,0,0,0,0,0 phwm=0.0,0.0,0.0,0.0,0.0,0.0,0.0 sfxm=0.0 sfxn=0 phfd=0.0 sfx=828,7758 bat=1.0,0
[http] POST /v1/messages -> 200
[timing] render 0.6ms encode 17.7ms (107079 chars -> 25368 toks)
[gen] prompt=25368 prefix_hit=0 snap=0 ckpt=-1 pfx=0
[gen-done] eos: 53 tokens in 0.3s (208.0 t/s), n_max=64000
[req] rid=155 api=anth conv=71aa4fd7fef7b7d6 qw_ms=1 tok_ms=18 prompt=25368 hit=0 ckpt=-1 pf=25368 pf_ms=7529 dec=53 dec_ms=255 cb_ms=0 rounds=14 tps=208.0 end=eos gw=0 yields=0 slot=0 t=367495 md4=14 md5=0 md6=0 md7=0 mprom=0 mdem=0 gch=369,382,382,355,688,1162,524,379 gnh=506,839,561,469,549,737,346,234 glf=3872,3490,3108,2753,2065,903,379 gla=3551,2896,2335,1866,1317,580,234 phd=50.7 phv=203.9 phs=49 phwn=2,1,0,11,0,0,0 phwm=29.4,15.0,0.0,159.5,0.0,0.0,0.0 sfxm=0.0 sfxn=0 phfd=0.0 sfx=828,7758 bat=1.0,0
[http] POST /v1/messages -> 200
[http] POST /v1/messages/count_tokens -> 200
[timing] render 0.6ms encode 21.8ms (145212 chars -> 37011 toks)
[gen] prompt=37011 prefix_hit=25361 snap=25361 ckpt=-1 pfx=0
[gen-done] eos: 286 tokens in 1.5s (185.1 t/s), n_max=64000
[req] rid=156 api=anth conv=71aa4fd7fef7b7d6 qw_ms=1 tok_ms=22 prompt=37011 hit=25361 ckpt=-1 pf=11650 pf_ms=4023 dec=286 dec_ms=1545 cb_ms=0 rounds=84 tps=185.1 end=eos gw=0 yields=0 slot=0 t=373110 md4=27 md5=71 md6=0 md7=0 mprom=1 mdem=0 gch=373,399,389,367,703,1190,524,379 gnh=514,863,574,485,562,746,346,234 glf=3951,3552,3163,2796,2093,903,379 gla=3624,2947,2373,1888,1326,580,234 phd=315.3 phv=1210.8 phs=312 phwn=21,7,12,15,28,0,0 phwm=298.5,108.6,165.7,214.4,423.7,0.0,0.0 sfxm=18.2 sfxn=1 phfd=0.0 sfx=829,7769 bat=1.0,0
[http] POST /v1/messages -> 200
[timing] render 0.7ms encode 23.8ms (149738 chars -> 38337 toks)
[gen] prompt=38337 prefix_hit=37004 snap=37004 ckpt=-1 pfx=0
[gen-done] eos: 231 tokens in 1.1s (204.6 t/s), n_max=64000
[req] rid=157 api=anth conv=71aa4fd7fef7b7d6 qw_ms=1 tok_ms=24 prompt=38337 hit=37004 ckpt=-1 pf=1333 pf_ms=538 dec=231 dec_ms=1129 cb_ms=0 rounds=60 tps=204.6 end=eos gw=0 yields=0 slot=0 t=374815 md4=27 md5=128 md6=0 md7=0 mprom=1 mdem=0 gch=380,404,393,372,709,1218,524,379 gnh=523,876,577,491,568,764,346,234 glf=3999,3595,3202,2830,2121,903,379 gla=3667,2980,2403,1912,1344,580,234 phd=219.7 phv=817.7 phs=219 phwn=12,4,5,6,28,0,0 phwm=175.3,62.4,69.2,86.1,424.7,0.0,0.0 sfxm=91.3 sfxn=5 phfd=0.0 sfx=834,7797 bat=1.0,0
[http] POST /v1/messages -> 200
[timing] render 0.7ms encode 23.0ms (152382 chars -> 39089 toks)
[gen] prompt=39089 prefix_hit=38330 snap=38330 ckpt=-1 pfx=0
[gen-done] eos: 58 tokens in 0.2s (253.5 t/s), n_max=64000
[req] rid=158 api=anth conv=71aa4fd7fef7b7d6 qw_ms=0 tok_ms=24 prompt=39089 hit=38330 ckpt=-1 pf=759 pf_ms=302 dec=58 dec_ms=229 cb_ms=0 rounds=12 tps=253.5 end=eos gw=0 yields=0 slot=0 t=375385 md4=27 md5=139 md6=0 md7=0 mprom=1 mdem=0 gch=380,405,394,374,710,1223,524,379 gnh=523,877,578,493,570,768,346,234 glf=4009,3604,3210,2836,2126,903,379 gla=3677,2989,2411,1918,1348,580,234 phd=43.2 phv=148.0 phs=43 phwn=1,1,2,1,5,0,0 phwm=14.2,15.7,27.8,14.4,76.0,0.0,0.0 sfxm=37.4 sfxn=2 phfd=0.0 sfx=836,7811 bat=1.0,0
[http] POST /v1/messages -> 200
[timing] render 0.7ms encode 23.3ms (154089 chars -> 39540 toks)
[gen] prompt=39540 prefix_hit=39082 snap=39082 ckpt=-1 pfx=0
[gen-done] eos: 150 tokens in 0.7s (204.5 t/s), n_max=64000
[req] rid=159 api=anth conv=71aa4fd7fef7b7d6 qw_ms=0 tok_ms=24 prompt=39540 hit=39082 ckpt=-1 pf=458 pf_ms=213 dec=150 dec_ms=734 cb_ms=0 rounds=38 tps=204.5 end=eos gw=0 yields=0 slot=0 t=376367 md4=27 md5=176 md6=0 md7=0 mprom=1 mdem=0 gch=383,409,395,375,712,1249,524,379 gnh=526,885,584,497,570,784,346,234 glf=4043,3634,3239,2864,2152,903,379 gla=3710,3015,2431,1934,1364,580,234 phd=159.8 phv=555.3 phs=158 phwn=7,1,1,2,26,0,0 phwm=101.9,15.7,13.9,28.7,395.2,0.0,0.0 sfxm=18.2 sfxn=1 phfd=0.0 sfx=837,7815 bat=1.0,0
[http] POST /v1/messages -> 200
[timing] render 0.6ms encode 23.4ms (154697 chars -> 39720 toks)
[gen] prompt=39720 prefix_hit=39533 snap=39533 ckpt=-1 pfx=0
[gen-done] eos: 137 tokens in 0.8s (166.0 t/s), n_max=64000
[req] rid=160 api=anth conv=71aa4fd7fef7b7d6 qw_ms=0 tok_ms=24 prompt=39720 hit=39533 ckpt=-1 pf=187 pf_ms=129 dec=137 dec_ms=825 cb_ms=0 rounds=45 tps=166.0 end=eos gw=0 yields=0 slot=0 t=377366 md4=27 md5=220 md6=0 md7=0 mprom=1 mdem=0 gch=392,416,401,378,714,1266,524,379 gnh=533,899,590,505,572,791,346,234 glf=4078,3662,3261,2883,2169,903,379 gla=3743,3038,2448,1943,1371,580,234 phd=149.1 phv=657.7 phs=148 phwn=16,6,3,2,17,0,0 phwm=234.7,94.2,41.6,28.8,258.4,0.0,0.0 sfxm=18.2 sfxn=1 phfd=0.0 sfx=838,7818 bat=1.0,0
[http] POST /v1/messages -> 200
[timing] render 0.6ms encode 23.6ms (155593 chars -> 39963 toks)
[gen] prompt=39963 prefix_hit=39713 snap=39713 ckpt=-1 pfx=0
[gen-done] eos: 54 tokens in 0.2s (278.3 t/s), n_max=64000
[req] rid=161 api=anth conv=71aa4fd7fef7b7d6 qw_ms=0 tok_ms=24 prompt=39963 hit=39713 ckpt=-1 pf=250 pf_ms=151 dec=54 dec_ms=194 cb_ms=0 rounds=10 tps=278.3 end=eos gw=0 yields=0 slot=0 t=377755 md4=27 md5=229 md6=0 md7=0 mprom=1 mdem=0 gch=392,416,401,379,714,1272,524,379 gnh=533,899,591,506,572,796,346,234 glf=4085,3669,3268,2889,2175,903,379 gla=3750,3045,2454,1948,1376,580,234 phd=33.2 phv=105.1 phs=34 phwn=0,0,1,0,6,0,0 phwm=0.0,0.0,13.9,0.0,91.2,0.0,0.0 sfxm=55.7 sfxn=3 phfd=0.0 sfx=841,7840 bat=1.0,0
[http] POST /v1/messages -> 200
[timing] render 0.7ms encode 24.0ms (156173 chars -> 40127 toks)
[gen] prompt=40127 prefix_hit=39956 snap=39956 ckpt=-1 pfx=0
[gen-done] eos: 272 tokens in 1.2s (217.7 t/s), n_max=64000
[req] rid=162 api=anth conv=71aa4fd7fef7b7d6 qw_ms=1 tok_ms=25 prompt=40127 hit=39956 ckpt=-1 pf=171 pf_ms=127 dec=272 dec_ms=1249 cb_ms=0 rounds=65 tps=217.7 end=eos gw=0 yields=0 slot=0 t=379174 md4=27 md5=293 md6=0 md7=0 mprom=1 mdem=0 gch=395,422,405,386,720,1308,524,379 gnh=538,913,594,517,578,819,346,234 glf=4144,3722,3317,2931,2211,903,379 gla=3805,3088,2494,1977,1399,580,234 phd=268.9 phv=924.3 phs=265 phwn=9,4,7,6,36,0,0 phwm=130.5,63.0,97.1,86.1,547.5,0.0,0.0 sfxm=55.7 sfxn=3 phfd=0.0 sfx=844,7861 bat=1.0,0
[http] POST /v1/messages -> 200
[timing] render 0.6ms encode 23.5ms (157569 chars -> 40550 toks)
[gen] prompt=40550 prefix_hit=40120 snap=40120 ckpt=-1 pfx=0
[gen-done] eos: 37 tokens in 0.1s (269.1 t/s), n_max=64000
[req] rid=163 api=anth conv=71aa4fd7fef7b7d6 qw_ms=1 tok_ms=24 prompt=40550 hit=40120 ckpt=-1 pf=430 pf_ms=210 dec=37 dec_ms=137 cb_ms=0 rounds=7 tps=269.1 end=eos gw=0 yields=0 slot=0 t=379582 md4=27 md5=296 md6=4 md7=0 mprom=2 mdem=0 gch=395,423,405,386,721,1311,525,379 gnh=538,914,594,517,579,822,347,234 glf=4150,3727,3322,2936,2215,904,379 gla=3811,3093,2499,1982,1403,581,234 phd=29.0 phv=90.1 phs=29 phwn=1,0,0,1,3,1,0 phwm=14.3,0.0,0.0,14.4,45.6,15.9,0.0 sfxm=18.2 sfxn=1 phfd=0.0 sfx=845,7867 bat=1.0,0
[http] POST /v1/messages -> 200
[timing] render 0.6ms encode 24.3ms (157815 chars -> 40619 toks)
[gen] prompt=40619 prefix_hit=40543 snap=40543 ckpt=-1 pfx=0
[gen-done] eos: 38 tokens in 0.1s (269.8 t/s), n_max=64000
[req] rid=164 api=anth conv=71aa4fd7fef7b7d6 qw_ms=1 tok_ms=25 prompt=40619 hit=40543 ckpt=-1 pf=76 pf_ms=92 dec=38 dec_ms=141 cb_ms=0 rounds=7 tps=269.8 end=eos gw=0 yields=0 slot=0 t=379855 md4=27 md5=296 md6=9 md7=0 mprom=2 mdem=0 gch=395,423,405,386,721,1311,529,379 gnh=538,914,594,517,579,823,350,234 glf=4154,3731,3326,2940,2219,908,379 gla=3815,3097,2503,1986,1407,584,234 phd=22.6 phv=63.6 phs=24 phwn=0,0,0,0,0,4,0 phwm=0.0,0.0,0.0,0.0,0.0,63.6,0.0 sfxm=54.6 sfxn=3 phfd=0.0 sfx=848,7883 bat=1.0,0
[http] POST /v1/messages -> 200
[timing] render 0.7ms encode 24.4ms (158063 chars -> 40690 toks)
[gen] prompt=40690 prefix_hit=40612 snap=40612 ckpt=-1 pfx=0
[gen-done] eos: 41 tokens in 0.1s (329.8 t/s), n_max=64000
[req] rid=165 api=anth conv=71aa4fd7fef7b7d6 qw_ms=0 tok_ms=25 prompt=40690 hit=40612 ckpt=-1 pf=78 pf_ms=92 dec=41 dec_ms=124 cb_ms=0 rounds=6 tps=329.8 end=eos gw=0 yields=0 slot=0 t=380110 md4=27 md5=296 md6=15 md7=0 mprom=2 mdem=0 gch=395,423,405,386,721,1311,533,379 gnh=538,914,594,517,579,823,354,234 glf=4158,3735,3330,2944,2223,912,379 gla=3819,3101,2507,1990,1411,588,234 phd=23.9 phv=63.5 phs=24 phwn=0,0,0,0,0,4,0 phwm=0.0,0.0,0.0,0.0,0.0,63.5,0.0 sfxm=36.9 sfxn=2 phfd=0.0 sfx=850,7900 bat=1.0,0
[http] POST /v1/messages -> 200
[timing] render 0.7ms encode 24.1ms (158767 chars -> 40850 toks)
[gen] prompt=40850 prefix_hit=40683 snap=40683 ckpt=-1 pfx=0
[gen-done] eos: 60 tokens in 0.3s (195.2 t/s), n_max=64000
[req] rid=166 api=anth conv=71aa4fd7fef7b7d6 qw_ms=0 tok_ms=25 prompt=40850 hit=40683 ckpt=-1 pf=167 pf_ms=119 dec=60 dec_ms=307 cb_ms=0 rounds=16 tps=195.2 end=eos gw=0 yields=0 slot=0 t=380582 md4=27 md5=296 md6=30 md7=0 mprom=2 mdem=0 gch=397,426,407,387,721,1311,540,379 gnh=541,919,594,518,579,824,359,234 glf=4171,3745,3338,2951,2230,919,379 gla=3829,3108,2514,1996,1417,593,234 phd=59.1 phv=229.7 phs=60 phwn=5,2,1,0,0,7,0 phwm=73.1,31.6,13.9,0.0,0.0,111.1,0.0 sfxm=18.4 sfxn=1 phfd=0.0 sfx=851,7904 bat=1.0,0
[http] POST /v1/messages -> 200
[timing] render 0.7ms encode 24.6ms (159111 chars -> 40944 toks)
[gen] prompt=40944 prefix_hit=40843 snap=40843 ckpt=-1 pfx=0
[gen-done] eos: 69 tokens in 0.4s (190.9 t/s), n_max=64000
[req] rid=167 api=anth conv=71aa4fd7fef7b7d6 qw_ms=1 tok_ms=25 prompt=40944 hit=40843 ckpt=-1 pf=101 pf_ms=103 dec=69 dec_ms=362 cb_ms=0 rounds=19 tps=190.9 end=eos gw=0 yields=0 slot=0 t=381093 md4=27 md5=306 md6=38 md7=0 mprom=2 mdem=1 gch=397,429,412,389,722,1316,542,379 gnh=542,925,598,519,580,827,361,234 glf=4189,3760,3348,2959,2237,921,379 gla=3846,3119,2521,2002,1422,595,234 phd=71.0 phv=272.0 phs=71 phwn=3,5,2,1,5,2,0 phwm=42.9,79.0,27.8,14.5,76.2,31.7,0.0 sfxm=18.4 sfxn=1 phfd=0.0 sfx=852,7908 bat=1.0,0
[http] POST /v1/messages -> 200
[timing] render 0.6ms encode 24.8ms (160679 chars -> 41465 toks)
[gen] prompt=41465 prefix_hit=40937 snap=40937 ckpt=-1 pfx=0
[gen-done] eos: 42 tokens in 0.2s (217.3 t/s), n_max=64000
[req] rid=168 api=anth conv=71aa4fd7fef7b7d6 qw_ms=0 tok_ms=25 prompt=41465 hit=40937 ckpt=-1 pf=528 pf_ms=245 dec=42 dec_ms=193 cb_ms=0 rounds=10 tps=217.3 end=eos gw=0 yields=0 slot=0 t=381591 md4=27 md5=316 md6=38 md7=0 mprom=2 mdem=1 gch=397,430,413,390,722,1322,542,379 gnh=543,925,600,521,580,831,361,234 glf=4198,3768,3355,2965,2243,921,379 gla=3854,3127,2527,2006,1426,595,234 phd=39.3 phv=135.5 phs=39 phwn=1,1,1,0,6,0,0 phwm=14.3,15.9,13.9,0.0,91.4,0.0,0.0 sfxm=18.4 sfxn=1 phfd=0.0 sfx=853,7914 bat=1.0,0
[http] POST /v1/messages -> 200
[timing] render 0.6ms encode 25.8ms (160994 chars -> 41548 toks)
[gen] prompt=41548 prefix_hit=41458 snap=41458 ckpt=-1 pfx=0
[gen-done] eos: 69 tokens in 0.3s (206.1 t/s), n_max=64000
[req] rid=169 api=anth conv=71aa4fd7fef7b7d6 qw_ms=1 tok_ms=26 prompt=41548 hit=41458 ckpt=-1 pf=90 pf_ms=102 dec=69 dec_ms=335 cb_ms=0 rounds=17 tps=206.1 end=eos gw=0 yields=0 slot=0 t=382069 md4=27 md5=332 md6=38 md7=0 mprom=2 mdem=1 gch=397,430,415,391,722,1334,542,379 gnh=543,931,601,521,580,839,361,234 glf=4213,3783,3368,2977,2255,921,379 gla=3869,3136,2535,2014,1434,595,234 phd=69.5 phv=228.4 phs=70 phwn=0,2,1,0,12,0,0 phwm=0.0,31.7,13.9,0.0,182.8,0.0,0.0 sfxm=36.6 sfxn=2 phfd=0.0 sfx=855,7923 bat=1.0,0
[http] POST /v1/messages -> 200
[timing] render 0.6ms encode 24.7ms (161502 chars -> 41677 toks)
[gen] prompt=41677 prefix_hit=41541 snap=41541 ckpt=-1 pfx=0
[gen-done] eos: 45 tokens in 0.2s (230.8 t/s), n_max=64000
[req] rid=170 api=anth conv=71aa4fd7fef7b7d6 qw_ms=0 tok_ms=25 prompt=41677 hit=41541 ckpt=-1 pf=136 pf_ms=117 dec=45 dec_ms=195 cb_ms=0 rounds=10 tps=230.8 end=eos gw=0 yields=0 slot=0 t=382427 md4=27 md5=341 md6=38 md7=0 mprom=2 mdem=1 gch=397,431,415,391,722,1341,542,379 gnh=544,932,602,522,580,843,361,234 glf=4221,3790,3375,2984,2262,921,379 gla=3876,3142,2540,2018,1438,595,234 phd=37.1 phv=121.2 phs=37 phwn=1,0,0,0,7,0,0 phwm=14.4,0.0,0.0,0.0,106.8,0.0,0.0 sfxm=36.6 sfxn=2 phfd=0.0 sfx=857,7938 bat=1.0,0
[http] POST /v1/messages -> 200
[timing] render 0.7ms encode 24.4ms (161754 chars -> 41749 toks)
[gen] prompt=41749 prefix_hit=41670 snap=41670 ckpt=-1 pfx=0
[gen-done] eos: 307 tokens in 1.0s (320.3 t/s), n_max=64000
[req] rid=171 api=anth conv=71aa4fd7fef7b7d6 qw_ms=0 tok_ms=25 prompt=41749 hit=41670 ckpt=-1 pf=79 pf_ms=92 dec=307 dec_ms=958 cb_ms=0 rounds=50 tps=320.3 end=eos gw=0 yields=0 slot=0 t=383526 md4=27 md5=363 md6=63 md7=0 mprom=4 mdem=2 gch=400,433,419,394,726,1350,547,379 gnh=553,937,605,525,581,851,362,234 glf=4248,3815,3396,3002,2276,926,379 gla=3897,3158,2553,2028,1447,596,234 phd=121.4 phv=454.1 phs=127 phwn=5,4,3,4,9,5,0 phwm=74.2,63.5,41.7,57.8,137.2,79.6,0.0 sfxm=382.6 sfxn=20 phfd=0.0 sfx=877,8149 bat=1.0,0
[http] POST /v1/messages -> 200
[timing] render 0.7ms encode 25.9ms (163553 chars -> 42283 toks)
[gen] prompt=42283 prefix_hit=41742 snap=41742 ckpt=-1 pfx=0
[gen-done] eos: 329 tokens in 0.8s (395.9 t/s), n_max=64000
[req] rid=172 api=anth conv=71aa4fd7fef7b7d6 qw_ms=1 tok_ms=27 prompt=42283 hit=41742 ckpt=-1 pf=541 pf_ms=248 dec=329 dec_ms=831 cb_ms=0 rounds=42 tps=395.9 end=eos gw=0 yields=0 slot=0 t=384667 md4=27 md5=363 md6=94 md7=9 mprom=5 mdem=2 gch=402,433,420,397,730,1351,558,379 gnh=554,940,606,530,583,853,370,234 glf=4268,3835,3415,3018,2288,937,379 gla=3917,3176,2570,2040,1457,604,234 phd=110.4 phv=336.3 phs=109 phwn=2,1,3,4,1,11,0 phwm=30.4,15.9,41.8,57.6,15.3,175.3,0.0 sfxm=383.9 sfxn=20 phfd=0.0 sfx=897,8374 bat=1.0,0
[http] POST /v1/messages -> 200
[timing] render 0.7ms encode 26.2ms (165640 chars -> 42902 toks)
[gen] prompt=42902 prefix_hit=42276 snap=42276 ckpt=-1 pfx=0
[gen-done] eos: 683 tokens in 2.6s (267.7 t/s), n_max=64000
[req] rid=173 api=anth conv=71aa4fd7fef7b7d6 qw_ms=0 tok_ms=27 prompt=42902 hit=42276 ckpt=-1 pf=626 pf_ms=275 dec=683 dec_ms=2551 cb_ms=0 rounds=120 tps=267.7 end=eos gw=0 yields=0 slot=0 t=387556 md4=27 md5=363 md6=130 md7=87 mprom=6 mdem=3 gch=406,437,430,404,734,1359,583,416 gnh=564,950,624,537,586,866,389,253 glf=4363,3926,3496,3092,2358,999,416 gla=4006,3255,2631,2094,1508,642,253 phd=550.8 phv=1600.9 phs=548 phwn=8,10,7,4,8,25,37 phwm=118.5,159.8,97.6,57.8,122.2,398.6,646.3 sfxm=398.5 sfxn=21 phfd=0.0 sfx=918,8571 bat=1.0,0
[http] POST /v1/messages -> 200
[timing] render 0.7ms encode 26.1ms (168462 chars -> 43820 toks)
[gen] prompt=43820 prefix_hit=42895 snap=42895 ckpt=-1 pfx=0
[gen-done] eos: 232 tokens in 1.1s (204.1 t/s), n_max=64000
[req] rid=174 api=anth conv=71aa4fd7fef7b7d6 qw_ms=0 tok_ms=27 prompt=43820 hit=42895 ckpt=-1 pf=925 pf_ms=376 dec=232 dec_ms=1137 cb_ms=0 rounds=59 tps=204.1 end=eos gw=0 yields=0 slot=0 t=389121 md4=27 md5=378 md6=152 md7=106 mprom=6 mdem=5 gch=412,447,437,410,736,1368,590,421 gnh=568,968,633,544,588,872,393,255 glf=4409,3962,3525,3115,2379,1011,421 gla=4051,3285,2652,2108,1520,648,255 phd=207.8 phv=798.1 phs=205 phwn=16,7,6,2,9,7,5 phwm=236.0,112.2,83.8,28.9,137.9,111.9,87.3 sfxm=130.6 sfxn=7 phfd=0.0 sfx=925,8621 bat=1.0,0
[http] POST /v1/messages -> 200
[timing] render 0.6ms encode 26.2ms (170270 chars -> 44256 toks)
[gen] prompt=44256 prefix_hit=43813 snap=43813 ckpt=-1 pfx=0
[gen-done] eos: 89 tokens in 0.5s (190.5 t/s), n_max=64000
[req] rid=175 api=anth conv=71aa4fd7fef7b7d6 qw_ms=1 tok_ms=27 prompt=44256 hit=43813 ckpt=-1 pf=443 pf_ms=217 dec=89 dec_ms=467 cb_ms=0 rounds=25 tps=190.5 end=eos gw=0 yields=0 slot=0 t=389854 md4=27 md5=401 md6=152 md7=106 mprom=6 mdem=5 gch=414,449,439,415,739,1375,590,421 gnh=572,973,637,546,590,876,393,255 glf=4428,3979,3540,3125,2386,1011,421 gla=4068,3297,2660,2114,1524,648,255 phd=80.8 phv=312.0 phs=82 phwn=4,2,5,3,7,0,0 phwm=59.3,32.2,69.9,43.4,107.2,0.0,0.0 sfxm=74.1 sfxn=4 phfd=0.0 sfx=929,8647 bat=1.0,0
[http] POST /v1/messages -> 200
[timing] render 0.7ms encode 28.4ms (170717 chars -> 44372 toks)
[gen] prompt=44372 prefix_hit=44249 snap=44249 ckpt=-1 pfx=0
[gen-done] eos: 146 tokens in 0.7s (200.0 t/s), n_max=64000
[req] rid=176 api=anth conv=71aa4fd7fef7b7d6 qw_ms=1 tok_ms=29 prompt=44372 hit=44249 ckpt=-1 pf=123 pf_ms=107 dec=146 dec_ms=730 cb_ms=0 rounds=39 tps=200.0 end=eos gw=0 yields=0 slot=0 t=390738 md4=27 md5=439 md6=152 md7=106 mprom=6 mdem=5 gch=423,453,442,417,742,1390,590,421 gnh=576,986,640,548,596,884,393,255 glf=4455,4002,3560,3143,2401,1011,421 gla=4093,3316,2676,2128,1532,648,255 phd=128.9 phv=545.2 phs=124 phwn=13,3,2,3,15,0,0 phwm=195.7,48.3,28.0,43.4,229.9,0.0,0.0 sfxm=55.5 sfxn=3 phfd=0.0 sfx=932,8671 bat=1.0,0
[http] POST /v1/messages -> 200
[timing] render 0.7ms encode 27.2ms (171921 chars -> 44712 toks)
[gen] prompt=44712 prefix_hit=44365 snap=44365 ckpt=-1 pfx=0
[gen-done] eos: 715 tokens in 2.5s (282.1 t/s), n_max=64000
[req] rid=177 api=anth conv=71aa4fd7fef7b7d6 qw_ms=1 tok_ms=28 prompt=44712 hit=44365 ckpt=-1 pf=347 pf_ms=197 dec=715 dec_ms=2535 cb_ms=0 rounds=124 tps=282.1 end=eos gw=0 yields=0 slot=0 t=393511 md4=27 md5=487 md6=175 md7=157 mprom=8 mdem=6 gch=430,457,449,427,750,1414,598,447 gnh=585,999,664,558,606,899,397,264 glf=4542,4085,3636,3209,2459,1045,447 gla=4174,3388,2724,2166,1560,661,264 phd=471.4 phv=1486.3 phs=471 phwn=11,7,10,8,24,8,26 phwm=165.4,112.9,140.0,116.1,368.1,128.0,455.8 sfxm=575.9 sfxn=30 phfd=0.0 sfx=962,9002 bat=1.0,0
[http] POST /v1/messages -> 200
[timing] render 0.7ms encode 26.8ms (174577 chars -> 45528 toks)
[gen] prompt=45528 prefix_hit=44705 snap=44705 ckpt=-1 pfx=0
[gen-done] eos: 190 tokens in 1.0s (183.6 t/s), n_max=64000
[req] rid=178 api=anth conv=71aa4fd7fef7b7d6 qw_ms=0 tok_ms=28 prompt=45528 hit=44705 ckpt=-1 pf=823 pf_ms=360 dec=190 dec_ms=1035 cb_ms=0 rounds=55 tps=183.6 end=eos gw=0 yields=0 slot=0 t=394955 md4=27 md5=521 md6=193 md7=157 mprom=8 mdem=7 gch=440,463,457,431,755,1427,602,447 gnh=594,1012,672,566,610,904,400,264 glf=4582,4119,3662,3231,2476,1049,447 gla=4211,3416,2744,2178,1568,664,264 phd=177.4 phv=763.2 phs=177 phwn=16,8,4,5,13,4,0 phwm=241.2,129.5,56.1,72.6,199.7,64.1,0.0 sfxm=94.0 sfxn=5 phfd=0.0 sfx=967,9033 bat=1.0,0
[http] POST /v1/messages -> 200
[timing] render 0.7ms encode 26.8ms (176785 chars -> 46113 toks)
[gen] prompt=46113 prefix_hit=45521 snap=45521 ckpt=-1 pfx=0
[gen-done] eos: 209 tokens in 1.3s (157.2 t/s), n_max=64000
[req] rid=179 api=anth conv=71aa4fd7fef7b7d6 qw_ms=0 tok_ms=28 prompt=46113 hit=45521 ckpt=-1 pf=592 pf_ms=269 dec=209 dec_ms=1330 cb_ms=0 rounds=71 tps=157.2 end=eos gw=0 yields=0 slot=0 t=396596 md4=36 md5=582 md6=193 md7=157 mprom=8 mdem=8 gch=450,473,463,437,764,1455,602,447 gnh=609,1032,682,574,617,913,400,264 glf=4641,4168,3705,3268,2504,1049,447 gla=4261,3450,2768,2194,1577,664,264 phd=250.9 phv=1041.6 phs=252 phwn=20,6,6,9,28,0,0 phwm=300.2,97.5,84.0,130.5,429.4,0.0,0.0 sfxm=36.7 sfxn=2 phfd=0.0 sfx=969,9041 bat=1.0,0
[http] POST /v1/messages -> 200
[timing] render 0.4ms encode 10.8ms (66581 chars -> 15764 toks)
[gen] prompt=15764 prefix_hit=0 snap=0 ckpt=-1 pfx=0
[gen-done] eos: 337 tokens in 1.7s (203.6 t/s), n_max=32000
[sample-stats] T=1.000 top_p=1.000: 3.624 tokens/round (337 tok/93 rounds)
[req] rid=180 api=anth conv=d21fd1f1ecb4ca3f qw_ms=0 tok_ms=11 prompt=15764 hit=0 ckpt=-1 pf=15764 pf_ms=4495 dec=337 dec_ms=1655 cb_ms=0 rounds=93 tps=203.6 end=eos gw=0 yields=0 slot=0 t=402767 md4=0 md5=0 md6=0 md7=0 mprom=0 mdem=0 gch=450,473,463,437,764,1455,602,447 gnh=609,1032,682,574,617,913,400,264 glf=4641,4168,3705,3268,2504,1049,447 gla=4261,3450,2768,2194,1577,664,264 phd=0.0 phv=0.0 phs=0 phwn=0,0,0,0,0,0,0 phwm=0.0,0.0,0.0,0.0,0.0,0.0,0.0 sfxm=0.0 sfxn=0 phfd=0.0 sfx=969,9041 bat=1.0,0
[http] POST /v1/messages -> 200
[timing] render 0.4ms encode 12.0ms (70103 chars -> 16694 toks)
[gen] prompt=16694 prefix_hit=15757 snap=15757 ckpt=-1 pfx=0
[gen-done] eos: 103 tokens in 0.4s (243.1 t/s), n_max=32000
[sample-stats] T=1.000 top_p=1.000: 4.478 tokens/round (103 tok/23 rounds)
[req] rid=181 api=anth conv=d21fd1f1ecb4ca3f qw_ms=0 tok_ms=12 prompt=16694 hit=15757 ckpt=-1 pf=937 pf_ms=316 dec=103 dec_ms=424 cb_ms=0 rounds=23 tps=243.1 end=eos gw=0 yields=0 slot=0 t=403546 md4=0 md5=0 md6=0 md7=0 mprom=0 mdem=0 gch=450,473,463,437,764,1455,602,447 gnh=609,1032,682,574,617,913,400,264 glf=4641,4168,3705,3268,2504,1049,447 gla=4261,3450,2768,2194,1577,664,264 phd=0.0 phv=0.0 phs=0 phwn=0,0,0,0,0,0,0 phwm=0.0,0.0,0.0,0.0,0.0,0.0,0.0 sfxm=0.0 sfxn=0 phfd=0.0 sfx=969,9041 bat=1.0,0
[http] POST /v1/messages -> 200
[timing] render 0.4ms encode 15.3ms (98081 chars -> 24300 toks)
[gen] prompt=24300 prefix_hit=16687 snap=16687 ckpt=-1 pfx=0
[gen-done] eos: 128 tokens in 0.6s (218.3 t/s), n_max=32000
[sample-stats] T=1.000 top_p=1.000: 4.000 tokens/round (128 tok/32 rounds)
[req] rid=182 api=anth conv=d21fd1f1ecb4ca3f qw_ms=0 tok_ms=16 prompt=24300 hit=16687 ckpt=-1 pf=7613 pf_ms=2437 dec=128 dec_ms=586 cb_ms=0 rounds=32 tps=218.3 end=eos gw=0 yields=0 slot=0 t=406598 md4=0 md5=0 md6=0 md7=0 mprom=0 mdem=0 gch=450,473,463,437,764,1455,602,447 gnh=609,1032,682,574,617,913,400,264 glf=4641,4168,3705,3268,2504,1049,447 gla=4261,3450,2768,2194,1577,664,264 phd=0.0 phv=0.0 phs=0 phwn=0,0,0,0,0,0,0 phwm=0.0,0.0,0.0,0.0,0.0,0.0,0.0 sfxm=0.0 sfxn=0 phfd=0.0 sfx=969,9041 bat=1.0,0
[http] POST /v1/messages -> 200
[timing] render 0.4ms encode 15.8ms (100477 chars -> 24919 toks)
[gen] prompt=24919 prefix_hit=24293 snap=24293 ckpt=-1 pfx=0
[gen-done] eos: 48 tokens in 0.3s (158.7 t/s), n_max=32000
[sample-stats] T=1.000 top_p=1.000: 2.824 tokens/round (48 tok/17 rounds)
[req] rid=183 api=anth conv=d21fd1f1ecb4ca3f qw_ms=0 tok_ms=16 prompt=24919 hit=24293 ckpt=-1 pf=626 pf_ms=245 dec=48 dec_ms=302 cb_ms=0 rounds=17 tps=158.7 end=eos gw=0 yields=0 slot=0 t=407177 md4=0 md5=0 md6=0 md7=0 mprom=0 mdem=0 gch=450,473,463,437,764,1455,602,447 gnh=609,1032,682,574,617,913,400,264 glf=4641,4168,3705,3268,2504,1049,447 gla=4261,3450,2768,2194,1577,664,264 phd=0.0 phv=0.0 phs=0 phwn=0,0,0,0,0,0,0 phwm=0.0,0.0,0.0,0.0,0.0,0.0,0.0 sfxm=0.0 sfxn=0 phfd=0.0 sfx=969,9041 bat=1.0,0
[http] POST /v1/messages -> 200
[timing] render 0.7ms encode 27.6ms (178315 chars -> 46480 toks)
[gen] prompt=46480 prefix_hit=0 snap=0 ckpt=-1 pfx=0
[gen-done] eos: 42 tokens in 0.2s (173.0 t/s), n_max=64000
[req] rid=184 api=anth conv=71aa4fd7fef7b7d6 qw_ms=1 tok_ms=28 prompt=46480 hit=0 ckpt=-1 pf=46480 pf_ms=14987 dec=42 dec_ms=243 cb_ms=0 rounds=13 tps=173.0 end=eos gw=0 yields=0 slot=0 t=422448 md4=13 md5=0 md6=0 md7=0 mprom=0 mdem=0 gch=452,475,464,437,771,1455,602,447 gnh=611,1036,684,574,621,913,400,264 glf=4651,4176,3712,3275,2504,1049,447 gla=4269,3456,2772,2198,1577,664,264 phd=39.1 phv=184.5 phs=37 phwn=4,1,0,7,0,0,0 phwm=62.2,16.8,0.0,105.5,0.0,0.0,0.0 sfxm=19.0 sfxn=1 phfd=0.0 sfx=970,9049 bat=1.0,0
[http] POST /v1/messages -> 200
[timing] render 0.7ms encode 28.2ms (179747 chars -> 46840 toks)
[gen] prompt=46840 prefix_hit=46473 snap=46473 ckpt=-1 pfx=0
[gen-done] eos: 34 tokens in 0.1s (291.4 t/s), n_max=64000
[req] rid=185 api=anth conv=71aa4fd7fef7b7d6 qw_ms=1 tok_ms=29 prompt=46840 hit=46473 ckpt=-1 pf=367 pf_ms=204 dec=34 dec_ms=117 cb_ms=0 rounds=6 tps=291.4 end=eos gw=0 yields=0 slot=0 t=422815 md4=19 md5=0 md6=0 md7=0 mprom=0 mdem=0 gch=452,475,464,437,776,1455,602,447 gnh=611,1036,684,574,626,913,400,264 glf=4656,4181,3717,3280,2504,1049,447 gla=4274,3461,2777,2203,1577,664,264 phd=22.3 phv=75.3 phs=20 phwn=0,0,0,5,0,0,0 phwm=0.0,0.0,0.0,75.3,0.0,0.0,0.0 sfxm=19.0 sfxn=1 phfd=0.0 sfx=971,9061 bat=1.0,0
[http] POST /v1/messages -> 200
[timing] render 0.7ms encode 31.2ms (195872 chars -> 51069 toks)
[gen] prompt=51069 prefix_hit=46833 snap=46833 ckpt=-1 pfx=0
[gen-done] eos: 218 tokens in 1.2s (177.1 t/s), n_max=64000
[req] rid=186 api=anth conv=71aa4fd7fef7b7d6 qw_ms=1 tok_ms=32 prompt=51069 hit=46833 ckpt=-1 pf=4236 pf_ms=1709 dec=218 dec_ms=1231 cb_ms=0 rounds=65 tps=177.1 end=eos gw=0 yields=0 slot=0 t=425801 md4=82 md5=1 md6=0 md7=0 mprom=1 mdem=0 gch=461,484,467,442,811,1456,602,447 gnh=619,1052,697,578,647,913,400,264 glf=4709,4225,3758,3316,2505,1049,447 gla=4322,3499,2802,2224,1577,664,264 phd=215.4 phv=957.2 phs=201 phwn=18,3,5,35,1,0,0 phwm=285.0,51.6,73.4,531.3,16.0,0.0,0.0 sfxm=58.0 sfxn=3 phfd=0.0 sfx=974,9081 bat=1.0,0
[http] POST /v1/messages -> 200
[timing] render 0.7ms encode 31.4ms (201303 chars -> 52533 toks)
[gen] prompt=52533 prefix_hit=51062 snap=51062 ckpt=-1 pfx=0
[gen-done] eos: 178 tokens in 1.0s (180.5 t/s), n_max=64000
[req] rid=187 api=anth conv=71aa4fd7fef7b7d6 qw_ms=0 tok_ms=32 prompt=52533 hit=51062 ckpt=-1 pf=1471 pf_ms=630 dec=178 dec_ms=986 cb_ms=0 rounds=49 tps=180.5 end=eos gw=0 yields=0 slot=0 t=427463 md4=82 md5=48 md6=0 md7=0 mprom=1 mdem=0 gch=465,489,474,446,816,1477,602,447 gnh=622,1067,704,583,651,925,400,264 glf=4751,4262,3788,3342,2526,1049,447 gla=4361,3527,2823,2240,1589,664,264 phd=190.8 phv=737.1 phs=181 phwn=9,7,4,5,21,0,0 phwm=142.9,121.2,58.9,76.2,337.9,0.0,0.0 sfxm=57.8 sfxn=3 phfd=0.0 sfx=977,9096 bat=1.0,0
[http] POST /v1/messages -> 200
[timing] render 0.7ms encode 33.1ms (208574 chars -> 54697 toks)
[gen] prompt=54697 prefix_hit=52526 snap=52526 ckpt=-1 pfx=0
[gen-done] eos: 1056 tokens in 5.7s (186.4 t/s), n_max=64000
[req] rid=188 api=anth conv=71aa4fd7fef7b7d6 qw_ms=0 tok_ms=34 prompt=54697 hit=52526 ckpt=-1 pf=2171 pf_ms=926 dec=1056 dec_ms=5665 cb_ms=0 rounds=292 tps=186.4 end=eos gw=0 yields=0 slot=0 t=434102 md4=153 md5=257 md6=0 md7=0 mprom=2 mdem=1 gch=489,526,503,475,869,1577,602,447 gnh=655,1138,742,617,695,977,400,264 glf=4999,4473,3970,3495,2626,1049,447 gla=4587,3695,2953,2336,1641,664,264 phd=1072.0 phv=4217.3 phs=1024 phwn=61,29,29,53,100,0,0 phwm=947.7,496.0,416.3,782.3,1575.0,0.0,0.0 sfxm=373.4 sfxn=20 phfd=0.0 sfx=997,9198 bat=1.0,0
[http] POST /v1/messages -> 200
[timing] render 0.7ms encode 33.4ms (213293 chars -> 55986 toks)
[gen] prompt=55986 prefix_hit=54690 snap=54690 ckpt=-1 pfx=0
[gen-done] eos: 63 tokens in 0.3s (205.0 t/s), n_max=64000
[req] rid=189 api=anth conv=71aa4fd7fef7b7d6 qw_ms=1 tok_ms=34 prompt=55986 hit=54690 ckpt=-1 pf=1296 pf_ms=592 dec=63 dec_ms=307 cb_ms=0 rounds=16 tps=205.0 end=eos gw=0 yields=0 slot=0 t=435061 md4=153 md5=273 md6=0 md7=0 mprom=2 mdem=1 gch=492,527,505,477,870,1582,602,447 gnh=658,1140,745,618,696,981,400,264 glf=5010,4483,3978,3501,2631,1049,447 gla=4597,3704,2959,2341,1645,664,264 phd=50.7 phv=219.1 phs=49 phwn=4,2,2,1,5,0,0 phwm=63.4,34.2,28.6,14.8,78.2,0.0,0.0 sfxm=37.4 sfxn=2 phfd=0.0 sfx=999,9217 bat=1.0,0
[http] POST /v1/messages -> 200
[timing] render 0.7ms encode 33.7ms (214084 chars -> 56174 toks)
[gen] prompt=56174 prefix_hit=55979 snap=55979 ckpt=-1 pfx=0
[gen-done] eos: 4765 tokens in 23.7s (201.0 t/s), n_max=64000
[req] rid=190 api=anth conv=71aa4fd7fef7b7d6 qw_ms=1 tok_ms=34 prompt=56174 hit=55979 ckpt=-1 pf=195 pf_ms=143 dec=4765 dec_ms=23701 cb_ms=1 rounds=1193 tps=201.0 end=eos gw=0 yields=0 slot=0 t=458961 md4=199 md5=1157 md6=186 md7=17 mprom=9 mdem=7 gch=591,653,600,576,984,2034,692,451 gnh=791,1378,905,757,805,1236,445,264 glf=5990,5337,4737,4161,3177,1143,451 gla=5500,4412,3507,2750,1945,709,264 phd=4615.6 phv=16920.7 phs=4422 phwn=225,95,99,114,452,90,4 phwm=3532.6,1641.3,1419.3,1691.8,7091.7,1472.4,71.5 sfxm=2154.8 sfxn=114 phfd=0.0 sfx=1113,9951 bat=1.0,0
[http] POST /v1/messages -> 200
[timing] render 0.7ms encode 35.3ms (232332 chars -> 60991 toks)
[gen] prompt=60991 prefix_hit=56167 snap=56167 ckpt=-1 pfx=0
[gen-done] eos: 67 tokens in 0.3s (225.0 t/s), n_max=64000
[req] rid=191 api=anth conv=71aa4fd7fef7b7d6 qw_ms=0 tok_ms=36 prompt=60991 hit=56167 ckpt=-1 pf=4824 pf_ms=2020 dec=67 dec_ms=298 cb_ms=0 rounds=14 tps=225.0 end=eos gw=0 yields=0 slot=0 t=461346 md4=199 md5=1157 md6=199 md7=17 mprom=9 mdem=7 gch=591,654,601,576,984,2035,700,451 gnh=791,1379,910,757,805,1238,448,264 glf=6001,5347,4746,4170,3186,1151,451 gla=5511,4422,3512,2755,1950,712,264 phd=59.5 phv=180.2 phs=59 phwn=1,1,0,0,1,8,0 phwm=15.5,17.5,0.0,0.0,15.8,131.4,0.0 sfxm=57.9 sfxn=3 phfd=0.0 sfx=1116,9971 bat=1.0,0
[http] POST /v1/messages -> 200
[timing] render 0.7ms encode 35.8ms (233150 chars -> 61220 toks)
[gen] prompt=61220 prefix_hit=60984 snap=60984 ckpt=-1 pfx=0
[gen-done] eos: 134 tokens in 0.4s (302.6 t/s), n_max=64000
[req] rid=192 api=anth conv=71aa4fd7fef7b7d6 qw_ms=0 tok_ms=36 prompt=61220 hit=60984 ckpt=-1 pf=236 pf_ms=160 dec=134 dec_ms=443 cb_ms=0 rounds=20 tps=302.6 end=eos gw=0 yields=0 slot=0 t=462000 md4=199 md5=1157 md6=212 md7=21 mprom=10 mdem=7 gch=591,654,601,576,985,2035,711,454 gnh=791,1379,910,759,807,1238,457,266 glf=6016,5362,4761,4185,3200,1165,454 gla=5526,4437,3527,2768,1961,723,266 phd=96.9 phv=249.2 phs=92 phwn=0,0,0,1,0,11,3 phwm=0.0,0.0,0.0,14.9,0.0,180.5,53.8 sfxm=96.5 sfxn=5 phfd=0.0 sfx=1121,10011 bat=1.0,0
[http] POST /v1/messages -> 200
[timing] render 0.7ms encode 36.9ms (233919 chars -> 61406 toks)
[gen] prompt=61406 prefix_hit=61213 snap=61213 ckpt=-1 pfx=0
[gen-done] eos: 64 tokens in 0.2s (283.5 t/s), n_max=64000
[req] rid=193 api=anth conv=71aa4fd7fef7b7d6 qw_ms=1 tok_ms=38 prompt=61406 hit=61213 ckpt=-1 pf=193 pf_ms=148 dec=64 dec_ms=226 cb_ms=0 rounds=10 tps=283.5 end=eos gw=0 yields=0 slot=0 t=462431 md4=199 md5=1157 md6=212 md7=30 mprom=10 mdem=7 gch=591,654,601,577,985,2035,712,459 gnh=791,1379,912,760,807,1238,457,270 glf=6023,5369,4768,4191,3206,1171,459 gla=5533,4444,3532,2772,1965,727,270 phd=46.6 phv=120.4 phs=46 phwn=0,0,1,0,0,1,5 phwm=0.0,0.0,14.4,0.0,0.0,16.4,89.6 sfxm=58.7 sfxn=3 phfd=0.0 sfx=1124,10036 bat=1.0,0
[http] POST /v1/messages -> 200
[timing] render 1.1ms encode 36.7ms (235059 chars -> 61719 toks)
[gen] prompt=61719 prefix_hit=61399 snap=61399 ckpt=-1 pfx=0
[gen-done] eos: 120 tokens in 0.5s (236.1 t/s), n_max=64000
[req] rid=194 api=anth conv=71aa4fd7fef7b7d6 qw_ms=1 tok_ms=38 prompt=61719 hit=61399 ckpt=-1 pf=320 pf_ms=203 dec=120 dec_ms=508 cb_ms=0 rounds=23 tps=236.1 end=eos gw=0 yields=0 slot=0 t=463194 md4=199 md5=1157 md6=212 md7=53 mprom=10 mdem=7 gch=591,657,603,580,985,2035,713,470 gnh=792,1383,915,764,809,1239,458,274 glf=6043,5386,4783,4203,3218,1183,470 gla=5552,4459,3544,2780,1971,732,274 phd=110.4 phv=339.0 phs=108 phwn=3,2,3,0,0,1,11 phwm=46.7,35.1,43.2,0.0,0.0,16.4,197.5 sfxm=58.7 sfxn=3 phfd=0.0 sfx=1127,10072 bat=1.0,0
[http] POST /v1/messages -> 200
[timing] render 0.7ms encode 38.0ms (236054 chars -> 61992 toks)
[gen] prompt=61992 prefix_hit=61712 snap=61712 ckpt=-1 pfx=0
[gen-done] eos: 43 tokens in 0.2s (275.1 t/s), n_max=64000
[req] rid=195 api=anth conv=71aa4fd7fef7b7d6 qw_ms=1 tok_ms=39 prompt=61992 hit=61712 ckpt=-1 pf=280 pf_ms=191 dec=43 dec_ms=156 cb_ms=0 rounds=7 tps=275.1 end=eos gw=0 yields=0 slot=0 t=463595 md4=199 md5=1157 md6=212 md7=58 mprom=10 mdem=7 gch=591,657,603,580,985,2035,713,474 gnh=792,1384,915,764,809,1239,458,277 glf=6047,5390,4787,4207,3222,1187,474 gla=5556,4462,3547,2783,1974,735,277 phd=27.3 phv=71.8 phs=28 phwn=0,0,0,0,0,0,4 phwm=0.0,0.0,0.0,0.0,0.0,0.0,71.8 sfxm=57.2 sfxn=3 phfd=0.0 sfx=1130,10090 bat=1.0,0
[http] POST /v1/messages -> 200
[timing] render 0.7ms encode 36.5ms (237358 chars -> 62332 toks)
[gen] prompt=62332 prefix_hit=61985 snap=61985 ckpt=-1 pfx=0
[gen-done] eos: 81 tokens in 0.3s (252.6 t/s), n_max=64000
[req] rid=196 api=anth conv=71aa4fd7fef7b7d6 qw_ms=0 tok_ms=37 prompt=62332 hit=61985 ckpt=-1 pf=347 pf_ms=219 dec=81 dec_ms=321 cb_ms=0 rounds=15 tps=252.6 end=eos gw=0 yields=0 slot=0 t=464187 md4=199 md5=1157 md6=212 md7=72 mprom=10 mdem=7 gch=592,659,604,581,986,2035,713,480 gnh=794,1387,915,765,810,1239,458,282 glf=6058,5399,4795,4214,3228,1193,480 gla=5565,4469,3554,2789,1979,740,282 phd=60.1 phv=202.2 phs=59 phwn=3,1,1,1,0,0,6 phwm=47.5,17.6,14.4,14.9,0.0,0.0,107.7 sfxm=58.3 sfxn=3 phfd=0.0 sfx=1133,10115 bat=1.0,0
[http] POST /v1/messages -> 200
[timing] render 0.7ms encode 37.2ms (238072 chars -> 62531 toks)
[gen] prompt=62531 prefix_hit=62325 snap=62325 ckpt=-1 pfx=0
[gen-done] eos: 79 tokens in 0.3s (226.4 t/s), n_max=64000
[req] rid=197 api=anth conv=71aa4fd7fef7b7d6 qw_ms=0 tok_ms=38 prompt=62531 hit=62325 ckpt=-1 pf=206 pf_ms=158 dec=79 dec_ms=349 cb_ms=0 rounds=15 tps=226.4 end=eos gw=0 yields=0 slot=0 t=464747 md4=199 md5=1157 md6=212 md7=86 mprom=10 mdem=7 gch=592,660,604,581,987,2036,713,490 gnh=794,1390,916,766,812,1240,459,286 glf=6071,5411,4807,4226,3239,1203,490 gla=5578,4479,3563,2797,1985,745,286 phd=84.1 phv=225.7 phs=83 phwn=1,0,0,1,1,0,10 phwm=15.5,0.0,0.0,14.9,15.8,0.0,179.5 sfxm=39.0 sfxn=2 phfd=0.0 sfx=1135,10129 bat=1.0,0
[http] POST /v1/messages -> 200
[timing] render 0.7ms encode 37.6ms (238633 chars -> 62662 toks)
[gen] prompt=62662 prefix_hit=62524 snap=62524 ckpt=-1 pfx=0
[gen-done] eos: 55 tokens in 0.2s (361.8 t/s), n_max=64000
[req] rid=198 api=anth conv=71aa4fd7fef7b7d6 qw_ms=1 tok_ms=38 prompt=62662 hit=62524 ckpt=-1 pf=138 pf_ms=131 dec=55 dec_ms=152 cb_ms=0 rounds=7 tps=361.8 end=eos gw=0 yields=0 slot=0 t=465088 md4=199 md5=1157 md6=212 md7=93 mprom=10 mdem=7 gch=592,661,604,581,987,2036,713,493 gnh=794,1391,916,766,812,1240,459,289 glf=6075,5414,4810,4229,3242,1206,493 gla=5582,4482,3566,2800,1988,748,289 phd=23.6 phv=69.4 phs=23 phwn=1,0,0,0,0,0,3 phwm=15.6,0.0,0.0,0.0,0.0,0.0,53.8 sfxm=58.8 sfxn=3 phfd=0.0 sfx=1138,10165 bat=1.0,0
[http] POST /v1/messages -> 200
[timing] render 0.7ms encode 37.3ms (239265 chars -> 62843 toks)
[gen] prompt=62843 prefix_hit=62655 snap=62655 ckpt=-1 pfx=0
[gen-done] eos: 48 tokens in 0.2s (233.5 t/s), n_max=64000
[req] rid=199 api=anth conv=71aa4fd7fef7b7d6 qw_ms=1 tok_ms=38 prompt=62843 hit=62655 ckpt=-1 pf=188 pf_ms=148 dec=48 dec_ms=206 cb_ms=0 rounds=9 tps=233.5 end=eos gw=0 yields=0 slot=0 t=465494 md4=199 md5=1157 md6=212 md7=102 mprom=10 mdem=7 gch=593,661,604,581,988,2036,714,498 gnh=794,1394,916,766,813,1241,460,291 glf=6082,5421,4817,4236,3248,1212,498 gla=5589,4487,3571,2805,1992,751,291 phd=48.9 phv=137.6 phs=48 phwn=1,0,0,1,0,1,5 phwm=16.5,0.0,0.0,14.9,0.0,16.4,89.8 sfxm=19.0 sfxn=1 phfd=0.0 sfx=1139,10174 bat=1.0,0
[http] POST /v1/messages -> 200
[timing] render 0.7ms encode 40.2ms (240753 chars -> 63265 toks)
[gen] prompt=63265 prefix_hit=62836 snap=62836 ckpt=-1 pfx=0
[gen-done] eos: 68 tokens in 0.3s (196.4 t/s), n_max=64000
[req] rid=200 api=anth conv=71aa4fd7fef7b7d6 qw_ms=1 tok_ms=41 prompt=63265 hit=62836 ckpt=-1 pf=429 pf_ms=243 dec=68 dec_ms=346 cb_ms=0 rounds=16 tps=196.4 end=eos gw=0 yields=0 slot=0 t=466153 md4=199 md5=1157 md6=212 md7=116 mprom=10 mdem=7 gch=594,662,607,582,988,2037,714,504 gnh=795,1399,917,767,813,1242,460,295 glf=6094,5432,4825,4243,3255,1218,504 gla=5601,4494,3577,2810,1997,755,295 phd=65.1 phv=223.6 phs=64 phwn=2,3,1,0,1,0,6 phwm=32.2,53.1,14.5,0.0,15.8,0.0,108.0 sfxm=57.3 sfxn=3 phfd=0.0 sfx=1142,10189 bat=1.0,0
[http] POST /v1/messages -> 200
[timing] render 0.7ms encode 38.4ms (241100 chars -> 63355 toks)
[gen] prompt=63355 prefix_hit=63258 snap=63258 ckpt=-1 pfx=0
[gen-done] eos: 290 tokens in 1.6s (176.8 t/s), n_max=64000
[req] rid=201 api=anth conv=71aa4fd7fef7b7d6 qw_ms=1 tok_ms=39 prompt=63355 hit=63258 ckpt=-1 pf=97 pf_ms=116 dec=290 dec_ms=1641 cb_ms=0 rounds=79 tps=176.8 end=eos gw=0 yields=0 slot=0 t=467984 md4=199 md5=1186 md6=238 md7=137 mprom=10 mdem=9 gch=604,666,614,589,997,2058,723,513 gnh=805,1415,932,778,818,1252,465,299 glf=6160,5494,4880,4291,3294,1236,513 gla=5662,4544,3612,2834,2016,764,299 phd=352.8 phv=1229.9 phs=342 phwn=14,7,7,9,21,9,9 phwm=227.6,124.0,101.3,134.6,332.3,148.4,161.6 sfxm=57.4 sfxn=3 phfd=0.0 sfx=1145,10197 bat=1.0,0
[http] POST /v1/messages -> 200
[timing] render 0.0ms encode 2.4ms (4255 chars -> 1335 toks)
[gen] prompt=1335 prefix_hit=0 snap=0 ckpt=-1 pfx=0
[timing] render 0.6ms encode 17.5ms (103547 chars -> 24633 toks)
[gen-done] eos: 19 tokens in 0.1s (160.0 t/s), n_max=64000
[req] rid=202 api=anth conv=2db38510e8e6edb9 qw_ms=0 tok_ms=2 prompt=1335 hit=0 ckpt=-1 pf=1335 pf_ms=405 dec=19 dec_ms=119 cb_ms=0 rounds=7 tps=160.0 end=eos gw=0 yields=0 slot=0 t=470037 md4=7 md5=0 md6=0 md7=0 mprom=0 mdem=0 gch=605,666,614,590,1002,2058,723,513 gnh=806,1417,932,780,820,1252,465,299 glf=6166,5500,4886,4296,3294,1236,513 gla=5668,4548,3616,2836,2016,764,299 phd=22.9 phv=95.8 phs=25 phwn=1,0,1,5,0,0,0 phwm=13.1,0.0,13.4,69.3,0.0,0.0,0.0 sfxm=0.0 sfxn=0 phfd=0.0 sfx=1145,10197 bat=1.0,0
[http] POST /v1/messages -> 200
[gen] prompt=24633 prefix_hit=0 snap=0 ckpt=-1 pfx=0
[gen-done] eos: 94 tokens in 0.4s (231.6 t/s), n_max=64000
[req] rid=203 api=anth conv=9f7afad854f264ce qw_ms=500 tok_ms=18 prompt=24633 hit=0 ckpt=-1 pf=24633 pf_ms=7282 dec=94 dec_ms=406 cb_ms=0 rounds=22 tps=231.6 end=eos gw=0 yields=0 slot=0 t=477726 md4=20 md5=2 md6=0 md7=0 mprom=1 mdem=0 gch=605,668,616,592,1016,2060,723,513 gnh=806,1420,936,780,833,1254,465,299 glf=6188,5520,4904,4312,3296,1236,513 gla=5690,4567,3631,2851,2018,764,299 phd=86.9 phv=318.8 phs=84 phwn=2,2,2,14,2,0,0 phwm=27.7,29.9,28.0,202.6,30.6,0.0,0.0 sfxm=0.0 sfxn=0 phfd=0.0 sfx=1145,10197 bat=1.0,0
[http] POST /v1/messages -> 200
[timing] render 0.6ms encode 17.9ms (113124 chars -> 27371 toks)
[gen] prompt=27371 prefix_hit=24626 snap=24626 ckpt=-1 pfx=0
[gen-done] eos: 697 tokens in 3.3s (209.4 t/s), n_max=64000
[req] rid=204 api=anth conv=9f7afad854f264ce qw_ms=0 tok_ms=19 prompt=27371 hit=24626 ckpt=-1 pf=2745 pf_ms=942 dec=697 dec_ms=3328 cb_ms=0 rounds=177 tps=209.4 end=eos gw=0 yields=0 slot=0 t=482028 md4=82 md5=95 md6=19 md7=0 mprom=3 mdem=1 gch=619,685,629,611,1058,2113,729,513 gnh=831,1460,958,795,860,1285,469,299 glf=6338,5653,5024,4413,3355,1242,513 gla=5824,4666,3708,2913,2053,768,299 phd=641.1 phv=2435.3 phs=643 phwn=31,13,19,42,53,6,0 phwm=446.1,198.1,267.3,611.4,815.8,96.6,0.0 sfxm=250.5 sfxn=13 phfd=0.0 sfx=1158,10317 bat=1.0,0
[http] POST /v1/messages -> 200
[timing] render 0.6ms encode 20.2ms (115867 chars -> 28120 toks)
[gen] prompt=28120 prefix_hit=27364 snap=27364 ckpt=-1 pfx=0
[gen-done] eos: 52 tokens in 0.2s (233.7 t/s), n_max=64000
[req] rid=205 api=anth conv=9f7afad854f264ce qw_ms=1 tok_ms=21 prompt=28120 hit=27364 ckpt=-1 pf=756 pf_ms=284 dec=52 dec_ms=223 cb_ms=0 rounds=11 tps=233.7 end=eos gw=0 yields=0 slot=0 t=482579 md4=82 md5=95 md6=29 md7=0 mprom=3 mdem=1 gch=619,685,631,611,1060,2114,733,513 gnh=831,1461,962,796,860,1285,472,299 glf=6347,5662,5031,4420,3360,1246,513 gla=5833,4674,3712,2916,2056,771,299 phd=44.5 phv=139.5 phs=46 phwn=0,2,0,2,1,4,0 phwm=0.0,30.5,0.0,29.1,15.4,64.4,0.0 sfxm=38.4 sfxn=2 phfd=0.0 sfx=1160,10332 bat=1.0,0
[http] POST /v1/messages -> 200
[timing] render 0.6ms encode 19.1ms (118814 chars -> 28943 toks)
[gen] prompt=28943 prefix_hit=28113 snap=28113 ckpt=-1 pfx=0
[gen-done] eos: 147 tokens in 0.6s (263.5 t/s), n_max=64000
[req] rid=206 api=anth conv=9f7afad854f264ce qw_ms=0 tok_ms=20 prompt=28943 hit=28113 ckpt=-1 pf=830 pf_ms=328 dec=147 dec_ms=558 cb_ms=0 rounds=29 tps=263.5 end=eos gw=0 yields=0 slot=0 t=483496 md4=82 md5=114 md6=38 md7=0 mprom=4 mdem=2 gch=620,689,632,614,1061,2125,735,513 gnh=833,1466,964,798,861,1295,473,299 glf=6369,5680,5048,4434,3373,1248,513 gla=5854,4690,3726,2928,2067,772,299 phd=97.2 phv=345.6 phs=96 phwn=5,1,3,1,11,2,0 phwm=71.3,15.4,42.3,14.7,169.7,32.2,0.0 sfxm=114.8 sfxn=6 phfd=0.0 sfx=1166,10383 bat=1.0,0
[http] POST /v1/messages -> 200
[timing] render 0.6ms encode 19.5ms (119562 chars -> 29141 toks)
[gen] prompt=29141 prefix_hit=28936 snap=28936 ckpt=-1 pfx=0
[gen-done] eos: 47 tokens in 0.1s (379.3 t/s), n_max=64000
[req] rid=207 api=anth conv=9f7afad854f264ce qw_ms=1 tok_ms=20 prompt=29141 hit=28936 ckpt=-1 pf=205 pf_ms=134 dec=47 dec_ms=124 cb_ms=0 rounds=6 tps=379.3 end=eos gw=0 yields=0 slot=0 t=483792 md4=82 md5=114 md6=44 md7=0 mprom=4 mdem=2 gch=620,689,632,614,1062,2125,738,513 gnh=833,1466,964,799,861,1295,476,299 glf=6373,5684,5052,4438,3376,1251,513 gla=5858,4694,3730,2931,2070,775,299 phd=22.5 phv=62.9 phs=23 phwn=0,0,0,1,0,3,0 phwm=0.0,0.0,0.0,14.6,0.0,48.4,0.0 sfxm=38.3 sfxn=2 phfd=0.0 sfx=1168,10407 bat=1.0,0
[http] POST /v1/messages -> 200
[timing] render 0.6ms encode 19.6ms (122915 chars -> 30047 toks)
[gen] prompt=30047 prefix_hit=29134 snap=29134 ckpt=-1 pfx=0
[gen-done] eos: 72 tokens in 0.4s (203.5 t/s), n_max=64000
[req] rid=208 api=anth conv=9f7afad854f264ce qw_ms=1 tok_ms=20 prompt=30047 hit=29134 ckpt=-1 pf=913 pf_ms=344 dec=72 dec_ms=354 cb_ms=0 rounds=18 tps=203.5 end=eos gw=0 yields=0 slot=0 t=484522 md4=82 md5=114 md6=61 md7=0 mprom=4 mdem=2 gch=621,691,634,617,1062,2126,745,513 gnh=834,1470,968,803,861,1295,479,299 glf=6388,5697,5063,4446,3384,1258,513 gla=5873,4705,3737,2934,2073,778,299 phd=70.1 phv=244.9 phs=71 phwn=3,2,3,0,1,7,0 phwm=43.3,30.9,42.4,0.0,15.5,112.8,0.0 sfxm=38.6 sfxn=2 phfd=0.0 sfx=1170,10424 bat=1.0,0
[http] POST /v1/messages -> 200
[timing] render 0.6ms encode 19.4ms (123912 chars -> 30336 toks)
[gen] prompt=30336 prefix_hit=30040 snap=30040 ckpt=-1 pfx=0
[gen-done] eos: 295 tokens in 1.6s (182.8 t/s), n_max=64000
[req] rid=209 api=anth conv=9f7afad854f264ce qw_ms=0 tok_ms=20 prompt=30336 hit=30040 ckpt=-1 pf=296 pf_ms=173 dec=295 dec_ms=1614 cb_ms=0 rounds=84 tps=182.8 end=eos gw=0 yields=0 slot=0 t=486344 md4=82 md5=186 md6=73 md7=0 mprom=4 mdem=3 gch=629,700,644,624,1071,2163,749,513 gnh=846,1489,982,811,872,1315,479,299 glf=6464,5764,5120,4496,3425,1262,513 gla=5942,4758,3776,2965,2093,778,299 phd=342.1 phv=1270.8 phs=340 phwn=17,10,7,9,37,4,0 phwm=247.6,154.9,99.0,131.7,572.8,64.8,0.0 sfxm=0.0 sfxn=0 phfd=0.0 sfx=1170,10424 bat=1.0,0
[http] POST /v1/messages -> 200
[timing] render 0.0ms encode 1.7ms (4497 chars -> 1126 toks)
[gen] prompt=1126 prefix_hit=0 snap=0 ckpt=-1 pfx=0
[timing] render 0.8ms encode 17.7ms (103854 chars -> 24439 toks)
[gen-done] eos: 15 tokens in 0.1s (173.8 t/s), n_max=64000
[req] rid=210 api=anth conv=d0224f29c785d682 qw_ms=0 tok_ms=2 prompt=1126 hit=0 ckpt=-1 pf=1126 pf_ms=344 dec=15 dec_ms=86 cb_ms=0 rounds=5 tps=173.8 end=eos gw=0 yields=0 slot=0 t=488029 md4=5 md5=0 md6=0 md7=0 mprom=0 mdem=0 gch=629,700,644,625,1075,2163,749,513 gnh=847,1490,983,811,874,1315,479,299 glf=6469,5769,5125,4500,3425,1262,513 gla=5946,4761,3778,2967,2093,778,299 phd=17.4 phv=68.8 phs=20 phwn=0,0,1,4,0,0,0 phwm=0.0,0.0,13.4,55.4,0.0,0.0,0.0 sfxm=0.0 sfxn=0 phfd=0.0 sfx=1170,10424 bat=1.0,0
[http] POST /v1/messages -> 200
[gen] prompt=24439 prefix_hit=0 snap=0 ckpt=-1 pfx=0
[gen-done] eos: 297 tokens in 1.7s (172.7 t/s), n_max=64000
[req] rid=211 api=anth conv=a48b861f5f3ff062 qw_ms=401 tok_ms=19 prompt=24439 hit=0 ckpt=-1 pf=24439 pf_ms=7185 dec=297 dec_ms=1719 cb_ms=0 rounds=100 tps=172.7 end=eos gw=0 yields=0 slot=0 t=496935 md4=100 md5=0 md6=0 md7=0 mprom=0 mdem=0 gch=640,709,659,639,1126,2163,749,513 gnh=864,1515,1007,821,898,1315,479,299 glf=6558,5849,5190,4551,3425,1262,513 gla=6023,4819,3812,2991,2093,778,299 phd=326.9 phv=1391.9 phs=334 phwn=20,15,14,51,0,0,0 phwm=275.4,216.3,188.7,711.5,0.0,0.0,0.0 sfxm=0.0 sfxn=0 phfd=0.0 sfx=1170,10424 bat=1.0,0
[http] POST /v1/messages -> 200
[timing] render 0.4ms encode 9.7ms (57496 chars -> 13731 toks)
[gen] prompt=13731 prefix_hit=0 snap=0 ckpt=-1 pfx=0
[gen-done] eos: 101 tokens in 0.5s (202.2 t/s), n_max=64000
[req] rid=212 api=anth conv=c4d7b86967cb0ee1 qw_ms=0 tok_ms=10 prompt=13731 hit=0 ckpt=-1 pf=13731 pf_ms=3896 dec=101 dec_ms=499 cb_ms=0 rounds=28 tps=202.2 end=eos gw=0 yields=0 slot=0 t=501351 md4=28 md5=0 md6=0 md7=0 mprom=0 mdem=0 gch=641,710,660,640,1150,2163,749,513 gnh=867,1521,1009,823,913,1315,479,299 glf=6585,5875,5215,4575,3425,1262,513 gla=6048,4838,3829,3006,2093,778,299 phd=103.6 phv=395.6 phs=106 phwn=2,1,1,24,0,0,0 phwm=27.0,14.0,13.7,340.9,0.0,0.0,0.0 sfxm=0.0 sfxn=0 phfd=0.0 sfx=1170,10424 bat=1.0,0
[http] POST /v1/messages -> 200
[timing] render 0.4ms encode 10.7ms (58182 chars -> 13893 toks)
[gen] prompt=13893 prefix_hit=13724 snap=13724 ckpt=-1 pfx=0
[gen-done] eos: 38 tokens in 0.2s (225.6 t/s), n_max=64000
[req] rid=213 api=anth conv=c4d7b86967cb0ee1 qw_ms=0 tok_ms=11 prompt=13893 hit=13724 ckpt=-1 pf=169 pf_ms=110 dec=38 dec_ms=168 cb_ms=0 rounds=9 tps=225.6 end=eos gw=0 yields=0 slot=0 t=501678 md4=30 md5=7 md6=0 md7=0 mprom=1 mdem=0 gch=642,710,660,640,1152,2168,749,513 gnh=868,1522,1009,825,915,1317,479,299 glf=6592,5882,5222,4582,3430,1262,513 gla=6055,4844,3835,3010,2095,778,299 phd=32.9 phv=117.4 phs=34 phwn=1,0,0,2,5,0,0 phwm=13.9,0.0,0.0,28.4,75.1,0.0,0.0 sfxm=18.0 sfxn=1 phfd=0.0 sfx=1171,10432 bat=1.0,0
[http] POST /v1/messages -> 200
[timing] render 0.4ms encode 10.0ms (58444 chars -> 13964 toks)
[gen] prompt=13964 prefix_hit=13886 snap=13886 ckpt=-1 pfx=0
[gen-done] eos: 36 tokens in 0.1s (267.6 t/s), n_max=64000
[req] rid=214 api=anth conv=c4d7b86967cb0ee1 qw_ms=0 tok_ms=10 prompt=13964 hit=13886 ckpt=-1 pf=78 pf_ms=91 dec=36 dec_ms=135 cb_ms=0 rounds=7 tps=267.6 end=eos gw=0 yields=0 slot=0 t=501926 md4=30 md5=13 md6=0 md7=0 mprom=1 mdem=0 gch=642,710,660,640,1153,2172,749,513 gnh=868,1522,1009,826,916,1320,479,299 glf=6597,5887,5227,4587,3434,1262,513 gla=6060,4849,3840,3014,2098,778,299 phd=23.8 phv=74.3 phs=25 phwn=0,0,0,1,4,0,0 phwm=0.0,0.0,0.0,14.2,60.0,0.0,0.0 sfxm=36.3 sfxn=2 phfd=0.0 sfx=1173,10443 bat=1.0,0
[http] POST /v1/messages -> 200
[timing] render 0.4ms encode 10.3ms (58684 chars -> 14024 toks)
[gen] prompt=14024 prefix_hit=13957 snap=13957 ckpt=-1 pfx=0
[gen-done] eos: 39 tokens in 0.2s (228.8 t/s), n_max=64000
[req] rid=215 api=anth conv=c4d7b86967cb0ee1 qw_ms=0 tok_ms=11 prompt=14024 hit=13957 ckpt=-1 pf=67 pf_ms=81 dec=39 dec_ms=170 cb_ms=0 rounds=9 tps=228.8 end=eos gw=0 yields=0 slot=0 t=502199 md4=30 md5=21 md6=0 md7=0 mprom=1 mdem=0 gch=642,711,660,640,1153,2178,749,513 gnh=868,1524,1009,827,916,1324,479,299 glf=6604,5893,5233,4593,3440,1262,513 gla=6067,4854,3845,3018,2102,778,299 phd=30.6 phv=103.5 phs=32 phwn=1,0,0,0,6,0,0 phwm=13.1,0.0,0.0,0.0,90.3,0.0,0.0 sfxm=36.3 sfxn=2 phfd=0.0 sfx=1175,10453 bat=1.0,0
[http] POST /v1/messages -> 200
[timing] render 0.4ms encode 9.6ms (59533 chars -> 14271 toks)
[gen] prompt=14271 prefix_hit=14017 snap=14017 ckpt=-1 pfx=0
[gen-done] eos: 67 tokens in 0.3s (194.3 t/s), n_max=64000
[req] rid=216 api=anth conv=c4d7b86967cb0ee1 qw_ms=0 tok_ms=10 prompt=14271 hit=14017 ckpt=-1 pf=254 pf_ms=135 dec=67 dec_ms=345 cb_ms=0 rounds=19 tps=194.3 end=eos gw=0 yields=0 slot=0 t=502700 md4=30 md5=39 md6=0 md7=0 mprom=1 mdem=0 gch=645,713,660,642,1155,2187,749,513 gnh=871,1529,1010,829,917,1330,479,299 glf=6619,5906,5246,4604,3449,1262,513 gla=6079,4864,3854,3025,2108,778,299 phd=67.1 phv=259.3 phs=70 phwn=5,0,2,2,9,0,0 phwm=68.0,0.0,27.5,28.5,135.4,0.0,0.0 sfxm=18.2 sfxn=1 phfd=0.0 sfx=1176,10457 bat=1.0,0
[http] POST /v1/messages -> 200
[timing] render 0.4ms encode 10.5ms (63163 chars -> 15212 toks)
[gen] prompt=15212 prefix_hit=14264 snap=14264 ckpt=-1 pfx=0
[gen-done] eos: 32 tokens in 0.1s (233.3 t/s), n_max=64000
[req] rid=217 api=anth conv=c4d7b86967cb0ee1 qw_ms=0 tok_ms=11 prompt=15212 hit=14264 ckpt=-1 pf=948 pf_ms=319 dec=32 dec_ms=137 cb_ms=0 rounds=7 tps=233.3 end=eos gw=0 yields=0 slot=0 t=503191 md4=30 md5=46 md6=0 md7=0 mprom=1 mdem=0 gch=645,713,660,642,1158,2191,749,513 gnh=871,1529,1012,829,918,1334,479,299 glf=6626,5913,5253,4611,3453,1262,513 gla=6086,4871,3859,3030,2112,778,299 phd=34.1 phv=103.0 phs=35 phwn=0,0,0,3,4,0,0 phwm=0.0,0.0,0.0,42.7,60.3,0.0,0.0 sfxm=0.0 sfxn=0 phfd=0.0 sfx=1176,10457 bat=1.0,0
[http] POST /v1/messages -> 200
[timing] render 0.4ms encode 13.0ms (79371 chars -> 19818 toks)
[gen] prompt=19818 prefix_hit=15205 snap=15205 ckpt=-1 pfx=0
[gen-done] eos: 53 tokens in 0.2s (216.5 t/s), n_max=64000
[req] rid=218 api=anth conv=c4d7b86967cb0ee1 qw_ms=0 tok_ms=13 prompt=19818 hit=15205 ckpt=-1 pf=4613 pf_ms=1466 dec=53 dec_ms=245 cb_ms=0 rounds=13 tps=216.5 end=eos gw=0 yields=0 slot=0 t=504932 md4=30 md5=59 md6=0 md7=0 mprom=1 mdem=0 gch=647,714,660,642,1159,2199,749,513 gnh=873,1530,1015,829,918,1340,479,299 glf=6636,5922,5262,4620,3461,1262,513 gla=6096,4880,3865,3036,2118,778,299 phd=48.3 phv=178.0 phs=49 phwn=3,0,0,1,8,0,0 phwm=42.2,0.0,0.0,14.3,121.5,0.0,0.0 sfxm=18.3 sfxn=1 phfd=0.0 sfx=1177,10464 bat=1.0,0
[http] POST /v1/messages -> 200
[timing] render 0.4ms encode 15.3ms (94961 chars -> 24323 toks)
[gen] prompt=24323 prefix_hit=19811 snap=19811 ckpt=-1 pfx=0
[gen-done] eos: 51 tokens in 0.2s (215.0 t/s), n_max=64000
[req] rid=219 api=anth conv=c4d7b86967cb0ee1 qw_ms=0 tok_ms=16 prompt=24323 hit=19811 ckpt=-1 pf=4512 pf_ms=1483 dec=51 dec_ms=237 cb_ms=0 rounds=13 tps=215.0 end=eos gw=0 yields=0 slot=0 t=506679 md4=30 md5=71 md6=0 md7=0 mprom=1 mdem=0 gch=649,715,662,644,1159,2203,749,513 gnh=875,1531,1018,830,918,1344,479,299 glf=6645,5930,5268,4624,3465,1262,513 gla=6105,4888,3870,3040,2122,778,299 phd=37.1 phv=162.0 phs=38 phwn=3,2,2,0,4,0,0 phwm=43.1,29.8,27.9,0.0,61.1,0.0,0.0 sfxm=38.0 sfxn=2 phfd=0.0 sfx=1179,10477 bat=1.0,0
[http] POST /v1/messages -> 200
[timing] render 0.4ms encode 16.8ms (106480 chars -> 27715 toks)
[gen] prompt=27715 prefix_hit=24316 snap=24316 ckpt=-1 pfx=0
[gen-done] eos: 51 tokens in 0.2s (224.1 t/s), n_max=64000
[req] rid=220 api=anth conv=c4d7b86967cb0ee1 qw_ms=0 tok_ms=17 prompt=27715 hit=24316 ckpt=-1 pf=3399 pf_ms=1175 dec=51 dec_ms=228 cb_ms=0 rounds=12 tps=224.1 end=eos gw=0 yields=0 slot=0 t=508109 md4=30 md5=82 md6=0 md7=0 mprom=1 mdem=0 gch=650,715,664,646,1159,2208,749,513 gnh=876,1532,1020,832,919,1347,479,299 glf=6654,5939,5275,4629,3470,1262,513 gla=6113,4896,3876,3044,2125,778,299 phd=39.0 phv=150.6 phs=40 phwn=1,2,2,0,5,0,0 phwm=14.9,30.5,28.2,0.0,77.1,0.0,0.0 sfxm=37.8 sfxn=2 phfd=0.0 sfx=1181,10490 bat=1.0,0
[http] POST /v1/messages -> 200
[timing] render 0.4ms encode 19.7ms (126882 chars -> 33983 toks)
[gen] prompt=33983 prefix_hit=27708 snap=27708 ckpt=-1 pfx=0
[gen-done] eos: 84 tokens in 0.4s (224.4 t/s), n_max=64000
[req] rid=221 api=anth conv=c4d7b86967cb0ee1 qw_ms=0 tok_ms=20 prompt=33983 hit=27708 ckpt=-1 pf=6275 pf_ms=2185 dec=84 dec_ms=374 cb_ms=0 rounds=19 tps=224.4 end=eos gw=0 yields=0 slot=0 t=510699 md4=30 md5=101 md6=0 md7=0 mprom=1 mdem=0 gch=651,715,665,649,1163,2217,749,513 gnh=878,1534,1021,835,921,1355,479,299 glf=6671,5956,5291,4642,3479,1262,513 gla=6128,4910,3889,3054,2133,778,299 phd=82.6 phv=272.7 phs=81 phwn=1,1,3,4,9,0,0 phwm=15.2,15.8,42.8,58.9,140.1,0.0,0.0 sfxm=18.8 sfxn=1 phfd=0.0 sfx=1182,10498 bat=1.0,0
[http] POST /v1/messages -> 200
[timing] render 0.5ms encode 20.0ms (127286 chars -> 34094 toks)
[gen] prompt=34094 prefix_hit=33976 snap=33976 ckpt=-1 pfx=0
[gen-done] eos: 72 tokens in 0.3s (215.1 t/s), n_max=64000
[req] rid=222 api=anth conv=c4d7b86967cb0ee1 qw_ms=0 tok_ms=20 prompt=34094 hit=33976 ckpt=-1 pf=118 pf_ms=102 dec=72 dec_ms=335 cb_ms=0 rounds=17 tps=215.1 end=eos gw=0 yields=0 slot=0 t=511179 md4=30 md5=118 md6=0 md7=0 mprom=1 mdem=0 gch=651,716,667,651,1166,2225,749,513 gnh=879,1535,1026,837,924,1359,479,299 glf=6687,5971,5304,4653,3487,1262,513 gla=6143,4924,3898,3061,2137,778,299 phd=72.4 phv=243.4 phs=71 phwn=1,2,2,3,8,0,0 phwm=14.4,31.6,28.5,44.3,124.6,0.0,0.0 sfxm=18.8 sfxn=1 phfd=0.0 sfx=1183,10508 bat=1.0,0
[http] POST /v1/messages -> 200
[timing] render 0.4ms encode 20.2ms (128510 chars -> 34450 toks)
[gen] prompt=34450 prefix_hit=34087 snap=34087 ckpt=-1 pfx=0
[gen-done] eos: 52 tokens in 0.2s (215.9 t/s), n_max=64000
[req] rid=223 api=anth conv=c4d7b86967cb0ee1 qw_ms=0 tok_ms=21 prompt=34450 hit=34087 ckpt=-1 pf=363 pf_ms=188 dec=52 dec_ms=241 cb_ms=0 rounds=12 tps=215.9 end=eos gw=0 yields=0 slot=0 t=511646 md4=30 md5=130 md6=0 md7=0 mprom=1 mdem=0 gch=652,716,667,651,1167,2234,749,513 gnh=880,1536,1029,838,925,1363,479,299 glf=6697,5981,5314,4663,3496,1262,513 gla=6153,4933,3904,3066,2141,778,299 phd=51.7 phv=170.3 phs=51 phwn=1,0,0,1,9,0,0 phwm=15.3,0.0,0.0,14.7,140.3,0.0,0.0 sfxm=18.8 sfxn=1 phfd=0.0 sfx=1184,10518 bat=1.0,0
[http] POST /v1/messages -> 200
[timing] render 0.4ms encode 20.3ms (130828 chars -> 35049 toks)
[gen] prompt=35049 prefix_hit=34443 snap=34443 ckpt=-1 pfx=0
[gen-done] eos: 91 tokens in 0.5s (188.2 t/s), n_max=64000
[req] rid=224 api=anth conv=c4d7b86967cb0ee1 qw_ms=0 tok_ms=21 prompt=35049 hit=34443 ckpt=-1 pf=606 pf_ms=261 dec=91 dec_ms=483 cb_ms=0 rounds=25 tps=188.2 end=eos gw=0 yields=0 slot=0 t=512429 md4=30 md5=153 md6=0 md7=0 mprom=1 mdem=0 gch=654,718,670,653,1167,2247,749,513 gnh=883,1542,1032,840,927,1369,479,299 glf=6717,5999,5329,4676,3509,1262,513 gla=6171,4946,3914,3074,2147,778,299 phd=88.5 phv=338.7 phs=88 phwn=4,3,2,0,13,0,0 phwm=59.5,47.6,28.5,0.0,203.0,0.0,0.0 sfxm=56.1 sfxn=3 phfd=0.0 sfx=1187,10534 bat=1.0,0
[http] POST /v1/messages -> 200
[timing] render 0.4ms encode 21.0ms (136679 chars -> 36693 toks)
[gen] prompt=36693 prefix_hit=35042 snap=35042 ckpt=-1 pfx=0
[gen-done] eos: 76 tokens in 0.3s (246.2 t/s), n_max=64000
[req] rid=225 api=anth conv=c4d7b86967cb0ee1 qw_ms=0 tok_ms=21 prompt=36693 hit=35042 ckpt=-1 pf=1651 pf_ms=626 dec=76 dec_ms=309 cb_ms=0 rounds=16 tps=246.2 end=eos gw=0 yields=0 slot=0 t=513396 md4=30 md5=169 md6=0 md7=0 mprom=1 mdem=0 gch=655,721,671,655,1167,2254,749,513 gnh=884,1547,1033,840,929,1374,479,299 glf=6730,6009,5338,4683,3516,1262,513 gla=6184,4954,3921,3081,2152,778,299 phd=56.1 phv=213.7 phs=53 phwn=4,1,2,0,7,0,0 phwm=59.2,16.0,28.7,0.0,109.7,0.0,0.0 sfxm=38.7 sfxn=2 phfd=0.0 sfx=1189,10558 bat=1.0,0
[http] POST /v1/messages -> 200
[timing] render 0.4ms encode 21.3ms (139402 chars -> 37441 toks)
[gen] prompt=37441 prefix_hit=36686 snap=36686 ckpt=-1 pfx=0
[gen-done] eos: 105 tokens in 0.5s (202.3 t/s), n_max=64000
[req] rid=226 api=anth conv=c4d7b86967cb0ee1 qw_ms=0 tok_ms=22 prompt=37441 hit=36686 ckpt=-1 pf=755 pf_ms=301 dec=105 dec_ms=519 cb_ms=0 rounds=27 tps=202.3 end=eos gw=0 yields=0 slot=0 t=514249 md4=30 md5=195 md6=0 md7=0 mprom=1 mdem=0 gch=658,725,673,658,1167,2267,749,513 gnh=887,1553,1036,844,929,1383,479,299 glf=6752,6027,5354,4696,3529,1262,513 gla=6205,4970,3934,3090,2161,778,299 phd=97.5 phv=383.7 phs=94 phwn=7,2,3,0,13,0,0 phwm=104.8,32.1,43.0,0.0,203.9,0.0,0.0 sfxm=37.7 sfxn=2 phfd=0.0 sfx=1191,10571 bat=1.0,0
[http] POST /v1/messages -> 200
[timing] render 0.4ms encode 22.5ms (140412 chars -> 37711 toks)
[gen] prompt=37711 prefix_hit=37434 snap=37434 ckpt=-1 pfx=0
[gen-done] eos: 107 tokens in 0.6s (183.1 t/s), n_max=64000
[req] rid=227 api=anth conv=c4d7b86967cb0ee1 qw_ms=0 tok_ms=23 prompt=37711 hit=37434 ckpt=-1 pf=277 pf_ms=167 dec=107 dec_ms=585 cb_ms=0 rounds=31 tps=183.1 end=eos gw=0 yields=0 slot=0 t=515039 md4=30 md5=225 md6=0 md7=0 mprom=1 mdem=0 gch=661,729,679,664,1168,2275,749,513 gnh=891,1559,1045,846,931,1388,479,299 glf=6777,6048,5369,4705,3537,1262,513 gla=6228,4988,3943,3097,2166,778,299 phd=99.3 phv=427.2 phs=98 phwn=7,6,6,1,8,0,0 phwm=104.7,96.4,85.9,14.8,125.4,0.0,0.0 sfxm=57.8 sfxn=3 phfd=0.0 sfx=1194,10590 bat=1.0,0
[http] POST /v1/messages -> 200
[timing] render 0.4ms encode 22.5ms (141438 chars -> 37987 toks)
[gen] prompt=37987 prefix_hit=37704 snap=37704 ckpt=-1 pfx=0
[gen-done] eos: 94 tokens in 0.5s (196.7 t/s), n_max=64000
[req] rid=228 api=anth conv=c4d7b86967cb0ee1 qw_ms=0 tok_ms=23 prompt=37987 hit=37704 ckpt=-1 pf=283 pf_ms=168 dec=94 dec_ms=478 cb_ms=0 rounds=25 tps=196.7 end=eos gw=0 yields=0 slot=0 t=515720 md4=30 md5=248 md6=0 md7=0 mprom=1 mdem=0 gch=665,731,681,667,1168,2286,749,513 gnh=894,1565,1048,849,931,1395,479,299 glf=6795,6064,5383,4716,3548,1262,513 gla=6245,5001,3953,3104,2173,778,299 phd=82.2 phv=338.0 phs=81 phwn=6,2,3,0,11,0,0 phwm=91.0,32.2,42.9,0.0,171.9,0.0,0.0 sfxm=57.4 sfxn=3 phfd=0.0 sfx=1197,10608 bat=1.0,0
[http] POST /v1/messages -> 200
[timing] render 0.5ms encode 21.8ms (142423 chars -> 38243 toks)
[gen] prompt=38243 prefix_hit=37980 snap=37980 ckpt=-1 pfx=0
[gen-done] eos: 102 tokens in 0.6s (175.7 t/s), n_max=64000
[req] rid=229 api=anth conv=c4d7b86967cb0ee1 qw_ms=0 tok_ms=22 prompt=38243 hit=37980 ckpt=-1 pf=263 pf_ms=152 dec=102 dec_ms=581 cb_ms=0 rounds=30 tps=175.7 end=eos gw=0 yields=0 slot=0 t=516486 md4=30 md5=277 md6=0 md7=0 mprom=1 mdem=0 gch=667,736,681,670,1171,2301,749,513 gnh=896,1578,1049,854,932,1401,479,299 glf=6821,6085,5404,4734,3563,1262,513 gla=6270,5014,3965,3111,2179,778,299 phd=113.8 phv=427.8 phs=114 phwn=7,0,3,3,15,0,0 phwm=104.1,0.0,43.2,44.5,235.9,0.0,0.0 sfxm=38.8 sfxn=2 phfd=0.0 sfx=1199,10621 bat=1.0,0
[http] POST /v1/messages -> 200
[timing] render 0.4ms encode 22.5ms (143924 chars -> 38602 toks)
[gen] prompt=38602 prefix_hit=38236 snap=38236 ckpt=-1 pfx=0
[gen-done] eos: 41 tokens in 0.2s (228.2 t/s), n_max=64000
[req] rid=230 api=anth conv=c4d7b86967cb0ee1 qw_ms=0 tok_ms=23 prompt=38602 hit=38236 ckpt=-1 pf=366 pf_ms=194 dec=41 dec_ms=180 cb_ms=0 rounds=9 tps=228.2 end=eos gw=0 yields=0 slot=0 t=516905 md4=30 md5=286 md6=0 md7=0 mprom=1 mdem=0 gch=668,736,681,670,1173,2306,749,513 gnh=897,1578,1051,854,933,1405,479,299 glf=6828,6092,5411,4741,3568,1262,513 gla=6277,5021,3970,3116,2183,778,299 phd=36.9 phv=123.8 phs=36 phwn=1,0,0,2,5,0,0 phwm=15.5,0.0,0.0,29.7,78.6,0.0,0.0 sfxm=18.9 sfxn=1 phfd=0.0 sfx=1200,10628 bat=1.0,0
[http] POST /v1/messages -> 200
[timing] render 0.4ms encode 22.5ms (146280 chars -> 39301 toks)
[gen] prompt=39301 prefix_hit=38595 snap=38595 ckpt=-1 pfx=0
[gen-done] eos: 42 tokens in 0.2s (229.1 t/s), n_max=64000
[req] rid=231 api=anth conv=c4d7b86967cb0ee1 qw_ms=0 tok_ms=23 prompt=39301 hit=38595 ckpt=-1 pf=706 pf_ms=298 dec=42 dec_ms=183 cb_ms=0 rounds=9 tps=229.1 end=eos gw=0 yields=0 slot=0 t=517422 md4=30 md5=294 md6=0 md7=0 mprom=1 mdem=0 gch=668,736,681,670,1173,2313,749,513 gnh=897,1578,1053,854,933,1410,479,299 glf=6835,6099,5418,4748,3575,1262,513 gla=6284,5028,3975,3121,2188,778,299 phd=34.9 phv=110.2 phs=35 phwn=0,0,0,0,7,0,0 phwm=0.0,0.0,0.0,0.0,110.2,0.0,0.0 sfxm=38.1 sfxn=2 phfd=0.0 sfx=1202,10637 bat=1.0,0
[http] POST /v1/messages -> 200
[timing] render 0.4ms encode 22.7ms (149727 chars -> 40397 toks)
[gen] prompt=40397 prefix_hit=39294 snap=39294 ckpt=-1 pfx=0
[gen-done] eos: 143 tokens in 0.6s (220.3 t/s), n_max=64000
[req] rid=232 api=anth conv=c4d7b86967cb0ee1 qw_ms=0 tok_ms=23 prompt=40397 hit=39294 ckpt=-1 pf=1103 pf_ms=461 dec=143 dec_ms=649 cb_ms=0 rounds=31 tps=220.3 end=eos gw=0 yields=0 slot=0 t=518567 md4=30 md5=297 md6=28 md7=0 mprom=2 mdem=0 gch=669,738,685,671,1176,2318,763,513 gnh=899,1584,1057,856,937,1414,487,299 glf=6864,6126,5441,4770,3594,1276,513 gla=6311,5050,3993,3137,2200,786,299 phd=151.3 phv=478.3 phs=147 phwn=3,4,1,3,5,14,0 phwm=45.2,65.2,14.4,44.7,78.9,230.0,0.0 sfxm=19.2 sfxn=1 phfd=0.0 sfx=1203,10649 bat=1.0,0
[http] POST /v1/messages -> 200
[timing] render 0.5ms encode 23.4ms (150619 chars -> 40624 toks)
[gen] prompt=40624 prefix_hit=40390 snap=40390 ckpt=-1 pfx=0
[gen-done] eos: 42 tokens in 0.2s (277.9 t/s), n_max=64000
[req] rid=233 api=anth conv=c4d7b86967cb0ee1 qw_ms=0 tok_ms=24 prompt=40624 hit=40390 ckpt=-1 pf=234 pf_ms=144 dec=42 dec_ms=151 cb_ms=0 rounds=7 tps=277.9 end=eos gw=0 yields=0 slot=0 t=518905 md4=30 md5=297 md6=34 md7=0 mprom=2 mdem=0 gch=669,738,685,671,1176,2318,768,513 gnh=899,1584,1058,856,937,1414,491,299 glf=6869,6131,5446,4775,3599,1281,513 gla=6316,5055,3997,3141,2204,790,299 phd=30.9 phv=82.2 phs=30 phwn=0,0,0,0,0,5,0 phwm=0.0,0.0,0.0,0.0,0.0,82.2,0.0 sfxm=38.0 sfxn=2 phfd=0.0 sfx=1205,10662 bat=1.0,0
[http] POST /v1/messages -> 200
[timing] render 0.4ms encode 23.4ms (152888 chars -> 41373 toks)
[gen] prompt=41373 prefix_hit=40617 snap=40617 ckpt=-1 pfx=0
[gen-done] eos: 38 tokens in 0.2s (184.8 t/s), n_max=64000
[req] rid=234 api=anth conv=c4d7b86967cb0ee1 qw_ms=0 tok_ms=24 prompt=41373 hit=40617 ckpt=-1 pf=756 pf_ms=309 dec=38 dec_ms=206 cb_ms=0 rounds=10 tps=184.8 end=eos gw=0 yields=0 slot=0 t=519455 md4=30 md5=297 md6=42 md7=0 mprom=2 mdem=0 gch=670,739,685,671,1176,2319,773,513 gnh=899,1586,1061,856,937,1414,494,299 glf=6876,6137,5452,4781,3605,1286,513 gla=6323,5061,4000,3144,2207,793,299 phd=38.9 phv=128.6 phs=39 phwn=2,0,0,0,1,5,0 phwm=30.5,0.0,0.0,0.0,15.8,82.3,0.0 sfxm=38.1 sfxn=2 phfd=0.0 sfx=1207,10669 bat=1.0,0
[http] POST /v1/messages -> 200
[timing] render 0.5ms encode 23.7ms (153214 chars -> 41452 toks)
[gen] prompt=41452 prefix_hit=41366 snap=41366 ckpt=-1 pfx=0
[gen-done] eos: 54 tokens in 0.3s (202.7 t/s), n_max=64000
[req] rid=235 api=anth conv=c4d7b86967cb0ee1 qw_ms=0 tok_ms=24 prompt=41452 hit=41366 ckpt=-1 pf=86 pf_ms=95 dec=54 dec_ms=266 cb_ms=0 rounds=13 tps=202.7 end=eos gw=0 yields=0 slot=0 t=519855 md4=30 md5=297 md6=53 md7=0 mprom=2 mdem=0 gch=671,739,687,672,1177,2320,778,513 gnh=900,1586,1066,857,937,1414,498,299 glf=6886,6147,5460,4788,3611,1291,513 gla=6333,5071,4005,3148,2211,797,299 phd=52.6 phv=175.7 phs=52 phwn=1,2,1,1,1,5,0 phwm=15.7,32.8,14.4,14.9,15.8,82.1,0.0 sfxm=38.0 sfxn=2 phfd=0.0 sfx=1209,10677 bat=1.0,0
[http] POST /v1/messages -> 200
[timing] render 0.5ms encode 24.0ms (153703 chars -> 41560 toks)
[gen] prompt=41560 prefix_hit=41445 snap=41445 ckpt=-1 pfx=0
[gen-done] eos: 35 tokens in 0.1s (243.0 t/s), n_max=64000
[req] rid=236 api=anth conv=c4d7b86967cb0ee1 qw_ms=0 tok_ms=24 prompt=41560 hit=41445 ckpt=-1 pf=115 pf_ms=106 dec=35 dec_ms=144 cb_ms=0 rounds=7 tps=243.0 end=eos gw=0 yields=0 slot=0 t=520146 md4=30 md5=297 md6=58 md7=0 mprom=2 mdem=0 gch=671,740,687,672,1177,2320,782,513 gnh=900,1587,1066,857,937,1414,502,299 glf=6891,6151,5464,4792,3615,1295,513 gla=6338,5075,4009,3152,2215,801,299 phd=25.2 phv=80.7 phs=26 phwn=1,0,0,0,0,4,0 phwm=14.8,0.0,0.0,0.0,0.0,65.9,0.0 sfxm=38.0 sfxn=2 phfd=0.0 sfx=1211,10683 bat=1.0,0
[http] POST /v1/messages -> 200
[timing] render 0.4ms encode 23.9ms (154278 chars -> 41716 toks)
[gen] prompt=41716 prefix_hit=41553 snap=41553 ckpt=-1 pfx=0
[gen-done] eos: 61 tokens in 0.3s (198.4 t/s), n_max=64000
[req] rid=237 api=anth conv=c4d7b86967cb0ee1 qw_ms=0 tok_ms=24 prompt=41716 hit=41553 ckpt=-1 pf=163 pf_ms=121 dec=61 dec_ms=307 cb_ms=0 rounds=15 tps=198.4 end=eos gw=0 yields=0 slot=0 t=520609 md4=30 md5=297 md6=72 md7=0 mprom=2 mdem=0 gch=671,742,687,675,1178,2320,790,513 gnh=901,1591,1068,859,938,1414,506,299 glf=6905,6163,5476,4801,3623,1303,513 gla=6351,5084,4016,3157,2219,805,299 phd=68.5 phv=219.5 phs=69 phwn=2,0,3,1,0,8,0 phwm=29.6,0.0,43.3,14.9,0.0,131.7,0.0 sfxm=19.3 sfxn=1 phfd=0.0 sfx=1212,10689 bat=1.0,0
[http] POST /v1/messages -> 200
[timing] render 0.5ms encode 24.5ms (155574 chars -> 42060 toks)
[gen] prompt=42060 prefix_hit=41709 snap=41709 ckpt=-1 pfx=0
[gen-done] eos: 42 tokens in 0.2s (229.4 t/s), n_max=64000
[req] rid=238 api=anth conv=c4d7b86967cb0ee1 qw_ms=0 tok_ms=25 prompt=42060 hit=41709 ckpt=-1 pf=351 pf_ms=197 dec=42 dec_ms=183 cb_ms=0 rounds=9 tps=229.4 end=eos gw=0 yields=0 slot=0 t=521030 md4=30 md5=297 md6=79 md7=0 mprom=2 mdem=0 gch=672,742,688,675,1178,2320,794,513 gnh=902,1591,1069,859,938,1414,510,299 glf=6910,6168,5480,4805,3627,1307,513 gla=6356,5089,4020,3161,2223,809,299 phd=29.1 phv=97.9 phs=28 phwn=1,1,0,0,0,4,0 phwm=15.6,16.4,0.0,0.0,0.0,65.8,0.0 sfxm=56.0 sfxn=3 phfd=0.0 sfx=1215,10702 bat=1.0,0
[http] POST /v1/messages -> 200
[timing] render 0.5ms encode 25.3ms (158728 chars -> 43031 toks)
[gen] prompt=43031 prefix_hit=42053 snap=42053 ckpt=-1 pfx=0
[gen-done] eos: 73 tokens in 0.4s (204.2 t/s), n_max=64000
[req] rid=239 api=anth conv=c4d7b86967cb0ee1 qw_ms=1 tok_ms=26 prompt=43031 hit=42053 ckpt=-1 pf=978 pf_ms=402 dec=73 dec_ms=357 cb_ms=0 rounds=18 tps=204.2 end=eos gw=0 yields=0 slot=0 t=521828 md4=30 md5=303 md6=90 md7=0 mprom=2 mdem=1 gch=675,743,688,677,1180,2325,797,513 gnh=903,1595,1072,861,939,1417,512,299 glf=6923,6180,5492,4815,3635,1310,513 gla=6369,5100,4028,3167,2228,811,299 phd=68.3 phv=249.7 phs=67 phwn=4,0,2,2,5,3,0 phwm=62.2,0.0,28.9,29.9,79.2,49.5,0.0 sfxm=39.3 sfxn=2 phfd=0.0 sfx=1217,10715 bat=1.0,0
[http] POST /v1/messages -> 200
[timing] render 0.5ms encode 26.2ms (170241 chars -> 46484 toks)
[gen] prompt=46484 prefix_hit=43024 snap=43024 ckpt=-1 pfx=0
[gen-done] eos: 91 tokens in 0.5s (186.2 t/s), n_max=64000
[req] rid=240 api=anth conv=c4d7b86967cb0ee1 qw_ms=0 tok_ms=27 prompt=46484 hit=43024 ckpt=-1 pf=3460 pf_ms=1354 dec=91 dec_ms=489 cb_ms=0 rounds=25 tps=186.2 end=eos gw=0 yields=0 slot=0 t=523708 md4=30 md5=327 md6=90 md7=0 mprom=2 mdem=1 gch=678,746,692,679,1183,2333,797,513 gnh=905,1602,1077,862,942,1422,512,299 glf=6943,6197,5505,4826,3643,1310,513 gla=6387,5114,4037,3175,2233,811,299 phd=87.6 phv=362.0 phs=84 phwn=6,4,2,3,8,0,0 phwm=93.3,67.1,29.1,45.3,127.1,0.0,0.0 sfxm=39.0 sfxn=2 phfd=0.0 sfx=1219,10728 bat=1.0,0
[http] POST /v1/messages -> 200
[timing] render 0.5ms encode 26.7ms (171459 chars -> 46842 toks)
[gen] prompt=46842 prefix_hit=46477 snap=46477 ckpt=-1 pfx=0
[gen-done] eos: 95 tokens in 0.5s (210.2 t/s), n_max=64000
[req] rid=241 api=anth conv=c4d7b86967cb0ee1 qw_ms=0 tok_ms=27 prompt=46842 hit=46477 ckpt=-1 pf=365 pf_ms=204 dec=95 dec_ms=452 cb_ms=0 rounds=23 tps=210.2 end=eos gw=0 yields=0 slot=0 t=524402 md4=30 md5=350 md6=90 md7=0 mprom=2 mdem=1 gch=683,747,695,681,1183,2343,797,513 gnh=907,1607,1079,865,942,1431,512,299 glf=6959,6212,5517,4836,3653,1310,513 gla=6403,5128,4049,3184,2242,811,299 phd=79.6 phv=333.4 phs=74 phwn=6,3,2,0,10,0,0 phwm=94.8,50.4,29.1,0.0,159.0,0.0,0.0 sfxm=38.7 sfxn=2 phfd=0.0 sfx=1221,10741 bat=1.0,0
[http] POST /v1/messages -> 200
[timing] render 0.5ms encode 26.7ms (173198 chars -> 47305 toks)
[gen] prompt=47305 prefix_hit=46835 snap=46835 ckpt=-1 pfx=0
[gen-done] eos: 121 tokens in 0.7s (165.0 t/s), n_max=64000
[req] rid=242 api=anth conv=c4d7b86967cb0ee1 qw_ms=0 tok_ms=27 prompt=47305 hit=46835 ckpt=-1 pf=470 pf_ms=227 dec=121 dec_ms=734 cb_ms=0 rounds=38 tps=165.0 end=eos gw=0 yields=0 slot=0 t=525403 md4=30 md5=386 md6=90 md7=0 mprom=2 mdem=1 gch=693,750,697,684,1185,2358,797,513 gnh=913,1619,1084,869,943,1438,512,299 glf=6984,6234,5537,4853,3668,1310,513 gla=6425,5145,4061,3192,2249,811,299 phd=122.3 phv=552.7 phs=119 phwn=13,2,3,2,15,0,0 phwm=205.6,33.7,43.9,30.2,239.4,0.0,0.0 sfxm=58.3 sfxn=3 phfd=0.0 sfx=1224,10757 bat=1.0,0
[http] POST /v1/messages -> 200
[timing] render 0.5ms encode 27.3ms (173995 chars -> 47505 toks)
[gen] prompt=47505 prefix_hit=47298 snap=47298 ckpt=-1 pfx=0
[gen-done] eos: 58 tokens in 0.2s (238.8 t/s), n_max=64000
[req] rid=243 api=anth conv=c4d7b86967cb0ee1 qw_ms=0 tok_ms=28 prompt=47505 hit=47298 ckpt=-1 pf=207 pf_ms=147 dec=58 dec_ms=243 cb_ms=0 rounds=12 tps=238.8 end=eos gw=0 yields=0 slot=0 t=525837 md4=30 md5=397 md6=90 md7=0 mprom=2 mdem=1 gch=694,750,697,684,1186,2365,797,513 gnh=914,1620,1086,871,943,1441,512,299 glf=6992,6242,5545,4861,3675,1310,513 gla=6433,5152,4066,3195,2252,811,299 phd=40.8 phv=142.5 phs=41 phwn=1,0,0,1,7,0,0 phwm=16.0,0.0,0.0,15.0,111.5,0.0,0.0 sfxm=59.4 sfxn=3 phfd=0.0 sfx=1227,10783 bat=1.0,0
[http] POST /v1/messages -> 200
[timing] render 0.5ms encode 29.4ms (174357 chars -> 47590 toks)
[gen] prompt=47590 prefix_hit=47498 snap=47498 ckpt=-1 pfx=0
[gen-done] eos: 60 tokens in 0.2s (328.8 t/s), n_max=64000
[req] rid=244 api=anth conv=c4d7b86967cb0ee1 qw_ms=1 tok_ms=30 prompt=47590 hit=47498 ckpt=-1 pf=92 pf_ms=108 dec=60 dec_ms=182 cb_ms=0 rounds=9 tps=328.8 end=eos gw=0 yields=0 slot=0 t=526173 md4=30 md5=406 md6=90 md7=0 mprom=2 mdem=1 gch=694,751,697,684,1187,2369,797,513 gnh=914,1621,1087,872,943,1444,512,299 glf=6998,6247,5550,4866,3679,1310,513 gla=6439,5157,4070,3198,2255,811,299 phd=29.0 phv=93.9 phs=27 phwn=1,0,0,1,4,0,0 phwm=15.2,0.0,0.0,15.1,63.7,0.0,0.0 sfxm=59.4 sfxn=3 phfd=0.0 sfx=1230,10819 bat=1.0,0
[http] POST /v1/messages -> 200
[timing] render 0.5ms encode 28.0ms (175377 chars -> 47819 toks)
[gen] prompt=47819 prefix_hit=47583 snap=47583 ckpt=-1 pfx=0
[gen-done] eos: 57 tokens in 0.3s (213.1 t/s), n_max=64000
[req] rid=245 api=anth conv=c4d7b86967cb0ee1 qw_ms=0 tok_ms=29 prompt=47819 hit=47583 ckpt=-1 pf=236 pf_ms=150 dec=57 dec_ms=267 cb_ms=0 rounds=13 tps=213.1 end=eos gw=0 yields=0 slot=0 t=526639 md4=30 md5=419 md6=90 md7=0 mprom=2 mdem=1 gch=694,751,700,685,1187,2377,797,513 gnh=915,1621,1093,872,943,1449,512,299 glf=7010,6259,5559,4874,3687,1310,513 gla=6450,5168,4075,3203,2260,811,299 phd=55.4 phv=192.7 phs=53 phwn=0,3,1,0,8,0,0 phwm=0.0,50.6,14.6,0.0,127.5,0.0,0.0 sfxm=19.2 sfxn=1 phfd=0.0 sfx=1231,10829 bat=1.0,0
[http] POST /v1/messages -> 200
[timing] render 0.5ms encode 27.3ms (175947 chars -> 47964 toks)
[gen] prompt=47964 prefix_hit=47812 snap=47812 ckpt=-1 pfx=0
[gen-done] eos: 42 tokens in 0.2s (226.4 t/s), n_max=64000
[req] rid=246 api=anth conv=c4d7b86967cb0ee1 qw_ms=0 tok_ms=28 prompt=47964 hit=47812 ckpt=-1 pf=152 pf_ms=124 dec=42 dec_ms=185 cb_ms=0 rounds=9 tps=226.4 end=eos gw=0 yields=0 slot=0 t=526994 md4=30 md5=428 md6=90 md7=0 mprom=2 mdem=1 gch=694,751,702,685,1188,2382,797,513 gnh=915,1622,1095,872,944,1453,512,299 glf=7018,6267,5565,4880,3692,1310,513 gla=6458,5175,4080,3208,2264,811,299 phd=37.7 phv=128.6 phs=36 phwn=0,2,0,1,5,0,0 phwm=0.0,33.8,0.0,15.1,79.7,0.0,0.0 sfxm=19.2 sfxn=1 phfd=0.0 sfx=1232,10836 bat=1.0,0
[http] POST /v1/messages -> 200
[timing] render 0.5ms encode 28.7ms (179672 chars -> 49034 toks)
[gen] prompt=49034 prefix_hit=47957 snap=47957 ckpt=-1 pfx=0
[gen-done] eos: 140 tokens in 0.9s (162.1 t/s), n_max=64000
[req] rid=247 api=anth conv=c4d7b86967cb0ee1 qw_ms=1 tok_ms=29 prompt=49034 hit=47957 ckpt=-1 pf=1077 pf_ms=475 dec=140 dec_ms=863 cb_ms=0 rounds=44 tps=162.1 end=eos gw=0 yields=0 slot=0 t=528374 md4=30 md5=471 md6=90 md7=0 mprom=2 mdem=1 gch=698,759,709,687,1193,2398,797,513 gnh=922,1636,1101,875,951,1458,512,299 glf=7056,6297,5588,4901,3708,1310,513 gla=6491,5196,4095,3220,2269,811,299 phd=158.3 phv=665.6 phs=154 phwn=12,7,2,5,16,0,0 phwm=186.4,119.0,29.2,75.5,255.5,0.0,0.0 sfxm=39.3 sfxn=2 phfd=0.0 sfx=1234,10849 bat=1.0,0
[http] POST /v1/messages -> 200
[timing] render 0.5ms encode 30.2ms (183239 chars -> 49964 toks)
[gen] prompt=49964 prefix_hit=49027 snap=49027 ckpt=-1 pfx=0
[gen-done] eos: 41 tokens in 0.1s (328.1 t/s), n_max=64000
[req] rid=248 api=anth conv=c4d7b86967cb0ee1 qw_ms=0 tok_ms=31 prompt=49964 hit=49027 ckpt=-1 pf=937 pf_ms=404 dec=41 dec_ms=125 cb_ms=0 rounds=6 tps=328.1 end=eos gw=0 yields=0 slot=0 t=528951 md4=30 md5=477 md6=90 md7=0 mprom=2 mdem=1 gch=698,759,709,687,1193,2402,797,513 gnh=922,1636,1101,875,951,1462,512,299 glf=7060,6301,5592,4905,3712,1310,513 gla=6495,5200,4099,3224,2273,811,299 phd=21.5 phv=64.1 phs=20 phwn=0,0,0,0,4,0,0 phwm=0.0,0.0,0.0,0.0,64.1,0.0,0.0 sfxm=39.3 sfxn=2 phfd=0.0 sfx=1236,10869 bat=1.0,0
[http] POST /v1/messages -> 200
[timing] render 0.5ms encode 29.5ms (186782 chars -> 50993 toks)
[gen] prompt=50993 prefix_hit=49957 snap=49957 ckpt=-1 pfx=0
[gen-done] eos: 41 tokens in 0.2s (246.9 t/s), n_max=64000
[req] rid=249 api=anth conv=c4d7b86967cb0ee1 qw_ms=0 tok_ms=30 prompt=50993 hit=49957 ckpt=-1 pf=1036 pf_ms=470 dec=41 dec_ms=166 cb_ms=0 rounds=8 tps=246.9 end=eos gw=0 yields=0 slot=0 t=529636 md4=30 md5=484 md6=90 md7=0 mprom=2 mdem=1 gch=698,759,709,687,1193,2408,797,513 gnh=923,1636,1101,876,952,1465,512,299 glf=7066,6307,5598,4911,3718,1310,513 gla=6500,5205,4104,3228,2276,811,299 phd=30.4 phv=96.3 phs=30 phwn=0,0,0,0,6,0,0 phwm=0.0,0.0,0.0,0.0,96.3,0.0,0.0 sfxm=39.3 sfxn=2 phfd=0.0 sfx=1238,10884 bat=1.0,0
[http] POST /v1/messages -> 200
[timing] render 0.5ms encode 31.0ms (190065 chars -> 51922 toks)
[gen] prompt=51922 prefix_hit=50986 snap=50986 ckpt=-1 pfx=0
[gen-done] eos: 83 tokens in 0.4s (217.0 t/s), n_max=64000
[req] rid=250 api=anth conv=c4d7b86967cb0ee1 qw_ms=0 tok_ms=31 prompt=51922 hit=50986 ckpt=-1 pf=936 pf_ms=409 dec=83 dec_ms=383 cb_ms=0 rounds=19 tps=217.0 end=eos gw=0 yields=0 slot=0 t=530471 md4=30 md5=503 md6=90 md7=0 mprom=2 mdem=1 gch=700,760,711,690,1194,2417,797,513 gnh=925,1638,1104,879,954,1471,512,299 glf=7082,6322,5611,4921,3727,1310,513 gla=6516,5219,4115,3236,2282,811,299 phd=77.0 phv=286.3 phs=72 phwn=3,2,3,1,9,0,0 phwm=48.0,34.5,44.0,15.2,144.6,0.0,0.0 sfxm=19.2 sfxn=1 phfd=0.0 sfx=1239,10895 bat=1.0,0
[http] POST /v1/messages -> 200
[timing] render 0.5ms encode 30.7ms (190517 chars -> 52032 toks)
[gen] prompt=52032 prefix_hit=51915 snap=51915 ckpt=-1 pfx=0
[gen-done] eos: 49 tokens in 0.2s (261.3 t/s), n_max=64000
[req] rid=251 api=anth conv=c4d7b86967cb0ee1 qw_ms=0 tok_ms=31 prompt=52032 hit=51915 ckpt=-1 pf=117 pf_ms=113 dec=49 dec_ms=188 cb_ms=0 rounds=9 tps=261.3 end=eos gw=0 yields=0 slot=0 t=530819 md4=30 md5=509 md6=91 md7=0 mprom=3 mdem=1 gch=700,760,711,690,1194,2422,798,513 gnh=925,1638,1104,879,954,1476,513,299 glf=7088,6328,5617,4927,3733,1311,513 gla=6522,5225,4121,3242,2288,812,299 phd=32.1 phv=97.0 phs=31 phwn=0,0,0,0,5,1,0 phwm=0.0,0.0,0.0,0.0,80.2,16.7,0.0 sfxm=58.4 sfxn=3 phfd=0.0 sfx=1242,10910 bat=1.0,0
[http] POST /v1/messages -> 200
[timing] render 0.5ms encode 31.6ms (190842 chars -> 52118 toks)
[gen] prompt=52118 prefix_hit=52025 snap=52025 ckpt=-1 pfx=0
[gen-done] eos: 42 tokens in 0.2s (218.6 t/s), n_max=64000
[req] rid=252 api=anth conv=c4d7b86967cb0ee1 qw_ms=1 tok_ms=32 prompt=52118 hit=52025 ckpt=-1 pf=93 pf_ms=110 dec=42 dec_ms=192 cb_ms=0 rounds=9 tps=218.6 end=eos gw=0 yields=0 slot=0 t=531170 md4=30 md5=509 md6=99 md7=0 mprom=3 mdem=1 gch=700,761,711,690,1194,2423,803,513 gnh=925,1639,1106,879,954,1477,516,299 glf=7095,6334,5623,4933,3739,1316,513 gla=6529,5231,4125,3246,2292,815,299 phd=38.0 phv=115.0 phs=38 phwn=1,0,0,0,1,5,0 phwm=15.4,0.0,0.0,0.0,16.1,83.5,0.0 sfxm=39.1 sfxn=2 phfd=0.0 sfx=1244,10919 bat=1.0,0
[http] POST /v1/messages -> 200
[timing] render 0.5ms encode 31.3ms (193191 chars -> 52754 toks)
[gen] prompt=52754 prefix_hit=52111 snap=52111 ckpt=-1 pfx=0
[gen-done] eos: 133 tokens in 0.7s (187.7 t/s), n_max=64000
[req] rid=253 api=anth conv=c4d7b86967cb0ee1 qw_ms=1 tok_ms=32 prompt=52754 hit=52111 ckpt=-1 pf=643 pf_ms=298 dec=133 dec_ms=709 cb_ms=0 rounds=36 tps=187.7 end=eos gw=0 yields=0 slot=0 t=532221 md4=30 md5=526 md6=116 md7=0 mprom=3 mdem=2 gch=708,762,715,698,1196,2429,806,513 gnh=930,1647,1110,887,956,1481,517,299 glf=7119,6357,5642,4944,3748,1319,513 gla=6552,5250,4140,3253,2297,816,299 phd=119.4 phv=510.6 phs=113 phwn=9,4,8,2,6,3,0 phwm=146.5,69.3,117.7,30.4,96.5,50.2,0.0 sfxm=78.3 sfxn=4 phfd=0.0 sfx=1248,10948 bat=1.0,0
[http] POST /v1/messages -> 200
[timing] render 0.5ms encode 32.1ms (196053 chars -> 53561 toks)
[gen] prompt=53561 prefix_hit=52747 snap=52747 ckpt=-1 pfx=0
[gen-done] eos: 41 tokens in 0.2s (245.4 t/s), n_max=64000
[req] rid=254 api=anth conv=c4d7b86967cb0ee1 qw_ms=0 tok_ms=33 prompt=53561 hit=52747 ckpt=-1 pf=814 pf_ms=379 dec=41 dec_ms=167 cb_ms=0 rounds=8 tps=245.4 end=eos gw=0 yields=0 slot=0 t=532813 md4=30 md5=533 md6=116 md7=0 mprom=3 mdem=2 gch=708,762,715,698,1196,2435,806,513 gnh=930,1648,1111,887,957,1484,517,299 glf=7125,6363,5648,4950,3754,1319,513 gla=6558,5255,4144,3257,2300,816,299 phd=30.6 phv=96.6 phs=30 phwn=0,0,0,0,6,0,0 phwm=0.0,0.0,0.0,0.0,96.6,0.0,0.0 sfxm=39.7 sfxn=2 phfd=0.0 sfx=1250,10963 bat=1.0,0
[http] POST /v1/messages -> 200
[timing] render 0.5ms encode 32.6ms (197282 chars -> 53943 toks)
[gen] prompt=53943 prefix_hit=53554 snap=53554 ckpt=-1 pfx=0
[gen-done] eos: 124 tokens in 0.6s (193.5 t/s), n_max=64000
[req] rid=255 api=anth conv=c4d7b86967cb0ee1 qw_ms=1 tok_ms=33 prompt=53943 hit=53554 ckpt=-1 pf=389 pf_ms=215 dec=124 dec_ms=641 cb_ms=0 rounds=32 tps=193.5 end=eos gw=0 yields=0 slot=0 t=533715 md4=30 md5=565 md6=116 md7=0 mprom=3 mdem=2 gch=713,766,716,700,1197,2452,806,513 gnh=935,1655,1115,889,962,1491,517,299 glf=7150,6384,5668,4968,3771,1319,513 gla=6580,5273,4158,3269,2307,816,299 phd=120.7 phv=480.5 phs=114 phwn=9,1,2,1,17,0,0 phwm=144.5,17.4,29.5,15.2,273.9,0.0,0.0 sfxm=39.4 sfxn=2 phfd=0.0 sfx=1252,10984 bat=1.0,0
[http] POST /v1/messages -> 200
[timing] render 0.5ms encode 33.5ms (199253 chars -> 54512 toks)
[gen] prompt=54512 prefix_hit=53936 snap=53936 ckpt=-1 pfx=0
[gen-done] eos: 214 tokens in 1.4s (149.8 t/s), n_max=64000
[req] rid=256 api=anth conv=c4d7b86967cb0ee1 qw_ms=0 tok_ms=34 prompt=54512 hit=53936 ckpt=-1 pf=576 pf_ms=273 dec=214 dec_ms=1428 cb_ms=0 rounds=73 tps=149.8 end=eos gw=0 yields=0 slot=0 t=535463 md4=40 md5=627 md6=116 md7=0 mprom=3 mdem=3 gch=724,779,728,704,1205,2472,806,513 gnh=951,1674,1128,899,967,1496,517,299 glf=7207,6428,5700,4996,3791,1319,513 gla=6628,5306,4178,3279,2312,816,299 phd=234.9 phv=1096.9 phs=226 phwn=24,12,4,8,20,0,0 phwm=383.6,209.6,59.0,122.0,322.7,0.0,0.0 sfxm=95.8 sfxn=5 phfd=0.0 sfx=1257,11013 bat=1.0,0
[http] POST /v1/messages -> 200
[timing] render 0.5ms encode 33.4ms (201698 chars -> 55173 toks)
[gen] prompt=55173 prefix_hit=54505 snap=54505 ckpt=-1 pfx=0
[gen-done] eos: 41 tokens in 0.2s (234.9 t/s), n_max=64000
[req] rid=257 api=anth conv=c4d7b86967cb0ee1 qw_ms=0 tok_ms=34 prompt=55173 hit=54505 ckpt=-1 pf=668 pf_ms=306 dec=41 dec_ms=175 cb_ms=0 rounds=9 tps=234.9 end=eos gw=0 yields=0 slot=0 t=535997 md4=48 md5=627 md6=116 md7=0 mprom=3 mdem=3 gch=724,779,728,705,1210,2472,806,513 gnh=951,1675,1128,900,971,1496,517,299 glf=7213,6434,5706,5001,3791,1319,513 gla=6634,5311,4183,3283,2312,816,299 phd=25.4 phv=91.2 phs=24 phwn=0,0,1,5,0,0,0 phwm=0.0,0.0,14.8,76.4,0.0,0.0,0.0 sfxm=57.9 sfxn=3 phfd=0.0 sfx=1260,11031 bat=1.0,0
[http] POST /v1/messages -> 200
[timing] render 0.5ms encode 33.4ms (204132 chars -> 55863 toks)
[gen] prompt=55863 prefix_hit=55166 snap=55166 ckpt=-1 pfx=0
[gen-done] eos: 60 tokens in 0.3s (206.0 t/s), n_max=64000
[req] rid=258 api=anth conv=c4d7b86967cb0ee1 qw_ms=0 tok_ms=34 prompt=55863 hit=55166 ckpt=-1 pf=697 pf_ms=331 dec=60 dec_ms=291 cb_ms=0 rounds=15 tps=206.0 end=eos gw=0 yields=0 slot=0 t=536667 md4=57 md5=630 md6=116 md7=0 mprom=4 mdem=3 gch=725,779,728,707,1216,2473,806,513 gnh=951,1678,1129,902,974,1497,517,299 glf=7222,6443,5715,5008,3792,1319,513 gla=6643,5318,4189,3287,2313,816,299 phd=41.7 phv=154.0 phs=39 phwn=1,0,2,6,1,0,0 phwm=16.5,0.0,29.6,91.8,16.2,0.0,0.0 sfxm=95.5 sfxn=5 phfd=0.0 sfx=1265,11055 bat=1.0,0
[http] POST /v1/messages -> 200
[timing] render 0.5ms encode 33.8ms (207327 chars -> 56651 toks)
[gen] prompt=56651 prefix_hit=55856 snap=55856 ckpt=-1 pfx=0
[gen-done] eos: 41 tokens in 0.2s (249.8 t/s), n_max=64000
[req] rid=259 api=anth conv=c4d7b86967cb0ee1 qw_ms=0 tok_ms=34 prompt=56651 hit=55856 ckpt=-1 pf=795 pf_ms=384 dec=41 dec_ms=164 cb_ms=0 rounds=8 tps=249.8 end=eos gw=0 yields=0 slot=0 t=537262 md4=57 md5=637 md6=116 md7=0 mprom=4 mdem=3 gch=725,779,728,707,1217,2477,806,513 gnh=952,1678,1130,902,974,1500,517,299 glf=7227,6448,5720,5013,3796,1319,513 gla=6647,5322,4192,3290,2316,816,299 phd=24.3 phv=80.1 phs=25 phwn=0,0,0,1,4,0,0 phwm=0.0,0.0,0.0,15.4,64.7,0.0,0.0 sfxm=59.7 sfxn=3 phfd=0.0 sfx=1268,11076 bat=1.0,0
[http] POST /v1/messages -> 200
[timing] render 0.5ms encode 34.7ms (209752 chars -> 57296 toks)
[gen] prompt=57296 prefix_hit=56644 snap=56644 ckpt=-1 pfx=0
[gen-done] eos: 42 tokens in 0.2s (254.9 t/s), n_max=64000
[req] rid=260 api=anth conv=c4d7b86967cb0ee1 qw_ms=1 tok_ms=35 prompt=57296 hit=56644 ckpt=-1 pf=652 pf_ms=308 dec=42 dec_ms=165 cb_ms=0 rounds=8 tps=254.9 end=eos gw=0 yields=0 slot=0 t=537784 md4=57 md5=644 md6=116 md7=0 mprom=4 mdem=3 gch=725,780,729,707,1217,2481,806,513 gnh=952,1679,1131,903,974,1503,517,299 glf=7233,6453,5724,5017,3800,1319,513 gla=6653,5327,4196,3293,2319,816,299 phd=26.6 phv=98.2 phs=25 phwn=1,1,0,0,4,0,0 phwm=15.7,17.7,0.0,0.0,64.8,0.0,0.0 sfxm=39.9 sfxn=2 phfd=0.0 sfx=1270,11093 bat=1.0,0
[http] POST /v1/messages -> 200
[timing] render 0.5ms encode 37.7ms (212449 chars -> 58057 toks)
[gen] prompt=58057 prefix_hit=57289 snap=57289 ckpt=-1 pfx=0
[gen-done] eos: 53 tokens in 0.2s (249.0 t/s), n_max=64000
[req] rid=261 api=anth conv=c4d7b86967cb0ee1 qw_ms=1 tok_ms=38 prompt=58057 hit=57289 ckpt=-1 pf=768 pf_ms=355 dec=53 dec_ms=213 cb_ms=0 rounds=10 tps=249.0 end=eos gw=0 yields=0 slot=0 t=538405 md4=57 md5=654 md6=116 md7=0 mprom=4 mdem=3 gch=725,780,730,707,1218,2488,806,513 gnh=952,1679,1133,903,976,1508,517,299 glf=7242,6462,5732,5025,3807,1319,513 gla=6662,5336,4203,3300,2324,816,299 phd=46.7 phv=146.6 phs=43 phwn=0,1,0,1,7,0,0 phwm=0.0,17.8,0.0,15.4,113.5,0.0,0.0 sfxm=19.5 sfxn=1 phfd=0.0 sfx=1271,11103 bat=1.0,0
[http] POST /v1/messages -> 200
[timing] render 0.5ms encode 35.6ms (212866 chars -> 58161 toks)
[gen] prompt=58161 prefix_hit=58050 snap=58050 ckpt=-1 pfx=0
[gen-done] eos: 42 tokens in 0.1s (294.2 t/s), n_max=64000
[req] rid=262 api=anth conv=c4d7b86967cb0ee1 qw_ms=0 tok_ms=36 prompt=58161 hit=58050 ckpt=-1 pf=111 pf_ms=116 dec=42 dec_ms=143 cb_ms=0 rounds=7 tps=294.2 end=eos gw=0 yields=0 slot=0 t=538719 md4=57 md5=659 md6=117 md7=0 mprom=5 mdem=3 gch=725,780,730,708,1218,2491,806,513 gnh=952,1679,1133,904,976,1511,517,299 glf=7246,6466,5736,5028,3810,1319,513 gla=6666,5340,4207,3303,2327,816,299 phd=19.6 phv=63.4 phs=19 phwn=0,0,1,0,3,0,0 phwm=0.0,0.0,14.8,0.0,48.6,0.0,0.0 sfxm=59.6 sfxn=3 phfd=0.0 sfx=1274,11125 bat=1.0,0
[http] POST /v1/messages -> 200
[timing] render 0.5ms encode 35.5ms (215217 chars -> 58898 toks)
[gen] prompt=58898 prefix_hit=58154 snap=58154 ckpt=-1 pfx=0
[gen-done] eos: 70 tokens in 0.3s (228.6 t/s), n_max=64000
[req] rid=263 api=anth conv=c4d7b86967cb0ee1 qw_ms=0 tok_ms=36 prompt=58898 hit=58154 ckpt=-1 pf=744 pf_ms=344 dec=70 dec_ms=306 cb_ms=0 rounds=14 tps=228.6 end=eos gw=0 yields=0 slot=0 t=539418 md4=57 md5=659 md6=129 md7=0 mprom=5 mdem=3 gch=725,780,733,708,1218,2492,813,513 gnh=953,1680,1135,904,976,1514,521,299 glf=7257,6477,5744,5036,3818,1326,513 gla=6676,5349,4214,3310,2334,820,299 phd=58.8 phv=188.2 phs=57 phwn=0,3,0,0,1,7,0 phwm=0.0,53.5,0.0,0.0,16.2,118.5,0.0 sfxm=59.0 sfxn=3 phfd=0.0 sfx=1277,11141 bat=1.0,0
[http] POST /v1/messages -> 200
[timing] render 0.5ms encode 37.6ms (215645 chars -> 58997 toks)
[gen] prompt=58997 prefix_hit=58891 snap=58891 ckpt=-1 pfx=0
[gen-done] eos: 42 tokens in 0.1s (283.2 t/s), n_max=64000
[req] rid=264 api=anth conv=c4d7b86967cb0ee1 qw_ms=1 tok_ms=38 prompt=58997 hit=58891 ckpt=-1 pf=106 pf_ms=116 dec=42 dec_ms=148 cb_ms=0 rounds=7 tps=283.2 end=eos gw=0 yields=0 slot=0 t=539739 md4=57 md5=659 md6=134 md7=0 mprom=5 mdem=3 gch=725,780,733,708,1219,2492,816,513 gnh=953,1680,1135,904,977,1514,524,299 glf=7261,6481,5748,5040,3821,1329,513 gla=6680,5353,4218,3314,2337,823,299 phd=23.9 phv=65.9 phs=23 phwn=0,0,0,1,0,3,0 phwm=0.0,0.0,0.0,15.3,0.0,50.6,0.0 sfxm=58.4 sfxn=3 phfd=0.0 sfx=1280,11159 bat=1.0,0
[http] POST /v1/messages -> 200
[timing] render 0.5ms encode 36.3ms (217476 chars -> 59513 toks)
[gen] prompt=59513 prefix_hit=58990 snap=58990 ckpt=-1 pfx=0
[gen-done] eos: 296 tokens in 1.8s (164.3 t/s), n_max=64000
[req] rid=265 api=anth conv=c4d7b86967cb0ee1 qw_ms=0 tok_ms=37 prompt=59513 hit=58990 ckpt=-1 pf=523 pf_ms=276 dec=296 dec_ms=1802 cb_ms=0 rounds=89 tps=164.3 end=eos gw=0 yields=0 slot=0 t=541868 md4=57 md5=729 md6=152 md7=0 mprom=5 mdem=4 gch=741,790,744,715,1223,2524,821,513 gnh=968,1708,1147,910,980,1535,524,299 glf=7330,6540,5796,5081,3858,1334,513 gla=6741,5395,4248,3338,2358,823,299 phd=327.5 phv=1394.7 phs=310 phwn=26,11,7,4,32,5,0 phwm=428.1,196.9,104.1,61.5,519.6,84.5,0.0 sfxm=78.9 sfxn=4 phfd=0.0 sfx=1284,11190 bat=1.0,0
[http] POST /v1/messages -> 200
[timing] render 0.5ms encode 39.9ms (220221 chars -> 60240 toks)
[gen] prompt=60240 prefix_hit=59506 snap=59506 ckpt=-1 pfx=0
[gen-done] eos: 569 tokens in 3.5s (163.9 t/s), n_max=64000
[req] rid=266 api=anth conv=c4d7b86967cb0ee1 qw_ms=1 tok_ms=40 prompt=60240 hit=59506 ckpt=-1 pf=734 pf_ms=345 dec=569 dec_ms=3472 cb_ms=0 rounds=172 tps=163.9 end=eos gw=0 yields=0 slot=0 t=545747 md4=57 md5=895 md6=152 md7=0 mprom=5 mdem=4 gch=761,810,766,735,1246,2583,821,513 gnh=1000,1749,1173,927,995,1568,524,299 glf=7474,6664,5898,5163,3917,1334,513 gla=6866,5486,4313,3386,2391,823,299 phd=649.1 phv=2665.6 phs=616 phwn=40,22,20,23,59,0,0 phwm=656.9,395.5,298.4,354.5,960.4,0.0,0.0 sfxm=155.9 sfxn=8 phfd=0.0 sfx=1292,11229 bat=1.0,0
[http] POST /v1/messages -> 200
[timing] render 0.5ms encode 37.4ms (223476 chars -> 61101 toks)
[gen] prompt=61101 prefix_hit=60233 snap=60233 ckpt=-1 pfx=0
[gen-done] eos: 347 tokens in 1.8s (190.9 t/s), n_max=64000
[req] rid=267 api=anth conv=c4d7b86967cb0ee1 qw_ms=0 tok_ms=38 prompt=61101 hit=60233 ckpt=-1 pf=868 pf_ms=414 dec=347 dec_ms=1818 cb_ms=0 rounds=89 tps=190.9 end=eos gw=0 yields=0 slot=0 t=548034 md4=57 md5=983 md6=152 md7=0 mprom=5 mdem=4 gch=770,823,775,742,1252,2623,821,513 gnh=1008,1773,1187,934,1002,1592,524,299 glf=7549,6726,5951,5209,3957,1334,513 gla=6936,5538,4351,3417,2415,823,299 phd=344.9 phv=1371.4 phs=320 phwn=22,9,7,6,40,0,0 phwm=360.6,162.4,104.4,92.5,651.5,0.0,0.0 sfxm=100.9 sfxn=5 phfd=0.0 sfx=1297,11276 bat=1.0,0
[http] POST /v1/messages -> 200
[timing] render 0.5ms encode 38.9ms (225531 chars -> 61617 toks)
[gen] prompt=61617 prefix_hit=61094 snap=61094 ckpt=-1 pfx=0
[gen-done] eos: 105 tokens in 0.6s (175.7 t/s), n_max=64000
[req] rid=268 api=anth conv=c4d7b86967cb0ee1 qw_ms=0 tok_ms=39 prompt=61617 hit=61094 ckpt=-1 pf=523 pf_ms=279 dec=105 dec_ms=598 cb_ms=0 rounds=29 tps=175.7 end=eos gw=0 yields=0 slot=0 t=548967 md4=57 md5=1010 md6=152 md7=0 mprom=5 mdem=4 gch=771,826,781,745,1252,2636,821,513 gnh=1010,1781,1192,937,1004,1598,524,299 glf=7574,6748,5967,5222,3970,1334,513 gla=6959,5554,4362,3425,2421,823,299 phd=108.3 phv=430.4 phs=102 phwn=4,6,3,0,13,0,0 phwm=65.0,108.5,44.9,0.0,212.0,0.0,0.0 sfxm=58.9 sfxn=3 phfd=0.0 sfx=1300,11293 bat=1.0,0
[http] POST /v1/messages -> 200
[timing] render 0.5ms encode 38.8ms (226028 chars -> 61749 toks)
[gen] prompt=61749 prefix_hit=61610 snap=61610 ckpt=-1 pfx=0
[gen-done] eos: 61 tokens in 0.3s (209.9 t/s), n_max=64000
[req] rid=269 api=anth conv=c4d7b86967cb0ee1 qw_ms=0 tok_ms=39 prompt=61749 hit=61610 ckpt=-1 pf=139 pf_ms=132 dec=61 dec_ms=291 cb_ms=0 rounds=14 tps=209.9 end=eos gw=0 yields=0 slot=0 t=549451 md4=57 md5=1024 md6=152 md7=0 mprom=5 mdem=4 gch=771,827,782,746,1253,2645,821,513 gnh=1011,1782,1194,939,1005,1604,524,299 glf=7587,6760,5978,5232,3979,1334,513 gla=6971,5565,4371,3432,2427,823,299 phd=62.8 phv=208.1 phs=59 phwn=1,1,1,1,9,0,0 phwm=16.1,17.6,14.4,16.1,143.9,0.0,0.0 sfxm=19.6 sfxn=1 phfd=0.0 sfx=1301,11299 bat=1.0,0
[http] POST /v1/messages -> 200
[timing] render 0.5ms encode 39.1ms (226438 chars -> 61878 toks)
[gen] prompt=61878 prefix_hit=61742 snap=61742 ckpt=-1 pfx=0
[gen-done] eos: 69 tokens in 0.3s (201.6 t/s), n_max=64000
[req] rid=270 api=anth conv=c4d7b86967cb0ee1 qw_ms=0 tok_ms=40 prompt=61878 hit=61742 ckpt=-1 pf=136 pf_ms=130 dec=69 dec_ms=342 cb_ms=0 rounds=17 tps=201.6 end=eos gw=0 yields=0 slot=0 t=550176 md4=57 md5=1040 md6=152 md7=0 mprom=5 mdem=4 gch=771,829,784,746,1253,2655,821,513 gnh=1012,1786,1197,940,1005,1609,524,299 glf=7601,6772,5988,5242,3989,1334,513 gla=6984,5574,4377,3437,2432,823,299 phd=61.4 phv=223.5 phs=60 phwn=2,2,0,0,10,0,0 phwm=31.0,35.1,0.0,0.0,157.4,0.0,0.0 sfxm=57.3 sfxn=3 phfd=0.0 sfx=1304,11319 bat=1.0,0
[http] POST /v1/messages -> 200
[timing] render 0.5ms encode 39.5ms (227136 chars -> 62098 toks)
[gen] prompt=62098 prefix_hit=61871 snap=61871 ckpt=-1 pfx=0
[gen-done] eos: 59 tokens in 0.3s (226.1 t/s), n_max=64000
[req] rid=271 api=anth conv=c4d7b86967cb0ee1 qw_ms=1 tok_ms=40 prompt=62098 hit=61871 ckpt=-1 pf=227 pf_ms=159 dec=59 dec_ms=261 cb_ms=0 rounds=13 tps=226.1 end=eos gw=0 yields=0 slot=0 t=550732 md4=57 md5=1052 md6=152 md7=0 mprom=5 mdem=4 gch=773,829,785,746,1254,2662,821,513 gnh=1013,1788,1198,940,1006,1615,524,299 glf=7610,6781,5996,5250,3996,1334,513 gla=6993,5582,4384,3444,2438,823,299 phd=47.5 phv=175.7 phs=45 phwn=2,1,0,1,7,0,0 phwm=32.8,17.6,0.0,15.0,110.2,0.0,0.0 sfxm=37.6 sfxn=2 phfd=0.0 sfx=1306,11330 bat=1.0,0
[http] POST /v1/messages -> 200
[timing] render 0.5ms encode 39.3ms (227862 chars -> 62344 toks)
[gen] prompt=62344 prefix_hit=62091 snap=62091 ckpt=-1 pfx=0
[gen-done] eos: 59 tokens in 0.2s (254.6 t/s), n_max=64000
[req] rid=272 api=anth conv=c4d7b86967cb0ee1 qw_ms=0 tok_ms=40 prompt=62344 hit=62091 ckpt=-1 pf=253 pf_ms=174 dec=59 dec_ms=232 cb_ms=0 rounds=11 tps=254.6 end=eos gw=0 yields=0 slot=0 t=551208 md4=57 md5=1056 md6=159 md7=0 mprom=6 mdem=4 gch=773,830,786,746,1254,2664,826,513 gnh=1014,1789,1199,941,1006,1617,527,299 glf=7619,6789,6003,5257,4003,1339,513 gla=7001,5589,4390,3449,2443,826,299 phd=47.2 phv=146.8 phs=45 phwn=1,1,0,0,2,5,0 phwm=15.6,17.6,0.0,0.0,31.4,82.1,0.0 sfxm=37.6 sfxn=2 phfd=0.0 sfx=1308,11348 bat=1.0,0
[http] POST /v1/messages -> 200
[timing] render 0.5ms encode 40.6ms (232442 chars -> 63713 toks)
[gen] prompt=63713 prefix_hit=62337 snap=62337 ckpt=-1 pfx=0
[gen-done] eos: 36 tokens in 0.2s (169.6 t/s), n_max=64000
[req] rid=273 api=anth conv=c4d7b86967cb0ee1 qw_ms=0 tok_ms=41 prompt=63713 hit=62337 ckpt=-1 pf=1376 pf_ms=650 dec=36 dec_ms=212 cb_ms=0 rounds=10 tps=169.6 end=eos gw=0 yields=0 slot=0 t=552129 md4=57 md5=1056 md6=169 md7=0 mprom=6 mdem=4 gch=774,831,788,746,1254,2664,832,513 gnh=1016,1792,1200,941,1006,1617,531,299 glf=7628,6797,6009,5263,4009,1345,513 gla=7008,5594,4394,3453,2447,830,299 phd=45.6 phv=166.6 phs=45 phwn=2,2,0,0,0,6,0 phwm=32.0,35.5,0.0,0.0,0.0,99.1,0.0 sfxm=0.0 sfxn=0 phfd=0.0 sfx=1308,11348 bat=1.0,0
[drift] UN-RESCUED (ntools=21) intended tool call: {"name":
[http] POST /v1/messages -> 200
[timing] render 0.6ms encode 18.3ms (105534 chars -> 24858 toks)
[gen] prompt=24858 prefix_hit=0 snap=0 ckpt=-1 pfx=0
[gen-done] eos: 63 tokens in 0.4s (178.4 t/s), n_max=64000
[req] rid=274 api=anth conv=a48b861f5f3ff062 qw_ms=1 tok_ms=19 prompt=24858 hit=0 ckpt=-1 pf=24858 pf_ms=7361 dec=63 dec_ms=353 cb_ms=0 rounds=20 tps=178.4 end=eos gw=0 yields=0 slot=0 t=559874 md4=20 md5=0 md6=0 md7=0 mprom=0 mdem=0 gch=777,833,789,749,1265,2664,832,513 gnh=1022,1794,1202,943,1014,1617,531,299 glf=7645,6812,6023,5274,4009,1345,513 gla=7021,5606,4404,3461,2447,830,299 phd=64.9 phv=288.0 phs=66 phwn=5,1,3,11,0,0,0 phwm=71.8,15.0,42.0,159.3,0.0,0.0,0.0 sfxm=0.0 sfxn=0 phfd=0.0 sfx=1308,11348 bat=1.0,0
[http] POST /v1/messages -> 200
[timing] render 0.6ms encode 18.9ms (105969 chars -> 24974 toks)
[gen] prompt=24974 prefix_hit=24851 snap=24851 ckpt=-1 pfx=0
[gen-done] eos: 36 tokens in 0.2s (195.9 t/s), n_max=64000
[req] rid=275 api=anth conv=a48b861f5f3ff062 qw_ms=1 tok_ms=20 prompt=24974 hit=24851 ckpt=-1 pf=123 pf_ms=101 dec=36 dec_ms=184 cb_ms=0 rounds=10 tps=195.9 end=eos gw=0 yields=0 slot=0 t=560194 md4=29 md5=0 md6=0 md7=0 mprom=0 mdem=0 gch=777,833,790,750,1272,2664,832,513 gnh=1023,1795,1202,945,1019,1617,531,299 glf=7654,6821,6031,5281,4009,1345,513 gla=7029,5613,4411,3466,2447,830,299 phd=34.6 phv=130.4 phs=35 phwn=0,1,1,7,0,0,0 phwm=0.0,15.0,14.0,101.4,0.0,0.0,0.0 sfxm=18.4 sfxn=1 phfd=0.0 sfx=1309,11351 bat=1.0,0
[http] POST /v1/messages -> 200
[timing] render 0.6ms encode 18.3ms (106806 chars -> 25218 toks)
[gen] prompt=25218 prefix_hit=24967 snap=24967 ckpt=-1 pfx=0
[gen-done] eos: 32 tokens in 0.1s (236.5 t/s), n_max=64000
[req] rid=276 api=anth conv=a48b861f5f3ff062 qw_ms=1 tok_ms=19 prompt=25218 hit=24967 ckpt=-1 pf=251 pf_ms=139 dec=32 dec_ms=135 cb_ms=0 rounds=7 tps=236.5 end=eos gw=0 yields=0 slot=0 t=560502 md4=33 md5=3 md6=0 md7=0 mprom=1 mdem=0 gch=777,833,790,750,1276,2667,832,513 gnh=1023,1795,1202,947,1023,1618,531,299 glf=7661,6828,6038,5288,4012,1345,513 gla=7036,5620,4418,3471,2448,830,299 phd=31.4 phv=103.9 phs=31 phwn=0,0,0,4,3,0,0 phwm=0.0,0.0,0.0,57.8,46.0,0.0,0.0 sfxm=0.0 sfxn=0 phfd=0.0 sfx=1309,11351 bat=1.0,0
[http] POST /v1/messages -> 200
[timing] render 0.6ms encode 19.6ms (123014 chars -> 29824 toks)
[gen] prompt=29824 prefix_hit=25211 snap=25211 ckpt=-1 pfx=0
[gen-done] eos: 215 tokens in 1.0s (207.0 t/s), n_max=64000
[req] rid=277 api=anth conv=a48b861f5f3ff062 qw_ms=0 tok_ms=20 prompt=29824 hit=25211 ckpt=-1 pf=4613 pf_ms=1576 dec=215 dec_ms=1039 cb_ms=0 rounds=54 tps=207.0 end=eos gw=0 yields=0 slot=0 t=563149 md4=33 md5=56 md6=0 md7=0 mprom=1 mdem=0 gch=786,836,790,753,1282,2698,832,513 gnh=1030,1805,1204,958,1025,1638,531,299 glf=7704,6868,6078,5325,4043,1345,513 gla=7076,5655,4451,3493,2468,830,299 phd=215.6 phv=785.5 phs=212 phwn=12,0,3,6,31,0,0 phwm=177.2,0.0,42.3,87.5,478.5,0.0,0.0 sfxm=37.3 sfxn=2 phfd=0.0 sfx=1311,11362 bat=1.0,0
[http] POST /v1/messages -> 200
[timing] render 0.6ms encode 20.4ms (125290 chars -> 30471 toks)
[gen] prompt=30471 prefix_hit=29817 snap=29817 ckpt=-1 pfx=0
[gen-done] eos: 400 tokens in 1.9s (207.6 t/s), n_max=64000
[req] rid=278 api=anth conv=a48b861f5f3ff062 qw_ms=0 tok_ms=21 prompt=30471 hit=29817 ckpt=-1 pf=654 pf_ms=259 dec=400 dec_ms=1927 cb_ms=0 rounds=101 tps=207.6 end=eos gw=0 yields=0 slot=0 t=565370 md4=33 md5=157 md6=0 md7=0 mprom=1 mdem=0 gch=800,847,794,766,1287,2750,832,513 gnh=1039,1828,1215,973,1032,1672,531,299 glf=7789,6942,6148,5382,4095,1345,513 gla=7158,5722,4507,3534,2502,830,299 phd=398.3 phv=1490.4 phs=385 phwn=25,4,13,5,52,0,0 phwm=366.3,62.0,184.0,73.2,805.0,0.0,0.0 sfxm=37.4 sfxn=2 phfd=0.0 sfx=1313,11378 bat=1.0,0
[http] POST /v1/messages -> 200
[timing] render 0.6ms encode 20.5ms (127050 chars -> 30911 toks)
[gen] prompt=30911 prefix_hit=30464 snap=30464 ckpt=-1 pfx=0
[gen-done] eos: 206 tokens in 1.0s (200.1 t/s), n_max=64000
[req] rid=279 api=anth conv=a48b861f5f3ff062 qw_ms=0 tok_ms=21 prompt=30911 hit=30464 ckpt=-1 pf=447 pf_ms=199 dec=206 dec_ms=1029 cb_ms=0 rounds=53 tps=200.1 end=eos gw=0 yields=0 slot=0 t=566655 md4=33 md5=210 md6=0 md7=0 mprom=1 mdem=0 gch=807,848,797,772,1290,2782,832,513 gnh=1048,1834,1224,979,1036,1690,531,299 glf=7834,6986,6189,5417,4127,1345,513 gla=7196,5759,4535,3556,2520,830,299 phd=219.3 phv=790.9 phs=217 phwn=8,3,6,3,32,0,0 phwm=119.3,46.5,85.0,43.9,496.1,0.0,0.0 sfxm=18.7 sfxn=1 phfd=0.0 sfx=1314,11387 bat=1.0,0
[http] POST /v1/messages -> 200
[timing] render 0.6ms encode 20.5ms (128484 chars -> 31275 toks)
[gen] prompt=31275 prefix_hit=30904 snap=30904 ckpt=-1 pfx=0
[gen-done] eos: 54 tokens in 0.2s (228.9 t/s), n_max=64000
[req] rid=280 api=anth conv=a48b861f5f3ff062 qw_ms=0 tok_ms=21 prompt=31275 hit=30904 ckpt=-1 pf=371 pf_ms=183 dec=54 dec_ms=236 cb_ms=0 rounds=12 tps=228.9 end=eos gw=0 yields=0 slot=0 t=567185 md4=33 md5=222 md6=0 md7=0 mprom=1 mdem=0 gch=807,849,797,773,1290,2790,832,513 gnh=1049,1834,1225,982,1036,1695,531,299 glf=7844,6995,6198,5425,4135,1345,513 gla=7205,5768,4543,3561,2525,830,299 phd=46.2 phv=152.2 phs=46 phwn=1,0,1,0,8,0,0 phwm=14.2,0.0,14.1,0.0,123.9,0.0,0.0 sfxm=37.4 sfxn=2 phfd=0.0 sfx=1316,11402 bat=1.0,0
[http] POST /v1/messages -> 200
[timing] render 0.6ms encode 23.5ms (129145 chars -> 31519 toks)
[gen] prompt=31519 prefix_hit=31268 snap=31268 ckpt=-1 pfx=0
[gen-done] eos: 58 tokens in 0.2s (286.0 t/s), n_max=64000
[req] rid=281 api=anth conv=a48b861f5f3ff062 qw_ms=1 tok_ms=24 prompt=31519 hit=31268 ckpt=-1 pf=251 pf_ms=141 dec=58 dec_ms=203 cb_ms=0 rounds=10 tps=286.0 end=eos gw=0 yields=0 slot=0 t=567599 md4=33 md5=226 md6=6 md7=0 mprom=2 mdem=0 gch=808,849,798,773,1290,2793,835,513 gnh=1049,1835,1226,983,1036,1698,533,299 glf=7851,7002,6204,5431,4141,1348,513 gla=7212,5775,4549,3566,2530,832,299 phd=39.4 phv=125.5 phs=38 phwn=1,1,0,0,3,3,0 phwm=15.1,15.6,0.0,0.0,46.5,48.4,0.0 sfxm=37.6 sfxn=2 phfd=0.0 sfx=1318,11421 bat=1.0,0
[http] POST /v1/messages -> 200
[timing] render 0.9ms encode 24.2ms (131363 chars -> 32176 toks)
[gen] prompt=32176 prefix_hit=31512 snap=31512 ckpt=-1 pfx=0
[gen-done] eos: 226 tokens in 1.1s (205.8 t/s), n_max=64000
[req] rid=282 api=anth conv=a48b861f5f3ff062 qw_ms=1 tok_ms=25 prompt=32176 hit=31512 ckpt=-1 pf=664 pf_ms=263 dec=226 dec_ms=1098 cb_ms=0 rounds=53 tps=205.8 end=eos gw=0 yields=0 slot=0 t=569002 md4=33 md5=226 md6=58 md7=0 mprom=2 mdem=0 gch=811,850,803,778,1292,2798,865,513 gnh=1054,1844,1236,988,1038,1702,549,299 glf=7899,7049,6246,5468,4176,1378,513 gla=7256,5812,4576,3588,2550,848,299 phd=258.5 phv=801.3 phs=260 phwn=4,5,5,2,5,30,0 phwm=59.6,78.2,70.9,29.3,77.6,485.7,0.0 sfxm=37.8 sfxn=2 phfd=0.0 sfx=1320,11431 bat=1.0,0
[http] POST /v1/messages -> 200
[timing] render 0.7ms encode 21.4ms (132515 chars -> 32458 toks)
[gen] prompt=32458 prefix_hit=32169 snap=32169 ckpt=-1 pfx=0
[gen-done] eos: 57 tokens in 0.2s (276.9 t/s), n_max=64000
[req] rid=283 api=anth conv=a48b861f5f3ff062 qw_ms=0 tok_ms=22 prompt=32458 hit=32169 ckpt=-1 pf=289 pf_ms=160 dec=57 dec_ms=206 cb_ms=0 rounds=10 tps=276.9 end=eos gw=0 yields=0 slot=0 t=569423 md4=33 md5=226 md6=68 md7=0 mprom=2 mdem=0 gch=811,851,804,778,1292,2800,869,513 gnh=1054,1845,1238,988,1039,1703,552,299 glf=7907,7056,6252,5474,4182,1382,513 gla=7264,5819,4581,3593,2554,851,299 phd=41.4 phv=125.7 phs=41 phwn=1,1,0,0,2,4,0 phwm=14.3,15.6,0.0,0.0,31.0,64.7,0.0 sfxm=38.6 sfxn=2 phfd=0.0 sfx=1322,11450 bat=1.0,0
[http] POST /v1/messages -> 200
[timing] render 0.6ms encode 22.1ms (134641 chars -> 33024 toks)
[gen] prompt=33024 prefix_hit=32451 snap=32451 ckpt=-1 pfx=0
[gen-done] eos: 424 tokens in 1.9s (223.8 t/s), n_max=64000
[req] rid=284 api=anth conv=a48b861f5f3ff062 qw_ms=0 tok_ms=23 prompt=33024 hit=32451 ckpt=-1 pf=573 pf_ms=237 dec=424 dec_ms=1894 cb_ms=0 rounds=96 tps=223.8 end=eos gw=0 yields=0 slot=0 t=571588 md4=33 md5=274 md6=114 md7=0 mprom=2 mdem=1 gch=823,854,816,786,1300,2820,893,513 gnh=1067,1860,1252,996,1048,1720,563,299 glf=7982,7128,6312,5526,4226,1406,513 gla=7331,5878,4626,3630,2582,862,299 phd=374.9 phv=1345.0 phs=370 phwn=15,12,8,8,20,24,0 phwm=225.1,188.4,113.6,117.7,310.8,389.4,0.0 sfxm=173.6 sfxn=9 phfd=0.0 sfx=1331,11536 bat=1.0,0
[http] POST /v1/messages -> 200
[timing] render 0.6ms encode 22.2ms (136521 chars -> 33497 toks)
[gen] prompt=33497 prefix_hit=33017 snap=33017 ckpt=-1 pfx=0
[gen-done] eos: 209 tokens in 0.9s (225.0 t/s), n_max=64000
[req] rid=285 api=anth conv=a48b861f5f3ff062 qw_ms=0 tok_ms=23 prompt=33497 hit=33017 ckpt=-1 pf=480 pf_ms=208 dec=209 dec_ms=929 cb_ms=0 rounds=48 tps=225.0 end=eos gw=0 yields=0 slot=0 t=572785 md4=33 md5=319 md6=114 md7=0 mprom=3 mdem=1 gch=827,858,819,790,1302,2844,893,513 gnh=1072,1869,1256,998,1053,1736,563,299 glf=8019,7161,6342,5552,4250,1406,513 gla=7365,5905,4649,3651,2598,862,299 phd=170.1 phv=625.5 phs=167 phwn=8,3,4,2,24,0,0 phwm=118.1,47.2,56.9,29.5,373.9,0.0,0.0 sfxm=133.1 sfxn=7 phfd=0.0 sfx=1338,11583 bat=1.0,0
[http] POST /v1/messages -> 200
[timing] render 0.6ms encode 22.2ms (138016 chars -> 33847 toks)
[gen] prompt=33847 prefix_hit=33490 snap=33490 ckpt=-1 pfx=0
[gen-done] eos: 53 tokens in 0.1s (378.1 t/s), n_max=64000
[req] rid=286 api=anth conv=a48b861f5f3ff062 qw_ms=0 tok_ms=23 prompt=33847 hit=33490 ckpt=-1 pf=357 pf_ms=187 dec=53 dec_ms=140 cb_ms=0 rounds=7 tps=378.1 end=eos gw=0 yields=0 slot=0 t=573165 md4=33 md5=319 md6=120 md7=0 mprom=3 mdem=1 gch=827,858,819,790,1303,2844,895,513 gnh=1072,1869,1256,999,1053,1736,565,299 glf=8022,7164,6345,5555,4252,1408,513 gla=7368,5908,4652,3653,2600,864,299 phd=16.4 phv=47.2 phs=17 phwn=0,0,0,1,0,2,0 phwm=0.0,0.0,0.0,14.7,0.0,32.4,0.0 sfxm=76.6 sfxn=4 phfd=0.0 sfx=1342,11621 bat=1.0,0
[http] POST /v1/messages -> 200
[timing] render 0.7ms encode 23.2ms (140140 chars -> 34418 toks)
[gen] prompt=34418 prefix_hit=33840 snap=33840 ckpt=-1 pfx=0
[gen-done] eos: 276 tokens in 1.4s (191.4 t/s), n_max=64000
[req] rid=287 api=anth conv=a48b861f5f3ff062 qw_ms=0 tok_ms=24 prompt=34418 hit=33840 ckpt=-1 pf=578 pf_ms=240 dec=276 dec_ms=1442 cb_ms=0 rounds=74 tps=191.4 end=eos gw=0 yields=0 slot=0 t=574882 md4=33 md5=374 md6=139 md7=0 mprom=3 mdem=2 gch=835,865,827,795,1307,2879,900,513 gnh=1081,1884,1269,1008,1059,1754,567,299 glf=8086,7221,6394,5599,4292,1413,513 gla=7428,5956,4687,3679,2620,866,299 phd=297.4 phv=1106.5 phs=293 phwn=15,8,5,4,35,5,0 phwm=222.8,126.5,71.2,58.9,545.7,81.4,0.0 sfxm=37.7 sfxn=2 phfd=0.0 sfx=1344,11634 bat=1.0,0
[http] POST /v1/messages -> 200
[timing] render 0.6ms encode 22.3ms (141536 chars -> 34788 toks)
[gen] prompt=34788 prefix_hit=34411 snap=34411 ckpt=-1 pfx=0
[gen-done] eos: 351 tokens in 1.7s (205.0 t/s), n_max=64000
[req] rid=288 api=anth conv=a48b861f5f3ff062 qw_ms=0 tok_ms=23 prompt=34788 hit=34411 ckpt=-1 pf=377 pf_ms=190 dec=351 dec_ms=1712 cb_ms=0 rounds=88 tps=205.0 end=eos gw=0 yields=0 slot=0 t=576822 md4=33 md5=457 md6=139 md7=0 mprom=3 mdem=2 gch=842,872,834,801,1317,2922,900,513 gnh=1088,1902,1285,1014,1066,1780,567,299 glf=8159,7287,6453,5652,4335,1413,513 gla=7497,6011,4726,3712,2646,866,299 phd=336.4 phv=1222.9 phs=331 phwn=14,7,6,10,43,0,0 phwm=208.1,110.9,85.5,147.6,670.6,0.0,0.0 sfxm=152.2 sfxn=8 phfd=0.0 sfx=1352,11683 bat=1.0,0
[http] POST /v1/messages -> 200
[timing] render 0.0ms encode 2.8ms (6380 chars -> 1629 toks)
[gen] prompt=1629 prefix_hit=0 snap=0 ckpt=-1 pfx=0
[timing] render 0.8ms encode 18.7ms (105601 chars -> 24919 toks)
[gen-done] eos: 19 tokens in 0.1s (187.0 t/s), n_max=64000
[req] rid=289 api=anth conv=205b02d9f71c00e6 qw_ms=0 tok_ms=3 prompt=1629 hit=0 ckpt=-1 pf=1629 pf_ms=462 dec=19 dec_ms=102 cb_ms=0 rounds=6 tps=187.0 end=eos gw=0 yields=0 slot=0 t=579715 md4=6 md5=0 md6=0 md7=0 mprom=0 mdem=0 gch=843,872,834,801,1322,2922,900,513 gnh=1089,1904,1285,1014,1069,1780,567,299 glf=8164,7292,6458,5657,4335,1413,513 gla=7501,6014,4729,3715,2646,866,299 phd=19.1 phv=82.4 phs=21 phwn=1,0,0,5,0,0,0 phwm=13.1,0.0,0.0,69.3,0.0,0.0,0.0 sfxm=0.0 sfxn=0 phfd=0.0 sfx=1352,11683 bat=1.0,0
[http] POST /v1/messages -> 200
[gen] prompt=24919 prefix_hit=0 snap=0 ckpt=-1 pfx=0
[gen-done] eos: 121 tokens in 0.6s (191.0 t/s), n_max=64000
[req] rid=290 api=anth conv=1327c1780fb396cc qw_ms=537 tok_ms=19 prompt=24919 hit=0 ckpt=-1 pf=24919 pf_ms=7378 dec=121 dec_ms=634 cb_ms=0 rounds=35 tps=191.0 end=eos gw=0 yields=0 slot=0 t=587728 md4=35 md5=0 md6=0 md7=0 mprom=0 mdem=0 gch=844,875,840,804,1344,2922,900,513 gnh=1093,1911,1291,1017,1084,1780,567,299 glf=8198,7323,6483,5679,4335,1413,513 gla=7531,6038,4747,3730,2646,866,299 phd=126.5 phv=506.9 phs=125 phwn=4,6,3,22,0,0,0 phwm=56.3,89.8,42.2,318.6,0.0,0.0,0.0 sfxm=0.0 sfxn=0 phfd=0.0 sfx=1352,11683 bat=1.0,0
[drift] UN-RESCUED (ntools=28) intended tool call: {"name":
{"name": "Read", "arguments": {"file_path": "/workspace/src/_pytest/capture.py"}}
[http] POST /v1/messages -> 200
[timing] render 0.0ms encode 0.9ms (2562 chars -> 684 toks)
[gen] prompt=684 prefix_hit=0 snap=0 ckpt=-1 pfx=0
[timing] render 0.6ms encode 17.8ms (101742 chars -> 23963 toks)
[gen-done] eos: 16 tokens in 0.1s (183.2 t/s), n_max=64000
[req] rid=291 api=anth conv=d10596ec1fc995da qw_ms=0 tok_ms=1 prompt=684 hit=0 ckpt=-1 pf=684 pf_ms=216 dec=16 dec_ms=87 cb_ms=0 rounds=5 tps=183.2 end=eos gw=0 yields=0 slot=0 t=590302 md4=5 md5=0 md6=0 md7=0 mprom=0 mdem=0 gch=844,875,840,805,1348,2922,900,513 gnh=1093,1912,1291,1019,1086,1780,567,299 glf=8203,7328,6488,5683,4335,1413,513 gla=7536,6042,4751,3732,2646,866,299 phd=18.6 phv=68.7 phs=20 phwn=0,0,1,4,0,0,0 phwm=0.0,0.0,13.4,55.3,0.0,0.0,0.0 sfxm=0.0 sfxn=0 phfd=0.0 sfx=1352,11683 bat=1.0,0
[http] POST /v1/messages -> 200
[gen] prompt=23963 prefix_hit=0 snap=0 ckpt=-1 pfx=0
[gen-done] eos: 53 tokens in 0.2s (223.2 t/s), n_max=64000
[req] rid=292 api=anth conv=ddbf7ff33d24a78a qw_ms=276 tok_ms=18 prompt=23963 hit=0 ckpt=-1 pf=23963 pf_ms=7066 dec=53 dec_ms=237 cb_ms=0 rounds=13 tps=223.2 end=eos gw=0 yields=0 slot=0 t=597607 md4=13 md5=0 md6=0 md7=0 mprom=0 mdem=0 gch=844,876,841,807,1357,2922,900,513 gnh=1093,1914,1292,1021,1094,1780,567,299 glf=8216,7340,6499,5692,4335,1413,513 gla=7549,6053,4761,3740,2646,866,299 phd=50.2 phv=187.0 phs=49 phwn=1,1,2,9,0,0,0 phwm=13.8,14.9,27.9,130.4,0.0,0.0,0.0 sfxm=0.0 sfxn=0 phfd=0.0 sfx=1352,11683 bat=1.0,0
[http] POST /v1/messages -> 200
[timing] render 0.7ms encode 18.7ms (106085 chars -> 25215 toks)
[gen] prompt=25215 prefix_hit=23956 snap=23956 ckpt=-1 pfx=0
[gen-done] eos: 172 tokens in 0.8s (220.6 t/s), n_max=64000
[req] rid=293 api=anth conv=ddbf7ff33d24a78a qw_ms=1 tok_ms=19 prompt=25215 hit=23956 ckpt=-1 pf=1259 pf_ms=467 dec=172 dec_ms=780 cb_ms=0 rounds=40 tps=220.6 end=eos gw=0 yields=0 slot=0 t=598887 md4=20 md5=32 md6=0 md7=0 mprom=1 mdem=0 gch=845,877,843,811,1364,2946,900,513 gnh=1095,1920,1296,1024,1104,1794,567,299 glf=8254,7377,6534,5723,4359,1413,513 gla=7585,6084,4788,3764,2660,866,299 phd=176.6 phv=584.3 phs=175 phwn=2,2,4,7,24,0,0 phwm=28.6,30.0,56.0,101.5,368.1,0.0,0.0 sfxm=18.5 sfxn=1 phfd=0.0 sfx=1353,11685 bat=1.0,0
[http] POST /v1/messages -> 200
[timing] render 0.6ms encode 17.4ms (106966 chars -> 25439 toks)
[gen] prompt=25439 prefix_hit=25208 snap=25208 ckpt=-1 pfx=0
[gen-done] eos: 140 tokens in 0.8s (175.9 t/s), n_max=64000
[req] rid=294 api=anth conv=ddbf7ff33d24a78a qw_ms=0 tok_ms=18 prompt=25439 hit=25208 ckpt=-1 pf=231 pf_ms=130 dec=140 dec_ms=796 cb_ms=0 rounds=43 tps=175.9 end=eos gw=0 yields=0 slot=0 t=599861 md4=20 md5=75 md6=0 md7=0 mprom=1 mdem=0 gch=849,886,848,813,1368,2965,900,513 gnh=1102,1932,1301,1029,1110,1802,567,299 glf=8293,7407,6559,5746,4378,1413,513 gla=7620,6108,4807,3778,2668,866,299 phd=159.1 phv=636.5 phs=160 phwn=13,5,2,4,19,0,0 phwm=184.0,75.1,28.0,58.0,291.4,0.0,0.0 sfxm=0.0 sfxn=0 phfd=0.0 sfx=1353,11685 bat=1.0,0
[http] POST /v1/messages -> 200
