no-think: empty-think prefill on all chat paths
profile: cc (sm_120) | kv=fp8 fd=mma pmin=0.5 maxd=auto7 suffix=1/w12 fast-head=1 think=0 batch-gemm=auto(k>=3)
loading tokenizer...
loading model...
tool dialect: json (general.name "Qwen3.6-27B")
uploading weights...
resident: 18.22 GB (checksummed)
vram: free 13.11 GB post-weights
--ctx auto: 262144 (free 13.1GB post-weights, fp8 KV, W_MAX=12)
[prefill] shared arena 0.85 GB (one per process)
[pool] 1 slots, floor 0.57 GB (half-ctx x slots), pool 10.12 GB
[pool] paged KV: 10.12 GB (K 77240 pages x 65536 B, V 77240 pages x 65536 B)
KV cache: fp8 E4M3 (opt-in, 34 KB/token)
token graph captured
sample graph captured
q27: Q27_PF_BATCH_MIN=2 < 32 -- tiny prompts take the CHUNKED prefill path; the 5-token canonical md5 does NOT hold here
suffix drafter ON: L>=12, width 12 (greedy gated rounds only)
spec graphs captured (ONE set, M1b; depth-4; mono D/V SKIPPED (dexit on, no --constrain-tools); +per-width verify 2..8; +P14 sampled per-width verify 2..5; +per-step draft 0..6); Q27_PMIN=0.500 (gated), gate_maxd=7 (auto: ladder 4..7), dexit=1
slot 0 ready: ctx=262144
vram: free 1.51 GB at ready
interleave: round-granularity
[gcache] fused-verify graph cache ON (Q27_BATCH_GRAPH=1, cap 64)
continuous batching: ON (serving default since 2026-07-16, union cap 12)
q27-server listening on http://127.0.0.1:8130 (ctx 262144, fast head)
[http] GET /health -> 200
[http] GET /health -> 200
[timing] render 0.0ms encode 0.8ms (1784 chars -> 441 toks)
[gen] prompt=441 prefix_hit=0 snap=0 ckpt=-1 pfx=0
[timing] render 0.8ms encode 17.2ms (100972 chars -> 23689 toks)
[gen-done] eos: 16 tokens in 0.1s (170.2 t/s), n_max=64000
[req] rid=0 api=anth conv=878daa26b7139902 qw_ms=0 tok_ms=1 prompt=441 hit=0 ckpt=-1 pf=441 pf_ms=157 dec=16 dec_ms=94 cb_ms=0 rounds=5 tps=170.2 end=eos gw=0 yields=0 slot=0 t=3044 md4=5 md5=0 md6=0 md7=0 mprom=0 mdem=0 gch=0,0,1,0,4,0,0,0 gnh=0,1,1,0,3,0,0,0 glf=5,5,4,4,0,0,0 gla=5,4,3,3,0,0,0 phd=17.7 phv=76.0 phs=19 phwn=0,1,0,4,0,0,0 phwm=0.0,14.6,0.0,61.4,0.0,0.0,0.0 sfxm=0.0 sfxn=0 phfd=0.0 sfx=0,0 bat=1.0,0
[http] POST /v1/messages -> 200
[gen] prompt=23689 prefix_hit=0 snap=0 ckpt=-1 pfx=0
[gen-done] eos: 53 tokens in 0.3s (205.9 t/s), n_max=64000
[req] rid=1 api=anth conv=336f8f5dfb3ad013 qw_ms=224 tok_ms=18 prompt=23689 hit=0 ckpt=-1 pf=23689 pf_ms=6942 dec=53 dec_ms=257 cb_ms=0 rounds=13 tps=205.9 end=eos gw=0 yields=0 slot=0 t=10245 md4=13 md5=0 md6=0 md7=0 mprom=0 mdem=0 gch=0,1,1,0,16,0,0,0 gnh=0,4,1,2,11,0,0,0 glf=18,17,16,16,0,0,0 gla=18,14,13,11,0,0,0 phd=50.8 phv=206.4 phs=50 phwn=1,0,0,12,0,0,0 phwm=16.1,0.0,0.0,190.3,0.0,0.0,0.0 sfxm=0.0 sfxn=0 phfd=0.0 sfx=0,0 bat=1.0,0
[http] POST /v1/messages -> 200
[timing] render 0.8ms encode 21.0ms (128028 chars -> 31118 toks)
[gen] prompt=31118 prefix_hit=23682 snap=23682 ckpt=-1 pfx=0
[gen-done] eos: 395 tokens in 2.1s (190.0 t/s), n_max=64000
[req] rid=2 api=anth conv=336f8f5dfb3ad013 qw_ms=1 tok_ms=22 prompt=31118 hit=23682 ckpt=-1 pf=7436 pf_ms=2512 dec=395 dec_ms=2079 cb_ms=0 rounds=101 tps=190.0 end=eos gw=0 yields=0 slot=0 t=14873 md4=52 md5=59 md6=1 md7=0 mprom=2 mdem=0 gch=4,10,11,11,46,32,1,0 gnh=9,23,14,14,35,20,0,0 glf=111,101,90,79,33,1,0 gla=103,83,69,55,20,0,0 phd=395.5 phv=1600.4 phs=387 phwn=13,10,11,30,32,1,0 phwm=209.2,171.7,172.8,481.1,547.0,18.7,0.0 sfxm=81.5 sfxn=4 phfd=0.0 sfx=4,24 bat=1.0,0
[http] POST /v1/messages -> 200
[timing] render 0.8ms encode 20.9ms (129751 chars -> 31565 toks)
[gen] prompt=31565 prefix_hit=31111 snap=31111 ckpt=-1 pfx=0
[gen-done] eos: 61 tokens in 0.3s (231.4 t/s), n_max=64000
[req] rid=3 api=anth conv=336f8f5dfb3ad013 qw_ms=1 tok_ms=22 prompt=31565 hit=31111 ckpt=-1 pf=454 pf_ms=201 dec=61 dec_ms=264 cb_ms=0 rounds=12 tps=231.4 end=eos gw=0 yields=0 slot=0 t=15384 md4=52 md5=59 md6=12 md7=0 mprom=2 mdem=0 gch=5,10,13,12,46,32,7,0 gnh=9,25,16,15,35,20,5,0 glf=120,110,97,85,39,7,0 gla=112,91,75,60,25,5,0 phd=47.6 phv=174.4 phs=47 phwn=1,2,1,0,0,6,0 phwm=16.6,34.4,15.6,0.0,0.0,107.8,0.0 sfxm=41.4 sfxn=2 phfd=0.0 sfx=6,39 bat=1.0,0
[http] POST /v1/messages -> 200
[timing] render 0.8ms encode 21.1ms (130516 chars -> 31785 toks)
[gen] prompt=31785 prefix_hit=31558 snap=31558 ckpt=-1 pfx=0
[gen-done] eos: 91 tokens in 0.5s (166.7 t/s), n_max=64000
[req] rid=4 api=anth conv=336f8f5dfb3ad013 qw_ms=0 tok_ms=22 prompt=31785 hit=31558 ckpt=-1 pf=227 pf_ms=141 dec=91 dec_ms=546 cb_ms=0 rounds=25 tps=166.7 end=eos gw=0 yields=0 slot=0 t=16105 md4=52 md5=59 md6=37 md7=0 mprom=2 mdem=0 gch=6,12,16,16,47,34,19,0 gnh=12,29,23,17,39,22,8,0 glf=144,132,116,100,53,19,0 gla=134,109,86,69,30,8,0 phd=116.9 phv=428.6 phs=119 phwn=3,3,4,1,2,12,0 phwm=48.5,51.6,62.6,16.1,34.4,215.5,0.0 sfxm=0.0 sfxn=0 phfd=0.0 sfx=6,39 bat=1.0,0
[http] POST /v1/messages -> 200
[timing] render 0.8ms encode 20.4ms (131038 chars -> 31914 toks)
[gen] prompt=31914 prefix_hit=31778 snap=31778 ckpt=-1 pfx=0
[gen-done] eos: 62 tokens in 0.2s (347.5 t/s), n_max=64000
[req] rid=5 api=anth conv=336f8f5dfb3ad013 qw_ms=0 tok_ms=21 prompt=31914 hit=31778 ckpt=-1 pf=136 pf_ms=117 dec=62 dec_ms=178 cb_ms=0 rounds=8 tps=347.5 end=eos gw=0 yields=0 slot=0 t=16459 md4=52 md5=59 md6=44 md7=0 mprom=2 mdem=0 gch=6,12,16,16,47,34,23,0 gnh=12,29,23,17,39,22,12,0 glf=148,136,120,104,57,23,0 gla=138,113,90,73,34,12,0 phd=23.6 phv=71.7 phs=24 phwn=0,0,0,0,0,4,0 phwm=0.0,0.0,0.0,0.0,0.0,71.7,0.0 sfxm=82.9 sfxn=4 phfd=0.0 sfx=10,78 bat=1.0,0
[http] POST /v1/messages -> 200
[timing] render 0.8ms encode 21.6ms (131495 chars -> 32034 toks)
[gen] prompt=32034 prefix_hit=31907 snap=31907 ckpt=-1 pfx=0
[gen-done] eos: 81 tokens in 0.3s (258.0 t/s), n_max=64000
[req] rid=6 api=anth conv=336f8f5dfb3ad013 qw_ms=1 tok_ms=22 prompt=32034 hit=31907 ckpt=-1 pf=127 pf_ms=106 dec=81 dec_ms=314 cb_ms=0 rounds=14 tps=258.0 end=eos gw=0 yields=0 slot=0 t=16921 md4=52 md5=59 md6=53 md7=4 mprom=3 mdem=0 gch=7,13,17,16,47,34,30,1 gnh=13,30,24,18,39,22,18,1 glf=158,145,128,112,65,31,1 gla=148,122,98,80,41,19,1 phd=56.2 phv=195.8 phs=55 phwn=2,1,0,0,0,7,1 phwm=32.6,17.2,0.0,0.0,0.0,125.7,20.3 sfxm=61.8 sfxn=3 phfd=0.0 sfx=13,102 bat=1.0,0
[http] POST /v1/messages -> 200
[timing] render 0.8ms encode 21.5ms (132767 chars -> 32347 toks)
[gen] prompt=32347 prefix_hit=32027 snap=32027 ckpt=-1 pfx=0
[gen-done] eos: 86 tokens in 0.5s (185.5 t/s), n_max=64000
[req] rid=7 api=anth conv=336f8f5dfb3ad013 qw_ms=1 tok_ms=22 prompt=32347 hit=32027 ckpt=-1 pf=320 pf_ms=178 dec=86 dec_ms=464 cb_ms=0 rounds=21 tps=185.5 end=eos gw=0 yields=0 slot=0 t=17617 md4=52 md5=59 md6=53 md7=23 mprom=3 mdem=0 gch=10,15,18,18,48,37,30,8 gnh=16,34,26,22,40,22,18,6 glf=174,159,141,123,75,38,8 gla=163,134,108,86,46,24,6 phd=88.0 phv=335.0 phs=90 phwn=5,1,2,1,3,0,7 phwm=81.9,17.2,31.3,16.1,51.3,0.0,137.1 sfxm=40.5 sfxn=2 phfd=0.0 sfx=15,112 bat=1.0,0
[http] POST /v1/messages -> 200
[timing] render 0.8ms encode 21.0ms (133225 chars -> 32455 toks)
[gen] prompt=32455 prefix_hit=32340 snap=32340 ckpt=-1 pfx=0
[gen-done] eos: 166 tokens in 1.2s (138.7 t/s), n_max=64000
[req] rid=8 api=anth conv=336f8f5dfb3ad013 qw_ms=0 tok_ms=22 prompt=32455 hit=32340 ckpt=-1 pf=115 pf_ms=105 dec=166 dec_ms=1197 cb_ms=0 rounds=55 tps=138.7 end=eos gw=0 yields=0 slot=0 t=18966 md4=52 md5=59 md6=94 md7=37 mprom=3 mdem=1 gch=22,19,22,20,49,41,52,14 gnh=30,52,30,28,41,26,26,6 glf=217,198,176,156,107,66,14 gla=197,157,127,99,58,32,6 phd=235.6 phv=961.0 phs=245 phwn=16,4,2,1,4,22,6 phwm=264.0,69.0,31.3,16.1,68.3,394.7,117.6 sfxm=0.0 sfxn=0 phfd=0.0 sfx=15,112 bat=1.0,0
[http] POST /v1/messages -> 200
[timing] render 0.0ms encode 0.8ms (1968 chars -> 473 toks)
[gen] prompt=473 prefix_hit=0 snap=0 ckpt=-1 pfx=0
[timing] render 0.8ms encode 18.6ms (101220 chars -> 23751 toks)
[gen-done] eos: 15 tokens in 0.1s (135.6 t/s), n_max=64000
[req] rid=9 api=anth conv=b73717b825a52bb2 qw_ms=0 tok_ms=1 prompt=473 hit=0 ckpt=-1 pf=473 pf_ms=162 dec=15 dec_ms=111 cb_ms=0 rounds=6 tps=135.6 end=eos gw=0 yields=0 slot=0 t=20364 md4=6 md5=0 md6=0 md7=0 mprom=0 mdem=0 gch=22,19,23,20,54,41,52,14 gnh=32,53,30,29,43,26,26,6 glf=223,204,181,161,107,66,14 gla=201,160,130,101,58,32,6 phd=19.8 phv=90.7 phs=23 phwn=0,1,0,5,0,0,0 phwm=0.0,14.5,0.0,76.2,0.0,0.0,0.0 sfxm=0.0 sfxn=0 phfd=0.0 sfx=15,112 bat=1.0,0
[http] POST /v1/messages -> 200
[gen] prompt=23751 prefix_hit=0 snap=0 ckpt=-1 pfx=0
[gen-done] eos: 212 tokens in 1.5s (145.5 t/s), n_max=64000
[req] rid=10 api=anth conv=acd0754585fa03b9 qw_ms=244 tok_ms=19 prompt=23751 hit=0 ckpt=-1 pf=23751 pf_ms=6978 dec=212 dec_ms=1457 cb_ms=0 rounds=78 tps=145.5 end=eos gw=0 yields=0 slot=0 t=28800 md4=78 md5=0 md6=0 md7=0 mprom=0 mdem=0 gch=30,33,35,27,91,41,52,14 gnh=51,75,44,36,59,26,26,6 glf=293,260,225,198,107,66,14 gla=256,197,153,117,58,32,6 phd=240.3 phv=1215.9 phs=248 phwn=22,12,7,37,0,0,0 phwm=338.4,195.1,105.2,577.2,0.0,0.0,0.0 sfxm=0.0 sfxn=0 phfd=0.0 sfx=15,112 bat=1.0,0
[http] POST /v1/messages -> 200
[timing] render 0.5ms encode 11.5ms (66534 chars -> 15735 toks)
[gen] prompt=15735 prefix_hit=0 snap=0 ckpt=-1 pfx=0
[gen-done] eos: 86 tokens in 0.4s (201.6 t/s), n_max=32000
[sample-stats] T=1.000 top_p=1.000: 3.909 tokens/round (86 tok/22 rounds)
[req] rid=11 api=anth conv=8de3014fa6318bcd qw_ms=0 tok_ms=12 prompt=15735 hit=0 ckpt=-1 pf=15735 pf_ms=4501 dec=86 dec_ms=427 cb_ms=0 rounds=22 tps=201.6 end=eos gw=0 yields=0 slot=0 t=33752 md4=0 md5=0 md6=0 md7=0 mprom=0 mdem=0 gch=30,33,35,27,91,41,52,14 gnh=51,75,44,36,59,26,26,6 glf=293,260,225,198,107,66,14 gla=256,197,153,117,58,32,6 phd=0.0 phv=0.0 phs=0 phwn=0,0,0,0,0,0,0 phwm=0.0,0.0,0.0,0.0,0.0,0.0,0.0 sfxm=0.0 sfxn=0 phfd=0.0 sfx=15,112 bat=1.0,0
[http] POST /v1/messages -> 200
[timing] render 0.6ms encode 11.9ms (68121 chars -> 16096 toks)
[gen] prompt=16096 prefix_hit=15728 snap=15728 ckpt=-1 pfx=0
[gen-done] eos: 72 tokens in 0.4s (166.0 t/s), n_max=32000
[sample-stats] T=1.000 top_p=1.000: 3.130 tokens/round (72 tok/23 rounds)
[req] rid=12 api=anth conv=8de3014fa6318bcd qw_ms=0 tok_ms=12 prompt=16096 hit=15728 ckpt=-1 pf=368 pf_ms=172 dec=72 dec_ms=434 cb_ms=0 rounds=23 tps=166.0 end=eos gw=0 yields=0 slot=0 t=34406 md4=0 md5=0 md6=0 md7=0 mprom=0 mdem=0 gch=30,33,35,27,91,41,52,14 gnh=51,75,44,36,59,26,26,6 glf=293,260,225,198,107,66,14 gla=256,197,153,117,58,32,6 phd=0.0 phv=0.0 phs=0 phwn=0,0,0,0,0,0,0 phwm=0.0,0.0,0.0,0.0,0.0,0.0,0.0 sfxm=0.0 sfxn=0 phfd=0.0 sfx=15,112 bat=1.0,0
[http] POST /v1/messages -> 200
[timing] render 0.5ms encode 11.8ms (69025 chars -> 16323 toks)
[gen] prompt=16323 prefix_hit=16089 snap=16089 ckpt=-1 pfx=0
[gen-done] eos: 67 tokens in 0.3s (226.0 t/s), n_max=32000
[sample-stats] T=1.000 top_p=1.000: 4.467 tokens/round (67 tok/15 rounds)
[req] rid=13 api=anth conv=8de3014fa6318bcd qw_ms=0 tok_ms=12 prompt=16323 hit=16089 ckpt=-1 pf=234 pf_ms=137 dec=67 dec_ms=296 cb_ms=0 rounds=15 tps=226.0 end=eos gw=0 yields=0 slot=0 t=34869 md4=0 md5=0 md6=0 md7=0 mprom=0 mdem=0 gch=30,33,35,27,91,41,52,14 gnh=51,75,44,36,59,26,26,6 glf=293,260,225,198,107,66,14 gla=256,197,153,117,58,32,6 phd=0.0 phv=0.0 phs=0 phwn=0,0,0,0,0,0,0 phwm=0.0,0.0,0.0,0.0,0.0,0.0,0.0 sfxm=0.0 sfxn=0 phfd=0.0 sfx=15,112 bat=1.0,0
[http] POST /v1/messages -> 200
[timing] render 0.5ms encode 11.8ms (69383 chars -> 16417 toks)
[gen] prompt=16417 prefix_hit=16316 snap=16316 ckpt=-1 pfx=0
[gen-done] eos: 108 tokens in 0.8s (141.1 t/s), n_max=32000
[sample-stats] T=1.000 top_p=1.000: 2.634 tokens/round (108 tok/41 rounds)
[req] rid=14 api=anth conv=8de3014fa6318bcd qw_ms=0 tok_ms=12 prompt=16417 hit=16316 ckpt=-1 pf=101 pf_ms=94 dec=108 dec_ms=766 cb_ms=0 rounds=41 tps=141.1 end=eos gw=0 yields=0 slot=0 t=35756 md4=0 md5=0 md6=0 md7=0 mprom=0 mdem=0 gch=30,33,35,27,91,41,52,14 gnh=51,75,44,36,59,26,26,6 glf=293,260,225,198,107,66,14 gla=256,197,153,117,58,32,6 phd=0.0 phv=0.0 phs=0 phwn=0,0,0,0,0,0,0 phwm=0.0,0.0,0.0,0.0,0.0,0.0,0.0 sfxm=0.0 sfxn=0 phfd=0.0 sfx=15,112 bat=1.0,0
[http] POST /v1/messages -> 200
[timing] render 0.5ms encode 12.4ms (70537 chars -> 16711 toks)
[gen] prompt=16711 prefix_hit=16410 snap=16410 ckpt=-1 pfx=0
[gen-done] eos: 61 tokens in 0.3s (187.0 t/s), n_max=32000
[sample-stats] T=1.000 top_p=1.000: 3.588 tokens/round (61 tok/17 rounds)
[req] rid=15 api=anth conv=8de3014fa6318bcd qw_ms=0 tok_ms=13 prompt=16711 hit=16410 ckpt=-1 pf=301 pf_ms=158 dec=61 dec_ms=326 cb_ms=0 rounds=17 tps=187.0 end=eos gw=0 yields=0 slot=0 t=36268 md4=0 md5=0 md6=0 md7=0 mprom=0 mdem=0 gch=30,33,35,27,91,41,52,14 gnh=51,75,44,36,59,26,26,6 glf=293,260,225,198,107,66,14 gla=256,197,153,117,58,32,6 phd=0.0 phv=0.0 phs=0 phwn=0,0,0,0,0,0,0 phwm=0.0,0.0,0.0,0.0,0.0,0.0,0.0 sfxm=0.0 sfxn=0 phfd=0.0 sfx=15,112 bat=1.0,0
[http] POST /v1/messages -> 200
[timing] render 0.5ms encode 11.9ms (74861 chars -> 17939 toks)
[gen] prompt=17939 prefix_hit=16704 snap=16704 ckpt=-1 pfx=0
[gen-done] eos: 40 tokens in 0.2s (225.5 t/s), n_max=32000
[sample-stats] T=1.000 top_p=1.000: 4.444 tokens/round (40 tok/9 rounds)
[req] rid=16 api=anth conv=8de3014fa6318bcd qw_ms=0 tok_ms=12 prompt=17939 hit=16704 ckpt=-1 pf=1235 pf_ms=442 dec=40 dec_ms=177 cb_ms=0 rounds=9 tps=225.5 end=eos gw=0 yields=0 slot=0 t=36917 md4=0 md5=0 md6=0 md7=0 mprom=0 mdem=0 gch=30,33,35,27,91,41,52,14 gnh=51,75,44,36,59,26,26,6 glf=293,260,225,198,107,66,14 gla=256,197,153,117,58,32,6 phd=0.0 phv=0.0 phs=0 phwn=0,0,0,0,0,0,0 phwm=0.0,0.0,0.0,0.0,0.0,0.0,0.0 sfxm=0.0 sfxn=0 phfd=0.0 sfx=15,112 bat=1.0,0
[http] POST /v1/messages -> 200
[timing] render 0.9ms encode 14.1ms (77905 chars -> 18847 toks)
[gen] prompt=18847 prefix_hit=17932 snap=17932 ckpt=-1 pfx=0
[gen-done] eos: 58 tokens in 0.3s (168.8 t/s), n_max=32000
[sample-stats] T=1.000 top_p=1.000: 3.222 tokens/round (58 tok/18 rounds)
[req] rid=17 api=anth conv=8de3014fa6318bcd qw_ms=0 tok_ms=15 prompt=18847 hit=17932 ckpt=-1 pf=915 pf_ms=322 dec=58 dec_ms=344 cb_ms=0 rounds=18 tps=168.8 end=eos gw=0 yields=0 slot=0 t=37608 md4=0 md5=0 md6=0 md7=0 mprom=0 mdem=0 gch=30,33,35,27,91,41,52,14 gnh=51,75,44,36,59,26,26,6 glf=293,260,225,198,107,66,14 gla=256,197,153,117,58,32,6 phd=0.0 phv=0.0 phs=0 phwn=0,0,0,0,0,0,0 phwm=0.0,0.0,0.0,0.0,0.0,0.0,0.0 sfxm=0.0 sfxn=0 phfd=0.0 sfx=15,112 bat=1.0,0
[http] POST /v1/messages -> 200
[timing] render 0.7ms encode 12.9ms (78790 chars -> 19057 toks)
[gen] prompt=19057 prefix_hit=18840 snap=18840 ckpt=-1 pfx=0
[gen-done] eos: 42 tokens in 0.2s (212.0 t/s), n_max=32000
[sample-stats] T=1.000 top_p=1.000: 4.200 tokens/round (42 tok/10 rounds)
[req] rid=18 api=anth conv=8de3014fa6318bcd qw_ms=0 tok_ms=14 prompt=19057 hit=18840 ckpt=-1 pf=217 pf_ms=133 dec=42 dec_ms=198 cb_ms=0 rounds=10 tps=212.0 end=eos gw=0 yields=0 slot=0 t=37962 md4=0 md5=0 md6=0 md7=0 mprom=0 mdem=0 gch=30,33,35,27,91,41,52,14 gnh=51,75,44,36,59,26,26,6 glf=293,260,225,198,107,66,14 gla=256,197,153,117,58,32,6 phd=0.0 phv=0.0 phs=0 phwn=0,0,0,0,0,0,0 phwm=0.0,0.0,0.0,0.0,0.0,0.0,0.0 sfxm=0.0 sfxn=0 phfd=0.0 sfx=15,112 bat=1.0,0
[http] POST /v1/messages -> 200
[timing] render 0.7ms encode 13.4ms (79069 chars -> 19129 toks)
[gen] prompt=19129 prefix_hit=19050 snap=19050 ckpt=-1 pfx=0
[gen-done] eos: 41 tokens in 0.2s (210.6 t/s), n_max=32000
[sample-stats] T=1.000 top_p=1.000: 4.100 tokens/round (41 tok/10 rounds)
[req] rid=19 api=anth conv=8de3014fa6318bcd qw_ms=0 tok_ms=14 prompt=19129 hit=19050 ckpt=-1 pf=79 pf_ms=94 dec=41 dec_ms=195 cb_ms=0 rounds=10 tps=210.6 end=eos gw=0 yields=0 slot=0 t=38279 md4=0 md5=0 md6=0 md7=0 mprom=0 mdem=0 gch=30,33,35,27,91,41,52,14 gnh=51,75,44,36,59,26,26,6 glf=293,260,225,198,107,66,14 gla=256,197,153,117,58,32,6 phd=0.0 phv=0.0 phs=0 phwn=0,0,0,0,0,0,0 phwm=0.0,0.0,0.0,0.0,0.0,0.0,0.0 sfxm=0.0 sfxn=0 phfd=0.0 sfx=15,112 bat=1.0,0
[http] POST /v1/messages -> 200
[timing] render 0.5ms encode 11.9ms (79420 chars -> 19225 toks)
[gen] prompt=19225 prefix_hit=19122 snap=19122 ckpt=-1 pfx=0
[gen-done] eos: 41 tokens in 0.2s (210.0 t/s), n_max=32000
[sample-stats] T=1.000 top_p=1.000: 4.100 tokens/round (41 tok/10 rounds)
[req] rid=20 api=anth conv=8de3014fa6318bcd qw_ms=0 tok_ms=12 prompt=19225 hit=19122 ckpt=-1 pf=103 pf_ms=96 dec=41 dec_ms=195 cb_ms=0 rounds=10 tps=210.0 end=eos gw=0 yields=0 slot=0 t=38591 md4=0 md5=0 md6=0 md7=0 mprom=0 mdem=0 gch=30,33,35,27,91,41,52,14 gnh=51,75,44,36,59,26,26,6 glf=293,260,225,198,107,66,14 gla=256,197,153,117,58,32,6 phd=0.0 phv=0.0 phs=0 phwn=0,0,0,0,0,0,0 phwm=0.0,0.0,0.0,0.0,0.0,0.0,0.0 sfxm=0.0 sfxn=0 phfd=0.0 sfx=15,112 bat=1.0,0
[http] POST /v1/messages -> 200
[timing] render 0.5ms encode 13.1ms (82371 chars -> 20111 toks)
[gen] prompt=20111 prefix_hit=19218 snap=19218 ckpt=-1 pfx=0
[gen-done] eos: 41 tokens in 0.2s (190.9 t/s), n_max=32000
[sample-stats] T=1.000 top_p=1.000: 3.727 tokens/round (41 tok/11 rounds)
[req] rid=21 api=anth conv=8de3014fa6318bcd qw_ms=0 tok_ms=14 prompt=20111 hit=19218 ckpt=-1 pf=893 pf_ms=322 dec=41 dec_ms=215 cb_ms=0 rounds=11 tps=190.9 end=eos gw=0 yields=0 slot=0 t=39154 md4=0 md5=0 md6=0 md7=0 mprom=0 mdem=0 gch=30,33,35,27,91,41,52,14 gnh=51,75,44,36,59,26,26,6 glf=293,260,225,198,107,66,14 gla=256,197,153,117,58,32,6 phd=0.0 phv=0.0 phs=0 phwn=0,0,0,0,0,0,0 phwm=0.0,0.0,0.0,0.0,0.0,0.0,0.0 sfxm=0.0 sfxn=0 phfd=0.0 sfx=15,112 bat=1.0,0
[http] POST /v1/messages -> 200
[timing] render 0.5ms encode 14.2ms (85431 chars -> 21041 toks)
[gen] prompt=21041 prefix_hit=20104 snap=20104 ckpt=-1 pfx=0
[gen-done] eos: 65 tokens in 0.3s (199.5 t/s), n_max=32000
[sample-stats] T=1.000 top_p=1.000: 3.824 tokens/round (65 tok/17 rounds)
[req] rid=22 api=anth conv=8de3014fa6318bcd qw_ms=0 tok_ms=15 prompt=21041 hit=20104 ckpt=-1 pf=937 pf_ms=328 dec=65 dec_ms=326 cb_ms=0 rounds=17 tps=199.5 end=eos gw=0 yields=0 slot=0 t=39832 md4=0 md5=0 md6=0 md7=0 mprom=0 mdem=0 gch=30,33,35,27,91,41,52,14 gnh=51,75,44,36,59,26,26,6 glf=293,260,225,198,107,66,14 gla=256,197,153,117,58,32,6 phd=0.0 phv=0.0 phs=0 phwn=0,0,0,0,0,0,0 phwm=0.0,0.0,0.0,0.0,0.0,0.0,0.0 sfxm=0.0 sfxn=0 phfd=0.0 sfx=15,112 bat=1.0,0
[http] POST /v1/messages -> 200
[timing] render 0.5ms encode 14.1ms (88304 chars -> 21868 toks)
[gen] prompt=21868 prefix_hit=21034 snap=21034 ckpt=-1 pfx=0
[gen-done] eos: 30 tokens in 0.2s (189.7 t/s), n_max=32000
[sample-stats] T=1.000 top_p=1.000: 3.750 tokens/round (30 tok/8 rounds)
[req] rid=23 api=anth conv=8de3014fa6318bcd qw_ms=0 tok_ms=15 prompt=21868 hit=21034 ckpt=-1 pf=834 pf_ms=319 dec=30 dec_ms=158 cb_ms=0 rounds=8 tps=189.7 end=eos gw=0 yields=0 slot=0 t=40333 md4=0 md5=0 md6=0 md7=0 mprom=0 mdem=0 gch=30,33,35,27,91,41,52,14 gnh=51,75,44,36,59,26,26,6 glf=293,260,225,198,107,66,14 gla=256,197,153,117,58,32,6 phd=0.0 phv=0.0 phs=0 phwn=0,0,0,0,0,0,0 phwm=0.0,0.0,0.0,0.0,0.0,0.0,0.0 sfxm=0.0 sfxn=0 phfd=0.0 sfx=15,112 bat=1.0,0
[http] POST /v1/messages -> 200
[timing] render 0.5ms encode 15.2ms (96218 chars -> 24023 toks)
[gen] prompt=24023 prefix_hit=21861 snap=21861 ckpt=-1 pfx=0
[gen-done] eos: 29 tokens in 0.1s (207.3 t/s), n_max=32000
[sample-stats] T=1.000 top_p=1.000: 4.143 tokens/round (29 tok/7 rounds)
[req] rid=24 api=anth conv=8de3014fa6318bcd qw_ms=0 tok_ms=16 prompt=24023 hit=21861 ckpt=-1 pf=2162 pf_ms=746 dec=29 dec_ms=140 cb_ms=0 rounds=7 tps=207.3 end=eos gw=0 yields=0 slot=0 t=41245 md4=0 md5=0 md6=0 md7=0 mprom=0 mdem=0 gch=30,33,35,27,91,41,52,14 gnh=51,75,44,36,59,26,26,6 glf=293,260,225,198,107,66,14 gla=256,197,153,117,58,32,6 phd=0.0 phv=0.0 phs=0 phwn=0,0,0,0,0,0,0 phwm=0.0,0.0,0.0,0.0,0.0,0.0,0.0 sfxm=0.0 sfxn=0 phfd=0.0 sfx=15,112 bat=1.0,0
[http] POST /v1/messages -> 200
[timing] render 0.4ms encode 15.8ms (101067 chars -> 25512 toks)
[gen] prompt=25512 prefix_hit=24016 snap=24016 ckpt=-1 pfx=0
[gen-done] eos: 65 tokens in 0.4s (173.9 t/s), n_max=32000
[sample-stats] T=1.000 top_p=1.000: 3.421 tokens/round (65 tok/19 rounds)
[req] rid=25 api=anth conv=8de3014fa6318bcd qw_ms=0 tok_ms=16 prompt=25512 hit=24016 ckpt=-1 pf=1496 pf_ms=532 dec=65 dec_ms=374 cb_ms=0 rounds=19 tps=173.9 end=eos gw=0 yields=0 slot=0 t=42178 md4=0 md5=0 md6=0 md7=0 mprom=0 mdem=0 gch=30,33,35,27,91,41,52,14 gnh=51,75,44,36,59,26,26,6 glf=293,260,225,198,107,66,14 gla=256,197,153,117,58,32,6 phd=0.0 phv=0.0 phs=0 phwn=0,0,0,0,0,0,0 phwm=0.0,0.0,0.0,0.0,0.0,0.0,0.0 sfxm=0.0 sfxn=0 phfd=0.0 sfx=15,112 bat=1.0,0
[http] POST /v1/messages -> 200
[timing] render 0.4ms encode 16.1ms (102984 chars -> 26025 toks)
[gen] prompt=26025 prefix_hit=25505 snap=25505 ckpt=-1 pfx=0
[gen-done] eos: 70 tokens in 0.4s (157.2 t/s), n_max=32000
[sample-stats] T=1.000 top_p=1.000: 3.043 tokens/round (70 tok/23 rounds)
[req] rid=26 api=anth conv=8de3014fa6318bcd qw_ms=0 tok_ms=16 prompt=26025 hit=25505 ckpt=-1 pf=520 pf_ms=223 dec=70 dec_ms=445 cb_ms=0 rounds=23 tps=157.2 end=eos gw=0 yields=0 slot=0 t=42873 md4=0 md5=0 md6=0 md7=0 mprom=0 mdem=0 gch=30,33,35,27,91,41,52,14 gnh=51,75,44,36,59,26,26,6 glf=293,260,225,198,107,66,14 gla=256,197,153,117,58,32,6 phd=0.0 phv=0.0 phs=0 phwn=0,0,0,0,0,0,0 phwm=0.0,0.0,0.0,0.0,0.0,0.0,0.0 sfxm=0.0 sfxn=0 phfd=0.0 sfx=15,112 bat=1.0,0
[http] POST /v1/messages -> 200
[timing] render 0.4ms encode 16.8ms (103384 chars -> 26134 toks)
[gen] prompt=26134 prefix_hit=26018 snap=26018 ckpt=-1 pfx=0
[gen-done] eos: 39 tokens in 0.2s (199.6 t/s), n_max=32000
[sample-stats] T=1.000 top_p=1.000: 3.900 tokens/round (39 tok/10 rounds)
[req] rid=27 api=anth conv=8de3014fa6318bcd qw_ms=0 tok_ms=17 prompt=26134 hit=26018 ckpt=-1 pf=116 pf_ms=97 dec=39 dec_ms=195 cb_ms=0 rounds=10 tps=199.6 end=eos gw=0 yields=0 slot=0 t=43198 md4=0 md5=0 md6=0 md7=0 mprom=0 mdem=0 gch=30,33,35,27,91,41,52,14 gnh=51,75,44,36,59,26,26,6 glf=293,260,225,198,107,66,14 gla=256,197,153,117,58,32,6 phd=0.0 phv=0.0 phs=0 phwn=0,0,0,0,0,0,0 phwm=0.0,0.0,0.0,0.0,0.0,0.0,0.0 sfxm=0.0 sfxn=0 phfd=0.0 sfx=15,112 bat=1.0,0
[http] POST /v1/messages -> 200
[timing] render 0.4ms encode 16.8ms (105138 chars -> 26668 toks)
[gen] prompt=26668 prefix_hit=26127 snap=26127 ckpt=-1 pfx=0
[gen-done] eos: 101 tokens in 0.6s (158.6 t/s), n_max=32000
[sample-stats] T=1.000 top_p=1.000: 3.061 tokens/round (101 tok/33 rounds)
[req] rid=28 api=anth conv=8de3014fa6318bcd qw_ms=0 tok_ms=17 prompt=26668 hit=26127 ckpt=-1 pf=541 pf_ms=226 dec=101 dec_ms=637 cb_ms=0 rounds=33 tps=158.6 end=eos gw=0 yields=0 slot=0 t=44088 md4=0 md5=0 md6=0 md7=0 mprom=0 mdem=0 gch=30,33,35,27,91,41,52,14 gnh=51,75,44,36,59,26,26,6 glf=293,260,225,198,107,66,14 gla=256,197,153,117,58,32,6 phd=0.0 phv=0.0 phs=0 phwn=0,0,0,0,0,0,0 phwm=0.0,0.0,0.0,0.0,0.0,0.0,0.0 sfxm=0.0 sfxn=0 phfd=0.0 sfx=15,112 bat=1.0,0
[http] POST /v1/messages -> 200
[timing] render 0.4ms encode 16.9ms (106372 chars -> 26966 toks)
[gen] prompt=26966 prefix_hit=26661 snap=26661 ckpt=-1 pfx=0
[gen-done] eos: 46 tokens in 0.2s (208.6 t/s), n_max=32000
[sample-stats] T=1.000 top_p=1.000: 4.182 tokens/round (46 tok/11 rounds)
[req] rid=29 api=anth conv=8de3014fa6318bcd qw_ms=0 tok_ms=17 prompt=26966 hit=26661 ckpt=-1 pf=305 pf_ms=169 dec=46 dec_ms=221 cb_ms=0 rounds=11 tps=208.6 end=eos gw=0 yields=0 slot=0 t=44512 md4=0 md5=0 md6=0 md7=0 mprom=0 mdem=0 gch=30,33,35,27,91,41,52,14 gnh=51,75,44,36,59,26,26,6 glf=293,260,225,198,107,66,14 gla=256,197,153,117,58,32,6 phd=0.0 phv=0.0 phs=0 phwn=0,0,0,0,0,0,0 phwm=0.0,0.0,0.0,0.0,0.0,0.0,0.0 sfxm=0.0 sfxn=0 phfd=0.0 sfx=15,112 bat=1.0,0
[http] POST /v1/messages -> 200
[timing] render 0.4ms encode 17.6ms (110060 chars -> 27939 toks)
[gen] prompt=27939 prefix_hit=26959 snap=26959 ckpt=-1 pfx=0
[gen-done] eos: 56 tokens in 0.3s (214.0 t/s), n_max=32000
[sample-stats] T=1.000 top_p=1.000: 4.308 tokens/round (56 tok/13 rounds)
[req] rid=30 api=anth conv=8de3014fa6318bcd qw_ms=0 tok_ms=18 prompt=27939 hit=26959 ckpt=-1 pf=980 pf_ms=367 dec=56 dec_ms=262 cb_ms=0 rounds=13 tps=214.0 end=eos gw=0 yields=0 slot=0 t=45169 md4=0 md5=0 md6=0 md7=0 mprom=0 mdem=0 gch=30,33,35,27,91,41,52,14 gnh=51,75,44,36,59,26,26,6 glf=293,260,225,198,107,66,14 gla=256,197,153,117,58,32,6 phd=0.0 phv=0.0 phs=0 phwn=0,0,0,0,0,0,0 phwm=0.0,0.0,0.0,0.0,0.0,0.0,0.0 sfxm=0.0 sfxn=0 phfd=0.0 sfx=15,112 bat=1.0,0
[http] POST /v1/messages -> 200
[timing] render 0.5ms encode 17.4ms (110515 chars -> 28056 toks)
[gen] prompt=28056 prefix_hit=27932 snap=27932 ckpt=-1 pfx=0
[gen-done] eos: 46 tokens in 0.2s (194.9 t/s), n_max=32000
[sample-stats] T=1.000 top_p=1.000: 3.833 tokens/round (46 tok/12 rounds)
[req] rid=31 api=anth conv=8de3014fa6318bcd qw_ms=0 tok_ms=18 prompt=28056 hit=27932 ckpt=-1 pf=124 pf_ms=107 dec=46 dec_ms=236 cb_ms=0 rounds=12 tps=194.9 end=eos gw=0 yields=0 slot=0 t=45545 md4=0 md5=0 md6=0 md7=0 mprom=0 mdem=0 gch=30,33,35,27,91,41,52,14 gnh=51,75,44,36,59,26,26,6 glf=293,260,225,198,107,66,14 gla=256,197,153,117,58,32,6 phd=0.0 phv=0.0 phs=0 phwn=0,0,0,0,0,0,0 phwm=0.0,0.0,0.0,0.0,0.0,0.0,0.0 sfxm=0.0 sfxn=0 phfd=0.0 sfx=15,112 bat=1.0,0
[http] POST /v1/messages -> 200
[timing] render 0.6ms encode 18.3ms (112996 chars -> 28767 toks)
[gen] prompt=28767 prefix_hit=28049 snap=28049 ckpt=-1 pfx=0
[gen-done] eos: 119 tokens in 0.9s (137.5 t/s), n_max=32000
[sample-stats] T=1.000 top_p=1.000: 2.644 tokens/round (119 tok/45 rounds)
[req] rid=32 api=anth conv=8de3014fa6318bcd qw_ms=0 tok_ms=19 prompt=28767 hit=28049 ckpt=-1 pf=718 pf_ms=284 dec=119 dec_ms=865 cb_ms=0 rounds=45 tps=137.5 end=eos gw=0 yields=0 slot=0 t=46723 md4=0 md5=0 md6=0 md7=0 mprom=0 mdem=0 gch=30,33,35,27,91,41,52,14 gnh=51,75,44,36,59,26,26,6 glf=293,260,225,198,107,66,14 gla=256,197,153,117,58,32,6 phd=0.0 phv=0.0 phs=0 phwn=0,0,0,0,0,0,0 phwm=0.0,0.0,0.0,0.0,0.0,0.0,0.0 sfxm=0.0 sfxn=0 phfd=0.0 sfx=15,112 bat=1.0,0
[http] POST /v1/messages -> 200
[timing] render 0.4ms encode 19.2ms (115339 chars -> 29434 toks)
[gen] prompt=29434 prefix_hit=28760 snap=28760 ckpt=-1 pfx=0
[gen-done] eos: 70 tokens in 0.4s (179.3 t/s), n_max=32000
[sample-stats] T=1.000 top_p=1.000: 3.500 tokens/round (70 tok/20 rounds)
[req] rid=33 api=anth conv=8de3014fa6318bcd qw_ms=0 tok_ms=20 prompt=29434 hit=28760 ckpt=-1 pf=674 pf_ms=263 dec=70 dec_ms=390 cb_ms=0 rounds=20 tps=179.3 end=eos gw=0 yields=0 slot=0 t=47414 md4=0 md5=0 md6=0 md7=0 mprom=0 mdem=0 gch=30,33,35,27,91,41,52,14 gnh=51,75,44,36,59,26,26,6 glf=293,260,225,198,107,66,14 gla=256,197,153,117,58,32,6 phd=0.0 phv=0.0 phs=0 phwn=0,0,0,0,0,0,0 phwm=0.0,0.0,0.0,0.0,0.0,0.0,0.0 sfxm=0.0 sfxn=0 phfd=0.0 sfx=15,112 bat=1.0,0
[http] POST /v1/messages -> 200
[timing] render 0.5ms encode 19.7ms (118770 chars -> 30365 toks)
[gen] prompt=30365 prefix_hit=29427 snap=29427 ckpt=-1 pfx=0
[gen-done] eos: 1744 tokens in 11.1s (157.7 t/s), n_max=32000
[sample-stats] T=1.000 top_p=1.000: 3.092 tokens/round (1744 tok/564 rounds)
[req] rid=34 api=anth conv=8de3014fa6318bcd qw_ms=0 tok_ms=20 prompt=30365 hit=29427 ckpt=-1 pf=938 pf_ms=352 dec=1744 dec_ms=11061 cb_ms=0 rounds=564 tps=157.7 end=eos gw=0 yields=0 slot=0 t=58859 md4=0 md5=0 md6=0 md7=0 mprom=0 mdem=0 gch=30,33,35,27,91,41,52,14 gnh=51,75,44,36,59,26,26,6 glf=293,260,225,198,107,66,14 gla=256,197,153,117,58,32,6 phd=0.0 phv=0.0 phs=0 phwn=0,0,0,0,0,0,0 phwm=0.0,0.0,0.0,0.0,0.0,0.0,0.0 sfxm=0.0 sfxn=0 phfd=0.0 sfx=15,112 bat=1.0,0
[http] POST /v1/messages -> 200
[timing] render 0.6ms encode 17.4ms (108391 chars -> 25722 toks)
[gen] prompt=25722 prefix_hit=0 snap=0 ckpt=-1 pfx=0
[gen-done] eos: 111 tokens in 0.6s (201.7 t/s), n_max=64000
[req] rid=35 api=anth conv=acd0754585fa03b9 qw_ms=0 tok_ms=18 prompt=25722 hit=0 ckpt=-1 pf=25722 pf_ms=7702 dec=111 dec_ms=550 cb_ms=0 rounds=28 tps=201.7 end=eos gw=0 yields=0 slot=0 t=67144 md4=28 md5=0 md6=0 md7=0 mprom=0 mdem=0 gch=33,34,35,30,112,41,52,14 gnh=54,77,46,41,75,26,26,6 glf=318,284,249,219,107,66,14 gla=280,220,174,133,58,32,6 phd=104.4 phv=445.7 phs=101 phwn=4,0,3,21,0,0,0 phwm=64.7,0.0,46.5,334.5,0.0,0.0,0.0 sfxm=0.0 sfxn=0 phfd=0.0 sfx=15,112 bat=1.0,0
[http] POST /v1/messages -> 200
[timing] render 0.6ms encode 18.1ms (109632 chars -> 26079 toks)
[gen] prompt=26079 prefix_hit=25715 snap=25715 ckpt=-1 pfx=0
[gen-done] eos: 126 tokens in 0.7s (179.5 t/s), n_max=64000
[req] rid=36 api=anth conv=acd0754585fa03b9 qw_ms=0 tok_ms=19 prompt=26079 hit=25715 ckpt=-1 pf=364 pf_ms=182 dec=126 dec_ms=702 cb_ms=0 rounds=36 tps=179.5 end=eos gw=0 yields=0 slot=0 t=68058 md4=64 md5=0 md6=0 md7=0 mprom=0 mdem=0 gch=33,41,38,33,134,41,52,14 gnh=58,86,50,45,89,26,26,6 glf=353,312,274,241,107,66,14 gla=311,242,192,147,58,32,6 phd=125.2 phv=556.6 phs=123 phwn=7,3,3,22,0,0,0 phwm=109.0,50.3,46.6,350.6,0.0,0.0,0.0 sfxm=20.0 sfxn=1 phfd=0.0 sfx=16,121 bat=1.0,0
[http] POST /v1/messages -> 200
[timing] render 0.6ms encode 17.8ms (111003 chars -> 26423 toks)
[gen] prompt=26423 prefix_hit=26072 snap=26072 ckpt=-1 pfx=0
[gen-done] eos: 246 tokens in 1.0s (238.6 t/s), n_max=64000
[req] rid=37 api=anth conv=acd0754585fa03b9 qw_ms=0 tok_ms=18 prompt=26423 hit=26072 ckpt=-1 pf=351 pf_ms=181 dec=246 dec_ms=1031 cb_ms=0 rounds=47 tps=238.6 end=eos gw=0 yields=0 slot=0 t=69301 md4=73 md5=24 md6=11 md7=0 mprom=2 mdem=0 gch=34,41,40,34,141,63,63,14 gnh=59,87,54,47,97,44,36,6 glf=396,355,315,281,140,77,14 gla=354,284,230,183,86,42,6 phd=221.3 phv=748.7 phs=216 phwn=1,2,1,7,22,11,0 phwm=16.4,33.6,15.6,111.6,374.4,197.2,0.0 sfxm=60.4 sfxn=3 phfd=0.0 sfx=19,129 bat=1.0,0
[http] POST /v1/messages -> 200
[timing] render 0.6ms encode 17.9ms (112243 chars -> 26723 toks)
[gen] prompt=26723 prefix_hit=26416 snap=26416 ckpt=-1 pfx=0
[gen-done] eos: 54 tokens in 0.2s (266.4 t/s), n_max=64000
[req] rid=38 api=anth conv=acd0754585fa03b9 qw_ms=0 tok_ms=19 prompt=26723 hit=26416 ckpt=-1 pf=307 pf_ms=169 dec=54 dec_ms=203 cb_ms=0 rounds=9 tps=266.4 end=eos gw=0 yields=0 slot=0 t=69709 md4=73 md5=24 md6=18 md7=1 mprom=3 mdem=0 gch=34,41,40,34,143,63,68,14 gnh=59,87,56,47,97,44,41,6 glf=403,362,322,288,145,82,14 gla=361,291,235,188,91,47,6 phd=39.8 phv=121.7 phs=40 phwn=0,0,0,2,0,5,0 phwm=0.0,0.0,0.0,31.9,0.0,89.7,0.0 sfxm=41.1 sfxn=2 phfd=0.0 sfx=21,145 bat=1.0,0
[http] POST /v1/messages -> 200
[timing] render 0.6ms encode 18.0ms (113568 chars -> 27065 toks)
[gen] prompt=27065 prefix_hit=26716 snap=26716 ckpt=-1 pfx=0
[gen-done] eos: 390 tokens in 2.1s (181.9 t/s), n_max=64000
[req] rid=39 api=anth conv=acd0754585fa03b9 qw_ms=0 tok_ms=19 prompt=27065 hit=26716 ckpt=-1 pf=349 pf_ms=182 dec=390 dec_ms=2144 cb_ms=0 rounds=100 tps=181.9 end=eos gw=0 yields=0 slot=0 t=72063 md4=73 md5=69 md6=53 md7=16 mprom=3 mdem=2 gch=38,49,47,46,150,90,93,17 gnh=68,106,70,67,101,62,48,8 glf=492,443,396,350,200,110,17 gla=443,356,286,219,118,56,8 phd=428.3 phv=1574.9 phs=435 phwn=12,7,12,7,27,25,3 phwm=190.8,118.1,186.9,111.9,460.8,447.6,58.8 sfxm=139.9 sfxn=7 phfd=0.0 sfx=28,177 bat=1.0,0
[http] POST /v1/messages -> 200
[timing] render 0.0ms encode 1.7ms (9063 chars -> 2593 toks)
[gen] prompt=2593 prefix_hit=0 snap=0 ckpt=-1 pfx=0
[timing] render 0.8ms encode 19.3ms (108208 chars -> 25840 toks)
[gen-done] eos: 18 tokens in 0.1s (194.8 t/s), n_max=64000
[req] rid=40 api=anth conv=edaab0c0ba191ff8 qw_ms=0 tok_ms=2 prompt=2593 hit=0 ckpt=-1 pf=2593 pf_ms=727 dec=18 dec_ms=92 cb_ms=0 rounds=5 tps=194.8 end=eos gw=0 yields=0 slot=0 t=74066 md4=5 md5=0 md6=0 md7=0 mprom=0 mdem=0 gch=38,50,47,47,153,90,93,17 gnh=68,107,70,69,103,62,48,8 glf=497,447,400,353,200,110,17 gla=448,360,290,221,118,56,8 phd=17.0 phv=75.3 phs=18 phwn=1,0,1,3,0,0,0 phwm=14.1,0.0,15.0,46.2,0.0,0.0,0.0 sfxm=0.0 sfxn=0 phfd=0.0 sfx=28,177 bat=1.0,0
[http] POST /v1/messages -> 200
[gen] prompt=25840 prefix_hit=0 snap=0 ckpt=-1 pfx=0
[gen-done] eos: 109 tokens in 0.5s (203.8 t/s), n_max=64000
[req] rid=41 api=anth conv=1bbbdfe083db478b qw_ms=791 tok_ms=20 prompt=25840 hit=0 ckpt=-1 pf=25840 pf_ms=7743 dec=109 dec_ms=535 cb_ms=0 rounds=27 tps=203.8 end=eos gw=0 yields=0 slot=0 t=82345 md4=25 md5=2 md6=0 md7=0 mprom=1 mdem=0 gch=41,51,48,50,170,92,93,17 gnh=70,111,72,72,117,64,48,8 glf=521,470,422,372,202,110,17 gla=471,381,309,237,120,56,8 phd=101.5 phv=433.1 phs=98 phwn=4,1,3,17,2,0,0 phwm=64.6,16.8,46.6,271.1,34.0,0.0,0.0 sfxm=0.0 sfxn=0 phfd=0.0 sfx=28,177 bat=1.0,0
[http] POST /v1/messages -> 200
[timing] render 0.6ms encode 20.4ms (129469 chars -> 31905 toks)
[gen] prompt=31905 prefix_hit=25833 snap=25833 ckpt=-1 pfx=0
[gen-done] eos: 58 tokens in 0.3s (196.5 t/s), n_max=64000
[req] rid=42 api=anth conv=1bbbdfe083db478b qw_ms=0 tok_ms=21 prompt=31905 hit=25833 ckpt=-1 pf=6072 pf_ms=2080 dec=58 dec_ms=295 cb_ms=0 rounds=14 tps=196.5 end=eos gw=0 yields=0 slot=0 t=84756 md4=25 md5=15 md6=0 md7=0 mprom=1 mdem=0 gch=43,52,49,50,170,101,93,17 gnh=71,114,74,72,117,71,48,8 glf=532,480,431,381,211,110,17 gla=481,390,316,244,127,56,8 phd=53.5 phv=221.3 phs=52 phwn=3,1,0,0,9,0,0 phwm=49.4,17.3,0.0,0.0,154.6,0.0,0.0 sfxm=20.2 sfxn=1 phfd=0.0 sfx=29,182 bat=1.0,0
[http] POST /v1/messages -> 200
[timing] render 0.6ms encode 24.4ms (156398 chars -> 39684 toks)
[gen] prompt=39684 prefix_hit=31898 snap=31898 ckpt=-1 pfx=0
[gen-done] eos: 253 tokens in 1.4s (183.5 t/s), n_max=64000
[req] rid=43 api=anth conv=1bbbdfe083db478b qw_ms=0 tok_ms=25 prompt=39684 hit=31898 ckpt=-1 pf=7786 pf_ms=2817 dec=253 dec_ms=1379 cb_ms=0 rounds=67 tps=183.5 end=eos gw=0 yields=0 slot=0 t=88989 md4=25 md5=82 md6=0 md7=0 mprom=1 mdem=0 gch=54,58,57,55,177,130,93,17 gnh=81,125,85,78,125,91,48,8 glf=587,529,472,417,240,110,17 gla=531,435,350,272,147,56,8 phd=254.0 phv=1104.2 phs=247 phwn=17,8,5,7,29,0,0 phwm=280.4,139.5,78.0,111.5,494.8,0.0,0.0 sfxm=19.7 sfxn=1 phfd=0.0 sfx=30,189 bat=1.0,0
[http] POST /v1/messages -> 200
[timing] render 0.6ms encode 25.0ms (160376 chars -> 41113 toks)
[gen] prompt=41113 prefix_hit=39677 snap=39677 ckpt=-1 pfx=0
[gen-done] eos: 63 tokens in 0.3s (223.0 t/s), n_max=64000
[req] rid=44 api=anth conv=1bbbdfe083db478b qw_ms=1 tok_ms=26 prompt=41113 hit=39677 ckpt=-1 pf=1436 pf_ms=575 dec=63 dec_ms=282 cb_ms=0 rounds=13 tps=223.0 end=eos gw=0 yields=0 slot=0 t=89892 md4=25 md5=95 md6=0 md7=0 mprom=1 mdem=0 gch=55,58,57,55,177,142,93,17 gnh=81,126,87,78,127,99,48,8 glf=599,541,484,429,252,110,17 gla=543,447,360,282,155,56,8 phd=62.8 phv=219.5 phs=61 phwn=1,0,0,0,12,0,0 phwm=16.8,0.0,0.0,0.0,202.7,0.0,0.0 sfxm=0.0 sfxn=0 phfd=0.0 sfx=30,189 bat=1.0,0
[http] POST /v1/messages -> 200
[timing] render 0.6ms encode 24.6ms (160729 chars -> 41208 toks)
[gen] prompt=41208 prefix_hit=41106 snap=41106 ckpt=-1 pfx=0
[gen-done] eos: 44 tokens in 0.2s (242.8 t/s), n_max=64000
[req] rid=45 api=anth conv=1bbbdfe083db478b qw_ms=0 tok_ms=25 prompt=41208 hit=41106 ckpt=-1 pf=102 pf_ms=105 dec=44 dec_ms=181 cb_ms=0 rounds=8 tps=242.8 end=eos gw=0 yields=0 slot=0 t=90245 md4=25 md5=98 md6=5 md7=0 mprom=2 mdem=0 gch=55,58,57,55,177,145,97,17 gnh=81,127,87,79,128,102,49,8 glf=606,548,491,436,259,114,17 gla=550,453,366,287,159,57,8 phd=39.6 phv=121.6 phs=40 phwn=0,0,0,0,3,4,0 phwm=0.0,0.0,0.0,0.0,50.6,71.0,0.0 sfxm=19.9 sfxn=1 phfd=0.0 sfx=31,198 bat=1.0,0
[http] POST /v1/messages -> 200
[timing] render 0.6ms encode 25.2ms (161516 chars -> 41443 toks)
[gen] prompt=41443 prefix_hit=41201 snap=41201 ckpt=-1 pfx=0
[gen-done] eos: 231 tokens in 1.1s (212.2 t/s), n_max=64000
[req] rid=46 api=anth conv=1bbbdfe083db478b qw_ms=0 tok_ms=26 prompt=41443 hit=41201 ckpt=-1 pf=242 pf_ms=146 dec=231 dec_ms=1089 cb_ms=0 rounds=51 tps=212.2 end=eos gw=0 yields=0 slot=0 t=91517 md4=25 md5=122 md6=32 md7=0 mprom=3 mdem=1 gch=57,63,62,59,181,163,107,17 gnh=85,137,92,86,130,119,52,8 glf=652,589,527,468,287,124,17 gla=593,487,395,309,179,60,8 phd=218.9 phv=807.7 phs=215 phwn=7,5,4,4,18,10,0 phwm=113.4,87.6,61.9,63.2,303.9,177.7,0.0 sfxm=61.4 sfxn=3 phfd=0.0 sfx=34,232 bat=1.0,0
[http] POST /v1/messages -> 200
[timing] render 0.6ms encode 24.9ms (163174 chars -> 41814 toks)
[gen] prompt=41814 prefix_hit=41436 snap=41436 ckpt=-1 pfx=0
[gen-done] eos: 54 tokens in 0.3s (208.8 t/s), n_max=64000
[req] rid=47 api=anth conv=1bbbdfe083db478b qw_ms=1 tok_ms=26 prompt=41814 hit=41436 ckpt=-1 pf=378 pf_ms=199 dec=54 dec_ms=259 cb_ms=0 rounds=12 tps=208.8 end=eos gw=0 yields=0 slot=0 t=92020 md4=25 md5=122 md6=42 md7=0 mprom=3 mdem=1 gch=57,65,62,59,182,163,113,17 gnh=85,139,94,86,130,119,57,8 glf=661,596,534,475,293,130,17 gla=602,494,400,314,184,65,8 phd=44.5 phv=154.5 phs=45 phwn=2,0,0,1,0,6,0 phwm=31.9,0.0,0.0,15.8,0.0,106.8,0.0 sfxm=59.4 sfxn=3 phfd=0.0 sfx=37,244 bat=1.0,0
[http] POST /v1/messages -> 200
[timing] render 0.7ms encode 26.0ms (163888 chars -> 42005 toks)
[gen] prompt=42005 prefix_hit=41807 snap=41807 ckpt=-1 pfx=0
[gen-done] eos: 258 tokens in 1.5s (175.1 t/s), n_max=64000
[req] rid=48 api=anth conv=1bbbdfe083db478b qw_ms=1 tok_ms=27 prompt=42005 hit=41807 ckpt=-1 pf=198 pf_ms=134 dec=258 dec_ms=1473 cb_ms=0 rounds=71 tps=175.1 end=eos gw=0 yields=0 slot=0 t=93667 md4=25 md5=179 md6=56 md7=0 mprom=3 mdem=2 gch=61,77,71,64,187,196,116,17 gnh=93,155,108,94,137,135,59,8 glf=728,651,580,516,329,133,17 gla=664,541,433,339,202,67,8 phd=288.2 phv=1184.3 phs=284 phwn=16,9,5,5,33,3,0 phwm=259.1,158.1,77.2,79.2,557.4,53.3,0.0 sfxm=0.0 sfxn=0 phfd=0.0 sfx=37,244 bat=1.0,0
[http] POST /v1/messages -> 200
[timing] render 0.0ms encode 0.9ms (2484 chars -> 602 toks)
[gen] prompt=602 prefix_hit=0 snap=0 ckpt=-1 pfx=0
[timing] render 0.8ms encode 17.0ms (101728 chars -> 23884 toks)
[gen-done] eos: 17 tokens in 0.1s (154.9 t/s), n_max=64000
[req] rid=49 api=anth conv=ac5a6fae3dd48243 qw_ms=0 tok_ms=1 prompt=602 hit=0 ckpt=-1 pf=602 pf_ms=202 dec=17 dec_ms=110 cb_ms=0 rounds=6 tps=154.9 end=eos gw=0 yields=0 slot=0 t=95105 md4=6 md5=0 md6=0 md7=0 mprom=0 mdem=0 gch=62,77,71,64,192,196,116,17 gnh=95,156,108,94,140,135,59,8 glf=733,656,585,521,329,133,17 gla=668,544,436,342,202,67,8 phd=18.5 phv=91.1 phs=21 phwn=1,0,0,5,0,0,0 phwm=14.7,0.0,0.0,76.4,0.0,0.0,0.0 sfxm=0.0 sfxn=0 phfd=0.0 sfx=37,244 bat=1.0,0
[http] POST /v1/messages -> 200
[gen] prompt=23884 prefix_hit=0 snap=0 ckpt=-1 pfx=0
[gen-done] eos: 150 tokens in 1.0s (144.5 t/s), n_max=64000
[req] rid=50 api=anth conv=2b9b70e583c005dd qw_ms=285 tok_ms=18 prompt=23884 hit=0 ckpt=-1 pf=23884 pf_ms=7102 dec=150 dec_ms=1038 cb_ms=0 rounds=54 tps=144.5 end=eos gw=0 yields=0 slot=0 t=103247 md4=54 md5=0 md6=0 md7=0 mprom=0 mdem=0 gch=69,80,82,71,218,196,116,17 gnh=110,167,118,99,153,135,59,8 glf=780,700,618,547,329,133,17 gla=704,572,454,355,202,67,8 phd=173.2 phv=864.2 phs=178 phwn=10,11,7,26,0,0,0 phwm=160.1,182.2,108.5,413.4,0.0,0.0,0.0 sfxm=0.0 sfxn=0 phfd=0.0 sfx=37,244 bat=1.0,0
[http] POST /v1/messages -> 200
[timing] render 0.4ms encode 11.0ms (66419 chars -> 15705 toks)
[gen] prompt=15705 prefix_hit=0 snap=0 ckpt=-1 pfx=0
[drift] recovered=1 modes=1
[tool-fallback] 1 bare call(s) recovered (stream)
[gen-done] eos: 191 tokens in 1.1s (173.8 t/s), n_max=32000
[sample-stats] T=1.000 top_p=1.000: 3.351 tokens/round (191 tok/57 rounds)
[req] rid=51 api=anth conv=41e4cd3d12b610ba qw_ms=0 tok_ms=11 prompt=15705 hit=0 ckpt=-1 pf=15705 pf_ms=4518 dec=191 dec_ms=1099 cb_ms=0 rounds=57 tps=173.8 end=eos gw=0 yields=0 slot=0 t=108887 md4=0 md5=0 md6=0 md7=0 mprom=0 mdem=0 gch=69,80,82,71,218,196,116,17 gnh=110,167,118,99,153,135,59,8 glf=780,700,618,547,329,133,17 gla=704,572,454,355,202,67,8 phd=0.0 phv=0.0 phs=0 phwn=0,0,0,0,0,0,0 phwm=0.0,0.0,0.0,0.0,0.0,0.0,0.0 sfxm=0.0 sfxn=0 phfd=0.0 sfx=37,244 bat=1.0,0
[drift] recovered=1 modes=16
[tool-fallback] 1 bare call(s) recovered (stream)
[http] POST /v1/messages -> 200
[timing] render 0.4ms encode 11.3ms (68630 chars -> 16241 toks)
[gen] prompt=16241 prefix_hit=15698 snap=15698 ckpt=-1 pfx=0
[gen-done] eos: 58 tokens in 0.3s (225.8 t/s), n_max=32000
[sample-stats] T=1.000 top_p=1.000: 4.462 tokens/round (58 tok/13 rounds)
[req] rid=52 api=anth conv=41e4cd3d12b610ba qw_ms=0 tok_ms=12 prompt=16241 hit=15698 ckpt=-1 pf=543 pf_ms=218 dec=58 dec_ms=257 cb_ms=0 rounds=13 tps=225.8 end=eos gw=0 yields=0 slot=0 t=109385 md4=0 md5=0 md6=0 md7=0 mprom=0 mdem=0 gch=69,80,82,71,218,196,116,17 gnh=110,167,118,99,153,135,59,8 glf=780,700,618,547,329,133,17 gla=704,572,454,355,202,67,8 phd=0.0 phv=0.0 phs=0 phwn=0,0,0,0,0,0,0 phwm=0.0,0.0,0.0,0.0,0.0,0.0,0.0 sfxm=0.0 sfxn=0 phfd=0.0 sfx=37,244 bat=1.0,0
[http] POST /v1/messages -> 200
[timing] render 0.6ms encode 12.1ms (69085 chars -> 16353 toks)
[gen] prompt=16353 prefix_hit=16234 snap=16234 ckpt=-1 pfx=0
[gen-done] eos: 133 tokens in 0.8s (169.8 t/s), n_max=32000
[sample-stats] T=1.000 top_p=1.000: 3.244 tokens/round (133 tok/41 rounds)
[req] rid=53 api=anth conv=41e4cd3d12b610ba qw_ms=0 tok_ms=13 prompt=16353 hit=16234 ckpt=-1 pf=119 pf_ms=100 dec=133 dec_ms=783 cb_ms=0 rounds=41 tps=169.8 end=eos gw=0 yields=0 slot=0 t=110296 md4=0 md5=0 md6=0 md7=0 mprom=0 mdem=0 gch=69,80,82,71,218,196,116,17 gnh=110,167,118,99,153,135,59,8 glf=780,700,618,547,329,133,17 gla=704,572,454,355,202,67,8 phd=0.0 phv=0.0 phs=0 phwn=0,0,0,0,0,0,0 phwm=0.0,0.0,0.0,0.0,0.0,0.0,0.0 sfxm=0.0 sfxn=0 phfd=0.0 sfx=37,244 bat=1.0,0
[http] POST /v1/messages -> 200
[timing] render 0.4ms encode 12.9ms (77870 chars -> 19078 toks)
[gen] prompt=19078 prefix_hit=16346 snap=16346 ckpt=-1 pfx=0
[gen-done] eos: 74 tokens in 0.3s (222.2 t/s), n_max=32000
[sample-stats] T=1.000 top_p=1.000: 4.353 tokens/round (74 tok/17 rounds)
[req] rid=54 api=anth conv=41e4cd3d12b610ba qw_ms=0 tok_ms=13 prompt=19078 hit=16346 ckpt=-1 pf=2732 pf_ms=894 dec=74 dec_ms=333 cb_ms=0 rounds=17 tps=222.2 end=eos gw=0 yields=0 slot=0 t=111551 md4=0 md5=0 md6=0 md7=0 mprom=0 mdem=0 gch=69,80,82,71,218,196,116,17 gnh=110,167,118,99,153,135,59,8 glf=780,700,618,547,329,133,17 gla=704,572,454,355,202,67,8 phd=0.0 phv=0.0 phs=0 phwn=0,0,0,0,0,0,0 phwm=0.0,0.0,0.0,0.0,0.0,0.0,0.0 sfxm=0.0 sfxn=0 phfd=0.0 sfx=37,244 bat=1.0,0
[http] POST /v1/messages -> 200
[timing] render 0.4ms encode 13.8ms (78411 chars -> 19221 toks)
[gen] prompt=19221 prefix_hit=19071 snap=19071 ckpt=-1 pfx=0
[gen-done] eos: 44 tokens in 0.2s (224.1 t/s), n_max=32000
[sample-stats] T=1.000 top_p=1.000: 4.400 tokens/round (44 tok/10 rounds)
[req] rid=55 api=anth conv=41e4cd3d12b610ba qw_ms=0 tok_ms=14 prompt=19221 hit=19071 ckpt=-1 pf=150 pf_ms=111 dec=44 dec_ms=196 cb_ms=0 rounds=10 tps=224.1 end=eos gw=0 yields=0 slot=0 t=111888 md4=0 md5=0 md6=0 md7=0 mprom=0 mdem=0 gch=69,80,82,71,218,196,116,17 gnh=110,167,118,99,153,135,59,8 glf=780,700,618,547,329,133,17 gla=704,572,454,355,202,67,8 phd=0.0 phv=0.0 phs=0 phwn=0,0,0,0,0,0,0 phwm=0.0,0.0,0.0,0.0,0.0,0.0,0.0 sfxm=0.0 sfxn=0 phfd=0.0 sfx=37,244 bat=1.0,0
[http] POST /v1/messages -> 200
[timing] render 0.4ms encode 12.9ms (80506 chars -> 19906 toks)
[gen] prompt=19906 prefix_hit=19214 snap=19214 ckpt=-1 pfx=0
[gen-done] eos: 1087 tokens in 5.9s (182.9 t/s), n_max=32000
[sample-stats] T=1.000 top_p=1.000: 3.541 tokens/round (1087 tok/307 rounds)
[req] rid=56 api=anth conv=41e4cd3d12b610ba qw_ms=0 tok_ms=13 prompt=19906 hit=19214 ckpt=-1 pf=692 pf_ms=267 dec=1087 dec_ms=5944 cb_ms=0 rounds=307 tps=182.9 end=eos gw=0 yields=0 slot=0 t=118129 md4=0 md5=0 md6=0 md7=0 mprom=0 mdem=0 gch=69,80,82,71,218,196,116,17 gnh=110,167,118,99,153,135,59,8 glf=780,700,618,547,329,133,17 gla=704,572,454,355,202,67,8 phd=0.0 phv=0.0 phs=0 phwn=0,0,0,0,0,0,0 phwm=0.0,0.0,0.0,0.0,0.0,0.0,0.0 sfxm=0.0 sfxn=0 phfd=0.0 sfx=37,244 bat=1.0,0
[http] POST /v1/messages -> 200
[timing] render 0.6ms encode 17.2ms (105859 chars -> 25136 toks)
[gen] prompt=25136 prefix_hit=0 snap=0 ckpt=-1 pfx=0
[gen-done] eos: 43 tokens in 0.2s (198.8 t/s), n_max=64000
[req] rid=57 api=anth conv=2b9b70e583c005dd qw_ms=0 tok_ms=18 prompt=25136 hit=0 ckpt=-1 pf=25136 pf_ms=7499 dec=43 dec_ms=216 cb_ms=0 rounds=11 tps=198.8 end=eos gw=0 yields=0 slot=0 t=125879 md4=11 md5=0 md6=0 md7=0 mprom=0 mdem=0 gch=70,81,82,71,227,196,116,17 gnh=110,169,119,101,159,135,59,8 glf=790,709,627,556,329,133,17 gla=714,581,462,361,202,67,8 phd=40.7 phv=175.4 phs=39 phwn=2,0,0,9,0,0,0 phwm=31.9,0.0,0.0,143.5,0.0,0.0,0.0 sfxm=0.0 sfxn=0 phfd=0.0 sfx=37,244 bat=1.0,0
[http] POST /v1/messages -> 200
[timing] render 0.8ms encode 18.2ms (112844 chars -> 27339 toks)
[gen] prompt=27339 prefix_hit=25129 snap=25129 ckpt=-1 pfx=0
[gen-done] eos: 76 tokens in 0.4s (205.4 t/s), n_max=64000
[req] rid=58 api=anth conv=2b9b70e583c005dd qw_ms=0 tok_ms=19 prompt=27339 hit=25129 ckpt=-1 pf=2210 pf_ms=794 dec=76 dec_ms=370 cb_ms=0 rounds=18 tps=205.4 end=eos gw=0 yields=0 slot=0 t=127074 md4=23 md5=6 md6=0 md7=0 mprom=1 mdem=0 gch=70,81,86,71,237,199,116,17 gnh=110,171,123,103,167,136,59,8 glf=807,726,640,569,332,133,17 gla=731,596,473,370,203,67,8 phd=71.0 phv=278.8 phs=69 phwn=0,4,0,10,3,0,0 phwm=0.0,67.6,0.0,160.0,51.2,0.0,0.0 sfxm=19.9 sfxn=1 phfd=0.0 sfx=38,253 bat=1.0,0
[http] POST /v1/messages -> 200
[timing] render 0.6ms encode 19.4ms (115036 chars -> 28042 toks)
[gen] prompt=28042 prefix_hit=27332 snap=27332 ckpt=-1 pfx=0
[gen-done] eos: 316 tokens in 1.6s (192.2 t/s), n_max=64000
[req] rid=59 api=anth conv=2b9b70e583c005dd qw_ms=1 tok_ms=20 prompt=28042 hit=27332 ckpt=-1 pf=710 pf_ms=283 dec=316 dec_ms=1644 cb_ms=0 rounds=79 tps=192.2 end=eos gw=0 yields=0 slot=0 t=129034 md4=23 md5=83 md6=0 md7=0 mprom=1 mdem=0 gch=76,88,94,79,241,242,116,17 gnh=118,187,132,110,176,163,59,8 glf=877,789,695,616,375,133,17 gla=795,648,516,406,230,67,8 phd=314.2 phv=1268.0 phs=311 phwn=13,8,8,4,43,0,0 phwm=208.9,135.7,124.9,64.0,734.5,0.0,0.0 sfxm=61.3 sfxn=3 phfd=0.0 sfx=41,269 bat=1.0,0
[http] POST /v1/messages -> 200
[timing] render 0.6ms encode 19.2ms (116356 chars -> 28407 toks)
[gen] prompt=28407 prefix_hit=28035 snap=28035 ckpt=-1 pfx=0
[gen-done] eos: 49 tokens in 0.2s (213.1 t/s), n_max=64000
[req] rid=60 api=anth conv=2b9b70e583c005dd qw_ms=0 tok_ms=20 prompt=28407 hit=28035 ckpt=-1 pf=372 pf_ms=187 dec=49 dec_ms=230 cb_ms=0 rounds=11 tps=213.1 end=eos gw=0 yields=0 slot=0 t=129502 md4=23 md5=92 md6=0 md7=0 mprom=1 mdem=0 gch=76,89,95,79,241,248,116,17 gnh=119,188,133,110,176,168,59,8 glf=885,796,701,622,381,133,17 gla=802,654,521,411,235,67,8 phd=34.0 phv=135.1 phs=35 phwn=1,1,0,0,6,0,0 phwm=15.7,17.0,0.0,0.0,102.4,0.0,0.0 sfxm=60.7 sfxn=3 phfd=0.0 sfx=44,284 bat=1.0,0
[http] POST /v1/messages -> 200
[timing] render 0.6ms encode 20.1ms (117697 chars -> 28779 toks)
[gen] prompt=28779 prefix_hit=28400 snap=28400 ckpt=-1 pfx=0
[gen-done] eos: 240 tokens in 1.5s (158.9 t/s), n_max=64000
[req] rid=61 api=anth conv=2b9b70e583c005dd qw_ms=1 tok_ms=21 prompt=28779 hit=28400 ckpt=-1 pf=379 pf_ms=182 dec=240 dec_ms=1510 cb_ms=0 rounds=73 tps=158.9 end=eos gw=0 yields=0 slot=0 t=131232 md4=23 md5=139 md6=24 md7=0 mprom=2 mdem=1 gch=85,97,103,84,242,277,124,17 gnh=135,212,140,114,177,179,64,8 glf=944,847,744,660,418,141,17 gla=850,682,542,428,251,72,8 phd=262.3 phv=1145.1 phs=270 phwn=17,8,5,1,29,8,0 phwm=274.9,136.2,78.3,16.0,496.0,143.7,0.0 sfxm=102.0 sfxn=5 phfd=0.0 sfx=49,321 bat=1.0,0
[http] POST /v1/messages -> 200
[timing] render 0.0ms encode 0.9ms (2295 chars -> 564 toks)
[gen] prompt=564 prefix_hit=0 snap=0 ckpt=-1 pfx=0
[timing] render 0.6ms encode 17.8ms (101571 chars -> 23846 toks)
[gen-done] eos: 11 tokens in 0.1s (195.0 t/s), n_max=64000
[req] rid=62 api=anth conv=3c84b998906336c6 qw_ms=0 tok_ms=1 prompt=564 hit=0 ckpt=-1 pf=564 pf_ms=188 dec=11 dec_ms=56 cb_ms=0 rounds=3 tps=195.0 end=eos gw=0 yields=0 slot=0 t=133304 md4=3 md5=0 md6=0 md7=0 mprom=0 mdem=0 gch=85,97,103,85,244,277,124,17 gnh=135,212,141,114,179,179,64,8 glf=947,850,747,662,418,141,17 gla=853,685,544,430,251,72,8 phd=10.8 phv=45.5 phs=12 phwn=0,0,1,2,0,0,0 phwm=0.0,0.0,14.9,30.6,0.0,0.0,0.0 sfxm=0.0 sfxn=0 phfd=0.0 sfx=49,321 bat=1.0,0
[http] POST /v1/messages -> 200
[gen] prompt=23846 prefix_hit=0 snap=0 ckpt=-1 pfx=0
[gen-done] eos: 228 tokens in 1.5s (152.6 t/s), n_max=64000
[req] rid=63 api=anth conv=f3a5cdbd7ecf605b qw_ms=218 tok_ms=18 prompt=23846 hit=0 ckpt=-1 pf=23846 pf_ms=7077 dec=228 dec_ms=1494 cb_ms=0 rounds=78 tps=152.6 end=eos gw=0 yields=0 slot=0 t=141876 md4=78 md5=0 md6=0 md7=0 mprom=0 mdem=0 gch=96,105,114,97,280,277,124,17 gnh=151,230,155,128,195,179,64,8 glf=1014,909,795,698,418,141,17 gla=912,729,574,446,251,72,8 phd=250.5 phv=1242.8 phs=252 phwn=19,11,12,36,0,0,0 phwm=302.3,182.1,186.0,572.4,0.0,0.0,0.0 sfxm=0.0 sfxn=0 phfd=0.0 sfx=49,321 bat=1.0,0
[http] POST /v1/messages -> 200
[timing] render 0.4ms encode 11.0ms (66665 chars -> 15760 toks)
[gen] prompt=15760 prefix_hit=0 snap=0 ckpt=-1 pfx=0
[drift] recovered=1 modes=1
[tool-fallback] 1 bare call(s) recovered (stream)
[drift] recovered=1 modes=1
[tool-fallback] 1 bare call(s) recovered (stream)
[gen-done] eos: 115 tokens in 0.5s (216.5 t/s), n_max=32000
[sample-stats] T=1.000 top_p=1.000: 4.259 tokens/round (115 tok/27 rounds)
[req] rid=64 api=anth conv=e78a8e0fb75b80ef qw_ms=0 tok_ms=11 prompt=15760 hit=0 ckpt=-1 pf=15760 pf_ms=4531 dec=115 dec_ms=531 cb_ms=0 rounds=27 tps=216.5 end=eos gw=0 yields=0 slot=0 t=146962 md4=0 md5=0 md6=0 md7=0 mprom=0 mdem=0 gch=96,105,114,97,280,277,124,17 gnh=151,230,155,128,195,179,64,8 glf=1014,909,795,698,418,141,17 gla=912,729,574,446,251,72,8 phd=0.0 phv=0.0 phs=0 phwn=0,0,0,0,0,0,0 phwm=0.0,0.0,0.0,0.0,0.0,0.0,0.0 sfxm=0.0 sfxn=0 phfd=0.0 sfx=49,321 bat=1.0,0
[http] POST /v1/messages -> 200
[timing] render 0.4ms encode 12.0ms (67493 chars -> 15969 toks)
[gen] prompt=15969 prefix_hit=15753 snap=15753 ckpt=-1 pfx=0
[gen-done] eos: 87 tokens in 0.5s (173.6 t/s), n_max=32000
[sample-stats] T=1.000 top_p=1.000: 3.346 tokens/round (87 tok/26 rounds)
[req] rid=65 api=anth conv=e78a8e0fb75b80ef qw_ms=0 tok_ms=12 prompt=15969 hit=15753 ckpt=-1 pf=216 pf_ms=127 dec=87 dec_ms=501 cb_ms=0 rounds=26 tps=173.6 end=eos gw=0 yields=0 slot=0 t=147610 md4=0 md5=0 md6=0 md7=0 mprom=0 mdem=0 gch=96,105,114,97,280,277,124,17 gnh=151,230,155,128,195,179,64,8 glf=1014,909,795,698,418,141,17 gla=912,729,574,446,251,72,8 phd=0.0 phv=0.0 phs=0 phwn=0,0,0,0,0,0,0 phwm=0.0,0.0,0.0,0.0,0.0,0.0,0.0 sfxm=0.0 sfxn=0 phfd=0.0 sfx=49,321 bat=1.0,0
[http] POST /v1/messages -> 200
[timing] render 0.4ms encode 11.3ms (67980 chars -> 16097 toks)
[gen] prompt=16097 prefix_hit=15962 snap=15962 ckpt=-1 pfx=0
[http] POST /v1/messages/count_tokens -> 200
[gen-done] eos: 91 tokens in 0.4s (243.8 t/s), n_max=32000
[sample-stats] T=1.000 top_p=1.000: 4.789 tokens/round (91 tok/19 rounds)
[req] rid=66 api=anth conv=e78a8e0fb75b80ef qw_ms=0 tok_ms=12 prompt=16097 hit=15962 ckpt=-1 pf=135 pf_ms=102 dec=91 dec_ms=373 cb_ms=0 rounds=19 tps=243.8 end=eos gw=0 yields=0 slot=0 t=148133 md4=0 md5=0 md6=0 md7=0 mprom=0 mdem=0 gch=96,105,114,97,280,277,124,17 gnh=151,230,155,128,195,179,64,8 glf=1014,909,795,698,418,141,17 gla=912,729,574,446,251,72,8 phd=0.0 phv=0.0 phs=0 phwn=0,0,0,0,0,0,0 phwm=0.0,0.0,0.0,0.0,0.0,0.0,0.0 sfxm=0.0 sfxn=0 phfd=0.0 sfx=49,321 bat=1.0,0
[http] POST /v1/messages -> 200
[timing] render 0.4ms encode 19.6ms (124289 chars -> 32369 toks)
[gen] prompt=32369 prefix_hit=16090 snap=16090 ckpt=-1 pfx=0
[gen-done] eos: 101 tokens in 0.6s (160.2 t/s), n_max=32000
[sample-stats] T=1.000 top_p=1.000: 3.061 tokens/round (101 tok/33 rounds)
[req] rid=67 api=anth conv=e78a8e0fb75b80ef qw_ms=0 tok_ms=20 prompt=32369 hit=16090 ckpt=-1 pf=16279 pf_ms=5333 dec=101 dec_ms=630 cb_ms=0 rounds=33 tps=160.2 end=eos gw=0 yields=0 slot=0 t=154128 md4=0 md5=0 md6=0 md7=0 mprom=0 mdem=0 gch=96,105,114,97,280,277,124,17 gnh=151,230,155,128,195,179,64,8 glf=1014,909,795,698,418,141,17 gla=912,729,574,446,251,72,8 phd=0.0 phv=0.0 phs=0 phwn=0,0,0,0,0,0,0 phwm=0.0,0.0,0.0,0.0,0.0,0.0,0.0 sfxm=0.0 sfxn=0 phfd=0.0 sfx=49,321 bat=1.0,0
[http] POST /v1/messages -> 200
[timing] render 0.4ms encode 19.5ms (124895 chars -> 32522 toks)
[gen] prompt=32522 prefix_hit=32362 snap=32362 ckpt=-1 pfx=0
[gen-done] eos: 137 tokens in 0.6s (212.7 t/s), n_max=32000
[sample-stats] T=1.000 top_p=1.000: 4.152 tokens/round (137 tok/33 rounds)
[req] rid=68 api=anth conv=e78a8e0fb75b80ef qw_ms=0 tok_ms=20 prompt=32522 hit=32362 ckpt=-1 pf=160 pf_ms=119 dec=137 dec_ms=644 cb_ms=0 rounds=33 tps=212.7 end=eos gw=0 yields=0 slot=0 t=154925 md4=0 md5=0 md6=0 md7=0 mprom=0 mdem=0 gch=96,105,114,97,280,277,124,17 gnh=151,230,155,128,195,179,64,8 glf=1014,909,795,698,418,141,17 gla=912,729,574,446,251,72,8 phd=0.0 phv=0.0 phs=0 phwn=0,0,0,0,0,0,0 phwm=0.0,0.0,0.0,0.0,0.0,0.0,0.0 sfxm=0.0 sfxn=0 phfd=0.0 sfx=49,321 bat=1.0,0
[http] POST /v1/messages -> 200
[timing] render 0.4ms encode 20.0ms (127415 chars -> 33340 toks)
[gen] prompt=33340 prefix_hit=32515 snap=32515 ckpt=-1 pfx=0
[gen-done] eos: 1731 tokens in 10.3s (168.7 t/s), n_max=32000
[sample-stats] T=1.000 top_p=1.000: 3.260 tokens/round (1731 tok/531 rounds)
[req] rid=69 api=anth conv=e78a8e0fb75b80ef qw_ms=0 tok_ms=20 prompt=33340 hit=32515 ckpt=-1 pf=825 pf_ms=337 dec=1731 dec_ms=10260 cb_ms=0 rounds=531 tps=168.7 end=eos gw=0 yields=0 slot=0 t=165557 md4=0 md5=0 md6=0 md7=0 mprom=0 mdem=0 gch=96,105,114,97,280,277,124,17 gnh=151,230,155,128,195,179,64,8 glf=1014,909,795,698,418,141,17 gla=912,729,574,446,251,72,8 phd=0.0 phv=0.0 phs=0 phwn=0,0,0,0,0,0,0 phwm=0.0,0.0,0.0,0.0,0.0,0.0,0.0 sfxm=0.0 sfxn=0 phfd=0.0 sfx=49,321 bat=1.0,0
[http] POST /v1/messages -> 200
[timing] render 0.6ms encode 17.8ms (109530 chars -> 25820 toks)
[gen] prompt=25820 prefix_hit=0 snap=0 ckpt=-1 pfx=0
[gen-done] eos: 114 tokens in 0.6s (187.5 t/s), n_max=64000
[req] rid=70 api=anth conv=f3a5cdbd7ecf605b qw_ms=1 tok_ms=18 prompt=25820 hit=0 ckpt=-1 pf=25820 pf_ms=7737 dec=114 dec_ms=608 cb_ms=0 rounds=31 tps=187.5 end=eos gw=0 yields=0 slot=0 t=173934 md4=31 md5=0 md6=0 md7=0 mprom=0 mdem=0 gch=97,109,117,100,300,277,124,17 gnh=153,236,160,131,210,179,64,8 glf=1044,935,818,718,418,141,17 gla=940,752,592,461,251,72,8 phd=113.5 phv=494.1 phs=110 phwn=5,3,3,20,0,0,0 phwm=78.6,50.3,46.6,318.5,0.0,0.0,0.0 sfxm=0.0 sfxn=0 phfd=0.0 sfx=49,321 bat=1.0,0
[http] POST /v1/messages -> 200
[timing] render 0.8ms encode 18.2ms (112439 chars -> 26583 toks)
[gen] prompt=26583 prefix_hit=25813 snap=25813 ckpt=-1 pfx=0
[gen-done] eos: 272 tokens in 1.2s (223.9 t/s), n_max=64000
[req] rid=71 api=anth conv=f3a5cdbd7ecf605b qw_ms=1 tok_ms=19 prompt=26583 hit=25813 ckpt=-1 pf=770 pf_ms=287 dec=272 dec_ms=1215 cb_ms=0 rounds=59 tps=223.9 end=eos gw=0 yields=0 slot=0 t=175468 md4=61 md5=24 md6=1 md7=0 mprom=2 mdem=0 gch=99,109,121,103,324,294,125,17 gnh=159,239,166,138,224,193,65,8 glf=1093,984,863,760,436,142,17 gla=985,794,628,490,266,73,8 phd=212.7 phv=837.5 phs=213 phwn=2,4,3,24,17,1,0 phwm=32.8,67.3,46.8,383.3,289.4,17.9,0.0 sfxm=164.3 sfxn=8 phfd=0.0 sfx=57,375 bat=1.0,0
[http] POST /v1/messages -> 200
[timing] render 0.6ms encode 18.9ms (113804 chars -> 26910 toks)
[gen] prompt=26910 prefix_hit=26576 snap=26576 ckpt=-1 pfx=0
[gen-done] eos: 107 tokens in 0.6s (193.5 t/s), n_max=64000
[req] rid=72 api=anth conv=f3a5cdbd7ecf605b qw_ms=1 tok_ms=20 prompt=26910 hit=26576 ckpt=-1 pf=334 pf_ms=173 dec=107 dec_ms=553 cb_ms=0 rounds=25 tps=193.5 end=eos gw=0 yields=0 slot=0 t=176232 md4=61 md5=24 md6=25 md7=0 mprom=2 mdem=0 gch=100,110,123,105,326,295,139,17 gnh=160,245,172,140,225,194,71,8 glf=1115,1005,882,777,451,156,17 gla=1007,810,638,498,273,79,8 phd=114.0 phv=397.2 phs=117 phwn=2,2,2,2,1,14,0 phwm=32.1,33.7,31.2,32.1,17.0,251.1,0.0 sfxm=41.3 sfxn=2 phfd=0.0 sfx=59,392 bat=1.0,0
[http] POST /v1/messages -> 200
[timing] render 0.6ms encode 18.7ms (115379 chars -> 27313 toks)
[gen] prompt=27313 prefix_hit=26903 snap=26903 ckpt=-1 pfx=0
[gen-done] eos: 267 tokens in 1.4s (184.9 t/s), n_max=64000
[req] rid=73 api=anth conv=f3a5cdbd7ecf605b qw_ms=0 tok_ms=19 prompt=27313 hit=26903 ckpt=-1 pf=410 pf_ms=190 dec=267 dec_ms=1444 cb_ms=0 rounds=67 tps=184.9 end=eos gw=0 yields=0 slot=0 t=177911 md4=61 md5=44 md6=72 md7=0 mprom=2 mdem=1 gch=106,114,132,108,334,309,162,17 gnh=171,253,182,150,231,204,83,8 glf=1176,1062,930,822,488,179,17 gla=1060,858,676,526,295,91,8 phd=303.3 phv=1139.7 phs=306 phwn=10,9,3,8,14,23,0 phwm=161.4,152.1,46.8,128.0,238.7,412.9,0.0 sfxm=0.0 sfxn=0 phfd=0.0 sfx=59,392 bat=1.0,0
[http] POST /v1/messages -> 200
[timing] render 0.0ms encode 2.1ms (3860 chars -> 1153 toks)
[gen] prompt=1153 prefix_hit=0 snap=0 ckpt=-1 pfx=0
[timing] render 0.9ms encode 19.5ms (103118 chars -> 24430 toks)
[gen-done] eos: 11 tokens in 0.1s (192.5 t/s), n_max=64000
[req] rid=74 api=anth conv=3f5897a6965d5fed qw_ms=0 tok_ms=2 prompt=1153 hit=0 ckpt=-1 pf=1153 pf_ms=353 dec=11 dec_ms=57 cb_ms=0 rounds=3 tps=192.5 end=eos gw=0 yields=0 slot=0 t=179461 md4=3 md5=0 md6=0 md7=0 mprom=0 mdem=0 gch=106,114,132,108,337,309,162,17 gnh=171,253,182,150,234,204,83,8 glf=1179,1065,933,825,488,179,17 gla=1063,861,679,529,295,91,8 phd=11.2 phv=45.9 phs=12 phwn=0,0,0,3,0,0,0 phwm=0.0,0.0,0.0,45.9,0.0,0.0,0.0 sfxm=0.0 sfxn=0 phfd=0.0 sfx=59,392 bat=1.0,0
[http] POST /v1/messages -> 200
[gen] prompt=24430 prefix_hit=0 snap=0 ckpt=-1 pfx=0
[gen-done] eos: 178 tokens in 1.1s (168.3 t/s), n_max=64000
[req] rid=75 api=anth conv=f860b77dcf839f80 qw_ms=380 tok_ms=20 prompt=24430 hit=0 ckpt=-1 pf=24430 pf_ms=7258 dec=178 dec_ms=1058 cb_ms=0 rounds=55 tps=168.3 end=eos gw=0 yields=0 slot=0 t=187778 md4=55 md5=0 md6=0 md7=0 mprom=0 mdem=0 gch=112,122,136,116,366,309,162,17 gnh=181,267,185,157,255,204,83,8 glf=1228,1106,970,854,488,179,17 gla=1105,892,707,550,295,91,8 phd=183.6 phv=873.3 phs=182 phwn=14,4,8,29,0,0,0 phwm=221.5,66.5,124.0,461.3,0.0,0.0,0.0 sfxm=0.0 sfxn=0 phfd=0.0 sfx=59,392 bat=1.0,0
[http] POST /v1/messages -> 200
[timing] render 0.4ms encode 11.0ms (66384 chars -> 15705 toks)
[gen] prompt=15705 prefix_hit=0 snap=0 ckpt=-1 pfx=0
[drift] recovered=1 modes=1
[tool-fallback] 1 bare call(s) recovered (stream)
[gen-done] eos: 294 tokens in 1.5s (190.4 t/s), n_max=32000
[sample-stats] T=1.000 top_p=1.000: 3.675 tokens/round (294 tok/80 rounds)
[req] rid=76 api=anth conv=5bbb55218ab52f01 qw_ms=0 tok_ms=11 prompt=15705 hit=0 ckpt=-1 pf=15705 pf_ms=4521 dec=294 dec_ms=1544 cb_ms=0 rounds=80 tps=190.4 end=eos gw=0 yields=0 slot=0 t=193867 md4=0 md5=0 md6=0 md7=0 mprom=0 mdem=0 gch=112,122,136,116,366,309,162,17 gnh=181,267,185,157,255,204,83,8 glf=1228,1106,970,854,488,179,17 gla=1105,892,707,550,295,91,8 phd=0.0 phv=0.0 phs=0 phwn=0,0,0,0,0,0,0 phwm=0.0,0.0,0.0,0.0,0.0,0.0,0.0 sfxm=0.0 sfxn=0 phfd=0.0 sfx=59,392 bat=1.0,0
[drift] UN-RESCUED (ntools=18) intended tool call: {"name":
</think>

<tool_call>
{"name": "Bash", "arguments": {"command": "grep -rn \"sum_of_weights\\|sumofweights\\|_sum_of_weights\" /workspace --include=\"*.py\" 2>/dev/null | head -30", "description": "Find sum_of_weights references"}}
</tool_call>
{"name": "Bash", "arguments": {"command": "grep -rn \"notnull\\(\\)\" /workspace --include=\"*.py\" 2>/dev/null | head -30", "description": "Find n
[http] POST /v1/messages -> 200
[timing] render 0.4ms encode 11.8ms (67773 chars -> 16084 toks)
[gen] prompt=16084 prefix_hit=15698 snap=15698 ckpt=-1 pfx=0
[gen-done] eos: 32 tokens in 0.2s (203.6 t/s), n_max=32000
[sample-stats] T=1.000 top_p=1.000: 4.000 tokens/round (32 tok/8 rounds)
[req] rid=77 api=anth conv=5bbb55218ab52f01 qw_ms=0 tok_ms=12 prompt=16084 hit=15698 ckpt=-1 pf=386 pf_ms=175 dec=32 dec_ms=157 cb_ms=0 rounds=8 tps=203.6 end=eos gw=0 yields=0 slot=0 t=194219 md4=0 md5=0 md6=0 md7=0 mprom=0 mdem=0 gch=112,122,136,116,366,309,162,17 gnh=181,267,185,157,255,204,83,8 glf=1228,1106,970,854,488,179,17 gla=1105,892,707,550,295,91,8 phd=0.0 phv=0.0 phs=0 phwn=0,0,0,0,0,0,0 phwm=0.0,0.0,0.0,0.0,0.0,0.0,0.0 sfxm=0.0 sfxn=0 phfd=0.0 sfx=59,392 bat=1.0,0
[http] POST /v1/messages -> 200
[timing] render 0.4ms encode 12.6ms (76921 chars -> 18947 toks)
[gen] prompt=18947 prefix_hit=16077 snap=16077 ckpt=-1 pfx=0
[gen-done] eos: 184 tokens in 1.0s (193.1 t/s), n_max=32000
[sample-stats] T=1.000 top_p=1.000: 3.755 tokens/round (184 tok/49 rounds)
[req] rid=78 api=anth conv=5bbb55218ab52f01 qw_ms=0 tok_ms=13 prompt=18947 hit=16077 ckpt=-1 pf=2870 pf_ms=935 dec=184 dec_ms=953 cb_ms=0 rounds=49 tps=193.1 end=eos gw=0 yields=0 slot=0 t=196130 md4=0 md5=0 md6=0 md7=0 mprom=0 mdem=0 gch=112,122,136,116,366,309,162,17 gnh=181,267,185,157,255,204,83,8 glf=1228,1106,970,854,488,179,17 gla=1105,892,707,550,295,91,8 phd=0.0 phv=0.0 phs=0 phwn=0,0,0,0,0,0,0 phwm=0.0,0.0,0.0,0.0,0.0,0.0,0.0 sfxm=0.0 sfxn=0 phfd=0.0 sfx=59,392 bat=1.0,0
[http] POST /v1/messages -> 200
[timing] render 0.4ms encode 13.6ms (81243 chars -> 20148 toks)
[gen] prompt=20148 prefix_hit=18940 snap=18940 ckpt=-1 pfx=0
[gen-done] eos: 48 tokens in 0.2s (203.8 t/s), n_max=32000
[sample-stats] T=1.000 top_p=1.000: 4.000 tokens/round (48 tok/12 rounds)
[req] rid=79 api=anth conv=5bbb55218ab52f01 qw_ms=0 tok_ms=14 prompt=20148 hit=18940 ckpt=-1 pf=1208 pf_ms=442 dec=48 dec_ms=236 cb_ms=0 rounds=12 tps=203.8 end=eos gw=0 yields=0 slot=0 t=196833 md4=0 md5=0 md6=0 md7=0 mprom=0 mdem=0 gch=112,122,136,116,366,309,162,17 gnh=181,267,185,157,255,204,83,8 glf=1228,1106,970,854,488,179,17 gla=1105,892,707,550,295,91,8 phd=0.0 phv=0.0 phs=0 phwn=0,0,0,0,0,0,0 phwm=0.0,0.0,0.0,0.0,0.0,0.0,0.0 sfxm=0.0 sfxn=0 phfd=0.0 sfx=59,392 bat=1.0,0
[http] POST /v1/messages -> 200
[timing] render 0.4ms encode 15.3ms (81559 chars -> 20231 toks)
[gen] prompt=20231 prefix_hit=20141 snap=20141 ckpt=-1 pfx=0
[gen-done] eos: 99 tokens in 0.5s (197.0 t/s), n_max=32000
[sample-stats] T=1.000 top_p=1.000: 3.808 tokens/round (99 tok/26 rounds)
[req] rid=80 api=anth conv=5bbb55218ab52f01 qw_ms=0 tok_ms=16 prompt=20231 hit=20141 ckpt=-1 pf=90 pf_ms=96 dec=99 dec_ms=503 cb_ms=0 rounds=26 tps=197.0 end=eos gw=0 yields=0 slot=0 t=197462 md4=0 md5=0 md6=0 md7=0 mprom=0 mdem=0 gch=112,122,136,116,366,309,162,17 gnh=181,267,185,157,255,204,83,8 glf=1228,1106,970,854,488,179,17 gla=1105,892,707,550,295,91,8 phd=0.0 phv=0.0 phs=0 phwn=0,0,0,0,0,0,0 phwm=0.0,0.0,0.0,0.0,0.0,0.0,0.0 sfxm=0.0 sfxn=0 phfd=0.0 sfx=59,392 bat=1.0,0
[http] POST /v1/messages -> 200
[timing] render 0.6ms encode 14.5ms (84823 chars -> 21526 toks)
[gen] prompt=21526 prefix_hit=20224 snap=20224 ckpt=-1 pfx=0
[gen-done] eos: 85 tokens in 0.4s (225.2 t/s), n_max=32000
[sample-stats] T=1.000 top_p=1.000: 4.474 tokens/round (85 tok/19 rounds)
[req] rid=81 api=anth conv=5bbb55218ab52f01 qw_ms=0 tok_ms=15 prompt=21526 hit=20224 ckpt=-1 pf=1302 pf_ms=469 dec=85 dec_ms=377 cb_ms=0 rounds=19 tps=225.2 end=eos gw=0 yields=0 slot=0 t=198340 md4=0 md5=0 md6=0 md7=0 mprom=0 mdem=0 gch=112,122,136,116,366,309,162,17 gnh=181,267,185,157,255,204,83,8 glf=1228,1106,970,854,488,179,17 gla=1105,892,707,550,295,91,8 phd=0.0 phv=0.0 phs=0 phwn=0,0,0,0,0,0,0 phwm=0.0,0.0,0.0,0.0,0.0,0.0,0.0 sfxm=0.0 sfxn=0 phfd=0.0 sfx=59,392 bat=1.0,0
[http] POST /v1/messages -> 200
[timing] render 0.4ms encode 14.2ms (88516 chars -> 22698 toks)
[gen] prompt=22698 prefix_hit=21519 snap=21519 ckpt=-1 pfx=0
[gen-done] eos: 189 tokens in 1.0s (186.9 t/s), n_max=32000
[sample-stats] T=1.000 top_p=1.000: 3.635 tokens/round (189 tok/52 rounds)
[req] rid=82 api=anth conv=5bbb55218ab52f01 qw_ms=0 tok_ms=15 prompt=22698 hit=21519 ckpt=-1 pf=1179 pf_ms=440 dec=189 dec_ms=1011 cb_ms=0 rounds=52 tps=186.9 end=eos gw=0 yields=0 slot=0 t=199827 md4=0 md5=0 md6=0 md7=0 mprom=0 mdem=0 gch=112,122,136,116,366,309,162,17 gnh=181,267,185,157,255,204,83,8 glf=1228,1106,970,854,488,179,17 gla=1105,892,707,550,295,91,8 phd=0.0 phv=0.0 phs=0 phwn=0,0,0,0,0,0,0 phwm=0.0,0.0,0.0,0.0,0.0,0.0,0.0 sfxm=0.0 sfxn=0 phfd=0.0 sfx=59,392 bat=1.0,0
[http] POST /v1/messages -> 200
[timing] render 0.4ms encode 15.1ms (91803 chars -> 23697 toks)
[gen] prompt=23697 prefix_hit=22691 snap=22691 ckpt=-1 pfx=0
[gen-done] eos: 59 tokens in 0.4s (154.9 t/s), n_max=32000
[sample-stats] T=1.000 top_p=1.000: 2.950 tokens/round (59 tok/20 rounds)
[req] rid=83 api=anth conv=5bbb55218ab52f01 qw_ms=0 tok_ms=16 prompt=23697 hit=22691 ckpt=-1 pf=1006 pf_ms=364 dec=59 dec_ms=381 cb_ms=0 rounds=20 tps=154.9 end=eos gw=0 yields=0 slot=0 t=200599 md4=0 md5=0 md6=0 md7=0 mprom=0 mdem=0 gch=112,122,136,116,366,309,162,17 gnh=181,267,185,157,255,204,83,8 glf=1228,1106,970,854,488,179,17 gla=1105,892,707,550,295,91,8 phd=0.0 phv=0.0 phs=0 phwn=0,0,0,0,0,0,0 phwm=0.0,0.0,0.0,0.0,0.0,0.0,0.0 sfxm=0.0 sfxn=0 phfd=0.0 sfx=59,392 bat=1.0,0
[http] POST /v1/messages -> 200
[timing] render 0.4ms encode 16.3ms (102738 chars -> 27467 toks)
[gen] prompt=27467 prefix_hit=23690 snap=23690 ckpt=-1 pfx=0
[gen-done] eos: 148 tokens in 0.8s (180.7 t/s), n_max=32000
[sample-stats] T=1.000 top_p=1.000: 3.524 tokens/round (148 tok/42 rounds)
[req] rid=84 api=anth conv=5bbb55218ab52f01 qw_ms=0 tok_ms=17 prompt=27467 hit=23690 ckpt=-1 pf=3777 pf_ms=1285 dec=148 dec_ms=819 cb_ms=0 rounds=42 tps=180.7 end=eos gw=0 yields=0 slot=0 t=202730 md4=0 md5=0 md6=0 md7=0 mprom=0 mdem=0 gch=112,122,136,116,366,309,162,17 gnh=181,267,185,157,255,204,83,8 glf=1228,1106,970,854,488,179,17 gla=1105,892,707,550,295,91,8 phd=0.0 phv=0.0 phs=0 phwn=0,0,0,0,0,0,0 phwm=0.0,0.0,0.0,0.0,0.0,0.0,0.0 sfxm=0.0 sfxn=0 phfd=0.0 sfx=59,392 bat=1.0,0
[http] POST /v1/messages -> 200
[timing] render 0.4ms encode 15.8ms (103494 chars -> 27660 toks)
[gen] prompt=27660 prefix_hit=27460 snap=27460 ckpt=-1 pfx=0
[gen-done] eos: 61 tokens in 0.3s (179.9 t/s), n_max=32000
[sample-stats] T=1.000 top_p=1.000: 3.588 tokens/round (61 tok/17 rounds)
[req] rid=85 api=anth conv=5bbb55218ab52f01 qw_ms=0 tok_ms=16 prompt=27660 hit=27460 ckpt=-1 pf=200 pf_ms=132 dec=61 dec_ms=339 cb_ms=0 rounds=17 tps=179.9 end=eos gw=0 yields=0 slot=0 t=203234 md4=0 md5=0 md6=0 md7=0 mprom=0 mdem=0 gch=112,122,136,116,366,309,162,17 gnh=181,267,185,157,255,204,83,8 glf=1228,1106,970,854,488,179,17 gla=1105,892,707,550,295,91,8 phd=0.0 phv=0.0 phs=0 phwn=0,0,0,0,0,0,0 phwm=0.0,0.0,0.0,0.0,0.0,0.0,0.0 sfxm=0.0 sfxn=0 phfd=0.0 sfx=59,392 bat=1.0,0
[http] POST /v1/messages -> 200
[timing] render 0.4ms encode 17.3ms (103860 chars -> 27759 toks)
[gen] prompt=27759 prefix_hit=27653 snap=27653 ckpt=-1 pfx=0
[gen-done] eos: 104 tokens in 0.5s (193.1 t/s), n_max=32000
[sample-stats] T=1.000 top_p=1.000: 3.852 tokens/round (104 tok/27 rounds)
[req] rid=86 api=anth conv=5bbb55218ab52f01 qw_ms=0 tok_ms=18 prompt=27759 hit=27653 ckpt=-1 pf=106 pf_ms=97 dec=104 dec_ms=538 cb_ms=0 rounds=27 tps=193.1 end=eos gw=0 yields=0 slot=0 t=203902 md4=0 md5=0 md6=0 md7=0 mprom=0 mdem=0 gch=112,122,136,116,366,309,162,17 gnh=181,267,185,157,255,204,83,8 glf=1228,1106,970,854,488,179,17 gla=1105,892,707,550,295,91,8 phd=0.0 phv=0.0 phs=0 phwn=0,0,0,0,0,0,0 phwm=0.0,0.0,0.0,0.0,0.0,0.0,0.0 sfxm=0.0 sfxn=0 phfd=0.0 sfx=59,392 bat=1.0,0
[http] POST /v1/messages -> 200
[timing] render 0.5ms encode 16.9ms (105486 chars -> 28260 toks)
[gen] prompt=28260 prefix_hit=27752 snap=27752 ckpt=-1 pfx=0
[gen-done] eos: 58 tokens in 0.4s (141.4 t/s), n_max=32000
[sample-stats] T=1.000 top_p=1.000: 2.762 tokens/round (58 tok/21 rounds)
[req] rid=87 api=anth conv=5bbb55218ab52f01 qw_ms=1 tok_ms=17 prompt=28260 hit=27752 ckpt=-1 pf=508 pf_ms=217 dec=58 dec_ms=410 cb_ms=0 rounds=21 tps=141.4 end=eos gw=0 yields=0 slot=0 t=204563 md4=0 md5=0 md6=0 md7=0 mprom=0 mdem=0 gch=112,122,136,116,366,309,162,17 gnh=181,267,185,157,255,204,83,8 glf=1228,1106,970,854,488,179,17 gla=1105,892,707,550,295,91,8 phd=0.0 phv=0.0 phs=0 phwn=0,0,0,0,0,0,0 phwm=0.0,0.0,0.0,0.0,0.0,0.0,0.0 sfxm=0.0 sfxn=0 phfd=0.0 sfx=59,392 bat=1.0,0
[http] POST /v1/messages -> 200
[timing] render 0.4ms encode 16.4ms (105833 chars -> 28345 toks)
[gen] prompt=28345 prefix_hit=28253 snap=28253 ckpt=-1 pfx=0
[gen-done] eos: 53 tokens in 0.2s (220.6 t/s), n_max=32000
[sample-stats] T=1.000 top_p=1.000: 4.417 tokens/round (53 tok/12 rounds)
[req] rid=88 api=anth conv=5bbb55218ab52f01 qw_ms=0 tok_ms=17 prompt=28345 hit=28253 ckpt=-1 pf=92 pf_ms=96 dec=53 dec_ms=240 cb_ms=0 rounds=12 tps=220.6 end=eos gw=0 yields=0 slot=0 t=204931 md4=0 md5=0 md6=0 md7=0 mprom=0 mdem=0 gch=112,122,136,116,366,309,162,17 gnh=181,267,185,157,255,204,83,8 glf=1228,1106,970,854,488,179,17 gla=1105,892,707,550,295,91,8 phd=0.0 phv=0.0 phs=0 phwn=0,0,0,0,0,0,0 phwm=0.0,0.0,0.0,0.0,0.0,0.0,0.0 sfxm=0.0 sfxn=0 phfd=0.0 sfx=59,392 bat=1.0,0
[http] POST /v1/messages -> 200
[timing] render 0.4ms encode 16.5ms (106223 chars -> 28450 toks)
[gen] prompt=28450 prefix_hit=28338 snap=28338 ckpt=-1 pfx=0
[gen-done] eos: 67 tokens in 0.4s (170.5 t/s), n_max=32000
[sample-stats] T=1.000 top_p=1.000: 3.350 tokens/round (67 tok/20 rounds)
[req] rid=89 api=anth conv=5bbb55218ab52f01 qw_ms=0 tok_ms=17 prompt=28450 hit=28338 ckpt=-1 pf=112 pf_ms=98 dec=67 dec_ms=393 cb_ms=0 rounds=20 tps=170.5 end=eos gw=0 yields=0 slot=0 t=205455 md4=0 md5=0 md6=0 md7=0 mprom=0 mdem=0 gch=112,122,136,116,366,309,162,17 gnh=181,267,185,157,255,204,83,8 glf=1228,1106,970,854,488,179,17 gla=1105,892,707,550,295,91,8 phd=0.0 phv=0.0 phs=0 phwn=0,0,0,0,0,0,0 phwm=0.0,0.0,0.0,0.0,0.0,0.0,0.0 sfxm=0.0 sfxn=0 phfd=0.0 sfx=59,392 bat=1.0,0
[http] POST /v1/messages -> 200
[timing] render 0.4ms encode 17.7ms (106617 chars -> 28562 toks)
[gen] prompt=28562 prefix_hit=28443 snap=28443 ckpt=-1 pfx=0
[gen-done] eos: 31 tokens in 0.2s (193.5 t/s), n_max=32000
[sample-stats] T=1.000 top_p=1.000: 3.875 tokens/round (31 tok/8 rounds)
[req] rid=90 api=anth conv=5bbb55218ab52f01 qw_ms=0 tok_ms=18 prompt=28562 hit=28443 ckpt=-1 pf=119 pf_ms=99 dec=31 dec_ms=160 cb_ms=0 rounds=8 tps=193.5 end=eos gw=0 yields=0 slot=0 t=205750 md4=0 md5=0 md6=0 md7=0 mprom=0 mdem=0 gch=112,122,136,116,366,309,162,17 gnh=181,267,185,157,255,204,83,8 glf=1228,1106,970,854,488,179,17 gla=1105,892,707,550,295,91,8 phd=0.0 phv=0.0 phs=0 phwn=0,0,0,0,0,0,0 phwm=0.0,0.0,0.0,0.0,0.0,0.0,0.0 sfxm=0.0 sfxn=0 phfd=0.0 sfx=59,392 bat=1.0,0
[http] POST /v1/messages -> 200
[timing] render 0.4ms encode 18.4ms (118869 chars -> 32505 toks)
[gen] prompt=32505 prefix_hit=28555 snap=28555 ckpt=-1 pfx=0
[gen-done] eos: 96 tokens in 0.7s (140.1 t/s), n_max=32000
[sample-stats] T=1.000 top_p=1.000: 2.743 tokens/round (96 tok/35 rounds)
[req] rid=91 api=anth conv=5bbb55218ab52f01 qw_ms=0 tok_ms=19 prompt=32505 hit=28555 ckpt=-1 pf=3950 pf_ms=1388 dec=96 dec_ms=685 cb_ms=0 rounds=35 tps=140.1 end=eos gw=0 yields=0 slot=0 t=207853 md4=0 md5=0 md6=0 md7=0 mprom=0 mdem=0 gch=112,122,136,116,366,309,162,17 gnh=181,267,185,157,255,204,83,8 glf=1228,1106,970,854,488,179,17 gla=1105,892,707,550,295,91,8 phd=0.0 phv=0.0 phs=0 phwn=0,0,0,0,0,0,0 phwm=0.0,0.0,0.0,0.0,0.0,0.0,0.0 sfxm=0.0 sfxn=0 phfd=0.0 sfx=59,392 bat=1.0,0
[http] POST /v1/messages -> 200
[timing] render 0.4ms encode 18.6ms (119335 chars -> 32634 toks)
[gen] prompt=32634 prefix_hit=32498 snap=32498 ckpt=-1 pfx=0
[gen-done] eos: 43 tokens in 0.2s (217.0 t/s), n_max=32000
[sample-stats] T=1.000 top_p=1.000: 4.300 tokens/round (43 tok/10 rounds)
[req] rid=92 api=anth conv=5bbb55218ab52f01 qw_ms=0 tok_ms=19 prompt=32634 hit=32498 ckpt=-1 pf=136 pf_ms=119 dec=43 dec_ms=198 cb_ms=0 rounds=10 tps=217.0 end=eos gw=0 yields=0 slot=0 t=208205 md4=0 md5=0 md6=0 md7=0 mprom=0 mdem=0 gch=112,122,136,116,366,309,162,17 gnh=181,267,185,157,255,204,83,8 glf=1228,1106,970,854,488,179,17 gla=1105,892,707,550,295,91,8 phd=0.0 phv=0.0 phs=0 phwn=0,0,0,0,0,0,0 phwm=0.0,0.0,0.0,0.0,0.0,0.0,0.0 sfxm=0.0 sfxn=0 phfd=0.0 sfx=59,392 bat=1.0,0
[http] POST /v1/messages -> 200
[timing] render 0.4ms encode 18.5ms (120433 chars -> 32964 toks)
[gen] prompt=32964 prefix_hit=32627 snap=32627 ckpt=-1 pfx=0
[gen-done] eos: 174 tokens in 1.2s (146.8 t/s), n_max=32000
[sample-stats] T=1.000 top_p=1.000: 2.806 tokens/round (174 tok/62 rounds)
[req] rid=93 api=anth conv=5bbb55218ab52f01 qw_ms=0 tok_ms=19 prompt=32964 hit=32627 ckpt=-1 pf=337 pf_ms=176 dec=174 dec_ms=1185 cb_ms=0 rounds=62 tps=146.8 end=eos gw=0 yields=0 slot=0 t=209598 md4=0 md5=0 md6=0 md7=0 mprom=0 mdem=0 gch=112,122,136,116,366,309,162,17 gnh=181,267,185,157,255,204,83,8 glf=1228,1106,970,854,488,179,17 gla=1105,892,707,550,295,91,8 phd=0.0 phv=0.0 phs=0 phwn=0,0,0,0,0,0,0 phwm=0.0,0.0,0.0,0.0,0.0,0.0,0.0 sfxm=0.0 sfxn=0 phfd=0.0 sfx=59,392 bat=1.0,0
[http] POST /v1/messages -> 200
[timing] render 0.4ms encode 20.0ms (123501 chars -> 33933 toks)
[gen] prompt=33933 prefix_hit=32957 snap=32957 ckpt=-1 pfx=0
[gen-done] eos: 92 tokens in 0.6s (146.1 t/s), n_max=32000
[sample-stats] T=1.000 top_p=1.000: 2.788 tokens/round (92 tok/33 rounds)
[req] rid=94 api=anth conv=5bbb55218ab52f01 qw_ms=0 tok_ms=20 prompt=33933 hit=32957 ckpt=-1 pf=976 pf_ms=381 dec=92 dec_ms=630 cb_ms=0 rounds=33 tps=146.1 end=eos gw=0 yields=0 slot=0 t=210649 md4=0 md5=0 md6=0 md7=0 mprom=0 mdem=0 gch=112,122,136,116,366,309,162,17 gnh=181,267,185,157,255,204,83,8 glf=1228,1106,970,854,488,179,17 gla=1105,892,707,550,295,91,8 phd=0.0 phv=0.0 phs=0 phwn=0,0,0,0,0,0,0 phwm=0.0,0.0,0.0,0.0,0.0,0.0,0.0 sfxm=0.0 sfxn=0 phfd=0.0 sfx=59,392 bat=1.0,0
[http] POST /v1/messages -> 200
[timing] render 0.4ms encode 19.7ms (124830 chars -> 34261 toks)
[gen] prompt=34261 prefix_hit=33926 snap=33926 ckpt=-1 pfx=0
[gen-done] eos: 43 tokens in 0.2s (217.6 t/s), n_max=32000
[sample-stats] T=1.000 top_p=1.000: 4.300 tokens/round (43 tok/10 rounds)
[req] rid=95 api=anth conv=5bbb55218ab52f01 qw_ms=0 tok_ms=20 prompt=34261 hit=33926 ckpt=-1 pf=335 pf_ms=177 dec=43 dec_ms=198 cb_ms=0 rounds=10 tps=217.6 end=eos gw=0 yields=0 slot=0 t=211064 md4=0 md5=0 md6=0 md7=0 mprom=0 mdem=0 gch=112,122,136,116,366,309,162,17 gnh=181,267,185,157,255,204,83,8 glf=1228,1106,970,854,488,179,17 gla=1105,892,707,550,295,91,8 phd=0.0 phv=0.0 phs=0 phwn=0,0,0,0,0,0,0 phwm=0.0,0.0,0.0,0.0,0.0,0.0,0.0 sfxm=0.0 sfxn=0 phfd=0.0 sfx=59,392 bat=1.0,0
[http] POST /v1/messages -> 200
[timing] render 0.5ms encode 19.7ms (126727 chars -> 34836 toks)
[gen] prompt=34836 prefix_hit=34254 snap=34254 ckpt=-1 pfx=0
[gen-done] eos: 42 tokens in 0.2s (193.9 t/s), n_max=32000
[sample-stats] T=1.000 top_p=1.000: 3.818 tokens/round (42 tok/11 rounds)
[req] rid=96 api=anth conv=5bbb55218ab52f01 qw_ms=1 tok_ms=20 prompt=34836 hit=34254 ckpt=-1 pf=582 pf_ms=243 dec=42 dec_ms=217 cb_ms=0 rounds=11 tps=193.9 end=eos gw=0 yields=0 slot=0 t=211557 md4=0 md5=0 md6=0 md7=0 mprom=0 mdem=0 gch=112,122,136,116,366,309,162,17 gnh=181,267,185,157,255,204,83,8 glf=1228,1106,970,854,488,179,17 gla=1105,892,707,550,295,91,8 phd=0.0 phv=0.0 phs=0 phwn=0,0,0,0,0,0,0 phwm=0.0,0.0,0.0,0.0,0.0,0.0,0.0 sfxm=0.0 sfxn=0 phfd=0.0 sfx=59,392 bat=1.0,0
[http] POST /v1/messages -> 200
[timing] render 0.5ms encode 20.0ms (127615 chars -> 35122 toks)
[gen] prompt=35122 prefix_hit=34829 snap=34829 ckpt=-1 pfx=0
[gen-done] eos: 1676 tokens in 9.6s (175.2 t/s), n_max=32000
[sample-stats] T=1.000 top_p=1.000: 3.400 tokens/round (1676 tok/493 rounds)
[req] rid=97 api=anth conv=5bbb55218ab52f01 qw_ms=0 tok_ms=20 prompt=35122 hit=34829 ckpt=-1 pf=293 pf_ms=165 dec=1676 dec_ms=9568 cb_ms=0 rounds=493 tps=175.2 end=eos gw=0 yields=0 slot=0 t=221322 md4=0 md5=0 md6=0 md7=0 mprom=0 mdem=0 gch=112,122,136,116,366,309,162,17 gnh=181,267,185,157,255,204,83,8 glf=1228,1106,970,854,488,179,17 gla=1105,892,707,550,295,91,8 phd=0.0 phv=0.0 phs=0 phwn=0,0,0,0,0,0,0 phwm=0.0,0.0,0.0,0.0,0.0,0.0,0.0 sfxm=0.0 sfxn=0 phfd=0.0 sfx=59,392 bat=1.0,0
[http] POST /v1/messages -> 200
[timing] render 0.6ms encode 18.5ms (109675 chars -> 26299 toks)
[gen] prompt=26299 prefix_hit=0 snap=0 ckpt=-1 pfx=0
[gen-done] eos: 52 tokens in 0.2s (215.8 t/s), n_max=64000
[req] rid=98 api=anth conv=f860b77dcf839f80 qw_ms=0 tok_ms=19 prompt=26299 hit=0 ckpt=-1 pf=26299 pf_ms=7876 dec=52 dec_ms=241 cb_ms=0 rounds=12 tps=215.8 end=eos gw=0 yields=0 slot=0 t=229472 md4=12 md5=0 md6=0 md7=0 mprom=0 mdem=0 gch=112,122,137,117,376,309,162,17 gnh=181,267,187,158,264,204,83,8 glf=1240,1118,981,864,488,179,17 gla=1117,904,717,559,295,91,8 phd=48.7 phv=192.0 phs=47 phwn=0,1,1,10,0,0,0 phwm=0.0,16.8,15.6,159.7,0.0,0.0,0.0 sfxm=0.0 sfxn=0 phfd=0.0 sfx=59,392 bat=1.0,0
[http] POST /v1/messages -> 200
[timing] render 0.6ms encode 19.0ms (118918 chars -> 29182 toks)
[gen] prompt=29182 prefix_hit=26292 snap=26292 ckpt=-1 pfx=0
[gen-done] eos: 437 tokens in 2.2s (195.2 t/s), n_max=64000
[req] rid=99 api=anth conv=f860b77dcf839f80 qw_ms=0 tok_ms=20 prompt=29182 hit=26292 ckpt=-1 pf=2890 pf_ms=1016 dec=437 dec_ms=2238 cb_ms=0 rounds=108 tps=195.2 end=eos gw=0 yields=0 slot=0 t=232758 md4=23 md5=74 md6=21 md7=0 mprom=2 mdem=0 gch=121,132,148,132,388,346,170,17 gnh=192,291,198,171,278,229,87,8 glf=1333,1201,1053,921,533,187,17 gla=1204,971,773,602,324,95,8 phd=416.3 phv=1698.0 phs=409 phwn=19,11,15,12,37,8,0 phwm=306.7,187.8,234.6,192.2,632.7,144.0,0.0 sfxm=123.1 sfxn=6 phfd=0.0 sfx=65,438 bat=1.0,0
[http] POST /v1/messages -> 200
[timing] render 0.6ms encode 20.8ms (120814 chars -> 29670 toks)
[gen] prompt=29670 prefix_hit=29175 snap=29175 ckpt=-1 pfx=0
[gen-done] eos: 64 tokens in 0.3s (208.4 t/s), n_max=64000
[req] rid=100 api=anth conv=f860b77dcf839f80 qw_ms=1 tok_ms=21 prompt=29670 hit=29175 ckpt=-1 pf=495 pf_ms=218 dec=64 dec_ms=307 cb_ms=0 rounds=14 tps=208.4 end=eos gw=0 yields=0 slot=0 t=233325 md4=23 md5=74 md6=34 md7=0 mprom=2 mdem=0 gch=122,133,149,133,388,346,178,17 gnh=194,294,199,171,279,229,92,8 glf=1344,1211,1062,929,541,195,17 gla=1214,978,779,608,329,100,8 phd=56.5 phv=209.0 phs=58 phwn=2,1,1,0,0,8,0 phwm=32.3,17.1,15.6,0.0,0.0,143.9,0.0 sfxm=41.5 sfxn=2 phfd=0.0 sfx=67,454 bat=1.0,0
[http] POST /v1/messages -> 200
[timing] render 0.6ms encode 19.7ms (121964 chars -> 30002 toks)
[gen] prompt=30002 prefix_hit=29663 snap=29663 ckpt=-1 pfx=0
[gen-done] eos: 219 tokens in 1.2s (187.6 t/s), n_max=64000
[req] rid=101 api=anth conv=f860b77dcf839f80 qw_ms=0 tok_ms=20 prompt=30002 hit=29663 ckpt=-1 pf=339 pf_ms=179 dec=219 dec_ms=1167 cb_ms=0 rounds=53 tps=187.6 end=eos gw=0 yields=0 slot=0 t=234703 md4=23 md5=78 md6=82 md7=0 mprom=2 mdem=1 gch=124,135,154,139,393,353,202,17 gnh=203,297,206,180,286,235,102,8 glf=1393,1258,1104,965,572,219,17 gla=1256,1017,811,631,345,110,8 phd=249.8 phv=876.9 phs=253 phwn=4,5,6,5,7,24,0 phwm=64.7,85.6,94.1,80.3,120.0,432.3,0.0 sfxm=40.3 sfxn=2 phfd=0.0 sfx=69,463 bat=1.0,0
[http] POST /v1/messages -> 200
[timing] render 0.6ms encode 20.7ms (123238 chars -> 30346 toks)
[gen] prompt=30346 prefix_hit=29995 snap=29995 ckpt=-1 pfx=0
[gen-done] eos: 197 tokens in 0.4s (461.3 t/s), n_max=64000
[req] rid=102 api=anth conv=f860b77dcf839f80 qw_ms=1 tok_ms=21 prompt=30346 hit=29995 ckpt=-1 pf=351 pf_ms=181 dec=197 dec_ms=427 cb_ms=0 rounds=20 tps=461.3 end=eos gw=0 yields=0 slot=0 t=235349 md4=23 md5=92 md6=88 md7=0 mprom=3 mdem=1 gch=124,135,154,139,393,358,202,17 gnh=203,297,206,180,286,240,102,8 glf=1398,1263,1109,970,577,219,17 gla=1261,1022,816,636,350,110,8 phd=25.4 phv=85.7 phs=25 phwn=0,0,0,0,5,0,0 phwm=0.0,0.0,0.0,0.0,85.7,0.0,0.0 sfxm=315.6 sfxn=15 phfd=0.0 sfx=84,633 bat=1.0,0
[http] POST /v1/messages -> 200
[timing] render 0.7ms encode 21.2ms (124040 chars -> 30596 toks)
[gen] prompt=30596 prefix_hit=30339 snap=30339 ckpt=-1 pfx=0
[gen-done] eos: 78 tokens in 0.4s (187.4 t/s), n_max=64000
[req] rid=103 api=anth conv=f860b77dcf839f80 qw_ms=0 tok_ms=22 prompt=30596 hit=30339 ckpt=-1 pf=257 pf_ms=143 dec=78 dec_ms=416 cb_ms=0 rounds=19 tps=187.4 end=eos gw=0 yields=0 slot=0 t=235951 md4=23 md5=92 md6=106 md7=0 mprom=3 mdem=1 gch=126,136,157,139,395,359,211,17 gnh=203,302,211,181,286,241,108,8 glf=1414,1278,1121,982,587,228,17 gla=1277,1035,824,643,357,116,8 phd=83.3 phv=312.3 phs=83 phwn=3,3,0,2,1,9,0 phwm=49.1,51.5,0.0,32.1,17.1,162.4,0.0 sfxm=20.3 sfxn=1 phfd=0.0 sfx=85,637 bat=1.0,0
[http] POST /v1/messages -> 200
[timing] render 0.6ms encode 20.4ms (124573 chars -> 30738 toks)
[gen] prompt=30738 prefix_hit=30589 snap=30589 ckpt=-1 pfx=0
[gen-done] eos: 48 tokens in 0.3s (184.1 t/s), n_max=64000
[req] rid=104 api=anth conv=f860b77dcf839f80 qw_ms=1 tok_ms=21 prompt=30738 hit=30589 ckpt=-1 pf=149 pf_ms=118 dec=48 dec_ms=261 cb_ms=0 rounds=12 tps=184.1 end=eos gw=0 yields=0 slot=0 t=236371 md4=23 md5=92 md6=117 md7=0 mprom=3 mdem=1 gch=127,136,158,142,395,359,217,17 gnh=204,304,213,183,286,241,112,8 glf=1424,1288,1130,988,593,234,17 gla=1287,1043,830,647,361,120,8 phd=51.3 phv=189.0 phs=52 phwn=1,1,3,0,0,6,0 phwm=16.7,17.2,47.0,0.0,0.0,108.1,0.0 sfxm=20.3 sfxn=1 phfd=0.0 sfx=86,641 bat=1.0,0
[http] POST /v1/messages -> 200
[timing] render 0.6ms encode 20.1ms (124868 chars -> 30819 toks)
[gen] prompt=30819 prefix_hit=30731 snap=30731 ckpt=-1 pfx=0
[gen-done] eos: 58 tokens in 0.3s (211.0 t/s), n_max=64000
[req] rid=105 api=anth conv=f860b77dcf839f80 qw_ms=0 tok_ms=21 prompt=30819 hit=30731 ckpt=-1 pf=88 pf_ms=95 dec=58 dec_ms=275 cb_ms=0 rounds=12 tps=211.0 end=eos gw=0 yields=0 slot=0 t=236775 md4=23 md5=92 md6=127 md7=0 mprom=3 mdem=1 gch=127,136,158,143,395,359,226,17 gnh=205,304,214,185,286,241,118,8 glf=1434,1298,1140,997,602,243,17 gla=1296,1052,838,653,367,126,8 phd=56.4 phv=178.1 phs=58 phwn=0,0,1,0,0,9,0 phwm=0.0,0.0,15.7,0.0,0.0,162.4,0.0 sfxm=40.4 sfxn=2 phfd=0.0 sfx=88,648 bat=1.0,0
[http] POST /v1/messages -> 200
[timing] render 0.6ms encode 19.9ms (125190 chars -> 30906 toks)
[gen] prompt=30906 prefix_hit=30812 snap=30812 ckpt=-1 pfx=0
[gen-done] eos: 76 tokens in 0.4s (175.7 t/s), n_max=64000
[req] rid=106 api=anth conv=f860b77dcf839f80 qw_ms=0 tok_ms=20 prompt=30906 hit=30812 ckpt=-1 pf=94 pf_ms=95 dec=76 dec_ms=433 cb_ms=0 rounds=20 tps=175.7 end=eos gw=0 yields=0 slot=0 t=237346 md4=23 md5=92 md6=146 md7=0 mprom=3 mdem=1 gch=128,138,161,145,396,361,234,17 gnh=208,309,216,186,287,243,123,8 glf=1452,1314,1153,1008,612,251,17 gla=1311,1063,847,661,374,131,8 phd=85.8 phv=326.1 phs=87 phwn=3,3,2,1,2,8,0 phwm=48.4,51.6,31.4,16.2,34.3,144.3,0.0 sfxm=20.3 sfxn=1 phfd=0.0 sfx=89,652 bat=1.0,0
[http] POST /v1/messages -> 200
[timing] render 0.6ms encode 20.0ms (125930 chars -> 31125 toks)
[gen] prompt=31125 prefix_hit=30899 snap=30899 ckpt=-1 pfx=0
[gen-done] eos: 197 tokens in 0.5s (409.0 t/s), n_max=64000
[req] rid=107 api=anth conv=f860b77dcf839f80 qw_ms=0 tok_ms=21 prompt=31125 hit=30899 ckpt=-1 pf=226 pf_ms=141 dec=197 dec_ms=482 cb_ms=0 rounds=22 tps=409.0 end=eos gw=0 yields=0 slot=0 t=238033 md4=23 md5=92 md6=158 md7=8 mprom=4 mdem=1 gch=128,138,163,145,396,361,239,18 gnh=208,309,219,186,287,243,127,9 glf=1460,1322,1159,1014,618,257,18 gla=1319,1071,852,666,379,136,9 phd=42.4 phv=144.2 phs=43 phwn=0,2,0,0,0,5,1 phwm=0.0,34.4,0.0,0.0,0.0,90.0,19.7 sfxm=294.9 sfxn=14 phfd=0.0 sfx=103,806 bat=1.0,0
[http] POST /v1/messages -> 200
[timing] render 0.6ms encode 20.7ms (126748 chars -> 31379 toks)
[gen] prompt=31379 prefix_hit=31118 snap=31118 ckpt=-1 pfx=0
[gen-done] eos: 51 tokens in 0.2s (234.7 t/s), n_max=64000
[req] rid=108 api=anth conv=f860b77dcf839f80 qw_ms=1 tok_ms=21 prompt=31379 hit=31118 ckpt=-1 pf=261 pf_ms=145 dec=51 dec_ms=217 cb_ms=0 rounds=9 tps=234.7 end=eos gw=0 yields=0 slot=0 t=238435 md4=23 md5=92 md6=158 md7=16 mprom=4 mdem=1 gch=128,139,163,146,396,361,239,24 gnh=208,310,219,187,288,243,128,13 glf=1468,1329,1166,1020,624,263,24 gla=1327,1078,859,672,384,141,13 phd=47.1 phv=149.6 phs=48 phwn=1,0,1,0,0,0,6 phwm=15.9,0.0,15.7,0.0,0.0,0.0,118.0 sfxm=20.5 sfxn=1 phfd=0.0 sfx=104,808 bat=1.0,0
[http] POST /v1/messages -> 200
[timing] render 0.6ms encode 21.3ms (127050 chars -> 31457 toks)
[gen] prompt=31457 prefix_hit=31372 snap=31372 ckpt=-1 pfx=0
[gen-done] eos: 46 tokens in 0.2s (205.5 t/s), n_max=64000
[req] rid=109 api=anth conv=f860b77dcf839f80 qw_ms=0 tok_ms=22 prompt=31457 hit=31372 ckpt=-1 pf=85 pf_ms=95 dec=46 dec_ms=224 cb_ms=0 rounds=10 tps=205.5 end=eos gw=0 yields=0 slot=0 t=238817 md4=23 md5=92 md6=158 md7=24 mprom=4 mdem=1 gch=128,140,165,147,396,361,239,28 gnh=208,311,221,188,288,243,129,16 glf=1476,1336,1171,1024,628,267,28 gla=1335,1085,864,676,388,145,16 phd=38.8 phv=144.7 phs=40 phwn=1,2,1,0,0,0,4 phwm=15.9,34.5,15.7,0.0,0.0,0.0,78.7 sfxm=40.3 sfxn=2 phfd=0.0 sfx=106,812 bat=1.0,0
[http] POST /v1/messages -> 200
[timing] render 0.6ms encode 20.7ms (127458 chars -> 31576 toks)
[gen] prompt=31576 prefix_hit=31450 snap=31450 ckpt=-1 pfx=0
[gen-done] eos: 48 tokens in 0.2s (224.5 t/s), n_max=64000
[req] rid=110 api=anth conv=f860b77dcf839f80 qw_ms=0 tok_ms=21 prompt=31576 hit=31450 ckpt=-1 pf=126 pf_ms=107 dec=48 dec_ms=214 cb_ms=0 rounds=9 tps=224.5 end=eos gw=0 yields=0 slot=0 t=239177 md4=23 md5=92 md6=158 md7=31 mprom=4 mdem=1 gch=128,141,165,147,396,362,239,33 gnh=208,312,221,188,288,245,129,20 glf=1483,1342,1177,1030,634,272,33 gla=1342,1091,870,682,394,149,20 phd=42.1 phv=131.5 phs=43 phwn=1,0,0,0,1,0,5 phwm=15.9,0.0,0.0,0.0,17.2,0.0,98.5 sfxm=40.1 sfxn=2 phfd=0.0 sfx=108,816 bat=1.0,0
[http] POST /v1/messages -> 200
[timing] render 0.6ms encode 20.2ms (127748 chars -> 31651 toks)
[gen] prompt=31651 prefix_hit=31569 snap=31569 ckpt=-1 pfx=0
[gen-done] eos: 44 tokens in 0.2s (210.3 t/s), n_max=64000
[req] rid=111 api=anth conv=f860b77dcf839f80 qw_ms=0 tok_ms=21 prompt=31651 hit=31569 ckpt=-1 pf=82 pf_ms=94 dec=44 dec_ms=209 cb_ms=0 rounds=9 tps=210.3 end=eos gw=0 yields=0 slot=0 t=239516 md4=23 md5=92 md6=158 md7=38 mprom=4 mdem=1 gch=129,141,165,147,396,364,239,37 gnh=209,312,222,188,288,247,129,23 glf=1489,1348,1183,1036,640,276,37 gla=1348,1097,875,687,399,152,23 phd=39.2 phv=129.8 phs=41 phwn=1,0,0,0,2,0,4 phwm=16.7,0.0,0.0,0.0,34.3,0.0,78.7 sfxm=40.1 sfxn=2 phfd=0.0 sfx=110,821 bat=1.0,0
[http] POST /v1/messages -> 200
[timing] render 0.6ms encode 20.7ms (128517 chars -> 31840 toks)
[gen] prompt=31840 prefix_hit=31644 snap=31644 ckpt=-1 pfx=0
[gen-done] eos: 81 tokens in 0.4s (200.3 t/s), n_max=64000
[req] rid=112 api=anth conv=f860b77dcf839f80 qw_ms=0 tok_ms=21 prompt=31840 hit=31644 ckpt=-1 pf=196 pf_ms=123 dec=81 dec_ms=404 cb_ms=0 rounds=18 tps=200.3 end=eos gw=0 yields=0 slot=0 t=240081 md4=23 md5=92 md6=168 md7=46 mprom=4 mdem=2 gch=129,143,165,148,398,367,247,38 gnh=212,314,224,190,289,250,132,24 glf=1506,1363,1198,1050,652,285,38 gla=1362,1109,885,695,406,156,24 phd=88.7 phv=295.3 phs=91 phwn=2,0,1,2,3,8,1 phwm=31.7,0.0,15.8,32.2,51.5,144.3,19.7 sfxm=20.4 sfxn=1 phfd=0.0 sfx=111,830 bat=1.0,0
[http] POST /v1/messages -> 200
[timing] render 0.6ms encode 22.0ms (139582 chars -> 35632 toks)
[gen] prompt=35632 prefix_hit=31833 snap=31833 ckpt=-1 pfx=0
[gen-done] eos: 64 tokens in 0.2s (298.7 t/s), n_max=64000
[req] rid=113 api=anth conv=f860b77dcf839f80 qw_ms=0 tok_ms=23 prompt=35632 hit=31833 ckpt=-1 pf=3799 pf_ms=1367 dec=64 dec_ms=214 cb_ms=0 rounds=10 tps=298.7 end=eos gw=0 yields=0 slot=0 t=241696 md4=23 md5=92 md6=178 md7=46 mprom=4 mdem=2 gch=130,143,165,150,399,367,250,38 gnh=213,315,224,191,290,251,134,24 glf=1512,1369,1204,1054,655,288,38 gla=1368,1114,890,699,409,158,24 phd=31.7 phv=119.2 phs=32 phwn=1,0,2,1,0,3,0 phwm=17.0,0.0,31.6,16.2,0.0,54.4,0.0 sfxm=63.2 sfxn=3 phfd=0.0 sfx=114,866 bat=1.0,0
[http] POST /v1/messages -> 200
[timing] render 0.6ms encode 22.2ms (140003 chars -> 35735 toks)
[gen] prompt=35735 prefix_hit=35625 snap=35625 ckpt=-1 pfx=0
[gen-done] eos: 301 tokens in 1.8s (167.2 t/s), n_max=64000
[req] rid=114 api=anth conv=f860b77dcf839f80 qw_ms=0 tok_ms=23 prompt=35735 hit=35625 ckpt=-1 pf=110 pf_ms=105 dec=301 dec_ms=1800 cb_ms=0 rounds=86 tps=167.2 end=eos gw=0 yields=0 slot=0 t=243635 md4=23 md5=153 md6=202 md7=46 mprom=4 mdem=3 gch=139,154,181,157,406,391,259,38 gnh=222,340,240,198,295,268,138,24 glf=1586,1432,1251,1094,688,297,38 gla=1437,1163,923,725,430,162,24 phd=324.1 phv=1413.9 phs=316 phwn=20,16,7,7,24,9,0 phwm=330.1,281.5,110.6,113.4,414.8,163.5,0.0 sfxm=61.1 sfxn=3 phfd=0.0 sfx=117,881 bat=1.0,0
[http] POST /v1/messages -> 200
[timing] render 0.0ms encode 1.1ms (3191 chars -> 990 toks)
[gen] prompt=990 prefix_hit=0 snap=0 ckpt=-1 pfx=0
[timing] render 0.6ms encode 16.7ms (102429 chars -> 24267 toks)
[gen-done] eos: 21 tokens in 0.1s (220.2 t/s), n_max=64000
[req] rid=115 api=anth conv=ff4d7beef8838c0 qw_ms=0 tok_ms=1 prompt=990 hit=0 ckpt=-1 pf=990 pf_ms=297 dec=21 dec_ms=95 cb_ms=0 rounds=5 tps=220.2 end=eos gw=0 yields=0 slot=0 t=245388 md4=5 md5=0 md6=0 md7=0 mprom=0 mdem=0 gch=139,154,181,157,411,391,259,38 gnh=222,341,240,198,299,268,138,24 glf=1591,1437,1256,1099,688,297,38 gla=1442,1167,927,729,430,162,24 phd=18.8 phv=76.5 phs=20 phwn=0,0,0,5,0,0,0 phwm=0.0,0.0,0.0,76.5,0.0,0.0,0.0 sfxm=0.0 sfxn=0 phfd=0.0 sfx=117,881 bat=1.0,0
[http] POST /v1/messages -> 200
[gen] prompt=24267 prefix_hit=0 snap=0 ckpt=-1 pfx=0
[gen-done] eos: 189 tokens in 1.2s (162.6 t/s), n_max=64000
[req] rid=116 api=anth conv=6b1c4f4dca7619a0 qw_ms=366 tok_ms=17 prompt=24267 hit=0 ckpt=-1 pf=24267 pf_ms=7209 dec=189 dec_ms=1163 cb_ms=0 rounds=60 tps=162.6 end=eos gw=0 yields=0 slot=0 t=253760 md4=60 md5=0 md6=0 md7=0 mprom=0 mdem=0 gch=144,159,191,165,443,391,259,38 gnh=233,354,249,205,319,268,138,24 glf=1646,1487,1296,1131,688,297,38 gla=1490,1203,954,749,430,162,24 phd=205.1 phv=956.9 phs=205 phwn=10,10,8,32,0,0,0 phwm=158.8,166.1,124.0,508.1,0.0,0.0,0.0 sfxm=0.0 sfxn=0 phfd=0.0 sfx=117,881 bat=1.0,0
[http] POST /v1/messages -> 200
[timing] render 0.4ms encode 10.9ms (66544 chars -> 15742 toks)
[gen] prompt=15742 prefix_hit=0 snap=0 ckpt=-1 pfx=0
[gen-done] eos: 287 tokens in 1.4s (204.6 t/s), n_max=32000
[sample-stats] T=1.000 top_p=1.000: 3.986 tokens/round (287 tok/72 rounds)
[req] rid=117 api=anth conv=56e7d621a2c841b8 qw_ms=0 tok_ms=11 prompt=15742 hit=0 ckpt=-1 pf=15742 pf_ms=4530 dec=287 dec_ms=1403 cb_ms=0 rounds=72 tps=204.6 end=eos gw=0 yields=0 slot=0 t=259717 md4=0 md5=0 md6=0 md7=0 mprom=0 mdem=0 gch=144,159,191,165,443,391,259,38 gnh=233,354,249,205,319,268,138,24 glf=1646,1487,1296,1131,688,297,38 gla=1490,1203,954,749,430,162,24 phd=0.0 phv=0.0 phs=0 phwn=0,0,0,0,0,0,0 phwm=0.0,0.0,0.0,0.0,0.0,0.0,0.0 sfxm=0.0 sfxn=0 phfd=0.0 sfx=117,881 bat=1.0,0
[http] POST /v1/messages -> 200
[timing] render 0.4ms encode 11.8ms (68989 chars -> 16353 toks)
[gen] prompt=16353 prefix_hit=15735 snap=15735 ckpt=-1 pfx=0
[gen-done] eos: 244 tokens in 1.4s (178.8 t/s), n_max=32000
[sample-stats] T=1.000 top_p=1.000: 3.437 tokens/round (244 tok/71 rounds)
[req] rid=118 api=anth conv=56e7d621a2c841b8 qw_ms=0 tok_ms=12 prompt=16353 hit=15735 ckpt=-1 pf=618 pf_ms=235 dec=244 dec_ms=1364 cb_ms=0 rounds=71 tps=178.8 end=eos gw=0 yields=0 slot=0 t=261346 md4=0 md5=0 md6=0 md7=0 mprom=0 mdem=0 gch=144,159,191,165,443,391,259,38 gnh=233,354,249,205,319,268,138,24 glf=1646,1487,1296,1131,688,297,38 gla=1490,1203,954,749,430,162,24 phd=0.0 phv=0.0 phs=0 phwn=0,0,0,0,0,0,0 phwm=0.0,0.0,0.0,0.0,0.0,0.0,0.0 sfxm=0.0 sfxn=0 phfd=0.0 sfx=117,881 bat=1.0,0
[http] POST /v1/messages -> 200
[timing] render 0.4ms encode 12.4ms (71372 chars -> 17043 toks)
[gen] prompt=17043 prefix_hit=16346 snap=16346 ckpt=-1 pfx=0
[gen-done] eos: 164 tokens in 0.7s (225.2 t/s), n_max=32000
[sample-stats] T=1.000 top_p=1.000: 4.432 tokens/round (164 tok/37 rounds)
[req] rid=119 api=anth conv=56e7d621a2c841b8 qw_ms=0 tok_ms=13 prompt=17043 hit=16346 ckpt=-1 pf=697 pf_ms=260 dec=164 dec_ms=728 cb_ms=0 rounds=37 tps=225.2 end=eos gw=0 yields=0 slot=0 t=262364 md4=0 md5=0 md6=0 md7=0 mprom=0 mdem=0 gch=144,159,191,165,443,391,259,38 gnh=233,354,249,205,319,268,138,24 glf=1646,1487,1296,1131,688,297,38 gla=1490,1203,954,749,430,162,24 phd=0.0 phv=0.0 phs=0 phwn=0,0,0,0,0,0,0 phwm=0.0,0.0,0.0,0.0,0.0,0.0,0.0 sfxm=0.0 sfxn=0 phfd=0.0 sfx=117,881 bat=1.0,0
[http] POST /v1/messages -> 200
[timing] render 0.4ms encode 14.2ms (89028 chars -> 22521 toks)
[gen] prompt=22521 prefix_hit=17036 snap=17036 ckpt=-1 pfx=0
[gen-done] eos: 260 tokens in 1.2s (211.2 t/s), n_max=32000
[sample-stats] T=1.000 top_p=1.000: 4.194 tokens/round (260 tok/62 rounds)
[req] rid=120 api=anth conv=56e7d621a2c841b8 qw_ms=0 tok_ms=15 prompt=22521 hit=17036 ckpt=-1 pf=5485 pf_ms=1782 dec=260 dec_ms=1231 cb_ms=0 rounds=62 tps=211.2 end=eos gw=0 yields=0 slot=0 t=265410 md4=0 md5=0 md6=0 md7=0 mprom=0 mdem=0 gch=144,159,191,165,443,391,259,38 gnh=233,354,249,205,319,268,138,24 glf=1646,1487,1296,1131,688,297,38 gla=1490,1203,954,749,430,162,24 phd=0.0 phv=0.0 phs=0 phwn=0,0,0,0,0,0,0 phwm=0.0,0.0,0.0,0.0,0.0,0.0,0.0 sfxm=0.0 sfxn=0 phfd=0.0 sfx=117,881 bat=1.0,0
[http] POST /v1/messages -> 200
[timing] render 0.4ms encode 15.0ms (97616 chars -> 25205 toks)
[gen] prompt=25205 prefix_hit=22514 snap=22514 ckpt=-1 pfx=0
[gen-done] eos: 212 tokens in 1.1s (201.9 t/s), n_max=32000
[sample-stats] T=1.000 top_p=1.000: 4.000 tokens/round (212 tok/53 rounds)
[req] rid=121 api=anth conv=56e7d621a2c841b8 qw_ms=0 tok_ms=15 prompt=25205 hit=22514 ckpt=-1 pf=2691 pf_ms=908 dec=212 dec_ms=1050 cb_ms=0 rounds=53 tps=201.9 end=eos gw=0 yields=0 slot=0 t=267404 md4=0 md5=0 md6=0 md7=0 mprom=0 mdem=0 gch=144,159,191,165,443,391,259,38 gnh=233,354,249,205,319,268,138,24 glf=1646,1487,1296,1131,688,297,38 gla=1490,1203,954,749,430,162,24 phd=0.0 phv=0.0 phs=0 phwn=0,0,0,0,0,0,0 phwm=0.0,0.0,0.0,0.0,0.0,0.0,0.0 sfxm=0.0 sfxn=0 phfd=0.0 sfx=117,881 bat=1.0,0
[http] POST /v1/messages -> 200
[timing] render 0.4ms encode 15.6ms (103056 chars -> 27087 toks)
[gen] prompt=27087 prefix_hit=25198 snap=25198 ckpt=-1 pfx=0
[gen-done] eos: 230 tokens in 1.1s (212.9 t/s), n_max=32000
[sample-stats] T=1.000 top_p=1.000: 4.107 tokens/round (230 tok/56 rounds)
[req] rid=122 api=anth conv=56e7d621a2c841b8 qw_ms=0 tok_ms=16 prompt=27087 hit=25198 ckpt=-1 pf=1889 pf_ms=669 dec=230 dec_ms=1081 cb_ms=0 rounds=56 tps=212.9 end=eos gw=0 yields=0 slot=0 t=269189 md4=0 md5=0 md6=0 md7=0 mprom=0 mdem=0 gch=144,159,191,165,443,391,259,38 gnh=233,354,249,205,319,268,138,24 glf=1646,1487,1296,1131,688,297,38 gla=1490,1203,954,749,430,162,24 phd=0.0 phv=0.0 phs=0 phwn=0,0,0,0,0,0,0 phwm=0.0,0.0,0.0,0.0,0.0,0.0,0.0 sfxm=0.0 sfxn=0 phfd=0.0 sfx=117,881 bat=1.0,0
[http] POST /v1/messages -> 200
[timing] render 0.4ms encode 16.0ms (104936 chars -> 27578 toks)
[gen] prompt=27578 prefix_hit=27080 snap=27080 ckpt=-1 pfx=0
[gen-done] eos: 172 tokens in 0.7s (231.0 t/s), n_max=32000
[sample-stats] T=1.000 top_p=1.000: 4.526 tokens/round (172 tok/38 rounds)
[req] rid=123 api=anth conv=56e7d621a2c841b8 qw_ms=0 tok_ms=16 prompt=27578 hit=27080 ckpt=-1 pf=498 pf_ms=212 dec=172 dec_ms=745 cb_ms=0 rounds=38 tps=231.0 end=eos gw=0 yields=0 slot=0 t=270179 md4=0 md5=0 md6=0 md7=0 mprom=0 mdem=0 gch=144,159,191,165,443,391,259,38 gnh=233,354,249,205,319,268,138,24 glf=1646,1487,1296,1131,688,297,38 gla=1490,1203,954,749,430,162,24 phd=0.0 phv=0.0 phs=0 phwn=0,0,0,0,0,0,0 phwm=0.0,0.0,0.0,0.0,0.0,0.0,0.0 sfxm=0.0 sfxn=0 phfd=0.0 sfx=117,881 bat=1.0,0
[http] POST /v1/messages -> 200
[timing] render 0.4ms encode 16.6ms (111059 chars -> 29551 toks)
[gen] prompt=29551 prefix_hit=27571 snap=27571 ckpt=-1 pfx=0
[gen-done] eos: 161 tokens in 0.8s (194.0 t/s), n_max=32000
[sample-stats] T=1.000 top_p=1.000: 3.744 tokens/round (161 tok/43 rounds)
[req] rid=124 api=anth conv=56e7d621a2c841b8 qw_ms=0 tok_ms=17 prompt=29551 hit=27571 ckpt=-1 pf=1980 pf_ms=696 dec=161 dec_ms=830 cb_ms=0 rounds=43 tps=194.0 end=eos gw=0 yields=0 slot=0 t=271734 md4=0 md5=0 md6=0 md7=0 mprom=0 mdem=0 gch=144,159,191,165,443,391,259,38 gnh=233,354,249,205,319,268,138,24 glf=1646,1487,1296,1131,688,297,38 gla=1490,1203,954,749,430,162,24 phd=0.0 phv=0.0 phs=0 phwn=0,0,0,0,0,0,0 phwm=0.0,0.0,0.0,0.0,0.0,0.0,0.0 sfxm=0.0 sfxn=0 phfd=0.0 sfx=117,881 bat=1.0,0
[http] POST /v1/messages -> 200
[timing] render 0.4ms encode 17.0ms (113558 chars -> 30292 toks)
[gen] prompt=30292 prefix_hit=29544 snap=29544 ckpt=-1 pfx=0
[gen-done] eos: 2692 tokens in 16.7s (161.5 t/s), n_max=32000
[sample-stats] T=1.000 top_p=1.000: 3.084 tokens/round (2692 tok/873 rounds)
[req] rid=125 api=anth conv=56e7d621a2c841b8 qw_ms=0 tok_ms=17 prompt=30292 hit=29544 ckpt=-1 pf=748 pf_ms=289 dec=2692 dec_ms=16668 cb_ms=1 rounds=873 tps=161.5 end=eos gw=0 yields=0 slot=0 t=288720 md4=0 md5=0 md6=0 md7=0 mprom=0 mdem=0 gch=144,159,191,165,443,391,259,38 gnh=233,354,249,205,319,268,138,24 glf=1646,1487,1296,1131,688,297,38 gla=1490,1203,954,749,430,162,24 phd=0.0 phv=0.0 phs=0 phwn=0,0,0,0,0,0,0 phwm=0.0,0.0,0.0,0.0,0.0,0.0,0.0 sfxm=0.0 sfxn=0 phfd=0.0 sfx=117,881 bat=1.0,0
[http] POST /v1/messages -> 200
[timing] render 0.6ms encode 18.1ms (113578 chars -> 27163 toks)
[gen] prompt=27163 prefix_hit=0 snap=0 ckpt=-1 pfx=0
[gen-done] eos: 69 tokens in 0.3s (230.2 t/s), n_max=64000
[req] rid=126 api=anth conv=6b1c4f4dca7619a0 qw_ms=1 tok_ms=19 prompt=27163 hit=0 ckpt=-1 pf=27163 pf_ms=8179 dec=69 dec_ms=300 cb_ms=0 rounds=15 tps=230.2 end=eos gw=0 yields=0 slot=0 t=297233 md4=15 md5=0 md6=0 md7=0 mprom=0 mdem=0 gch=144,160,191,166,456,391,259,38 gnh=233,355,249,207,331,268,138,24 glf=1661,1501,1310,1144,688,297,38 gla=1505,1217,968,761,430,162,24 phd=60.9 phv=238.7 phs=58 phwn=1,0,1,13,0,0,0 phwm=15.7,0.0,15.6,207.4,0.0,0.0,0.0 sfxm=0.0 sfxn=0 phfd=0.0 sfx=117,881 bat=1.0,0
[http] POST /v1/messages -> 200
[timing] render 0.6ms encode 18.8ms (116895 chars -> 28270 toks)
[gen] prompt=28270 prefix_hit=27156 snap=27156 ckpt=-1 pfx=0
[gen-done] eos: 63 tokens in 0.3s (201.2 t/s), n_max=64000
[req] rid=127 api=anth conv=6b1c4f4dca7619a0 qw_ms=1 tok_ms=19 prompt=28270 hit=27156 ckpt=-1 pf=1114 pf_ms=434 dec=63 dec_ms=313 cb_ms=0 rounds=15 tps=201.2 end=eos gw=0 yields=0 slot=0 t=298013 md4=16 md5=13 md6=0 md7=0 mprom=1 mdem=0 gch=145,161,192,166,457,400,259,38 gnh=236,356,251,207,332,274,138,24 glf=1673,1512,1320,1154,697,297,38 gla=1515,1226,975,768,436,162,24 phd=52.8 phv=218.9 phs=55 phwn=2,1,0,1,9,0,0 phwm=32.1,17.0,0.0,16.0,153.8,0.0,0.0 sfxm=41.3 sfxn=2 phfd=0.0 sfx=119,894 bat=1.0,0
[http] POST /v1/messages -> 200
[timing] render 0.6ms encode 19.4ms (122513 chars -> 30020 toks)
[gen] prompt=30020 prefix_hit=28263 snap=28263 ckpt=-1 pfx=0
[gen-done] eos: 599 tokens in 3.5s (172.5 t/s), n_max=64000
[req] rid=128 api=anth conv=6b1c4f4dca7619a0 qw_ms=0 tok_ms=20 prompt=30020 hit=28263 ckpt=-1 pf=1757 pf_ms=632 dec=599 dec_ms=3473 cb_ms=0 rounds=169 tps=172.5 end=eos gw=0 yields=0 slot=0 t=302153 md4=34 md5=162 md6=0 md7=0 mprom=2 mdem=1 gch=157,184,203,186,489,469,259,38 gnh=250,401,278,230,360,304,138,24 glf=1828,1644,1441,1255,766,297,38 gla=1660,1334,1056,826,466,162,24 phd=668.8 phv=2762.2 phs=659 phwn=35,11,20,32,69,0,0 phwm=563.4,188.6,313.4,514.2,1182.6,0.0,0.0 sfxm=40.3 sfxn=2 phfd=0.0 sfx=121,898 bat=1.0,0
[http] POST /v1/messages -> 200
[timing] render 0.6ms encode 20.8ms (124652 chars -> 30655 toks)
[gen] prompt=30655 prefix_hit=30013 snap=30013 ckpt=-1 pfx=0
[gen-done] eos: 235 tokens in 0.5s (457.0 t/s), n_max=64000
[req] rid=129 api=anth conv=6b1c4f4dca7619a0 qw_ms=0 tok_ms=21 prompt=30655 hit=30013 ckpt=-1 pf=642 pf_ms=262 dec=235 dec_ms=514 cb_ms=0 rounds=24 tps=457.0 end=eos gw=0 yields=0 slot=0 t=302970 md4=34 md5=174 md6=12 md7=0 mprom=3 mdem=1 gch=157,184,203,187,490,473,260,38 gnh=250,401,278,231,362,307,139,24 glf=1835,1651,1448,1261,771,298,38 gla=1667,1341,1063,832,470,163,24 phd=36.9 phv=118.6 phs=35 phwn=0,0,1,1,4,1,0 phwm=0.0,0.0,15.7,16.1,68.8,18.0,0.0 sfxm=358.5 sfxn=17 phfd=0.0 sfx=138,1097 bat=1.0,0
[http] POST /v1/messages -> 200
[timing] render 0.7ms encode 22.7ms (125560 chars -> 30947 toks)
[gen] prompt=30947 prefix_hit=30648 snap=30648 ckpt=-1 pfx=0
[gen-done] eos: 63 tokens in 0.3s (202.8 t/s), n_max=64000
[req] rid=130 api=anth conv=6b1c4f4dca7619a0 qw_ms=1 tok_ms=23 prompt=30947 hit=30648 ckpt=-1 pf=299 pf_ms=175 dec=63 dec_ms=311 cb_ms=0 rounds=14 tps=202.8 end=eos gw=0 yields=0 slot=0 t=303501 md4=34 md5=174 md6=25 md7=0 mprom=3 mdem=1 gch=157,186,203,189,490,474,268,38 gnh=250,404,279,235,362,307,144,24 glf=1848,1662,1459,1270,780,306,38 gla=1680,1351,1072,837,475,168,24 phd=65.3 phv=224.6 phs=66 phwn=2,0,2,0,1,8,0 phwm=31.7,0.0,31.4,0.0,17.1,144.4,0.0 sfxm=20.4 sfxn=1 phfd=0.0 sfx=139,1101 bat=1.0,0
[http] POST /v1/messages -> 200
[timing] render 0.6ms encode 20.5ms (126376 chars -> 31133 toks)
[gen] prompt=31133 prefix_hit=30940 snap=30940 ckpt=-1 pfx=0
[gen-done] eos: 50 tokens in 0.2s (213.2 t/s), n_max=64000
[req] rid=131 api=anth conv=6b1c4f4dca7619a0 qw_ms=0 tok_ms=21 prompt=31133 hit=30940 ckpt=-1 pf=193 pf_ms=123 dec=50 dec_ms=234 cb_ms=0 rounds=10 tps=213.2 end=eos gw=0 yields=0 slot=0 t=303897 md4=34 md5=174 md6=34 md7=0 mprom=3 mdem=1 gch=157,186,203,189,490,475,276,38 gnh=250,405,281,235,363,308,148,24 glf=1857,1671,1468,1279,789,314,38 gla=1689,1359,1078,843,480,172,24 phd=52.4 phv=161.6 phs=54 phwn=0,0,0,0,1,8,0 phwm=0.0,0.0,0.0,0.0,17.2,144.4,0.0 sfxm=20.4 sfxn=1 phfd=0.0 sfx=140,1105 bat=1.0,0
[http] POST /v1/messages -> 200
[timing] render 0.7ms encode 19.9ms (126655 chars -> 31211 toks)
[gen] prompt=31211 prefix_hit=31126 snap=31126 ckpt=-1 pfx=0
[gen-done] eos: 48 tokens in 0.2s (268.1 t/s), n_max=64000
[req] rid=132 api=anth conv=6b1c4f4dca7619a0 qw_ms=0 tok_ms=21 prompt=31211 hit=31126 ckpt=-1 pf=85 pf_ms=95 dec=48 dec_ms=179 cb_ms=0 rounds=8 tps=268.1 end=eos gw=0 yields=0 slot=0 t=304205 md4=34 md5=174 md6=40 md7=0 mprom=3 mdem=1 gch=157,186,203,189,490,475,281,38 gnh=250,405,281,236,363,308,152,24 glf=1862,1676,1473,1284,794,319,38 gla=1694,1364,1083,847,484,176,24 phd=28.4 phv=90.0 phs=30 phwn=0,0,0,0,0,5,0 phwm=0.0,0.0,0.0,0.0,0.0,90.0,0.0 sfxm=60.5 sfxn=3 phfd=0.0 sfx=143,1122 bat=1.0,0
[http] POST /v1/messages -> 200
[timing] render 0.6ms encode 22.2ms (126945 chars -> 31292 toks)
[gen] prompt=31292 prefix_hit=31204 snap=31204 ckpt=-1 pfx=0
[gen-done] eos: 51 tokens in 0.2s (281.5 t/s), n_max=64000
[req] rid=133 api=anth conv=6b1c4f4dca7619a0 qw_ms=1 tok_ms=23 prompt=31292 hit=31204 ckpt=-1 pf=88 pf_ms=95 dec=51 dec_ms=181 cb_ms=0 rounds=8 tps=281.5 end=eos gw=0 yields=0 slot=0 t=304519 md4=34 md5=174 md6=42 md7=4 mprom=4 mdem=1 gch=157,186,203,190,490,475,283,40 gnh=250,405,282,236,363,308,154,26 glf=1867,1681,1478,1288,798,323,40 gla=1699,1369,1087,851,488,180,26 phd=29.0 phv=91.1 phs=30 phwn=0,0,1,0,0,2,2 phwm=0.0,0.0,15.7,0.0,0.0,36.0,39.4 sfxm=60.9 sfxn=3 phfd=0.0 sfx=146,1141 bat=1.0,0
[http] POST /v1/messages -> 200
[timing] render 0.6ms encode 20.0ms (127240 chars -> 31372 toks)
[gen] prompt=31372 prefix_hit=31285 snap=31285 ckpt=-1 pfx=0
[gen-done] eos: 90 tokens in 0.5s (180.6 t/s), n_max=64000
[req] rid=134 api=anth conv=6b1c4f4dca7619a0 qw_ms=0 tok_ms=21 prompt=31372 hit=31285 ckpt=-1 pf=87 pf_ms=95 dec=90 dec_ms=498 cb_ms=0 rounds=23 tps=180.6 end=eos gw=0 yields=0 slot=0 t=305154 md4=34 md5=174 md6=46 md7=22 mprom=4 mdem=2 gch=161,188,206,192,493,475,286,45 gnh=251,412,285,238,365,310,157,28 glf=1885,1697,1491,1299,806,331,45 gla=1717,1383,1098,860,495,185,28 phd=95.0 phv=382.6 phs=94 phwn=6,3,2,3,0,3,5 phwm=98.6,51.7,31.4,48.2,0.0,54.3,98.3 sfxm=20.5 sfxn=1 phfd=0.0 sfx=147,1143 bat=1.0,0
[http] POST /v1/messages -> 200
[timing] render 0.6ms encode 20.1ms (128087 chars -> 31613 toks)
[gen] prompt=31613 prefix_hit=31365 snap=31365 ckpt=-1 pfx=0
[gen-done] eos: 62 tokens in 0.3s (186.2 t/s), n_max=64000
[req] rid=135 api=anth conv=6b1c4f4dca7619a0 qw_ms=0 tok_ms=21 prompt=31613 hit=31365 ckpt=-1 pf=248 pf_ms=143 dec=62 dec_ms=333 cb_ms=0 rounds=15 tps=186.2 end=eos gw=0 yields=0 slot=0 t=305683 md4=34 md5=174 md6=60 md7=22 mprom=4 mdem=2 gch=161,190,208,193,493,475,295,45 gnh=251,416,288,239,366,310,162,28 glf=1899,1709,1501,1308,815,340,45 gla=1731,1393,1105,866,500,190,28 phd=68.0 phv=244.4 phs=68 phwn=2,2,1,0,0,9,0 phwm=31.8,34.5,15.7,0.0,0.0,162.5,0.0 sfxm=20.4 sfxn=1 phfd=0.0 sfx=148,1147 bat=1.0,0
[http] POST /v1/messages -> 200
[timing] render 0.7ms encode 20.7ms (128603 chars -> 31759 toks)
[gen] prompt=31759 prefix_hit=31606 snap=31606 ckpt=-1 pfx=0
[gen-done] eos: 87 tokens in 0.4s (206.1 t/s), n_max=64000
[req] rid=136 api=anth conv=6b1c4f4dca7619a0 qw_ms=1 tok_ms=21 prompt=31759 hit=31606 ckpt=-1 pf=153 pf_ms=119 dec=87 dec_ms=422 cb_ms=0 rounds=19 tps=206.1 end=eos gw=0 yields=0 slot=0 t=306265 md4=34 md5=174 md6=76 md7=22 mprom=4 mdem=2 gch=161,190,209,195,496,477,303,45 gnh=251,417,290,243,369,310,168,28 glf=1915,1725,1516,1321,825,348,45 gla=1747,1408,1118,875,506,196,28 phd=85.9 phv=275.9 phs=86 phwn=0,1,2,3,2,8,0 phwm=0.0,17.3,31.4,48.3,34.3,144.6,0.0 sfxm=60.2 sfxn=3 phfd=0.0 sfx=151,1156 bat=1.0,0
[http] POST /v1/messages -> 200
[timing] render 0.6ms encode 20.2ms (129222 chars -> 31932 toks)
[gen] prompt=31932 prefix_hit=31752 snap=31752 ckpt=-1 pfx=0
[gen-done] eos: 91 tokens in 0.5s (178.9 t/s), n_max=64000
[req] rid=137 api=anth conv=6b1c4f4dca7619a0 qw_ms=1 tok_ms=21 prompt=31932 hit=31752 ckpt=-1 pf=180 pf_ms=122 dec=91 dec_ms=509 cb_ms=0 rounds=23 tps=178.9 end=eos gw=0 yields=0 slot=0 t=306942 md4=34 md5=174 md6=97 md7=22 mprom=4 mdem=2 gch=164,191,211,195,497,477,317,45 gnh=255,420,293,244,372,311,174,28 glf=1933,1742,1531,1336,839,362,45 gla=1762,1422,1129,885,513,202,28 phd=97.9 phv=369.8 phs=100 phwn=4,2,0,1,0,14,0 phwm=66.1,34.6,0.0,16.1,0.0,253.0,0.0 sfxm=40.7 sfxn=2 phfd=0.0 sfx=153,1164 bat=1.0,0
[http] POST /v1/messages -> 200
[timing] render 0.7ms encode 22.1ms (129680 chars -> 32078 toks)
[gen] prompt=32078 prefix_hit=31925 snap=31925 ckpt=-1 pfx=0
[gen-done] eos: 47 tokens in 0.2s (210.2 t/s), n_max=64000
[req] rid=138 api=anth conv=6b1c4f4dca7619a0 qw_ms=1 tok_ms=23 prompt=32078 hit=31925 ckpt=-1 pf=153 pf_ms=119 dec=47 dec_ms=224 cb_ms=0 rounds=10 tps=210.2 end=eos gw=0 yields=0 slot=0 t=307348 md4=34 md5=174 md6=106 md7=22 mprom=4 mdem=2 gch=164,192,211,196,498,477,323,45 gnh=255,421,294,246,373,311,178,28 glf=1942,1750,1539,1343,845,368,45 gla=1771,1430,1136,890,517,206,28 phd=47.1 phv=156.0 phs=47 phwn=1,0,1,1,0,6,0 phwm=15.9,0.0,15.7,16.1,0.0,108.3,0.0 sfxm=20.4 sfxn=1 phfd=0.0 sfx=154,1168 bat=1.0,0
[http] POST /v1/messages -> 200
[timing] render 0.7ms encode 20.5ms (129972 chars -> 32152 toks)
[gen] prompt=32152 prefix_hit=32071 snap=32071 ckpt=-1 pfx=0
[gen-done] eos: 88 tokens in 0.4s (208.4 t/s), n_max=64000
[req] rid=139 api=anth conv=6b1c4f4dca7619a0 qw_ms=1 tok_ms=21 prompt=32152 hit=32071 ckpt=-1 pf=81 pf_ms=94 dec=88 dec_ms=422 cb_ms=0 rounds=19 tps=208.4 end=eos gw=0 yields=0 slot=0 t=307925 md4=34 md5=174 md6=121 md7=22 mprom=4 mdem=2 gch=164,194,211,196,500,478,333,45 gnh=256,423,296,246,375,314,183,28 glf=1957,1763,1552,1356,856,378,45 gla=1785,1442,1146,900,525,211,28 phd=79.9 phv=261.9 phs=80 phwn=2,0,0,2,1,10,0 phwm=31.9,0.0,0.0,32.2,17.2,180.6,0.0 sfxm=80.3 sfxn=4 phfd=0.0 sfx=158,1185 bat=1.0,0
[http] POST /v1/messages -> 200
[timing] render 0.7ms encode 21.1ms (130352 chars -> 32263 toks)
[gen] prompt=32263 prefix_hit=32145 snap=32145 ckpt=-1 pfx=0
[gen-done] eos: 78 tokens in 0.4s (177.7 t/s), n_max=64000
[req] rid=140 api=anth conv=6b1c4f4dca7619a0 qw_ms=1 tok_ms=22 prompt=32263 hit=32145 ckpt=-1 pf=118 pf_ms=106 dec=78 dec_ms=439 cb_ms=0 rounds=21 tps=177.7 end=eos gw=0 yields=0 slot=0 t=308586 md4=34 md5=184 md6=131 md7=22 mprom=4 mdem=3 gch=166,196,214,197,501,485,335,45 gnh=259,428,299,247,376,318,184,28 glf=1973,1777,1563,1366,865,380,45 gla=1799,1452,1153,906,530,212,28 phd=72.6 phv=305.5 phs=73 phwn=4,3,1,1,7,2,0 phwm=65.4,51.9,15.7,16.1,120.4,36.1,0.0 sfxm=60.6 sfxn=3 phfd=0.0 sfx=161,1204 bat=1.0,0
[http] POST /v1/messages -> 200
[timing] render 0.6ms encode 20.8ms (132009 chars -> 32697 toks)
[gen] prompt=32697 prefix_hit=32256 snap=32256 ckpt=-1 pfx=0
[gen-done] eos: 77 tokens in 0.4s (197.8 t/s), n_max=64000
[req] rid=141 api=anth conv=6b1c4f4dca7619a0 qw_ms=1 tok_ms=21 prompt=32697 hit=32256 ckpt=-1 pf=441 pf_ms=202 dec=77 dec_ms=389 cb_ms=0 rounds=19 tps=197.8 end=eos gw=0 yields=0 slot=0 t=309213 md4=34 md5=202 md6=131 md7=22 mprom=4 mdem=3 gch=168,199,216,198,502,492,335,45 gnh=260,433,301,249,377,323,184,28 glf=1987,1788,1572,1374,872,380,45 gla=1813,1462,1161,912,535,212,28 phd=60.3 phv=268.4 phs=58 phwn=5,2,1,1,7,0,0 phwm=81.4,34.7,15.7,16.1,120.5,0.0,0.0 sfxm=60.4 sfxn=3 phfd=0.0 sfx=164,1223 bat=1.0,0
[http] POST /v1/messages -> 200
[timing] render 0.7ms encode 21.0ms (133790 chars -> 33206 toks)
[gen] prompt=33206 prefix_hit=32690 snap=32690 ckpt=-1 pfx=0
[gen-done] eos: 790 tokens in 5.0s (157.1 t/s), n_max=64000
[req] rid=142 api=anth conv=6b1c4f4dca7619a0 qw_ms=0 tok_ms=22 prompt=33206 hit=32690 ckpt=-1 pf=516 pf_ms=226 dec=790 dec_ms=5028 cb_ms=0 rounds=248 tps=157.1 end=eos gw=0 yields=0 slot=0 t=314502 md4=131 md5=352 md6=131 md7=22 mprom=4 mdem=4 gch=208,229,242,222,546,573,335,45 gnh=311,496,336,279,404,362,184,28 glf=2192,1963,1721,1499,953,380,45 gla=1988,1593,1257,978,574,212,28 phd=874.3 phv=4090.3 phs=865 phwn=70,26,24,44,81,0,0 phwm=1153.7,452.8,378.0,710.1,1395.7,0.0,0.0 sfxm=61.5 sfxn=3 phfd=0.0 sfx=167,1243 bat=1.0,0
[http] POST /v1/messages -> 200
[timing] render 0.6ms encode 21.8ms (138542 chars -> 34669 toks)
[gen] prompt=34669 prefix_hit=33199 snap=33199 ckpt=-1 pfx=0
[gen-done] eos: 65 tokens in 0.3s (196.7 t/s), n_max=64000
[req] rid=143 api=anth conv=6b1c4f4dca7619a0 qw_ms=0 tok_ms=22 prompt=34669 hit=33199 ckpt=-1 pf=1470 pf_ms=562 dec=65 dec_ms=330 cb_ms=0 rounds=16 tps=196.7 end=eos gw=0 yields=0 slot=0 t=315433 md4=142 md5=357 md6=131 md7=22 mprom=5 mdem=4 gch=208,230,243,224,553,577,335,45 gnh=312,498,338,281,410,364,184,28 glf=2207,1977,1734,1510,957,380,45 gla=2002,1605,1267,986,576,212,28 phd=62.6 phv=247.4 phs=61 phwn=1,1,2,7,4,0,0 phwm=16.1,17.5,31.5,113.4,69.0,0.0,0.0 sfxm=20.2 sfxn=1 phfd=0.0 sfx=168,1250 bat=1.0,0
[http] POST /v1/messages -> 200
[timing] render 0.7ms encode 21.9ms (138927 chars -> 34761 toks)
[gen] prompt=34761 prefix_hit=34662 snap=34662 ckpt=-1 pfx=0
[gen-done] eos: 44 tokens in 0.2s (222.5 t/s), n_max=64000
[req] rid=144 api=anth conv=6b1c4f4dca7619a0 qw_ms=0 tok_ms=23 prompt=34761 hit=34662 ckpt=-1 pf=99 pf_ms=103 dec=44 dec_ms=198 cb_ms=0 rounds=9 tps=222.5 end=eos gw=0 yields=0 slot=0 t=315773 md4=142 md5=366 md6=131 md7=22 mprom=5 mdem=4 gch=208,230,243,224,554,584,335,45 gnh=313,498,338,282,412,368,184,28 glf=2215,1985,1742,1518,964,380,45 gla=2009,1612,1274,992,580,212,28 phd=40.4 phv=136.9 phs=40 phwn=0,0,0,1,7,0,0 phwm=0.0,0.0,0.0,16.2,120.7,0.0,0.0 sfxm=20.3 sfxn=1 phfd=0.0 sfx=169,1258 bat=1.0,0
[http] POST /v1/messages -> 200
[timing] render 0.7ms encode 21.9ms (139312 chars -> 34862 toks)
[gen] prompt=34862 prefix_hit=34754 snap=34754 ckpt=-1 pfx=0
[gen-done] eos: 41 tokens in 0.2s (268.4 t/s), n_max=64000
[req] rid=145 api=anth conv=6b1c4f4dca7619a0 qw_ms=0 tok_ms=23 prompt=34862 hit=34754 ckpt=-1 pf=108 pf_ms=104 dec=41 dec_ms=153 cb_ms=0 rounds=7 tps=268.4 end=eos gw=0 yields=0 slot=0 t=316067 md4=142 md5=373 md6=131 md7=22 mprom=5 mdem=4 gch=208,230,243,224,556,588,335,45 gnh=313,498,338,282,414,372,184,28 glf=2221,1991,1748,1524,968,380,45 gla=2015,1618,1280,998,584,212,28 phd=31.2 phv=101.2 phs=30 phwn=0,0,0,2,4,0,0 phwm=0.0,0.0,0.0,32.3,68.9,0.0,0.0 sfxm=20.3 sfxn=1 phfd=0.0 sfx=170,1268 bat=1.0,0
[http] POST /v1/messages -> 200
[timing] render 0.6ms encode 22.7ms (141895 chars -> 35615 toks)
[gen] prompt=35615 prefix_hit=34855 snap=34855 ckpt=-1 pfx=0
[gen-done] eos: 445 tokens in 2.4s (184.5 t/s), n_max=64000
[req] rid=146 api=anth conv=6b1c4f4dca7619a0 qw_ms=1 tok_ms=23 prompt=35615 hit=34855 ckpt=-1 pf=760 pf_ms=309 dec=445 dec_ms=2412 cb_ms=0 rounds=113 tps=184.5 end=eos gw=0 yields=0 slot=0 t=318822 md4=142 md5=456 md6=158 md7=22 mprom=6 mdem=5 gch=217,241,252,233,562,639,347,45 gnh=328,517,355,295,420,406,187,28 glf=2319,2078,1826,1593,1031,392,45 gla=2103,1691,1336,1041,621,215,28 phd=460.0 phv=1827.5 phs=451 phwn=20,9,9,6,51,12,0 phwm=330.1,158.4,142.2,97.2,881.6,218.1,0.0 sfxm=123.4 sfxn=6 phfd=0.0 sfx=176,1305 bat=1.0,0
[http] POST /v1/messages -> 200
[timing] render 0.7ms encode 23.3ms (144071 chars -> 36180 toks)
[gen] prompt=36180 prefix_hit=35608 snap=35608 ckpt=-1 pfx=0
[gen-done] eos: 43 tokens in 0.2s (279.6 t/s), n_max=64000
[req] rid=147 api=anth conv=6b1c4f4dca7619a0 qw_ms=1 tok_ms=24 prompt=36180 hit=35608 ckpt=-1 pf=572 pf_ms=246 dec=43 dec_ms=154 cb_ms=0 rounds=7 tps=279.6 end=eos gw=0 yields=0 slot=0 t=319262 md4=142 md5=462 md6=158 md7=22 mprom=6 mdem=5 gch=217,241,252,233,562,644,347,45 gnh=328,517,355,295,421,410,187,28 glf=2324,2083,1831,1598,1036,392,45 gla=2108,1696,1341,1046,625,215,28 phd=25.2 phv=86.6 phs=25 phwn=0,0,0,0,5,0,0 phwm=0.0,0.0,0.0,0.0,86.6,0.0,0.0 sfxm=41.8 sfxn=2 phfd=0.0 sfx=178,1321 bat=1.0,0
[http] POST /v1/messages -> 200
[timing] render 0.6ms encode 23.3ms (147052 chars -> 37041 toks)
[gen] prompt=37041 prefix_hit=36173 snap=36173 ckpt=-1 pfx=0
[gen-done] eos: 43 tokens in 0.2s (276.9 t/s), n_max=64000
[req] rid=148 api=anth conv=6b1c4f4dca7619a0 qw_ms=0 tok_ms=24 prompt=37041 hit=36173 ckpt=-1 pf=868 pf_ms=360 dec=43 dec_ms=155 cb_ms=0 rounds=7 tps=276.9 end=eos gw=0 yields=0 slot=0 t=319813 md4=142 md5=464 md6=161 md7=22 mprom=7 mdem=5 gch=217,241,252,233,562,646,349,45 gnh=328,517,355,295,422,412,188,28 glf=2328,2087,1835,1602,1040,394,45 gla=2112,1700,1345,1050,628,216,28 phd=22.2 phv=71.0 phs=22 phwn=0,0,0,0,2,2,0 phwm=0.0,0.0,0.0,0.0,34.6,36.4,0.0 sfxm=62.0 sfxn=3 phfd=0.0 sfx=181,1343 bat=1.0,0
[http] POST /v1/messages -> 200
[timing] render 0.7ms encode 23.5ms (148043 chars -> 37341 toks)
[gen] prompt=37341 prefix_hit=37034 snap=37034 ckpt=-1 pfx=0
[gen-done] eos: 65 tokens in 0.3s (216.9 t/s), n_max=64000
[req] rid=149 api=anth conv=6b1c4f4dca7619a0 qw_ms=0 tok_ms=24 prompt=37341 hit=37034 ckpt=-1 pf=307 pf_ms=179 dec=65 dec_ms=300 cb_ms=0 rounds=14 tps=216.9 end=eos gw=0 yields=0 slot=0 t=320328 md4=142 md5=464 md6=174 md7=22 mprom=7 mdem=5 gch=219,241,252,236,563,647,353,45 gnh=330,519,356,297,423,412,191,28 glf=2337,2096,1844,1608,1045,398,45 gla=2120,1707,1351,1054,631,219,28 phd=49.0 phv=188.1 phs=49 phwn=2,0,3,1,1,4,0 phwm=34.1,0.0,47.5,16.2,17.3,73.0,0.0 sfxm=62.4 sfxn=3 phfd=0.0 sfx=184,1368 bat=1.0,0
[http] POST /v1/messages -> 200
[timing] render 0.7ms encode 24.6ms (151581 chars -> 38314 toks)
[gen] prompt=38314 prefix_hit=37334 snap=37334 ckpt=-1 pfx=0
[gen-done] eos: 43 tokens in 0.2s (243.3 t/s), n_max=64000
[req] rid=150 api=anth conv=6b1c4f4dca7619a0 qw_ms=0 tok_ms=25 prompt=38314 hit=37334 ckpt=-1 pf=980 pf_ms=395 dec=43 dec_ms=177 cb_ms=0 rounds=8 tps=243.3 end=eos gw=0 yields=0 slot=0 t=320937 md4=142 md5=464 md6=180 md7=22 mprom=7 mdem=5 gch=219,242,252,236,563,648,356,45 gnh=330,520,357,297,423,412,194,28 glf=2342,2100,1848,1612,1049,401,45 gla=2125,1711,1354,1057,634,222,28 phd=26.3 phv=88.4 phs=26 phwn=1,0,0,0,1,3,0 phwm=16.3,0.0,0.0,0.0,17.3,54.7,0.0 sfxm=62.0 sfxn=3 phfd=0.0 sfx=187,1388 bat=1.0,0
[http] POST /v1/messages -> 200
[timing] render 0.6ms encode 24.6ms (152359 chars -> 38575 toks)
[gen] prompt=38575 prefix_hit=38307 snap=38307 ckpt=-1 pfx=0
[gen-done] eos: 631 tokens in 3.9s (161.1 t/s), n_max=64000
[req] rid=151 api=anth conv=6b1c4f4dca7619a0 qw_ms=1 tok_ms=25 prompt=38575 hit=38307 ckpt=-1 pf=268 pf_ms=168 dec=631 dec_ms=3918 cb_ms=0 rounds=189 tps=161.1 end=eos gw=0 yields=0 slot=0 t=325065 md4=142 md5=643 md6=188 md7=22 mprom=7 mdem=6 gch=252,263,264,258,583,724,357,45 gnh=358,577,380,323,437,449,194,28 glf=2494,2231,1967,1709,1126,402,45 gla=2264,1811,1431,1108,671,222,28 phd=700.8 phv=3132.5 phs=685 phwn=54,12,22,20,76,1,0 phwm=907.4,213.8,349.3,325.3,1318.4,18.2,0.0 sfxm=82.9 sfxn=4 phfd=0.0 sfx=191,1415 bat=1.0,0
[http] POST /v1/messages -> 200
[timing] render 0.6ms encode 25.4ms (154944 chars -> 39236 toks)
[gen] prompt=39236 prefix_hit=38568 snap=38568 ckpt=-1 pfx=0
[gen-done] eos: 43 tokens in 0.2s (278.5 t/s), n_max=64000
[req] rid=152 api=anth conv=6b1c4f4dca7619a0 qw_ms=1 tok_ms=26 prompt=39236 hit=38568 ckpt=-1 pf=668 pf_ms=280 dec=43 dec_ms=154 cb_ms=0 rounds=7 tps=278.5 end=eos gw=0 yields=0 slot=0 t=325546 md4=142 md5=649 md6=188 md7=22 mprom=7 mdem=6 gch=252,263,264,258,583,729,357,45 gnh=358,577,380,323,438,453,194,28 glf=2499,2236,1972,1714,1131,402,45 gla=2269,1816,1436,1113,675,222,28 phd=25.3 phv=87.0 phs=25 phwn=0,0,0,0,5,0,0 phwm=0.0,0.0,0.0,0.0,87.0,0.0,0.0 sfxm=42.0 sfxn=2 phfd=0.0 sfx=193,1431 bat=1.0,0
[http] POST /v1/messages -> 200
[timing] render 0.7ms encode 25.1ms (156618 chars -> 39768 toks)
[gen] prompt=39768 prefix_hit=39229 snap=39229 ckpt=-1 pfx=0
[gen-done] eos: 142 tokens in 0.7s (195.6 t/s), n_max=64000
[req] rid=153 api=anth conv=6b1c4f4dca7619a0 qw_ms=0 tok_ms=26 prompt=39768 hit=39229 ckpt=-1 pf=539 pf_ms=249 dec=142 dec_ms=726 cb_ms=0 rounds=34 tps=195.6 end=eos gw=0 yields=0 slot=0 t=326560 md4=142 md5=682 md6=188 md7=22 mprom=7 mdem=6 gch=255,266,268,259,583,748,357,45 gnh=360,583,389,324,439,464,194,28 glf=2526,2260,1992,1733,1150,402,45 gla=2295,1838,1449,1125,686,222,28 phd=125.0 phv=518.7 phs=120 phwn=6,4,1,0,19,0,0 phwm=100.7,71.6,16.0,0.0,330.5,0.0,0.0 sfxm=82.0 sfxn=4 phfd=0.0 sfx=197,1459 bat=1.0,0
[http] POST /v1/messages -> 200
[timing] render 0.7ms encode 25.0ms (158510 chars -> 40259 toks)
[gen] prompt=40259 prefix_hit=39761 snap=39761 ckpt=-1 pfx=0
[gen-done] eos: 390 tokens in 2.4s (162.1 t/s), n_max=64000
[req] rid=154 api=anth conv=6b1c4f4dca7619a0 qw_ms=1 tok_ms=26 prompt=40259 hit=39761 ckpt=-1 pf=498 pf_ms=228 dec=390 dec_ms=2406 cb_ms=0 rounds=119 tps=162.1 end=eos gw=0 yields=0 slot=0 t=329232 md4=192 md5=750 md6=188 md7=22 mprom=7 mdem=7 gch=266,280,286,277,610,776,357,45 gnh=383,608,408,343,458,475,194,28 glf=2631,2351,2065,1788,1178,402,45 gla=2384,1906,1498,1155,697,222,28 phd=421.5 phv=1924.0 phs=415 phwn=25,18,18,27,28,0,0 phwm=413.0,319.4,281.2,426.4,484.0,0.0,0.0 sfxm=59.8 sfxn=3 phfd=0.0 sfx=200,1485 bat=1.0,0
[http] POST /v1/messages -> 200
[timing] render 0.7ms encode 28.4ms (160172 chars -> 40687 toks)
[gen] prompt=40687 prefix_hit=40252 snap=40252 ckpt=-1 pfx=0
[gen-done] eos: 52 tokens in 0.2s (273.8 t/s), n_max=64000
[req] rid=155 api=anth conv=6b1c4f4dca7619a0 qw_ms=1 tok_ms=29 prompt=40687 hit=40252 ckpt=-1 pf=435 pf_ms=212 dec=52 dec_ms=190 cb_ms=0 rounds=9 tps=273.8 end=eos gw=0 yields=0 slot=0 t=329684 md4=195 md5=756 md6=188 md7=22 mprom=8 mdem=7 gch=266,280,286,277,612,781,357,45 gnh=383,608,409,343,462,477,194,28 glf=2638,2358,2072,1795,1183,402,45 gla=2391,1913,1504,1161,699,222,28 phd=33.9 phv=115.5 phs=33 phwn=0,0,0,2,5,0,0 phwm=0.0,0.0,0.0,31.6,83.9,0.0,0.0 sfxm=40.4 sfxn=2 phfd=0.0 sfx=202,1505 bat=1.0,0
[http] POST /v1/messages -> 200
[timing] render 0.7ms encode 25.7ms (160550 chars -> 40797 toks)
[gen] prompt=40797 prefix_hit=40680 snap=40680 ckpt=-1 pfx=0
[gen-done] eos: 43 tokens in 0.2s (225.8 t/s), n_max=64000
[req] rid=156 api=anth conv=6b1c4f4dca7619a0 qw_ms=1 tok_ms=26 prompt=40797 hit=40680 ckpt=-1 pf=117 pf_ms=107 dec=43 dec_ms=190 cb_ms=0 rounds=9 tps=225.8 end=eos gw=0 yields=0 slot=0 t=330025 md4=195 md5=765 md6=188 md7=22 mprom=8 mdem=7 gch=266,280,288,277,612,786,357,45 gnh=383,609,411,343,462,481,194,28 glf=2645,2365,2077,1800,1188,402,45 gla=2398,1919,1508,1165,703,222,28 phd=31.5 phv=119.1 phs=31 phwn=0,2,0,0,5,0,0 phwm=0.0,34.9,0.0,0.0,84.2,0.0,0.0 sfxm=39.6 sfxn=2 phfd=0.0 sfx=204,1518 bat=1.0,0
[http] POST /v1/messages -> 200
[timing] render 0.9ms encode 26.3ms (164521 chars -> 41962 toks)
[gen] prompt=41962 prefix_hit=40790 snap=40790 ckpt=-1 pfx=0
[gen-done] eos: 43 tokens in 0.2s (258.5 t/s), n_max=64000
[req] rid=157 api=anth conv=6b1c4f4dca7619a0 qw_ms=0 tok_ms=27 prompt=41962 hit=40790 ckpt=-1 pf=1172 pf_ms=494 dec=43 dec_ms=166 cb_ms=0 rounds=8 tps=258.5 end=eos gw=0 yields=0 slot=0 t=330726 md4=195 md5=773 md6=188 md7=22 mprom=8 mdem=7 gch=267,280,288,278,612,790,357,45 gnh=383,610,411,344,462,485,194,28 glf=2650,2370,2082,1804,1192,402,45 gla=2403,1924,1513,1169,707,222,28 phd=26.0 phv=99.8 phs=25 phwn=1,0,1,0,4,0,0 phwm=16.8,0.0,15.4,0.0,67.6,0.0,0.0 sfxm=40.4 sfxn=2 phfd=0.0 sfx=206,1534 bat=1.0,0
[http] POST /v1/messages -> 200
[timing] render 0.7ms encode 26.3ms (166621 chars -> 42568 toks)
[gen] prompt=42568 prefix_hit=41955 snap=41955 ckpt=-1 pfx=0
[gen-done] eos: 232 tokens in 1.4s (167.3 t/s), n_max=64000
[req] rid=158 api=anth conv=6b1c4f4dca7619a0 qw_ms=1 tok_ms=27 prompt=42568 hit=41955 ckpt=-1 pf=613 pf_ms=278 dec=232 dec_ms=1387 cb_ms=0 rounds=67 tps=167.3 end=eos gw=0 yields=0 slot=0 t=332431 md4=195 md5=839 md6=188 md7=22 mprom=8 mdem=7 gch=272,286,303,282,619,818,357,45 gnh=392,625,426,349,469,499,194,28 glf=2710,2424,2121,1839,1220,402,45 gla=2457,1965,1539,1190,721,222,28 phd=255.5 phv=1090.7 phs=253 phwn=11,15,4,7,28,0,0 phwm=180.4,264.2,61.9,110.9,473.3,0.0,0.0 sfxm=40.1 sfxn=2 phfd=0.0 sfx=208,1546 bat=1.0,0
[http] POST /v1/messages -> 200
[timing] render 0.8ms encode 27.2ms (167742 chars -> 42868 toks)
[gen] prompt=42868 prefix_hit=42561 snap=42561 ckpt=-1 pfx=0
[gen-done] eos: 42 tokens in 0.2s (244.0 t/s), n_max=64000
[req] rid=159 api=anth conv=6b1c4f4dca7619a0 qw_ms=1 tok_ms=28 prompt=42868 hit=42561 ckpt=-1 pf=307 pf_ms=183 dec=42 dec_ms=172 cb_ms=0 rounds=8 tps=244.0 end=eos gw=0 yields=0 slot=0 t=332831 md4=195 md5=847 md6=188 md7=22 mprom=8 mdem=7 gch=272,286,305,282,619,823,357,45 gnh=392,625,428,349,470,503,194,28 glf=2717,2431,2126,1844,1225,402,45 gla=2464,1972,1544,1195,725,222,28 phd=32.4 phv=119.8 phs=31 phwn=0,2,0,0,5,0,0 phwm=0.0,35.3,0.0,0.0,84.5,0.0,0.0 sfxm=19.8 sfxn=1 phfd=0.0 sfx=209,1556 bat=1.0,0
[http] POST /v1/messages -> 200
[timing] render 0.6ms encode 27.9ms (171438 chars -> 43937 toks)
[gen] prompt=43937 prefix_hit=42861 snap=42861 ckpt=-1 pfx=0
[gen-done] eos: 48 tokens in 0.2s (269.2 t/s), n_max=64000
[req] rid=160 api=anth conv=6b1c4f4dca7619a0 qw_ms=1 tok_ms=29 prompt=43937 hit=42861 ckpt=-1 pf=1076 pf_ms=461 dec=48 dec_ms=178 cb_ms=0 rounds=8 tps=269.2 end=eos gw=0 yields=0 slot=0 t=333512 md4=195 md5=851 md6=191 md7=22 mprom=9 mdem=7 gch=272,286,305,282,619,826,360,45 gnh=392,625,428,349,470,507,196,28 glf=2723,2437,2132,1850,1231,405,45 gla=2470,1978,1550,1201,731,224,28 phd=33.8 phv=104.5 phs=33 phwn=0,0,0,0,3,3,0 phwm=0.0,0.0,0.0,0.0,51.0,53.5,0.0 sfxm=39.9 sfxn=2 phfd=0.0 sfx=211,1569 bat=1.0,0
[http] POST /v1/messages -> 200
[timing] render 0.7ms encode 28.3ms (171777 chars -> 44027 toks)
[gen] prompt=44027 prefix_hit=43930 snap=43930 ckpt=-1 pfx=0
[gen-done] eos: 42 tokens in 0.2s (264.1 t/s), n_max=64000
[req] rid=161 api=anth conv=6b1c4f4dca7619a0 qw_ms=1 tok_ms=29 prompt=44027 hit=43930 ckpt=-1 pf=97 pf_ms=107 dec=42 dec_ms=159 cb_ms=0 rounds=7 tps=264.1 end=eos gw=0 yields=0 slot=0 t=333826 md4=195 md5=851 md6=197 md7=22 mprom=9 mdem=7 gch=272,286,305,282,619,826,365,45 gnh=392,625,429,349,470,507,200,28 glf=2728,2442,2137,1855,1236,410,45 gla=2475,1983,1554,1205,735,228,28 phd=29.7 phv=89.1 phs=30 phwn=0,0,0,0,0,5,0 phwm=0.0,0.0,0.0,0.0,0.0,89.1,0.0 sfxm=40.2 sfxn=2 phfd=0.0 sfx=213,1583 bat=1.0,0
[http] POST /v1/messages -> 200
[timing] render 0.7ms encode 28.6ms (174065 chars -> 44650 toks)
[gen] prompt=44650 prefix_hit=44020 snap=44020 ckpt=-1 pfx=0
[gen-done] eos: 844 tokens in 5.0s (169.2 t/s), n_max=64000
[req] rid=162 api=anth conv=6b1c4f4dca7619a0 qw_ms=0 tok_ms=29 prompt=44650 hit=44020 ckpt=-1 pf=630 pf_ms=284 dec=844 dec_ms=4988 cb_ms=0 rounds=242 tps=169.2 end=eos gw=0 yields=0 slot=0 t=339139 md4=252 md5=986 md6=240 md7=22 mprom=10 mdem=9 gch=292,312,331,301,680,888,384,45 gnh=428,678,465,374,513,538,209,28 glf=2941,2629,2298,1997,1317,429,45 gla=2662,2127,1662,1288,775,237,28 phd=927.2 phv=3878.6 phs=919 phwn=46,26,19,61,62,19,0 phwm=759.0,462.9,294.8,970.5,1052.0,339.3,0.0 sfxm=180.0 sfxn=9 phfd=0.0 sfx=222,1616 bat=1.0,0
[http] POST /v1/messages -> 200
[timing] render 0.7ms encode 29.4ms (177292 chars -> 45549 toks)
[gen] prompt=45549 prefix_hit=44643 snap=44643 ckpt=-1 pfx=0
[gen-done] eos: 52 tokens in 0.2s (296.1 t/s), n_max=64000
[req] rid=163 api=anth conv=6b1c4f4dca7619a0 qw_ms=1 tok_ms=30 prompt=45549 hit=44643 ckpt=-1 pf=906 pf_ms=381 dec=52 dec_ms=176 cb_ms=0 rounds=8 tps=296.1 end=eos gw=0 yields=0 slot=0 t=339753 md4=252 md5=989 md6=244 md7=22 mprom=11 mdem=9 gch=292,312,331,301,680,891,386,45 gnh=428,678,466,374,513,541,210,28 glf=2946,2634,2303,2002,1322,431,45 gla=2667,2132,1666,1292,779,238,28 phd=27.0 phv=86.8 phs=27 phwn=0,0,0,0,3,2,0 phwm=0.0,0.0,0.0,0.0,51.1,35.7,0.0 sfxm=61.7 sfxn=3 phfd=0.0 sfx=225,1643 bat=1.0,0
[http] POST /v1/messages -> 200
[timing] render 0.7ms encode 29.9ms (178347 chars -> 45858 toks)
[gen] prompt=45858 prefix_hit=45542 snap=45542 ckpt=-1 pfx=0
[gen-done] eos: 67 tokens in 0.3s (218.0 t/s), n_max=64000
[req] rid=164 api=anth conv=6b1c4f4dca7619a0 qw_ms=1 tok_ms=31 prompt=45858 hit=45542 ckpt=-1 pf=316 pf_ms=187 dec=67 dec_ms=307 cb_ms=0 rounds=14 tps=218.0 end=eos gw=0 yields=0 slot=0 t=340292 md4=252 md5=989 md6=258 md7=22 mprom=11 mdem=9 gch=292,315,331,301,682,892,393,45 gnh=429,680,468,374,516,542,214,28 glf=2959,2644,2313,2012,1330,438,45 gla=2679,2142,1674,1300,784,242,28 phd=64.9 phv=222.2 phs=64 phwn=3,0,0,2,1,7,0 phwm=48.6,0.0,0.0,31.8,16.9,124.9,0.0 sfxm=20.2 sfxn=1 phfd=0.0 sfx=226,1653 bat=1.0,0
[http] POST /v1/messages -> 200
[timing] render 0.7ms encode 29.0ms (181188 chars -> 46819 toks)
[gen] prompt=46819 prefix_hit=45851 snap=45851 ckpt=-1 pfx=0
[gen-done] eos: 236 tokens in 1.4s (165.4 t/s), n_max=64000
[req] rid=165 api=anth conv=6b1c4f4dca7619a0 qw_ms=1 tok_ms=30 prompt=46819 hit=45851 ckpt=-1 pf=968 pf_ms=414 dec=236 dec_ms=1427 cb_ms=0 rounds=68 tps=165.4 end=eos gw=0 yields=0 slot=0 t=342177 md4=260 md5=1034 md6=271 md7=22 mprom=11 mdem=11 gch=293,323,339,306,690,923,396,45 gnh=443,691,479,379,529,552,214,28 glf=3022,2699,2360,2054,1364,441,45 gla=2729,2181,1702,1323,794,242,28 phd=268.0 phv=1077.6 phs=271 phwn=9,8,5,8,31,3,0 phwm=147.0,143.7,78.1,127.6,527.5,53.9,0.0 sfxm=80.6 sfxn=4 phfd=0.0 sfx=230,1676 bat=1.0,0
[http] POST /v1/messages -> 200
[timing] render 0.7ms encode 30.3ms (182560 chars -> 47196 toks)
[gen] prompt=47196 prefix_hit=46812 snap=46812 ckpt=-1 pfx=0
[gen-done] eos: 136 tokens in 0.7s (191.1 t/s), n_max=64000
[req] rid=166 api=anth conv=6b1c4f4dca7619a0 qw_ms=1 tok_ms=31 prompt=47196 hit=46812 ckpt=-1 pf=384 pf_ms=206 dec=136 dec_ms=712 cb_ms=0 rounds=35 tps=191.1 end=eos gw=0 yields=0 slot=0 t=343140 md4=282 md5=1046 md6=271 md7=22 mprom=12 mdem=11 gch=296,324,339,313,703,932,396,45 gnh=447,696,482,385,539,557,214,28 glf=3052,2728,2389,2076,1373,441,45 gla=2757,2205,1723,1338,799,242,28 phd=134.1 phv=537.0 phs=131 phwn=4,0,7,13,9,0,0 phwm=67.6,0.0,109.0,207.3,153.1,0.0,0.0 sfxm=40.3 sfxn=2 phfd=0.0 sfx=232,1688 bat=1.0,0
[http] POST /v1/messages -> 200
[timing] render 1.0ms encode 30.4ms (183904 chars -> 47522 toks)
[gen] prompt=47522 prefix_hit=47189 snap=47189 ckpt=-1 pfx=0
[gen-done] eos: 98 tokens in 0.5s (203.4 t/s), n_max=64000
[req] rid=167 api=anth conv=6b1c4f4dca7619a0 qw_ms=1 tok_ms=31 prompt=47522 hit=47189 ckpt=-1 pf=333 pf_ms=191 dec=98 dec_ms=482 cb_ms=0 rounds=23 tps=203.4 end=eos gw=0 yields=0 slot=0 t=343871 md4=282 md5=1068 md6=271 md7=22 mprom=12 mdem=11 gch=299,326,339,313,704,946,396,45 gnh=451,700,482,385,543,565,214,28 glf=3069,2743,2404,2091,1387,441,45 gla=2773,2217,1735,1350,807,242,28 phd=83.1 phv=337.7 phs=82 phwn=5,0,0,1,14,0,0 phwm=83.9,0.0,0.0,16.1,237.8,0.0,0.0 sfxm=60.7 sfxn=3 phfd=0.0 sfx=235,1711 bat=1.0,0
[http] POST /v1/messages -> 200
[timing] render 0.7ms encode 31.5ms (185267 chars -> 47890 toks)
[gen] prompt=47890 prefix_hit=47515 snap=47515 ckpt=-1 pfx=0
[gen-done] eos: 60 tokens in 0.3s (207.5 t/s), n_max=64000
[req] rid=168 api=anth conv=6b1c4f4dca7619a0 qw_ms=1 tok_ms=32 prompt=47890 hit=47515 ckpt=-1 pf=375 pf_ms=206 dec=60 dec_ms=289 cb_ms=0 rounds=14 tps=207.5 end=eos gw=0 yields=0 slot=0 t=344416 md4=282 md5=1082 md6=271 md7=22 mprom=12 mdem=11 gch=300,328,339,316,705,952,396,45 gnh=452,702,484,388,544,569,214,28 glf=3081,2753,2414,2098,1393,441,45 gla=2785,2227,1743,1355,811,242,28 phd=54.3 phv=214.8 phs=52 phwn=3,0,3,1,6,0,0 phwm=49.8,0.0,46.8,15.9,102.3,0.0,0.0 sfxm=19.9 sfxn=1 phfd=0.0 sfx=236,1722 bat=1.0,0
[http] POST /v1/messages -> 200
[timing] render 0.7ms encode 30.6ms (186756 chars -> 48385 toks)
[gen] prompt=48385 prefix_hit=47883 snap=47883 ckpt=-1 pfx=0
[gen-done] eos: 1344 tokens in 8.6s (157.2 t/s), n_max=64000
[req] rid=169 api=anth conv=6b1c4f4dca7619a0 qw_ms=1 tok_ms=31 prompt=48385 hit=47883 ckpt=-1 pf=502 pf_ms=238 dec=1344 dec_ms=8551 cb_ms=0 rounds=428 tps=157.2 end=eos gw=0 yields=0 slot=0 t=353251 md4=619 md5=1166 md6=271 md7=22 mprom=13 mdem=12 gch=338,388,388,379,878,987,396,45 gnh=512,819,557,442,644,583,214,28 glf=3461,3073,2685,2306,1428,441,45 gla=3123,2468,1911,1469,825,242,28 phd=1474.4 phv=6875.4 phs=1428 phwn=98,49,63,173,35,0,0 phwm=1636.0,888.4,984.0,2769.7,597.3,0.0,0.0 sfxm=198.8 sfxn=10 phfd=0.0 sfx=246,1756 bat=1.0,0
[http] POST /v1/messages -> 200
[timing] render 0.7ms encode 33.2ms (192353 chars -> 49922 toks)
[gen] prompt=49922 prefix_hit=48378 snap=48378 ckpt=-1 pfx=0
[gen-done] eos: 494 tokens in 2.3s (218.2 t/s), n_max=64000
[req] rid=170 api=anth conv=6b1c4f4dca7619a0 qw_ms=1 tok_ms=34 prompt=49922 hit=48378 ckpt=-1 pf=1544 pf_ms=654 dec=494 dec_ms=2264 cb_ms=0 rounds=108 tps=218.2 end=eos gw=0 yields=0 slot=0 t=356224 md4=619 md5=1266 md6=275 md7=22 mprom=14 mdem=12 gch=346,395,397,392,892,1027,396,45 gnh=519,840,570,454,655,610,214,28 glf=3544,3149,2752,2360,1468,441,45 gla=3199,2531,1961,1507,852,242,28 phd=383.5 phv=1530.2 phs=371 phwn=15,9,13,14,40,0,0 phwm=253.4,164.1,203.5,224.4,684.8,0.0,0.0 sfxm=348.4 sfxn=17 phfd=0.0 sfx=263,1899 bat=1.0,0
[http] POST /v1/messages -> 200
[timing] render 1.0ms encode 34.8ms (194708 chars -> 50467 toks)
[gen] prompt=50467 prefix_hit=49915 snap=49915 ckpt=-1 pfx=0
[gen-done] eos: 52 tokens in 0.3s (203.8 t/s), n_max=64000
[req] rid=171 api=anth conv=6b1c4f4dca7619a0 qw_ms=1 tok_ms=36 prompt=50467 hit=49915 ckpt=-1 pf=552 pf_ms=266 dec=52 dec_ms=255 cb_ms=0 rounds=12 tps=203.8 end=eos gw=0 yields=0 slot=0 t=356808 md4=619 md5=1266 md6=285 md7=22 mprom=14 mdem=12 gch=348,396,397,392,892,1027,401,45 gnh=522,840,570,454,656,611,217,28 glf=3550,3154,2757,2365,1473,446,45 gla=3204,2536,1966,1512,856,245,28 phd=32.5 phv=141.2 phs=34 phwn=3,0,0,0,0,5,0 phwm=51.2,0.0,0.0,0.0,0.0,90.1,0.0 sfxm=81.2 sfxn=4 phfd=0.0 sfx=267,1923 bat=1.0,0
[http] POST /v1/messages -> 200
[timing] render 0.7ms encode 35.5ms (196656 chars -> 50977 toks)
[gen] prompt=50977 prefix_hit=50460 snap=50460 ckpt=-1 pfx=0
[gen-done] eos: 301 tokens in 1.7s (172.7 t/s), n_max=64000
[req] rid=172 api=anth conv=6b1c4f4dca7619a0 qw_ms=1 tok_ms=36 prompt=50977 hit=50460 ckpt=-1 pf=517 pf_ms=253 dec=301 dec_ms=1743 cb_ms=0 rounds=81 tps=172.7 end=eos gw=0 yields=0 slot=0 t=358857 md4=619 md5=1309 md6=323 md7=22 mprom=14 mdem=13 gch=357,408,407,397,894,1053,418,45 gnh=530,861,584,463,659,631,223,28 glf=3622,3214,2807,2410,1516,463,45 gla=3271,2588,2004,1541,882,251,28 phd=341.8 phv=1399.8 phs=330 phwn=21,10,5,2,26,17,0 phwm=354.0,183.2,78.4,32.1,445.7,306.4,0.0 sfxm=0.0 sfxn=0 phfd=0.0 sfx=267,1923 bat=1.0,0
[http] POST /v1/messages -> 200
[timing] render 0.0ms encode 0.9ms (2211 chars -> 543 toks)
[gen] prompt=543 prefix_hit=0 snap=0 ckpt=-1 pfx=0
[timing] render 0.6ms encode 19.5ms (101484 chars -> 23833 toks)
[gen-done] eos: 20 tokens in 0.1s (155.3 t/s), n_max=64000
[req] rid=173 api=anth conv=62c042abc47d51c6 qw_ms=0 tok_ms=1 prompt=543 hit=0 ckpt=-1 pf=543 pf_ms=186 dec=20 dec_ms=129 cb_ms=0 rounds=7 tps=155.3 end=eos gw=0 yields=0 slot=0 t=360524 md4=7 md5=0 md6=0 md7=0 mprom=0 mdem=0 gch=357,409,407,397,900,1053,418,45 gnh=532,863,584,463,662,631,223,28 glf=3629,3220,2813,2416,1516,463,45 gla=3276,2591,2007,1544,882,251,28 phd=22.9 phv=105.7 phs=26 phwn=1,0,0,6,0,0,0 phwm=13.9,0.0,0.0,91.8,0.0,0.0,0.0 sfxm=0.0 sfxn=0 phfd=0.0 sfx=267,1923 bat=1.0,0
[http] POST /v1/messages -> 200
[gen] prompt=23833 prefix_hit=0 snap=0 ckpt=-1 pfx=0
[gen-done] eos: 219 tokens in 1.3s (164.3 t/s), n_max=64000
[req] rid=174 api=anth conv=71aa4fd7fef7b7d6 qw_ms=285 tok_ms=20 prompt=23833 hit=0 ckpt=-1 pf=23833 pf_ms=7079 dec=219 dec_ms=1333 cb_ms=0 rounds=69 tps=164.3 end=eos gw=0 yields=0 slot=0 t=368938 md4=68 md5=0 md6=0 md7=0 mprom=0 mdem=0 gch=361,419,409,404,945,1053,418,45 gnh=543,880,592,472,685,631,223,28 glf=3693,3274,2865,2461,1516,463,45 gla=3332,2631,2039,1567,882,251,28 phd=237.2 phv=1076.1 phs=238 phwn=14,2,7,45,0,0,0 phwm=219.6,33.1,108.4,714.9,0.0,0.0,0.0 sfxm=19.3 sfxn=1 phfd=0.0 sfx=268,1925 bat=1.0,0
[http] POST /v1/messages -> 200
[timing] render 0.5ms encode 11.0ms (66552 chars -> 15750 toks)
[gen] prompt=15750 prefix_hit=0 snap=0 ckpt=-1 pfx=0
[gen-done] eos: 136 tokens in 0.7s (205.2 t/s), n_max=32000
[sample-stats] T=1.000 top_p=1.000: 4.000 tokens/round (136 tok/34 rounds)
[req] rid=175 api=anth conv=ae08b9079df3aec7 qw_ms=0 tok_ms=11 prompt=15750 hit=0 ckpt=-1 pf=15750 pf_ms=4528 dec=136 dec_ms=663 cb_ms=0 rounds=34 tps=205.2 end=eos gw=0 yields=0 slot=0 t=374151 md4=0 md5=0 md6=0 md7=0 mprom=0 mdem=0 gch=361,419,409,404,945,1053,418,45 gnh=543,880,592,472,685,631,223,28 glf=3693,3274,2865,2461,1516,463,45 gla=3332,2631,2039,1567,882,251,28 phd=0.0 phv=0.0 phs=0 phwn=0,0,0,0,0,0,0 phwm=0.0,0.0,0.0,0.0,0.0,0.0,0.0 sfxm=0.0 sfxn=0 phfd=0.0 sfx=268,1925 bat=1.0,0
[drift] mode-11 raw-value rescue: Bash.command (230 bytes)
[drift] recovered=1 modes=1
[tool-fallback] 1 bare call(s) recovered (stream)
[http] POST /v1/messages -> 200
[timing] render 0.4ms encode 12.9ms (67264 chars -> 15950 toks)
[gen] prompt=15950 prefix_hit=15743 snap=15743 ckpt=-1 pfx=0
[gen-done] eos: 63 tokens in 0.3s (214.6 t/s), n_max=32000
[sample-stats] T=1.000 top_p=1.000: 4.200 tokens/round (63 tok/15 rounds)
[req] rid=176 api=anth conv=ae08b9079df3aec7 qw_ms=0 tok_ms=13 prompt=15950 hit=15743 ckpt=-1 pf=207 pf_ms=126 dec=63 dec_ms=294 cb_ms=0 rounds=15 tps=214.6 end=eos gw=0 yields=0 slot=0 t=374629 md4=0 md5=0 md6=0 md7=0 mprom=0 mdem=0 gch=361,419,409,404,945,1053,418,45 gnh=543,880,592,472,685,631,223,28 glf=3693,3274,2865,2461,1516,463,45 gla=3332,2631,2039,1567,882,251,28 phd=0.0 phv=0.0 phs=0 phwn=0,0,0,0,0,0,0 phwm=0.0,0.0,0.0,0.0,0.0,0.0,0.0 sfxm=0.0 sfxn=0 phfd=0.0 sfx=268,1925 bat=1.0,0
[http] POST /v1/messages -> 200
[timing] render 0.4ms encode 13.3ms (67778 chars -> 16079 toks)
[gen] prompt=16079 prefix_hit=15943 snap=15943 ckpt=-1 pfx=0
[gen-done] eos: 79 tokens in 0.4s (213.5 t/s), n_max=32000
[sample-stats] T=1.000 top_p=1.000: 4.158 tokens/round (79 tok/19 rounds)
[req] rid=177 api=anth conv=ae08b9079df3aec7 qw_ms=0 tok_ms=14 prompt=16079 hit=15943 ckpt=-1 pf=136 pf_ms=112 dec=79 dec_ms=370 cb_ms=0 rounds=19 tps=213.5 end=eos gw=0 yields=0 slot=0 t=375144 md4=0 md5=0 md6=0 md7=0 mprom=0 mdem=0 gch=361,419,409,404,945,1053,418,45 gnh=543,880,592,472,685,631,223,28 glf=3693,3274,2865,2461,1516,463,45 gla=3332,2631,2039,1567,882,251,28 phd=0.0 phv=0.0 phs=0 phwn=0,0,0,0,0,0,0 phwm=0.0,0.0,0.0,0.0,0.0,0.0,0.0 sfxm=0.0 sfxn=0 phfd=0.0 sfx=268,1925 bat=1.0,0
[http] POST /v1/messages -> 200
[timing] render 0.4ms encode 12.4ms (68371 chars -> 16267 toks)
[gen] prompt=16267 prefix_hit=16072 snap=16072 ckpt=-1 pfx=0
[gen-done] eos: 84 tokens in 0.5s (177.2 t/s), n_max=32000
[sample-stats] T=1.000 top_p=1.000: 3.360 tokens/round (84 tok/25 rounds)
[req] rid=178 api=anth conv=ae08b9079df3aec7 qw_ms=0 tok_ms=13 prompt=16267 hit=16072 ckpt=-1 pf=195 pf_ms=118 dec=84 dec_ms=474 cb_ms=0 rounds=25 tps=177.2 end=eos gw=0 yields=0 slot=0 t=375769 md4=0 md5=0 md6=0 md7=0 mprom=0 mdem=0 gch=361,419,409,404,945,1053,418,45 gnh=543,880,592,472,685,631,223,28 glf=3693,3274,2865,2461,1516,463,45 gla=3332,2631,2039,1567,882,251,28 phd=0.0 phv=0.0 phs=0 phwn=0,0,0,0,0,0,0 phwm=0.0,0.0,0.0,0.0,0.0,0.0,0.0 sfxm=0.0 sfxn=0 phfd=0.0 sfx=268,1925 bat=1.0,0
[http] POST /v1/messages -> 200
[timing] render 0.4ms encode 12.8ms (71959 chars -> 17313 toks)
[gen] prompt=17313 prefix_hit=16260 snap=16260 ckpt=-1 pfx=0
[gen-done] eos: 49 tokens in 0.3s (191.7 t/s), n_max=32000
[sample-stats] T=1.000 top_p=1.000: 3.769 tokens/round (49 tok/13 rounds)
[req] rid=179 api=anth conv=ae08b9079df3aec7 qw_ms=0 tok_ms=13 prompt=17313 hit=16260 ckpt=-1 pf=1053 pf_ms=383 dec=49 dec_ms=256 cb_ms=0 rounds=13 tps=191.7 end=eos gw=0 yields=0 slot=0 t=376442 md4=0 md5=0 md6=0 md7=0 mprom=0 mdem=0 gch=361,419,409,404,945,1053,418,45 gnh=543,880,592,472,685,631,223,28 glf=3693,3274,2865,2461,1516,463,45 gla=3332,2631,2039,1567,882,251,28 phd=0.0 phv=0.0 phs=0 phwn=0,0,0,0,0,0,0 phwm=0.0,0.0,0.0,0.0,0.0,0.0,0.0 sfxm=0.0 sfxn=0 phfd=0.0 sfx=268,1925 bat=1.0,0
[http] POST /v1/messages -> 200
[http] POST /v1/messages/count_tokens -> 200
[timing] render 0.5ms encode 18.8ms (110069 chars -> 28952 toks)
[gen] prompt=28952 prefix_hit=17306 snap=17306 ckpt=-1 pfx=0
[gen-done] eos: 59 tokens in 0.3s (176.0 t/s), n_max=32000
[sample-stats] T=1.000 top_p=1.000: 3.471 tokens/round (59 tok/17 rounds)
[req] rid=180 api=anth conv=ae08b9079df3aec7 qw_ms=1 tok_ms=19 prompt=28952 hit=17306 ckpt=-1 pf=11646 pf_ms=3818 dec=59 dec_ms=335 cb_ms=0 rounds=17 tps=176.0 end=eos gw=0 yields=0 slot=0 t=380638 md4=0 md5=0 md6=0 md7=0 mprom=0 mdem=0 gch=361,419,409,404,945,1053,418,45 gnh=543,880,592,472,685,631,223,28 glf=3693,3274,2865,2461,1516,463,45 gla=3332,2631,2039,1567,882,251,28 phd=0.0 phv=0.0 phs=0 phwn=0,0,0,0,0,0,0 phwm=0.0,0.0,0.0,0.0,0.0,0.0,0.0 sfxm=0.0 sfxn=0 phfd=0.0 sfx=268,1925 bat=1.0,0
[http] POST /v1/messages -> 200
[timing] render 0.4ms encode 18.9ms (126393 chars -> 34909 toks)
[gen] prompt=34909 prefix_hit=28945 snap=28945 ckpt=-1 pfx=0
[gen-done] eos: 127 tokens in 0.7s (176.1 t/s), n_max=32000
[sample-stats] T=1.000 top_p=1.000: 3.528 tokens/round (127 tok/36 rounds)
[req] rid=181 api=anth conv=ae08b9079df3aec7 qw_ms=0 tok_ms=19 prompt=34909 hit=28945 ckpt=-1 pf=5964 pf_ms=2103 dec=127 dec_ms=721 cb_ms=0 rounds=36 tps=176.1 end=eos gw=0 yields=0 slot=0 t=383492 md4=0 md5=0 md6=0 md7=0 mprom=0 mdem=0 gch=361,419,409,404,945,1053,418,45 gnh=543,880,592,472,685,631,223,28 glf=3693,3274,2865,2461,1516,463,45 gla=3332,2631,2039,1567,882,251,28 phd=0.0 phv=0.0 phs=0 phwn=0,0,0,0,0,0,0 phwm=0.0,0.0,0.0,0.0,0.0,0.0,0.0 sfxm=0.0 sfxn=0 phfd=0.0 sfx=268,1925 bat=1.0,0
[drift] mode-11 raw-value rescue: Bash.command (202 bytes)
[drift] recovered=1 modes=1
[tool-fallback] 1 bare call(s) recovered (stream)
[http] POST /v1/messages -> 200
[timing] render 0.4ms encode 19.3ms (127452 chars -> 35175 toks)
[gen] prompt=35175 prefix_hit=34902 snap=34902 ckpt=-1 pfx=0
[gen-done] eos: 70 tokens in 0.4s (192.2 t/s), n_max=32000
[sample-stats] T=1.000 top_p=1.000: 3.889 tokens/round (70 tok/18 rounds)
[req] rid=182 api=anth conv=ae08b9079df3aec7 qw_ms=0 tok_ms=20 prompt=35175 hit=34902 ckpt=-1 pf=273 pf_ms=165 dec=70 dec_ms=364 cb_ms=0 rounds=18 tps=192.2 end=eos gw=0 yields=0 slot=0 t=384063 md4=0 md5=0 md6=0 md7=0 mprom=0 mdem=0 gch=361,419,409,404,945,1053,418,45 gnh=543,880,592,472,685,631,223,28 glf=3693,3274,2865,2461,1516,463,45 gla=3332,2631,2039,1567,882,251,28 phd=0.0 phv=0.0 phs=0 phwn=0,0,0,0,0,0,0 phwm=0.0,0.0,0.0,0.0,0.0,0.0,0.0 sfxm=0.0 sfxn=0 phfd=0.0 sfx=268,1925 bat=1.0,0
[http] POST /v1/messages -> 200
[timing] render 0.4ms encode 19.6ms (128013 chars -> 35358 toks)
[gen] prompt=35358 prefix_hit=35168 snap=35168 ckpt=-1 pfx=0
[gen-done] eos: 48 tokens in 0.2s (213.2 t/s), n_max=32000
[sample-stats] T=1.000 top_p=1.000: 4.364 tokens/round (48 tok/11 rounds)
[req] rid=183 api=anth conv=ae08b9079df3aec7 qw_ms=0 tok_ms=20 prompt=35358 hit=35168 ckpt=-1 pf=190 pf_ms=130 dec=48 dec_ms=225 cb_ms=0 rounds=11 tps=213.2 end=eos gw=0 yields=0 slot=0 t=384455 md4=0 md5=0 md6=0 md7=0 mprom=0 mdem=0 gch=361,419,409,404,945,1053,418,45 gnh=543,880,592,472,685,631,223,28 glf=3693,3274,2865,2461,1516,463,45 gla=3332,2631,2039,1567,882,251,28 phd=0.0 phv=0.0 phs=0 phwn=0,0,0,0,0,0,0 phwm=0.0,0.0,0.0,0.0,0.0,0.0,0.0 sfxm=0.0 sfxn=0 phfd=0.0 sfx=268,1925 bat=1.0,0
[http] POST /v1/messages -> 200
[timing] render 0.4ms encode 19.3ms (129071 chars -> 35702 toks)
[gen] prompt=35702 prefix_hit=35351 snap=35351 ckpt=-1 pfx=0
[gen-done] eos: 69 tokens in 0.4s (158.4 t/s), n_max=32000
[sample-stats] T=1.000 top_p=1.000: 3.136 tokens/round (69 tok/22 rounds)
[req] rid=184 api=anth conv=ae08b9079df3aec7 qw_ms=0 tok_ms=20 prompt=35702 hit=35351 ckpt=-1 pf=351 pf_ms=190 dec=69 dec_ms=435 cb_ms=0 rounds=22 tps=158.4 end=eos gw=0 yields=0 slot=0 t=385111 md4=0 md5=0 md6=0 md7=0 mprom=0 mdem=0 gch=361,419,409,404,945,1053,418,45 gnh=543,880,592,472,685,631,223,28 glf=3693,3274,2865,2461,1516,463,45 gla=3332,2631,2039,1567,882,251,28 phd=0.0 phv=0.0 phs=0 phwn=0,0,0,0,0,0,0 phwm=0.0,0.0,0.0,0.0,0.0,0.0,0.0 sfxm=0.0 sfxn=0 phfd=0.0 sfx=268,1925 bat=1.0,0
[http] POST /v1/messages -> 200
[timing] render 0.4ms encode 20.6ms (129599 chars -> 35841 toks)
[gen] prompt=35841 prefix_hit=35695 snap=35695 ckpt=-1 pfx=0
[gen-done] eos: 39 tokens in 0.2s (192.6 t/s), n_max=32000
[sample-stats] T=1.000 top_p=1.000: 3.900 tokens/round (39 tok/10 rounds)
[req] rid=185 api=anth conv=ae08b9079df3aec7 qw_ms=0 tok_ms=21 prompt=35841 hit=35695 ckpt=-1 pf=146 pf_ms=118 dec=39 dec_ms=202 cb_ms=0 rounds=10 tps=192.6 end=eos gw=0 yields=0 slot=0 t=385468 md4=0 md5=0 md6=0 md7=0 mprom=0 mdem=0 gch=361,419,409,404,945,1053,418,45 gnh=543,880,592,472,685,631,223,28 glf=3693,3274,2865,2461,1516,463,45 gla=3332,2631,2039,1567,882,251,28 phd=0.0 phv=0.0 phs=0 phwn=0,0,0,0,0,0,0 phwm=0.0,0.0,0.0,0.0,0.0,0.0,0.0 sfxm=0.0 sfxn=0 phfd=0.0 sfx=268,1925 bat=1.0,0
[http] POST /v1/messages -> 200
[timing] render 0.5ms encode 20.2ms (131108 chars -> 36277 toks)
[gen] prompt=36277 prefix_hit=35834 snap=35834 ckpt=-1 pfx=0
[gen-done] eos: 1530 tokens in 9.1s (168.9 t/s), n_max=32000
[sample-stats] T=1.000 top_p=1.000: 3.305 tokens/round (1530 tok/463 rounds)
[req] rid=186 api=anth conv=ae08b9079df3aec7 qw_ms=0 tok_ms=21 prompt=36277 hit=35834 ckpt=-1 pf=443 pf_ms=209 dec=1530 dec_ms=9061 cb_ms=0 rounds=463 tps=168.9 end=eos gw=0 yields=0 slot=0 t=394772 md4=0 md5=0 md6=0 md7=0 mprom=0 mdem=0 gch=361,419,409,404,945,1053,418,45 gnh=543,880,592,472,685,631,223,28 glf=3693,3274,2865,2461,1516,463,45 gla=3332,2631,2039,1567,882,251,28 phd=0.0 phv=0.0 phs=0 phwn=0,0,0,0,0,0,0 phwm=0.0,0.0,0.0,0.0,0.0,0.0,0.0 sfxm=0.0 sfxn=0 phfd=0.0 sfx=268,1925 bat=1.0,0
[http] POST /v1/messages -> 200
[timing] render 0.6ms encode 17.3ms (108239 chars -> 25597 toks)
[gen] prompt=25597 prefix_hit=0 snap=0 ckpt=-1 pfx=0
[gen-done] eos: 55 tokens in 0.3s (165.2 t/s), n_max=64000
[req] rid=187 api=anth conv=71aa4fd7fef7b7d6 qw_ms=1 tok_ms=18 prompt=25597 hit=0 ckpt=-1 pf=25597 pf_ms=7654 dec=55 dec_ms=333 cb_ms=0 rounds=17 tps=165.2 end=eos gw=0 yields=0 slot=0 t=402792 md4=17 md5=0 md6=0 md7=0 mprom=0 mdem=0 gch=362,420,411,404,958,1053,418,45 gnh=547,881,595,474,692,631,223,28 glf=3709,3289,2878,2474,1516,463,45 gla=3345,2643,2048,1574,882,251,28 phd=60.4 phv=272.5 phs=61 phwn=2,2,0,13,0,0,0 phwm=31.9,33.5,0.0,207.1,0.0,0.0,0.0 sfxm=0.0 sfxn=0 phfd=0.0 sfx=268,1925 bat=1.0,0
[http] POST /v1/messages -> 200
[http] POST /v1/messages/count_tokens -> 200
[timing] render 0.6ms encode 21.9ms (146384 chars -> 37242 toks)
[gen] prompt=37242 prefix_hit=25590 snap=25590 ckpt=-1 pfx=0
[gen-done] eos: 570 tokens in 3.1s (186.4 t/s), n_max=64000
[req] rid=188 api=anth conv=71aa4fd7fef7b7d6 qw_ms=0 tok_ms=23 prompt=37242 hit=25590 ckpt=-1 pf=11652 pf_ms=4068 dec=570 dec_ms=3058 cb_ms=0 rounds=146 tps=186.4 end=eos gw=0 yields=0 slot=0 t=409961 md4=35 md5=117 md6=6 md7=0 mprom=2 mdem=0 gch=373,436,427,419,980,1106,422,45 gnh=564,907,615,492,714,662,226,28 glf=3835,3399,2972,2553,1573,467,45 gla=3459,2737,2122,1630,916,254,28 phd=552.7 phv=2317.6 phs=536 phwn=27,16,15,22,53,4,0 phwm=447.3,283.6,237.8,357.7,918.3,72.9,0.0 sfxm=186.8 sfxn=9 phfd=0.0 sfx=277,1980 bat=1.0,0
[http] POST /v1/messages -> 200
[timing] render 0.6ms encode 22.7ms (148754 chars -> 37866 toks)
[gen] prompt=37866 prefix_hit=37235 snap=37235 ckpt=-1 pfx=0
[gen-done] eos: 83 tokens in 0.5s (161.1 t/s), n_max=64000
[req] rid=189 api=anth conv=71aa4fd7fef7b7d6 qw_ms=0 tok_ms=23 prompt=37866 hit=37235 ckpt=-1 pf=631 pf_ms=273 dec=83 dec_ms=515 cb_ms=0 rounds=24 tps=161.1 end=eos gw=0 yields=0 slot=0 t=410805 md4=35 md5=117 md6=29 md7=0 mprom=2 mdem=0 gch=377,438,431,419,983,1106,431,45 gnh=568,915,618,494,716,662,229,28 glf=3853,3415,2984,2565,1582,476,45 gla=3474,2747,2129,1635,919,257,28 phd=88.3 phv=384.9 phs=89 phwn=6,4,0,3,0,9,0 phwm=100.8,71.1,0.0,48.9,0.0,164.1,0.0 sfxm=41.7 sfxn=2 phfd=0.0 sfx=279,1997 bat=1.0,0
[http] POST /v1/messages -> 200
[timing] render 0.7ms encode 23.6ms (149908 chars -> 38187 toks)
[gen] prompt=38187 prefix_hit=37859 snap=37859 ckpt=-1 pfx=0
[gen-done] eos: 134 tokens in 0.5s (282.2 t/s), n_max=64000
[req] rid=190 api=anth conv=71aa4fd7fef7b7d6 qw_ms=1 tok_ms=24 prompt=38187 hit=37859 ckpt=-1 pf=328 pf_ms=183 dec=134 dec_ms=475 cb_ms=0 rounds=20 tps=282.2 end=eos gw=0 yields=0 slot=0 t=411499 md4=35 md5=117 md6=43 md7=3 mprom=3 mdem=0 gch=377,438,431,420,983,1106,442,48 gnh=568,915,618,495,719,662,239,29 glf=3868,3430,2999,2579,1596,490,48 gla=3489,2762,2144,1649,930,268,29 phd=93.5 phv=276.4 phs=91 phwn=0,0,1,0,0,11,3 phwm=0.0,0.0,15.9,0.0,0.0,200.7,59.7 sfxm=104.7 sfxn=5 phfd=0.0 sfx=284,2037 bat=1.0,0
[http] POST /v1/messages -> 200
[timing] render 0.7ms encode 22.8ms (150677 chars -> 38373 toks)
[gen] prompt=38373 prefix_hit=38180 snap=38180 ckpt=-1 pfx=0
[gen-done] eos: 53 tokens in 0.2s (260.0 t/s), n_max=64000
[req] rid=191 api=anth conv=71aa4fd7fef7b7d6 qw_ms=0 tok_ms=23 prompt=38373 hit=38180 ckpt=-1 pf=193 pf_ms=132 dec=53 dec_ms=204 cb_ms=0 rounds=9 tps=260.0 end=eos gw=0 yields=0 slot=0 t=411886 md4=35 md5=117 md6=43 md7=11 mprom=3 mdem=0 gch=379,438,431,420,984,1107,442,51 gnh=569,916,618,495,720,663,239,32 glf=3873,3435,3004,2584,1600,493,51 gla=3494,2767,2149,1654,934,271,32 phd=33.8 phv=127.6 phs=34 phwn=2,0,0,1,1,0,3 phwm=34.2,0.0,0.0,16.3,17.4,0.0,59.8 sfxm=42.3 sfxn=2 phfd=0.0 sfx=286,2053 bat=1.0,0
[http] POST /v1/messages -> 200
[timing] render 0.6ms encode 23.5ms (151854 chars -> 38669 toks)
[gen] prompt=38669 prefix_hit=38366 snap=38366 ckpt=-1 pfx=0
[gen-done] eos: 43 tokens in 0.2s (262.6 t/s), n_max=64000
[req] rid=192 api=anth conv=71aa4fd7fef7b7d6 qw_ms=1 tok_ms=24 prompt=38669 hit=38366 ckpt=-1 pf=303 pf_ms=180 dec=43 dec_ms=164 cb_ms=0 rounds=7 tps=262.6 end=eos gw=0 yields=0 slot=0 t=412266 md4=35 md5=117 md6=43 md7=16 mprom=3 mdem=0 gch=379,438,432,420,984,1107,442,54 gnh=569,916,619,495,720,663,239,35 glf=3877,3439,3007,2587,1603,496,54 gla=3498,2771,2152,1657,937,274,35 phd=24.1 phv=77.6 phs=24 phwn=0,1,0,0,0,0,3 phwm=0.0,17.8,0.0,0.0,0.0,0.0,59.8 sfxm=62.0 sfxn=3 phfd=0.0 sfx=289,2071 bat=1.0,0
[http] POST /v1/messages -> 200
[timing] render 0.6ms encode 24.4ms (152768 chars -> 38930 toks)
[gen] prompt=38930 prefix_hit=38662 snap=38662 ckpt=-1 pfx=0
[gen-done] eos: 205 tokens in 0.8s (265.6 t/s), n_max=64000
[req] rid=193 api=anth conv=71aa4fd7fef7b7d6 qw_ms=1 tok_ms=25 prompt=38930 hit=38662 ckpt=-1 pf=268 pf_ms=169 dec=205 dec_ms=772 cb_ms=0 rounds=33 tps=265.6 end=eos gw=0 yields=0 slot=0 t=413244 md4=35 md5=117 md6=43 md7=49 mprom=3 mdem=0 gch=379,443,432,421,988,1111,442,67 gnh=570,921,621,498,723,667,239,44 glf=3904,3461,3029,2608,1620,509,67 gla=3524,2792,2171,1673,950,283,44 phd=153.4 phv=491.2 phs=149 phwn=5,0,1,4,4,0,13 phwm=81.6,0.0,15.9,65.1,69.5,0.0,259.0 sfxm=127.0 sfxn=6 phfd=0.0 sfx=295,2139 bat=1.0,0
[http] POST /v1/messages -> 200
[timing] render 0.6ms encode 23.7ms (153870 chars -> 39185 toks)
[gen] prompt=39185 prefix_hit=38923 snap=38923 ckpt=-1 pfx=0
[gen-done] eos: 433 tokens in 2.3s (190.7 t/s), n_max=64000
[req] rid=194 api=anth conv=71aa4fd7fef7b7d6 qw_ms=1 tok_ms=24 prompt=39185 hit=38923 ckpt=-1 pf=262 pf_ms=155 dec=433 dec_ms=2271 cb_ms=0 rounds=100 tps=190.7 end=eos gw=0 yields=0 slot=0 t=415723 md4=35 md5=117 md6=123 md7=67 mprom=3 mdem=1 gch=385,451,436,431,995,1119,487,75 gnh=579,942,634,507,732,675,263,47 glf=3994,3543,3107,2676,1681,562,75 gla=3608,2858,2224,1717,985,310,47 phd=488.0 phv=1698.9 phs=483 phwn=14,4,10,7,8,45,8 phwm=233.8,71.5,159.0,114.0,139.0,822.2,159.3 sfxm=82.9 sfxn=4 phfd=0.0 sfx=299,2164 bat=1.0,0
[http] POST /v1/messages -> 200
[timing] render 0.7ms encode 24.4ms (155444 chars -> 39654 toks)
[gen] prompt=39654 prefix_hit=39178 snap=39178 ckpt=-1 pfx=0
[gen-done] eos: 355 tokens in 1.0s (370.3 t/s), n_max=64000
[req] rid=195 api=anth conv=71aa4fd7fef7b7d6 qw_ms=1 tok_ms=25 prompt=39654 hit=39178 ckpt=-1 pf=476 pf_ms=218 dec=355 dec_ms=959 cb_ms=0 rounds=42 tps=370.3 end=eos gw=0 yields=0 slot=0 t=416942 md4=35 md5=117 md6=137 md7=89 mprom=4 mdem=1 gch=385,452,437,431,995,1121,491,84 gnh=579,943,635,507,732,678,268,54 glf=4011,3559,3122,2691,1696,575,84 gla=3625,2874,2239,1732,1000,322,54 phd=104.7 phv=321.6 phs=104 phwn=1,1,0,0,2,4,9 phwm=16.3,17.9,0.0,0.0,34.8,73.2,179.4 sfxm=531.8 sfxn=25 phfd=0.0 sfx=324,2408 bat=1.0,0
[http] POST /v1/messages -> 200
[timing] render 0.7ms encode 23.7ms (156780 chars -> 40080 toks)
[gen] prompt=40080 prefix_hit=39647 snap=39647 ckpt=-1 pfx=0
[gen-done] eos: 449 tokens in 1.6s (288.9 t/s), n_max=64000
[req] rid=196 api=anth conv=71aa4fd7fef7b7d6 qw_ms=0 tok_ms=24 prompt=40080 hit=39647 ckpt=-1 pf=433 pf_ms=213 dec=449 dec_ms=1554 cb_ms=0 rounds=70 tps=288.9 end=eos gw=0 yields=0 slot=0 t=418792 md4=35 md5=117 md6=170 md7=126 mprom=5 mdem=2 gch=388,460,440,435,1000,1122,504,94 gnh=585,956,643,510,734,679,276,60 glf=4055,3595,3155,2720,1720,598,94 gla=3665,2902,2259,1749,1015,336,60 phd=226.9 phv=836.7 phs=223 phwn=11,3,4,5,1,13,10 phwm=183.0,53.8,63.7,81.5,17.4,237.9,199.4 sfxm=490.1 sfxn=23 phfd=0.0 sfx=347,2671 bat=1.0,0
[http] POST /v1/messages -> 200
[timing] render 0.7ms encode 27.0ms (158402 chars -> 40597 toks)
[gen] prompt=40597 prefix_hit=40073 snap=40073 ckpt=-1 pfx=0
[gen-done] eos: 412 tokens in 1.3s (317.9 t/s), n_max=64000
[req] rid=197 api=anth conv=71aa4fd7fef7b7d6 qw_ms=1 tok_ms=28 prompt=40597 hit=40073 ckpt=-1 pf=524 pf_ms=249 dec=412 dec_ms=1296 cb_ms=0 rounds=56 tps=317.9 end=eos gw=0 yields=0 slot=0 t=420418 md4=35 md5=117 md6=170 md7=172 mprom=5 mdem=2 gch=388,461,443,436,1001,1123,505,113 gnh=585,960,648,512,735,681,277,72 glf=4082,3621,3178,2742,1741,618,113 gla=3692,2925,2277,1765,1030,349,72 phd=164.1 phv=517.2 phs=166 phwn=1,3,1,1,1,1,19 phwm=16.4,54.0,15.9,16.4,17.4,18.2,379.0 sfxm=613.9 sfxn=29 phfd=0.0 sfx=376,2933 bat=1.0,0
[http] POST /v1/messages -> 200
[timing] render 0.7ms encode 25.1ms (159830 chars -> 41075 toks)
[gen] prompt=41075 prefix_hit=40590 snap=40590 ckpt=-1 pfx=0
[gen-done] eos: 412 tokens in 0.8s (526.2 t/s), n_max=64000
[req] rid=198 api=anth conv=71aa4fd7fef7b7d6 qw_ms=1 tok_ms=26 prompt=41075 hit=40590 ckpt=-1 pf=485 pf_ms=221 dec=412 dec_ms=783 cb_ms=0 rounds=36 tps=526.2 end=eos gw=0 yields=0 slot=0 t=421506 md4=35 md5=117 md6=170 md7=207 mprom=5 mdem=2 gch=388,461,443,436,1001,1123,505,115 gnh=585,960,648,512,735,681,277,74 glf=4084,3623,3180,2744,1743,620,115 gla=3694,2927,2279,1767,1032,351,74 phd=13.4 phv=39.9 phs=14 phwn=0,0,0,0,0,0,2 phwm=0.0,0.0,0.0,0.0,0.0,0.0,39.9 sfxm=729.4 sfxn=34 phfd=0.0 sfx=410,3330 bat=1.0,0
[http] POST /v1/messages -> 200
[timing] render 1.0ms encode 25.8ms (161709 chars -> 41643 toks)
[gen] prompt=41643 prefix_hit=41068 snap=41068 ckpt=-1 pfx=0
[gen-done] eos: 335 tokens in 1.2s (278.5 t/s), n_max=64000
[req] rid=199 api=anth conv=71aa4fd7fef7b7d6 qw_ms=1 tok_ms=27 prompt=41643 hit=41068 ckpt=-1 pf=575 pf_ms=255 dec=335 dec_ms=1203 cb_ms=0 rounds=53 tps=278.5 end=eos gw=0 yields=0 slot=0 t=423046 md4=35 md5=117 md6=170 md7=254 mprom=5 mdem=2 gch=393,464,444,438,1002,1124,505,133 gnh=591,966,652,515,737,682,278,82 glf=4110,3646,3202,2764,1762,638,133 gla=3719,2946,2294,1779,1042,360,82 phd=155.6 phv=579.6 phs=159 phwn=8,1,2,1,1,0,18 phwm=136.1,18.1,31.9,16.3,17.5,0.0,359.7 sfxm=467.2 sfxn=22 phfd=0.0 sfx=432,3537 bat=1.0,0
[http] POST /v1/messages -> 200
[timing] render 0.7ms encode 25.6ms (162834 chars -> 42016 toks)
[gen] prompt=42016 prefix_hit=41636 snap=41636 ckpt=-1 pfx=0
[gen-done] eos: 72 tokens in 0.4s (173.6 t/s), n_max=64000
[req] rid=200 api=anth conv=71aa4fd7fef7b7d6 qw_ms=0 tok_ms=26 prompt=42016 hit=41636 ckpt=-1 pf=380 pf_ms=201 dec=72 dec_ms=415 cb_ms=0 rounds=18 tps=173.6 end=eos gw=0 yields=0 slot=0 t=423729 md4=35 md5=117 md6=170 md7=272 mprom=5 mdem=2 gch=395,468,444,438,1004,1124,506,141 gnh=594,973,652,516,738,683,278,86 glf=4125,3657,3213,2775,1771,647,141 gla=3732,2953,2301,1785,1047,364,86 phd=81.9 phv=311.7 phs=83 phwn=6,0,0,2,0,1,8 phwm=100.7,0.0,0.0,32.8,0.0,18.3,159.9 sfxm=20.9 sfxn=1 phfd=0.0 sfx=433,3546 bat=1.0,0
[http] POST /v1/messages -> 200
[timing] render 0.7ms encode 27.8ms (164104 chars -> 42380 toks)
[gen] prompt=42380 prefix_hit=42009 snap=42009 ckpt=-1 pfx=0
[gen-done] eos: 44 tokens in 0.2s (181.2 t/s), n_max=64000
[req] rid=201 api=anth conv=71aa4fd7fef7b7d6 qw_ms=1 tok_ms=29 prompt=42380 hit=42009 ckpt=-1 pf=371 pf_ms=200 dec=44 dec_ms=243 cb_ms=0 rounds=10 tps=181.2 end=eos gw=0 yields=0 slot=0 t=424236 md4=35 md5=117 md6=170 md7=281 mprom=5 mdem=2 gch=396,469,444,438,1004,1125,506,147 gnh=595,975,652,518,738,683,278,90 glf=4133,3664,3220,2782,1778,653,147 gla=3739,2959,2307,1789,1051,368,90 phd=50.4 phv=171.5 phs=51 phwn=2,0,0,0,1,0,6 phwm=33.9,0.0,0.0,0.0,17.6,0.0,120.0 sfxm=20.9 sfxn=1 phfd=0.0 sfx=434,3548 bat=1.0,0
[http] POST /v1/messages -> 200
[timing] render 0.7ms encode 28.0ms (164388 chars -> 42457 toks)
[gen] prompt=42457 prefix_hit=42373 snap=42373 ckpt=-1 pfx=0
[gen-done] eos: 47 tokens in 0.1s (314.0 t/s), n_max=64000
[req] rid=202 api=anth conv=71aa4fd7fef7b7d6 qw_ms=1 tok_ms=29 prompt=42457 hit=42373 ckpt=-1 pf=84 pf_ms=98 dec=47 dec_ms=150 cb_ms=0 rounds=6 tps=314.0 end=eos gw=0 yields=0 slot=0 t=424529 md4=35 md5=117 md6=170 md7=286 mprom=5 mdem=2 gch=396,469,444,438,1004,1125,506,151 gnh=595,975,652,518,738,683,278,94 glf=4137,3668,3224,2786,1782,657,151 gla=3743,2963,2311,1793,1055,372,94 phd=28.0 phv=79.8 phs=28 phwn=0,0,0,0,0,0,4 phwm=0.0,0.0,0.0,0.0,0.0,0.0,79.8 sfxm=41.8 sfxn=2 phfd=0.0 sfx=436,3566 bat=1.0,0
[http] POST /v1/messages -> 200
[timing] render 0.7ms encode 26.9ms (164677 chars -> 42533 toks)
[gen] prompt=42533 prefix_hit=42450 snap=42450 ckpt=-1 pfx=0
[gen-done] eos: 69 tokens in 0.4s (173.0 t/s), n_max=64000
[req] rid=203 api=anth conv=71aa4fd7fef7b7d6 qw_ms=1 tok_ms=28 prompt=42533 hit=42450 ckpt=-1 pf=83 pf_ms=97 dec=69 dec_ms=399 cb_ms=0 rounds=17 tps=173.0 end=eos gw=0 yields=0 slot=0 t=425082 md4=35 md5=117 md6=170 md7=302 mprom=5 mdem=2 gch=397,471,446,438,1006,1126,506,159 gnh=599,978,653,518,739,686,278,98 glf=4152,3681,3235,2797,1791,665,159 gla=3755,2972,2319,1801,1062,376,98 phd=80.9 phv=296.9 phs=83 phwn=3,2,0,2,1,0,8 phwm=50.4,36.2,0.0,32.8,17.4,0.0,160.1 sfxm=20.9 sfxn=1 phfd=0.0 sfx=437,3568 bat=1.0,0
[http] POST /v1/messages -> 200
[timing] render 0.7ms encode 27.2ms (165176 chars -> 42657 toks)
[gen] prompt=42657 prefix_hit=42526 snap=42526 ckpt=-1 pfx=0
[gen-done] eos: 53 tokens in 0.2s (231.1 t/s), n_max=64000
[req] rid=204 api=anth conv=71aa4fd7fef7b7d6 qw_ms=1 tok_ms=28 prompt=42657 hit=42526 ckpt=-1 pf=131 pf_ms=112 dec=53 dec_ms=229 cb_ms=0 rounds=9 tps=231.1 end=eos gw=0 yields=0 slot=0 t=425470 md4=35 md5=117 md6=170 md7=309 mprom=5 mdem=2 gch=397,471,446,438,1006,1126,506,166 gnh=600,978,653,518,739,686,280,102 glf=4159,3688,3242,2804,1798,672,166 gla=3761,2978,2325,1807,1068,382,102 phd=47.9 phv=140.1 phs=49 phwn=0,0,0,0,0,0,7 phwm=0.0,0.0,0.0,0.0,0.0,0.0,140.1 sfxm=41.2 sfxn=2 phfd=0.0 sfx=439,3575 bat=1.0,0
[http] POST /v1/messages -> 200
[timing] render 0.7ms encode 28.0ms (165577 chars -> 42768 toks)
[gen] prompt=42768 prefix_hit=42650 snap=42650 ckpt=-1 pfx=0
[gen-done] eos: 86 tokens in 0.3s (278.0 t/s), n_max=64000
[req] rid=205 api=anth conv=71aa4fd7fef7b7d6 qw_ms=1 tok_ms=29 prompt=42768 hit=42650 ckpt=-1 pf=118 pf_ms=110 dec=86 dec_ms=309 cb_ms=0 rounds=13 tps=278.0 end=eos gw=0 yields=0 slot=0 t=425940 md4=35 md5=117 md6=170 md7=322 mprom=5 mdem=2 gch=397,472,447,439,1006,1127,506,172 gnh=601,979,654,519,740,687,281,105 glf=4169,3697,3250,2811,1805,678,172 gla=3770,2986,2332,1813,1073,386,105 phd=57.1 phv=187.9 phs=57 phwn=1,1,1,0,1,0,6 phwm=16.5,18.1,16.0,0.0,17.4,0.0,119.8 sfxm=64.1 sfxn=3 phfd=0.0 sfx=442,3611 bat=1.0,0
[http] POST /v1/messages -> 200
[timing] render 0.7ms encode 28.2ms (166922 chars -> 43097 toks)
[gen] prompt=43097 prefix_hit=42761 snap=42761 ckpt=-1 pfx=0
[gen-done] eos: 43 tokens in 0.2s (254.3 t/s), n_max=64000
[req] rid=206 api=anth conv=71aa4fd7fef7b7d6 qw_ms=1 tok_ms=29 prompt=43097 hit=42761 ckpt=-1 pf=336 pf_ms=189 dec=43 dec_ms=169 cb_ms=0 rounds=7 tps=254.3 end=eos gw=0 yields=0 slot=0 t=426341 md4=35 md5=117 md6=170 md7=327 mprom=5 mdem=2 gch=397,472,447,439,1006,1127,506,176 gnh=601,980,654,519,740,687,281,108 glf=4173,3701,3254,2815,1809,682,176 gla=3774,2989,2335,1816,1076,389,108 phd=26.7 phv=79.9 phs=28 phwn=0,0,0,0,0,0,4 phwm=0.0,0.0,0.0,0.0,0.0,0.0,79.9 sfxm=62.3 sfxn=3 phfd=0.0 sfx=445,3629 bat=1.0,0
[http] POST /v1/messages -> 200
[timing] render 0.7ms encode 27.6ms (167679 chars -> 43314 toks)
[gen] prompt=43314 prefix_hit=43090 snap=43090 ckpt=-1 pfx=0
[gen-done] eos: 43 tokens in 0.2s (263.8 t/s), n_max=64000
[req] rid=207 api=anth conv=71aa4fd7fef7b7d6 qw_ms=1 tok_ms=28 prompt=43314 hit=43090 ckpt=-1 pf=224 pf_ms=147 dec=43 dec_ms=163 cb_ms=0 rounds=7 tps=263.8 end=eos gw=0 yields=0 slot=0 t=426692 md4=35 md5=117 md6=170 md7=331 mprom=5 mdem=2 gch=397,472,447,439,1006,1127,506,179 gnh=601,980,654,519,740,687,281,111 glf=4176,3704,3257,2818,1812,685,179 gla=3777,2992,2338,1819,1079,392,111 phd=19.9 phv=60.0 phs=21 phwn=0,0,0,0,0,0,3 phwm=0.0,0.0,0.0,0.0,0.0,0.0,60.0 sfxm=83.0 sfxn=4 phfd=0.0 sfx=449,3649 bat=1.0,0
[http] POST /v1/messages -> 200
[timing] render 0.7ms encode 28.8ms (168509 chars -> 43559 toks)
[gen] prompt=43559 prefix_hit=43307 snap=43307 ckpt=-1 pfx=0
[gen-done] eos: 54 tokens in 0.2s (218.2 t/s), n_max=64000
[req] rid=208 api=anth conv=71aa4fd7fef7b7d6 qw_ms=1 tok_ms=30 prompt=43559 hit=43307 ckpt=-1 pf=252 pf_ms=159 dec=54 dec_ms=247 cb_ms=0 rounds=10 tps=218.2 end=eos gw=0 yields=0 slot=0 t=427140 md4=35 md5=117 md6=170 md7=340 mprom=5 mdem=2 gch=397,473,448,439,1006,1127,508,184 gnh=601,982,654,520,740,689,282,114 glf=4185,3712,3264,2825,1819,692,184 gla=3786,2999,2345,1825,1085,396,114 phd=54.7 phv=171.7 phs=54 phwn=1,1,0,0,0,2,5 phwm=16.6,18.2,0.0,0.0,0.0,36.6,100.3 sfxm=20.9 sfxn=1 phfd=0.0 sfx=450,3655 bat=1.0,0
[http] POST /v1/messages -> 200
[timing] render 1.1ms encode 27.9ms (170062 chars -> 43989 toks)
[gen] prompt=43989 prefix_hit=43552 snap=43552 ckpt=-1 pfx=0
[gen-done] eos: 328 tokens in 2.1s (158.1 t/s), n_max=64000
[req] rid=209 api=anth conv=71aa4fd7fef7b7d6 qw_ms=1 tok_ms=29 prompt=43989 hit=43552 ckpt=-1 pf=437 pf_ms=219 dec=328 dec_ms=2074 cb_ms=0 rounds=97 tps=158.1 end=eos gw=0 yields=0 slot=0 t=429491 md4=35 md5=175 md6=192 md7=355 mprom=5 mdem=4 gch=412,484,466,447,1015,1148,517,188 gnh=618,1001,675,530,749,700,287,117 glf=4265,3781,3315,2868,1853,705,188 gla=3859,3058,2383,1853,1104,404,117 phd=369.9 phv=1662.2 phs=358 phwn=26,18,8,9,21,9,4 phwm=444.0,328.7,128.2,147.8,367.7,165.7,80.2 sfxm=40.9 sfxn=2 phfd=0.0 sfx=452,3659 bat=1.0,0
[http] POST /v1/messages -> 200
[timing] render 0.0ms encode 1.5ms (4255 chars -> 1335 toks)
[gen] prompt=1335 prefix_hit=0 snap=0 ckpt=-1 pfx=0
[timing] render 0.7ms encode 17.6ms (103547 chars -> 24633 toks)
[gen-done] eos: 14 tokens in 0.1s (155.5 t/s), n_max=64000
[req] rid=210 api=anth conv=2db38510e8e6edb9 qw_ms=0 tok_ms=2 prompt=1335 hit=0 ckpt=-1 pf=1335 pf_ms=408 dec=14 dec_ms=90 cb_ms=0 rounds=5 tps=155.5 end=eos gw=0 yields=0 slot=0 t=433298 md4=5 md5=0 md6=0 md7=0 mprom=0 mdem=0 gch=412,485,467,447,1018,1148,517,188 gnh=619,1002,675,530,752,700,287,117 glf=4270,3785,3318,2871,1853,705,188 gla=3863,3061,2386,1856,1104,404,117 phd=15.5 phv=74.5 phs=17 phwn=1,1,0,3,0,0,0 phwm=14.0,14.6,0.0,45.9,0.0,0.0,0.0 sfxm=0.0 sfxn=0 phfd=0.0 sfx=452,3659 bat=1.0,0
[http] POST /v1/messages -> 200
[gen] prompt=24633 prefix_hit=0 snap=0 ckpt=-1 pfx=0
[gen-done] eos: 89 tokens in 0.5s (183.6 t/s), n_max=64000
[req] rid=211 api=anth conv=9f7afad854f264ce qw_ms=469 tok_ms=18 prompt=24633 hit=0 ckpt=-1 pf=24633 pf_ms=7333 dec=89 dec_ms=485 cb_ms=0 rounds=25 tps=183.6 end=eos gw=0 yields=0 slot=0 t=441118 md4=25 md5=0 md6=0 md7=0 mprom=0 mdem=0 gch=413,490,469,449,1033,1148,517,188 gnh=620,1010,677,532,764,700,287,117 glf=4294,3804,3335,2886,1853,705,188 gla=3886,3077,2400,1868,1104,404,117 phd=88.0 phv=396.6 phs=85 phwn=6,2,2,15,0,0,0 phwm=93.7,33.3,31.0,238.6,0.0,0.0,0.0 sfxm=0.0 sfxn=0 phfd=0.0 sfx=452,3659 bat=1.0,0
[http] POST /v1/messages -> 200
[timing] render 0.6ms encode 18.2ms (113078 chars -> 27366 toks)
[gen] prompt=27366 prefix_hit=24626 snap=24626 ckpt=-1 pfx=0
[gen-done] eos: 358 tokens in 2.2s (166.4 t/s), n_max=64000
[req] rid=212 api=anth conv=9f7afad854f264ce qw_ms=0 tok_ms=19 prompt=27366 hit=24626 ckpt=-1 pf=2740 pf_ms=951 dec=358 dec_ms=2151 cb_ms=0 rounds=106 tps=166.4 end=eos gw=0 yields=0 slot=0 t=444253 md4=40 md5=91 md6=0 md7=0 mprom=1 mdem=1 gch=427,500,474,460,1055,1191,517,188 gnh=644,1032,686,545,785,716,287,117 glf=4385,3885,3411,2951,1896,705,188 gla=3961,3136,2450,1905,1120,404,117 phd=402.0 phv=1728.0 phs=407 phwn=24,5,11,22,43,0,0 phwm=386.8,84.5,171.6,351.8,733.3,0.0,0.0 sfxm=20.1 sfxn=1 phfd=0.0 sfx=453,3670 bat=1.0,0
[http] POST /v1/messages -> 200
[timing] render 0.6ms encode 19.4ms (121416 chars -> 29772 toks)
[gen] prompt=29772 prefix_hit=27359 snap=27359 ckpt=-1 pfx=0
[gen-done] eos: 900 tokens in 3.0s (295.5 t/s), n_max=64000
[req] rid=213 api=anth conv=9f7afad854f264ce qw_ms=0 tok_ms=20 prompt=29772 hit=27359 ckpt=-1 pf=2413 pf_ms=865 dec=900 dec_ms=3046 cb_ms=0 rounds=139 tps=295.5 end=eos gw=0 yields=0 slot=0 t=448202 md4=74 md5=113 md6=35 md7=45 mprom=4 mdem=1 gch=431,502,479,469,1079,1213,542,201 gnh=650,1039,693,562,803,737,309,123 glf=4485,3983,3504,3035,1956,743,201 gla=4057,3227,2534,1972,1169,432,123 phd=522.0 phv=1786.6 phs=511 phwn=6,5,9,24,22,25,13 phwm=97.5,85.1,140.6,384.4,376.4,449.6,252.9 sfxm=736.4 sfxn=35 phfd=0.0 sfx=488,4045 bat=1.0,0
[http] POST /v1/messages -> 200
[timing] render 0.7ms encode 22.1ms (124944 chars -> 30723 toks)
[gen] prompt=30723 prefix_hit=29765 snap=29765 ckpt=-1 pfx=0
[gen-done] eos: 61 tokens in 0.3s (237.1 t/s), n_max=64000
[req] rid=214 api=anth conv=9f7afad854f264ce qw_ms=1 tok_ms=23 prompt=30723 hit=29765 ckpt=-1 pf=958 pf_ms=357 dec=61 dec_ms=257 cb_ms=0 rounds=11 tps=237.1 end=eos gw=0 yields=0 slot=0 t=448861 md4=74 md5=113 md6=35 md7=55 mprom=4 mdem=1 gch=431,502,479,470,1080,1213,544,206 gnh=650,1039,695,563,804,738,310,126 glf=4494,3992,3513,3043,1963,750,206 gla=4066,3236,2541,1978,1174,436,126 phd=55.7 phv=161.3 phs=58 phwn=0,0,1,1,0,2,5 phwm=0.0,0.0,15.2,15.5,0.0,35.0,95.6 sfxm=40.0 sfxn=2 phfd=0.0 sfx=490,4057 bat=1.0,0
[http] POST /v1/messages -> 200
[timing] render 0.8ms encode 21.7ms (126647 chars -> 31220 toks)
[gen] prompt=31220 prefix_hit=30716 snap=30716 ckpt=-1 pfx=0
[gen-done] eos: 256 tokens in 1.5s (174.5 t/s), n_max=64000
[req] rid=215 api=anth conv=9f7afad854f264ce qw_ms=1 tok_ms=22 prompt=31220 hit=30716 ckpt=-1 pf=504 pf_ms=220 dec=256 dec_ms=1467 cb_ms=0 rounds=69 tps=174.5 end=eos gw=0 yields=0 slot=0 t=450584 md4=74 md5=113 md6=86 md7=72 mprom=4 mdem=3 gch=441,506,488,475,1085,1216,570,212 gnh=659,1055,709,571,806,742,323,128 glf=4552,4046,3558,3083,1998,782,212 gla=4119,3279,2570,1999,1193,451,128 phd=299.2 phv=1147.0 phs=306 phwn=14,9,5,5,3,26,6 phwm=223.4,150.5,75.8,77.7,49.8,455.3,114.6 sfxm=19.8 sfxn=1 phfd=0.0 sfx=491,4061 bat=1.0,0
[http] POST /v1/messages -> 200
[timing] render 0.0ms encode 2.2ms (4497 chars -> 1126 toks)
[gen] prompt=1126 prefix_hit=0 snap=0 ckpt=-1 pfx=0
[timing] render 0.9ms encode 17.5ms (103854 chars -> 24439 toks)
[gen-done] eos: 17 tokens in 0.1s (152.0 t/s), n_max=64000
[req] rid=216 api=anth conv=d0224f29c785d682 qw_ms=0 tok_ms=2 prompt=1126 hit=0 ckpt=-1 pf=1126 pf_ms=350 dec=17 dec_ms=112 cb_ms=0 rounds=6 tps=152.0 end=eos gw=0 yields=0 slot=0 t=452319 md4=6 md5=0 md6=0 md7=0 mprom=0 mdem=0 gch=441,506,489,477,1088,1216,570,212 gnh=659,1057,710,572,808,742,323,128 glf=4558,4052,3563,3086,1998,782,212 gla=4125,3283,2573,2001,1193,451,128 phd=21.3 phv=90.4 phs=23 phwn=0,1,2,3,0,0,0 phwm=0.0,14.6,29.9,46.0,0.0,0.0,0.0 sfxm=0.0 sfxn=0 phfd=0.0 sfx=491,4061 bat=1.0,0
[http] POST /v1/messages -> 200
[gen] prompt=24439 prefix_hit=0 snap=0 ckpt=-1 pfx=0
[gen-done] eos: 281 tokens in 1.9s (144.1 t/s), n_max=64000
[req] rid=217 api=anth conv=a48b861f5f3ff062 qw_ms=421 tok_ms=18 prompt=24439 hit=0 ckpt=-1 pf=24439 pf_ms=7277 dec=281 dec_ms=1950 cb_ms=0 rounds=102 tps=144.1 end=eos gw=0 yields=0 slot=0 t=461548 md4=102 md5=0 md6=0 md7=0 mprom=0 mdem=0 gch=453,521,499,493,1137,1216,570,212 gnh=681,1086,729,585,827,742,323,128 glf=4648,4127,3628,3135,1998,782,212 gla=4200,3334,2605,2020,1193,451,128 phd=327.9 phv=1621.4 phs=332 phwn=27,10,16,49,0,0,0 phwm=427.7,166.3,248.2,779.3,0.0,0.0,0.0 sfxm=0.0 sfxn=0 phfd=0.0 sfx=491,4061 bat=1.0,0
[http] POST /v1/messages -> 200
[timing] render 0.4ms encode 10.9ms (66786 chars -> 15799 toks)
[gen] prompt=15799 prefix_hit=0 snap=0 ckpt=-1 pfx=0
[gen-done] eos: 331 tokens in 1.8s (184.8 t/s), n_max=32000
[sample-stats] T=1.000 top_p=1.000: 3.559 tokens/round (331 tok/93 rounds)
[req] rid=218 api=anth conv=2370a5ba50a3c784 qw_ms=0 tok_ms=11 prompt=15799 hit=0 ckpt=-1 pf=15799 pf_ms=4549 dec=331 dec_ms=1791 cb_ms=0 rounds=93 tps=184.8 end=eos gw=0 yields=0 slot=0 t=467912 md4=0 md5=0 md6=0 md7=0 mprom=0 mdem=0 gch=453,521,499,493,1137,1216,570,212 gnh=681,1086,729,585,827,742,323,128 glf=4648,4127,3628,3135,1998,782,212 gla=4200,3334,2605,2020,1193,451,128 phd=0.0 phv=0.0 phs=0 phwn=0,0,0,0,0,0,0 phwm=0.0,0.0,0.0,0.0,0.0,0.0,0.0 sfxm=0.0 sfxn=0 phfd=0.0 sfx=491,4061 bat=1.0,0
[http] POST /v1/messages -> 200
[timing] render 0.4ms encode 12.3ms (73596 chars -> 17509 toks)
[gen] prompt=17509 prefix_hit=15792 snap=15792 ckpt=-1 pfx=0
[gen-done] eos: 127 tokens in 0.6s (221.3 t/s), n_max=32000
[sample-stats] T=1.000 top_p=1.000: 4.379 tokens/round (127 tok/29 rounds)
[req] rid=219 api=anth conv=2370a5ba50a3c784 qw_ms=0 tok_ms=13 prompt=17509 hit=15792 ckpt=-1 pf=1717 pf_ms=573 dec=127 dec_ms=574 cb_ms=0 rounds=29 tps=221.3 end=eos gw=0 yields=0 slot=0 t=469090 md4=0 md5=0 md6=0 md7=0 mprom=0 mdem=0 gch=453,521,499,493,1137,1216,570,212 gnh=681,1086,729,585,827,742,323,128 glf=4648,4127,3628,3135,1998,782,212 gla=4200,3334,2605,2020,1193,451,128 phd=0.0 phv=0.0 phs=0 phwn=0,0,0,0,0,0,0 phwm=0.0,0.0,0.0,0.0,0.0,0.0,0.0 sfxm=0.0 sfxn=0 phfd=0.0 sfx=491,4061 bat=1.0,0
[http] POST /v1/messages -> 200
[timing] render 0.4ms encode 16.2ms (105406 chars -> 26711 toks)
[gen] prompt=26711 prefix_hit=17502 snap=17502 ckpt=-1 pfx=0
[gen-done] eos: 163 tokens in 1.0s (170.6 t/s), n_max=32000
[sample-stats] T=1.000 top_p=1.000: 3.327 tokens/round (163 tok/49 rounds)
[req] rid=220 api=anth conv=2370a5ba50a3c784 qw_ms=0 tok_ms=17 prompt=26711 hit=17502 ckpt=-1 pf=9209 pf_ms=2996 dec=163 dec_ms=955 cb_ms=0 rounds=49 tps=170.6 end=eos gw=0 yields=0 slot=0 t=473070 md4=0 md5=0 md6=0 md7=0 mprom=0 mdem=0 gch=453,521,499,493,1137,1216,570,212 gnh=681,1086,729,585,827,742,323,128 glf=4648,4127,3628,3135,1998,782,212 gla=4200,3334,2605,2020,1193,451,128 phd=0.0 phv=0.0 phs=0 phwn=0,0,0,0,0,0,0 phwm=0.0,0.0,0.0,0.0,0.0,0.0,0.0 sfxm=0.0 sfxn=0 phfd=0.0 sfx=491,4061 bat=1.0,0
[http] POST /v1/messages -> 200
[timing] render 0.4ms encode 17.5ms (106018 chars -> 26901 toks)
[gen] prompt=26901 prefix_hit=26704 snap=26704 ckpt=-1 pfx=0
[gen-done] eos: 144 tokens in 0.7s (204.9 t/s), n_max=32000
[sample-stats] T=1.000 top_p=1.000: 4.114 tokens/round (144 tok/35 rounds)
[req] rid=221 api=anth conv=2370a5ba50a3c784 qw_ms=1 tok_ms=18 prompt=26901 hit=26704 ckpt=-1 pf=197 pf_ms=123 dec=144 dec_ms=703 cb_ms=0 rounds=35 tps=204.9 end=eos gw=0 yields=0 slot=0 t=473924 md4=0 md5=0 md6=0 md7=0 mprom=0 mdem=0 gch=453,521,499,493,1137,1216,570,212 gnh=681,1086,729,585,827,742,323,128 glf=4648,4127,3628,3135,1998,782,212 gla=4200,3334,2605,2020,1193,451,128 phd=0.0 phv=0.0 phs=0 phwn=0,0,0,0,0,0,0 phwm=0.0,0.0,0.0,0.0,0.0,0.0,0.0 sfxm=0.0 sfxn=0 phfd=0.0 sfx=491,4061 bat=1.0,0
[http] POST /v1/messages -> 200
[timing] render 0.4ms encode 18.7ms (107496 chars -> 27308 toks)
[gen] prompt=27308 prefix_hit=26894 snap=26894 ckpt=-1 pfx=0
[gen-done] eos: 194 tokens in 0.9s (206.8 t/s), n_max=32000
[sample-stats] T=1.000 top_p=1.000: 4.128 tokens/round (194 tok/47 rounds)
[req] rid=222 api=anth conv=2370a5ba50a3c784 qw_ms=0 tok_ms=19 prompt=27308 hit=26894 ckpt=-1 pf=414 pf_ms=191 dec=194 dec_ms=938 cb_ms=0 rounds=47 tps=206.8 end=eos gw=0 yields=0 slot=0 t=475095 md4=0 md5=0 md6=0 md7=0 mprom=0 mdem=0 gch=453,521,499,493,1137,1216,570,212 gnh=681,1086,729,585,827,742,323,128 glf=4648,4127,3628,3135,1998,782,212 gla=4200,3334,2605,2020,1193,451,128 phd=0.0 phv=0.0 phs=0 phwn=0,0,0,0,0,0,0 phwm=0.0,0.0,0.0,0.0,0.0,0.0,0.0 sfxm=0.0 sfxn=0 phfd=0.0 sfx=491,4061 bat=1.0,0
[http] POST /v1/messages -> 200
[timing] render 0.4ms encode 18.0ms (110042 chars -> 28038 toks)
[gen] prompt=28038 prefix_hit=27301 snap=27301 ckpt=-1 pfx=0
[gen-done] eos: 119 tokens in 0.8s (156.0 t/s), n_max=32000
[sample-stats] T=1.000 top_p=1.000: 3.051 tokens/round (119 tok/39 rounds)
[req] rid=223 api=anth conv=2370a5ba50a3c784 qw_ms=0 tok_ms=18 prompt=28038 hit=27301 ckpt=-1 pf=737 pf_ms=287 dec=119 dec_ms=763 cb_ms=0 rounds=39 tps=156.0 end=eos gw=0 yields=0 slot=0 t=476183 md4=0 md5=0 md6=0 md7=0 mprom=0 mdem=0 gch=453,521,499,493,1137,1216,570,212 gnh=681,1086,729,585,827,742,323,128 glf=4648,4127,3628,3135,1998,782,212 gla=4200,3334,2605,2020,1193,451,128 phd=0.0 phv=0.0 phs=0 phwn=0,0,0,0,0,0,0 phwm=0.0,0.0,0.0,0.0,0.0,0.0,0.0 sfxm=0.0 sfxn=0 phfd=0.0 sfx=491,4061 bat=1.0,0
[http] POST /v1/messages -> 200
[timing] render 0.4ms encode 18.3ms (110864 chars -> 28337 toks)
[gen] prompt=28337 prefix_hit=28031 snap=28031 ckpt=-1 pfx=0
[gen-done] eos: 51 tokens in 0.2s (229.1 t/s), n_max=32000
[sample-stats] T=1.000 top_p=1.000: 4.636 tokens/round (51 tok/11 rounds)
[req] rid=224 api=anth conv=2370a5ba50a3c784 qw_ms=0 tok_ms=19 prompt=28337 hit=28031 ckpt=-1 pf=306 pf_ms=171 dec=51 dec_ms=223 cb_ms=0 rounds=11 tps=229.1 end=eos gw=0 yields=0 slot=0 t=476606 md4=0 md5=0 md6=0 md7=0 mprom=0 mdem=0 gch=453,521,499,493,1137,1216,570,212 gnh=681,1086,729,585,827,742,323,128 glf=4648,4127,3628,3135,1998,782,212 gla=4200,3334,2605,2020,1193,451,128 phd=0.0 phv=0.0 phs=0 phwn=0,0,0,0,0,0,0 phwm=0.0,0.0,0.0,0.0,0.0,0.0,0.0 sfxm=0.0 sfxn=0 phfd=0.0 sfx=491,4061 bat=1.0,0
[http] POST /v1/messages -> 200
[timing] render 0.6ms encode 18.0ms (114701 chars -> 29502 toks)
[gen] prompt=29502 prefix_hit=28330 snap=28330 ckpt=-1 pfx=0
[gen-done] eos: 65 tokens in 0.4s (151.0 t/s), n_max=32000
[sample-stats] T=1.000 top_p=1.000: 2.955 tokens/round (65 tok/22 rounds)
[req] rid=225 api=anth conv=2370a5ba50a3c784 qw_ms=0 tok_ms=19 prompt=29502 hit=28330 ckpt=-1 pf=1172 pf_ms=457 dec=65 dec_ms=430 cb_ms=0 rounds=22 tps=151.0 end=eos gw=0 yields=0 slot=0 t=477531 md4=0 md5=0 md6=0 md7=0 mprom=0 mdem=0 gch=453,521,499,493,1137,1216,570,212 gnh=681,1086,729,585,827,742,323,128 glf=4648,4127,3628,3135,1998,782,212 gla=4200,3334,2605,2020,1193,451,128 phd=0.0 phv=0.0 phs=0 phwn=0,0,0,0,0,0,0 phwm=0.0,0.0,0.0,0.0,0.0,0.0,0.0 sfxm=0.0 sfxn=0 phfd=0.0 sfx=491,4061 bat=1.0,0
[http] POST /v1/messages -> 200
[timing] render 0.5ms encode 19.2ms (116181 chars -> 29884 toks)
[gen] prompt=29884 prefix_hit=29495 snap=29495 ckpt=-1 pfx=0
[gen-done] eos: 43 tokens in 0.2s (196.6 t/s), n_max=32000
[sample-stats] T=1.000 top_p=1.000: 3.909 tokens/round (43 tok/11 rounds)
[req] rid=226 api=anth conv=2370a5ba50a3c784 qw_ms=0 tok_ms=20 prompt=29884 hit=29495 ckpt=-1 pf=389 pf_ms=185 dec=43 dec_ms=219 cb_ms=0 rounds=11 tps=196.6 end=eos gw=0 yields=0 slot=0 t=477980 md4=0 md5=0 md6=0 md7=0 mprom=0 mdem=0 gch=453,521,499,493,1137,1216,570,212 gnh=681,1086,729,585,827,742,323,128 glf=4648,4127,3628,3135,1998,782,212 gla=4200,3334,2605,2020,1193,451,128 phd=0.0 phv=0.0 phs=0 phwn=0,0,0,0,0,0,0 phwm=0.0,0.0,0.0,0.0,0.0,0.0,0.0 sfxm=0.0 sfxn=0 phfd=0.0 sfx=491,4061 bat=1.0,0
[http] POST /v1/messages -> 200
[timing] render 0.5ms encode 20.1ms (121665 chars -> 31648 toks)
[gen] prompt=31648 prefix_hit=29877 snap=29877 ckpt=-1 pfx=0
[drift] recovered=1 modes=1
[tool-fallback] 1 bare call(s) recovered (stream)
[gen-done] eos: 68 tokens in 0.5s (134.6 t/s), n_max=32000
[sample-stats] T=1.000 top_p=1.000: 2.615 tokens/round (68 tok/26 rounds)
[req] rid=227 api=anth conv=2370a5ba50a3c784 qw_ms=1 tok_ms=21 prompt=31648 hit=29877 ckpt=-1 pf=1771 pf_ms=641 dec=68 dec_ms=505 cb_ms=0 rounds=26 tps=134.6 end=eos gw=0 yields=0 slot=0 t=479164 md4=0 md5=0 md6=0 md7=0 mprom=0 mdem=0 gch=453,521,499,493,1137,1216,570,212 gnh=681,1086,729,585,827,742,323,128 glf=4648,4127,3628,3135,1998,782,212 gla=4200,3334,2605,2020,1193,451,128 phd=0.0 phv=0.0 phs=0 phwn=0,0,0,0,0,0,0 phwm=0.0,0.0,0.0,0.0,0.0,0.0,0.0 sfxm=0.0 sfxn=0 phfd=0.0 sfx=491,4061 bat=1.0,0
[http] POST /v1/messages -> 200
[timing] render 0.4ms encode 19.1ms (123500 chars -> 32155 toks)
[gen] prompt=32155 prefix_hit=31641 snap=31641 ckpt=-1 pfx=0
[gen-done] eos: 71 tokens in 0.5s (145.8 t/s), n_max=32000
[sample-stats] T=1.000 top_p=1.000: 2.840 tokens/round (71 tok/25 rounds)
[req] rid=228 api=anth conv=2370a5ba50a3c784 qw_ms=0 tok_ms=20 prompt=32155 hit=31641 ckpt=-1 pf=514 pf_ms=224 dec=71 dec_ms=487 cb_ms=0 rounds=25 tps=145.8 end=eos gw=0 yields=0 slot=0 t=479905 md4=0 md5=0 md6=0 md7=0 mprom=0 mdem=0 gch=453,521,499,493,1137,1216,570,212 gnh=681,1086,729,585,827,742,323,128 glf=4648,4127,3628,3135,1998,782,212 gla=4200,3334,2605,2020,1193,451,128 phd=0.0 phv=0.0 phs=0 phwn=0,0,0,0,0,0,0 phwm=0.0,0.0,0.0,0.0,0.0,0.0,0.0 sfxm=0.0 sfxn=0 phfd=0.0 sfx=491,4061 bat=1.0,0
[http] POST /v1/messages -> 200
[timing] render 0.4ms encode 19.3ms (125776 chars -> 32813 toks)
[gen] prompt=32813 prefix_hit=32148 snap=32148 ckpt=-1 pfx=0
[gen-done] eos: 1853 tokens in 11.0s (167.7 t/s), n_max=32000
[sample-stats] T=1.000 top_p=1.000: 3.327 tokens/round (1853 tok/557 rounds)
[req] rid=229 api=anth conv=2370a5ba50a3c784 qw_ms=0 tok_ms=20 prompt=32813 hit=32148 ckpt=-1 pf=665 pf_ms=269 dec=1853 dec_ms=11047 cb_ms=0 rounds=557 tps=167.7 end=eos gw=0 yields=0 slot=0 t=491252 md4=0 md5=0 md6=0 md7=0 mprom=0 mdem=0 gch=453,521,499,493,1137,1216,570,212 gnh=681,1086,729,585,827,742,323,128 glf=4648,4127,3628,3135,1998,782,212 gla=4200,3334,2605,2020,1193,451,128 phd=0.0 phv=0.0 phs=0 phwn=0,0,0,0,0,0,0 phwm=0.0,0.0,0.0,0.0,0.0,0.0,0.0 sfxm=0.0 sfxn=0 phfd=0.0 sfx=491,4061 bat=1.0,0
[http] POST /v1/messages -> 200
[timing] render 0.6ms encode 18.0ms (112250 chars -> 26588 toks)
[gen] prompt=26588 prefix_hit=0 snap=0 ckpt=-1 pfx=0
[gen-done] eos: 51 tokens in 0.3s (174.5 t/s), n_max=64000
[req] rid=230 api=anth conv=a48b861f5f3ff062 qw_ms=0 tok_ms=19 prompt=26588 hit=0 ckpt=-1 pf=26588 pf_ms=7969 dec=51 dec_ms=292 cb_ms=0 rounds=15 tps=174.5 end=eos gw=0 yields=0 slot=0 t=499548 md4=15 md5=0 md6=0 md7=0 mprom=0 mdem=0 gch=454,523,500,495,1146,1216,570,212 gnh=683,1088,731,586,835,742,323,128 glf=4662,4139,3639,3144,1998,782,212 gla=4212,3345,2614,2028,1193,451,128 phd=52.9 phv=239.3 phs=52 phwn=3,1,2,9,0,0,0 phwm=47.6,16.8,31.1,143.7,0.0,0.0,0.0 sfxm=0.0 sfxn=0 phfd=0.0 sfx=491,4061 bat=1.0,0
[http] POST /v1/messages -> 200
[timing] render 0.6ms encode 20.8ms (128544 chars -> 31213 toks)
[gen] prompt=31213 prefix_hit=26581 snap=26581 ckpt=-1 pfx=0
[gen-done] eos: 194 tokens in 1.1s (179.9 t/s), n_max=64000
[req] rid=231 api=anth conv=a48b861f5f3ff062 qw_ms=0 tok_ms=21 prompt=31213 hit=26581 ckpt=-1 pf=4632 pf_ms=1609 dec=194 dec_ms=1078 cb_ms=0 rounds=52 tps=179.9 end=eos gw=0 yields=0 slot=0 t=502270 md4=22 md5=44 md6=0 md7=0 mprom=1 mdem=0 gch=456,528,509,499,1155,1237,570,212 gnh=692,1096,741,588,843,755,323,128 glf=4710,4182,3673,3174,2019,782,212 gla=4252,3378,2637,2049,1206,451,128 phd=201.8 phv=835.8 phs=200 phwn=7,9,4,9,21,0,0 phwm=112.7,155.1,62.7,144.6,360.7,0.0,0.0 sfxm=40.2 sfxn=2 phfd=0.0 sfx=493,4077 bat=1.0,0
[http] POST /v1/messages -> 200
[timing] render 0.7ms encode 22.3ms (130258 chars -> 31669 toks)
[gen] prompt=31669 prefix_hit=31206 snap=31206 ckpt=-1 pfx=0
[gen-done] eos: 42 tokens in 0.2s (276.3 t/s), n_max=64000
[req] rid=232 api=anth conv=a48b861f5f3ff062 qw_ms=1 tok_ms=23 prompt=31669 hit=31206 ckpt=-1 pf=463 pf_ms=204 dec=42 dec_ms=152 cb_ms=0 rounds=7 tps=276.3 end=eos gw=0 yields=0 slot=0 t=502665 md4=22 md5=51 md6=0 md7=0 mprom=1 mdem=0 gch=456,528,509,499,1156,1241,570,212 gnh=692,1097,741,589,843,758,323,128 glf=4715,4187,3678,3179,2023,782,212 gla=4257,3382,2641,2052,1209,451,128 phd=25.3 phv=85.1 phs=25 phwn=0,0,0,1,4,0,0 phwm=0.0,0.0,0.0,16.1,69.0,0.0,0.0 sfxm=41.4 sfxn=2 phfd=0.0 sfx=495,4098 bat=1.0,0
[http] POST /v1/messages -> 200
[timing] render 0.7ms encode 22.5ms (131256 chars -> 31932 toks)
[gen] prompt=31932 prefix_hit=31662 snap=31662 ckpt=-1 pfx=0
[gen-done] eos: 356 tokens in 2.1s (171.4 t/s), n_max=64000
[req] rid=233 api=anth conv=a48b861f5f3ff062 qw_ms=1 tok_ms=23 prompt=31932 hit=31662 ckpt=-1 pf=270 pf_ms=159 dec=356 dec_ms=2078 cb_ms=0 rounds=99 tps=171.4 end=eos gw=0 yields=0 slot=0 t=504937 md4=22 md5=149 md6=0 md7=0 mprom=1 mdem=0 gch=466,534,523,506,1162,1296,570,212 gnh=708,1114,757,603,852,784,323,128 glf=4803,4269,3746,3240,2078,782,212 gla=4334,3447,2690,2087,1235,451,128 phd=400.3 phv=1656.4 phs=397 phwn=16,14,7,6,55,0,0 phwm=262.9,242.2,109.9,96.6,944.7,0.0,0.0 sfxm=19.7 sfxn=1 phfd=0.0 sfx=496,4102 bat=1.0,0
[http] POST /v1/messages -> 200
[timing] render 0.7ms encode 23.3ms (133359 chars -> 32508 toks)
[gen] prompt=32508 prefix_hit=31925 snap=31925 ckpt=-1 pfx=0
[gen-done] eos: 42 tokens in 0.2s (214.5 t/s), n_max=64000
[req] rid=234 api=anth conv=a48b861f5f3ff062 qw_ms=1 tok_ms=24 prompt=32508 hit=31925 ckpt=-1 pf=583 pf_ms=241 dec=42 dec_ms=196 cb_ms=0 rounds=9 tps=214.5 end=eos gw=0 yields=0 slot=0 t=505416 md4=22 md5=158 md6=0 md7=0 mprom=1 mdem=0 gch=466,534,523,507,1162,1303,570,212 gnh=708,1115,758,604,853,788,323,128 glf=4811,4277,3754,3247,2085,782,212 gla=4342,3454,2696,2092,1239,451,128 phd=39.5 phv=135.9 phs=39 phwn=0,0,1,0,7,0,0 phwm=0.0,0.0,15.7,0.0,120.2,0.0,0.0 sfxm=20.3 sfxn=1 phfd=0.0 sfx=497,4109 bat=1.0,0
[http] POST /v1/messages -> 200
[timing] render 0.6ms encode 23.8ms (137176 chars -> 33678 toks)
[gen] prompt=33678 prefix_hit=32501 snap=32501 ckpt=-1 pfx=0
[gen-done] eos: 53 tokens in 0.2s (226.9 t/s), n_max=64000
[req] rid=235 api=anth conv=a48b861f5f3ff062 qw_ms=1 tok_ms=24 prompt=33678 hit=32501 ckpt=-1 pf=1177 pf_ms=470 dec=53 dec_ms=234 cb_ms=0 rounds=11 tps=226.9 end=eos gw=0 yields=0 slot=0 t=506157 md4=22 md5=169 md6=0 md7=0 mprom=1 mdem=0 gch=466,536,523,507,1162,1310,570,212 gnh=708,1118,758,604,853,794,323,128 glf=4820,4284,3761,3254,2092,782,212 gla=4351,3460,2702,2098,1245,451,128 phd=40.2 phv=152.6 phs=39 phwn=2,0,0,0,7,0,0 phwm=32.0,0.0,0.0,0.0,120.6,0.0,0.0 sfxm=40.6 sfxn=2 phfd=0.0 sfx=499,4123 bat=1.0,0
[http] POST /v1/messages -> 200
[timing] render 0.7ms encode 23.8ms (137878 chars -> 33896 toks)
[gen] prompt=33896 prefix_hit=33671 snap=33671 ckpt=-1 pfx=0
[gen-done] eos: 294 tokens in 1.5s (192.9 t/s), n_max=64000
[req] rid=236 api=anth conv=a48b861f5f3ff062 qw_ms=1 tok_ms=24 prompt=33896 hit=33671 ckpt=-1 pf=225 pf_ms=139 dec=294 dec_ms=1524 cb_ms=0 rounds=72 tps=192.9 end=eos gw=0 yields=0 slot=0 t=507857 md4=22 md5=240 md6=0 md7=0 mprom=1 mdem=0 gch=470,545,530,512,1165,1353,570,212 gnh=713,1132,766,615,859,821,323,128 glf=4887,4342,3812,3300,2135,782,212 gla=4415,3512,2746,2131,1272,451,128 phd=302.6 phv=1200.5 phs=293 phwn=13,7,5,3,43,0,0 phwm=211.5,122.0,78.7,48.5,739.8,0.0,0.0 sfxm=20.4 sfxn=1 phfd=0.0 sfx=500,4127 bat=1.0,0
[http] POST /v1/messages -> 200
[timing] render 0.7ms encode 22.8ms (139155 chars -> 34226 toks)
[gen] prompt=34226 prefix_hit=33889 snap=33889 ckpt=-1 pfx=0
[gen-done] eos: 214 tokens in 0.4s (485.1 t/s), n_max=64000
[req] rid=237 api=anth conv=a48b861f5f3ff062 qw_ms=0 tok_ms=23 prompt=34226 hit=33889 ckpt=-1 pf=337 pf_ms=179 dec=214 dec_ms=441 cb_ms=0 rounds=21 tps=485.1 end=eos gw=0 yields=0 slot=0 t=508519 md4=22 md5=243 md6=15 md7=3 mprom=3 mdem=0 gch=470,545,530,512,1165,1355,573,212 gnh=713,1132,766,615,859,823,326,128 glf=4892,4347,3817,3305,2140,785,212 gla=4420,3517,2751,2136,1277,454,128 phd=27.9 phv=86.1 phs=28 phwn=0,0,0,0,2,3,0 phwm=0.0,0.0,0.0,0.0,33.4,52.7,0.0 sfxm=326.9 sfxn=16 phfd=0.0 sfx=516,4313 bat=1.0,0
[http] POST /v1/messages -> 200
[timing] render 0.6ms encode 24.1ms (140238 chars -> 34496 toks)
[gen] prompt=34496 prefix_hit=34219 snap=34219 ckpt=-1 pfx=0
[gen-done] eos: 282 tokens in 1.3s (220.0 t/s), n_max=64000
[req] rid=238 api=anth conv=a48b861f5f3ff062 qw_ms=1 tok_ms=25 prompt=34496 hit=34219 ckpt=-1 pf=277 pf_ms=163 dec=282 dec_ms=1282 cb_ms=0 rounds=56 tps=220.0 end=eos gw=0 yields=0 slot=0 t=510022 md4=22 md5=243 md6=15 md7=55 mprom=3 mdem=0 gch=472,553,532,517,1167,1357,573,242 gnh=716,1144,772,619,861,825,327,149 glf=4941,4388,3856,3339,2172,815,242 gla=4467,3553,2781,2162,1301,476,149 phd=272.0 phv=908.6 phs=276 phwn=10,2,5,2,2,0,30 phwm=157.2,33.9,76.3,31.3,33.4,0.0,576.5 sfxm=100.2 sfxn=5 phfd=0.0 sfx=521,4338 bat=1.0,0
[http] POST /v1/messages -> 200
[timing] render 0.7ms encode 22.7ms (141613 chars -> 34833 toks)
[gen] prompt=34833 prefix_hit=34489 snap=34489 ckpt=-1 pfx=0
[gen-done] eos: 57 tokens in 0.2s (231.9 t/s), n_max=64000
[req] rid=239 api=anth conv=a48b861f5f3ff062 qw_ms=1 tok_ms=23 prompt=34833 hit=34489 ckpt=-1 pf=344 pf_ms=186 dec=57 dec_ms=246 cb_ms=0 rounds=11 tps=231.9 end=eos gw=0 yields=0 slot=0 t=510498 md4=22 md5=243 md6=15 md7=63 mprom=3 mdem=0 gch=474,553,532,517,1167,1358,573,247 gnh=717,1145,772,620,862,825,327,153 glf=4947,4394,3862,3345,2178,820,247 gla=4473,3559,2787,2167,1305,480,153 phd=41.3 phv=145.6 phs=43 phwn=2,0,0,0,1,0,5 phwm=32.8,0.0,0.0,0.0,16.7,0.0,96.1 sfxm=58.9 sfxn=3 phfd=0.0 sfx=524,4352 bat=1.0,0
[http] POST /v1/messages -> 200
[timing] render 0.7ms encode 22.1ms (143390 chars -> 35285 toks)
[gen] prompt=35285 prefix_hit=34826 snap=34826 ckpt=-1 pfx=0
[gen-done] eos: 111 tokens in 0.5s (220.8 t/s), n_max=64000
[req] rid=240 api=anth conv=a48b861f5f3ff062 qw_ms=0 tok_ms=23 prompt=35285 hit=34826 ckpt=-1 pf=459 pf_ms=208 dec=111 dec_ms=503 cb_ms=0 rounds=22 tps=220.8 end=eos gw=0 yields=0 slot=0 t=511243 md4=22 md5=243 md6=15 md7=84 mprom=3 mdem=0 gch=475,556,536,518,1167,1358,574,258 gnh=717,1150,775,622,863,826,328,161 glf=4967,4411,3875,3357,2190,832,258 gla=4493,3575,2800,2178,1315,489,161 phd=107.5 phv=375.1 phs=107 phwn=4,4,1,0,0,1,11 phwm=63.0,68.1,15.2,0.0,0.0,17.6,211.1 sfxm=19.9 sfxn=1 phfd=0.0 sfx=525,4356 bat=1.0,0
[http] POST /v1/messages -> 200
[timing] render 0.6ms encode 22.6ms (144361 chars -> 35509 toks)
[gen] prompt=35509 prefix_hit=35278 snap=35278 ckpt=-1 pfx=0
[gen-done] eos: 78 tokens in 0.5s (171.9 t/s), n_max=64000
[req] rid=241 api=anth conv=a48b861f5f3ff062 qw_ms=0 tok_ms=23 prompt=35509 hit=35278 ckpt=-1 pf=231 pf_ms=139 dec=78 dec_ms=454 cb_ms=0 rounds=22 tps=171.9 end=eos gw=0 yields=0 slot=0 t=511874 md4=22 md5=243 md6=31 md7=90 mprom=3 mdem=1 gch=478,559,539,520,1168,1359,582,258 gnh=721,1156,778,624,864,827,332,161 glf=4985,4426,3887,3367,2199,840,258 gla=4509,3586,2808,2184,1320,493,161 phd=82.8 phv=351.2 phs=85 phwn=6,3,2,1,1,8,0 phwm=96.2,51.2,30.6,15.7,16.7,140.8,0.0 sfxm=19.8 sfxn=1 phfd=0.0 sfx=526,4363 bat=1.0,0
[http] POST /v1/messages -> 200
[timing] render 0.7ms encode 23.3ms (145305 chars -> 35781 toks)
[gen] prompt=35781 prefix_hit=35502 snap=35502 ckpt=-1 pfx=0
[gen-done] eos: 41 tokens in 0.2s (261.3 t/s), n_max=64000
[req] rid=242 api=anth conv=a48b861f5f3ff062 qw_ms=0 tok_ms=24 prompt=35781 hit=35502 ckpt=-1 pf=279 pf_ms=164 dec=41 dec_ms=157 cb_ms=0 rounds=7 tps=261.3 end=eos gw=0 yields=0 slot=0 t=512255 md4=22 md5=243 md6=37 md7=90 mprom=3 mdem=1 gch=478,559,539,520,1169,1360,586,258 gnh=721,1157,778,624,864,828,336,161 glf=4991,4432,3893,3373,2204,844,258 gla=4515,3591,2813,2189,1325,497,161 phd=34.3 phv=102.7 phs=35 phwn=0,0,0,1,1,4,0 phwm=0.0,0.0,0.0,15.7,16.7,70.4,0.0 sfxm=19.8 sfxn=1 phfd=0.0 sfx=527,4369 bat=1.0,0
[http] POST /v1/messages -> 200
[timing] render 0.7ms encode 23.5ms (145541 chars -> 35850 toks)
[gen] prompt=35850 prefix_hit=35774 snap=35774 ckpt=-1 pfx=0
[gen-done] eos: 46 tokens in 0.2s (204.2 t/s), n_max=64000
[req] rid=243 api=anth conv=a48b861f5f3ff062 qw_ms=1 tok_ms=24 prompt=35850 hit=35774 ckpt=-1 pf=76 pf_ms=92 dec=46 dec_ms=225 cb_ms=0 rounds=11 tps=204.2 end=eos gw=0 yields=0 slot=0 t=512610 md4=22 md5=243 md6=46 md7=90 mprom=3 mdem=1 gch=480,560,539,522,1169,1360,590,258 gnh=721,1160,778,626,864,828,340,161 glf=4998,4438,3899,3377,2208,848,258 gla=4522,3597,2819,2193,1329,501,161 phd=36.3 phv=149.3 phs=36 phwn=3,0,2,0,0,4,0 phwm=48.5,0.0,30.6,0.0,0.0,70.2,0.0 sfxm=39.6 sfxn=2 phfd=0.0 sfx=529,4377 bat=1.0,0
[http] POST /v1/messages -> 200
[timing] render 0.7ms encode 23.0ms (145827 chars -> 35930 toks)
[gen] prompt=35930 prefix_hit=35843 snap=35843 ckpt=-1 pfx=0
[gen-done] eos: 54 tokens in 0.3s (196.7 t/s), n_max=64000
[req] rid=244 api=anth conv=a48b861f5f3ff062 qw_ms=0 tok_ms=24 prompt=35930 hit=35843 ckpt=-1 pf=87 pf_ms=93 dec=54 dec_ms=275 cb_ms=0 rounds=13 tps=196.7 end=eos gw=0 yields=0 slot=0 t=513022 md4=22 md5=243 md6=58 md7=90 mprom=3 mdem=1 gch=481,561,541,524,1169,1360,596,258 gnh=723,1161,780,628,864,828,345,161 glf=5009,4448,3907,3383,2214,854,258 gla=4532,3606,2826,2198,1334,506,161 phd=52.6 phv=202.0 phs=53 phwn=2,2,2,0,0,6,0 phwm=31.9,34.1,30.5,0.0,0.0,105.4,0.0 sfxm=19.9 sfxn=1 phfd=0.0 sfx=530,4381 bat=1.0,0
[http] POST /v1/messages -> 200
[timing] render 0.6ms encode 23.5ms (146099 chars -> 36008 toks)
[gen] prompt=36008 prefix_hit=35923 snap=35923 ckpt=-1 pfx=0
[gen-done] eos: 61 tokens in 0.3s (200.7 t/s), n_max=64000
[req] rid=245 api=anth conv=a48b861f5f3ff062 qw_ms=0 tok_ms=24 prompt=36008 hit=35923 ckpt=-1 pf=85 pf_ms=93 dec=61 dec_ms=304 cb_ms=0 rounds=14 tps=200.7 end=eos gw=0 yields=0 slot=0 t=513458 md4=22 md5=243 md6=70 md7=90 mprom=3 mdem=1 gch=482,561,541,526,1169,1362,603,258 gnh=724,1163,781,630,864,829,350,161 glf=5020,4459,3918,3392,2223,861,258 gla=4543,3615,2834,2204,1340,511,161 phd=61.2 phv=203.6 phs=63 phwn=1,0,2,0,2,7,0 phwm=16.4,0.0,30.6,0.0,33.6,123.0,0.0 sfxm=39.0 sfxn=2 phfd=0.0 sfx=532,4388 bat=1.0,0
[http] POST /v1/messages -> 200
[timing] render 0.8ms encode 23.0ms (146403 chars -> 36096 toks)
[gen] prompt=36096 prefix_hit=36001 snap=36001 ckpt=-1 pfx=0
[gen-done] eos: 72 tokens in 0.4s (187.4 t/s), n_max=64000
[req] rid=246 api=anth conv=a48b861f5f3ff062 qw_ms=0 tok_ms=24 prompt=36096 hit=36001 ckpt=-1 pf=95 pf_ms=101 dec=72 dec_ms=384 cb_ms=0 rounds=19 tps=187.4 end=eos gw=0 yields=0 slot=0 t=514008 md4=22 md5=258 md6=74 md7=90 mprom=3 mdem=2 gch=482,566,541,527,1170,1372,603,258 gnh=727,1168,784,631,865,833,350,161 glf=5037,4471,3930,3403,2233,861,258 gla=4557,3624,2840,2209,1344,511,161 phd=67.4 phv=276.4 phs=69 phwn=5,0,1,1,10,0,0 phwm=78.1,0.0,15.3,15.7,167.4,0.0,0.0 sfxm=40.2 sfxn=2 phfd=0.0 sfx=534,4408 bat=1.0,0
[http] POST /v1/messages -> 200
[timing] render 0.7ms encode 23.5ms (147964 chars -> 36489 toks)
[gen] prompt=36489 prefix_hit=36089 snap=36089 ckpt=-1 pfx=0
[gen-done] eos: 241 tokens in 0.9s (254.7 t/s), n_max=64000
[req] rid=247 api=anth conv=a48b861f5f3ff062 qw_ms=1 tok_ms=24 prompt=36489 hit=36089 ckpt=-1 pf=400 pf_ms=195 dec=241 dec_ms=946 cb_ms=0 rounds=47 tps=254.7 end=eos gw=0 yields=0 slot=0 t=515188 md4=22 md5=300 md6=77 md7=90 mprom=4 mdem=2 gch=490,568,543,532,1170,1390,603,258 gnh=734,1174,789,636,866,844,350,161 glf=5064,4496,3953,3421,2251,861,258 gla=4580,3646,2857,2221,1355,511,161 phd=130.1 phv=575.6 phs=128 phwn=10,2,5,0,18,0,0 phwm=163.4,34.3,76.5,0.0,301.5,0.0,0.0 sfxm=240.1 sfxn=12 phfd=0.0 sfx=546,4525 bat=1.0,0
[http] POST /v1/messages -> 200
[timing] render 0.6ms encode 23.8ms (149614 chars -> 36870 toks)
[gen] prompt=36870 prefix_hit=36482 snap=36482 ckpt=-1 pfx=0
[gen-done] eos: 221 tokens in 0.7s (320.6 t/s), n_max=64000
[req] rid=248 api=anth conv=a48b861f5f3ff062 qw_ms=0 tok_ms=24 prompt=36870 hit=36482 ckpt=-1 pf=388 pf_ms=194 dec=221 dec_ms=689 cb_ms=0 rounds=32 tps=320.6 end=eos gw=0 yields=0 slot=0 t=516127 md4=22 md5=300 md6=104 md7=93 mprom=5 mdem=2 gch=491,568,546,533,1170,1392,615,258 gnh=736,1177,791,637,867,846,358,161 glf=5082,4514,3968,3435,2265,873,258 gla=4596,3660,2869,2232,1365,519,161 phd=96.1 phv=328.5 phs=98 phwn=1,3,1,0,2,12,0 phwm=16.5,51.5,15.3,0.0,33.5,211.7,0.0 sfxm=264.4 sfxn=13 phfd=0.0 sfx=559,4657 bat=1.0,0
[http] POST /v1/messages -> 200
[timing] render 0.6ms encode 24.6ms (150745 chars -> 37142 toks)
[gen] prompt=37142 prefix_hit=36863 snap=36863 ckpt=-1 pfx=0
[gen-done] eos: 219 tokens in 1.2s (184.5 t/s), n_max=64000
[req] rid=249 api=anth conv=a48b861f5f3ff062 qw_ms=1 tok_ms=25 prompt=37142 hit=36863 ckpt=-1 pf=279 pf_ms=166 dec=219 dec_ms=1187 cb_ms=0 rounds=56 tps=184.5 end=eos gw=0 yields=0 slot=0 t=517522 md4=22 md5=300 md6=136 md7=113 mprom=5 mdem=3 gch=501,572,549,538,1172,1394,634,263 gnh=748,1186,796,643,869,848,371,162 glf=5122,4550,4001,3463,2291,897,263 gla=4633,3689,2893,2250,1381,533,162 phd=214.7 phv=852.8 phs=220 phwn=14,3,5,2,2,19,5 phwm=228.1,51.6,76.6,31.4,33.5,335.4,96.2 sfxm=119.3 sfxn=6 phfd=0.0 sfx=565,4689 bat=1.0,0
[http] POST /v1/messages -> 200
[timing] render 0.6ms encode 25.5ms (152399 chars -> 37563 toks)
[gen] prompt=37563 prefix_hit=37135 snap=37135 ckpt=-1 pfx=0
[gen-done] eos: 131 tokens in 0.7s (195.4 t/s), n_max=64000
[req] rid=250 api=anth conv=a48b861f5f3ff062 qw_ms=0 tok_ms=26 prompt=37563 hit=37135 ckpt=-1 pf=428 pf_ms=207 dec=131 dec_ms=670 cb_ms=0 rounds=32 tps=195.4 end=eos gw=0 yields=0 slot=0 t=518441 md4=22 md5=313 md6=154 md7=113 mprom=5 mdem=4 gch=504,575,551,539,1178,1402,641,263 gnh=749,1194,803,646,871,853,375,162 glf=5149,4574,4023,3484,2306,904,263 gla=4660,3710,2907,2261,1390,537,162 phd=131.3 phv=498.6 phs=131 phwn=6,2,1,6,8,7,0 phwm=96.7,34.4,15.3,94.3,134.3,123.6,0.0 sfxm=40.3 sfxn=2 phfd=0.0 sfx=567,4704 bat=1.0,0
[http] POST /v1/messages -> 200
[timing] render 0.6ms encode 24.3ms (154844 chars -> 38213 toks)
[gen] prompt=38213 prefix_hit=37556 snap=37556 ckpt=-1 pfx=0
[gen-done] eos: 62 tokens in 0.3s (232.6 t/s), n_max=64000
[req] rid=251 api=anth conv=a48b861f5f3ff062 qw_ms=0 tok_ms=25 prompt=38213 hit=37556 ckpt=-1 pf=657 pf_ms=276 dec=62 dec_ms=267 cb_ms=0 rounds=13 tps=232.6 end=eos gw=0 yields=0 slot=0 t=519021 md4=22 md5=326 md6=154 md7=113 mprom=5 mdem=4 gch=506,576,552,539,1179,1408,641,263 gnh=750,1197,803,647,872,858,375,162 glf=5158,4582,4030,3491,2312,904,263 gla=4668,3717,2914,2267,1395,537,162 phd=43.2 phv=182.8 phs=42 phwn=3,1,0,1,6,0,0 phwm=49.0,17.3,0.0,15.7,100.7,0.0,0.0 sfxm=40.4 sfxn=2 phfd=0.0 sfx=569,4723 bat=1.0,0
[http] POST /v1/messages -> 200
[timing] render 0.7ms encode 25.6ms (155337 chars -> 38350 toks)
[gen] prompt=38350 prefix_hit=38206 snap=38206 ckpt=-1 pfx=0
[gen-done] eos: 348 tokens in 1.7s (206.4 t/s), n_max=64000
[req] rid=252 api=anth conv=a48b861f5f3ff062 qw_ms=0 tok_ms=26 prompt=38350 hit=38206 ckpt=-1 pf=144 pf_ms=118 dec=348 dec_ms=1686 cb_ms=0 rounds=80 tps=206.4 end=eos gw=0 yields=0 slot=0 t=520862 md4=22 md5=378 md6=178 md7=113 mprom=6 mdem=4 gch=509,581,559,549,1182,1443,651,263 gnh=755,1210,817,652,879,882,380,162 glf=5228,4647,4088,3539,2357,914,263 gla=4733,3772,2955,2303,1424,542,162 phd=330.4 phv=1215.4 phs=328 phwn=8,7,10,3,35,10,0 phwm=128.7,121.1,153.7,47.4,587.8,176.8,0.0 sfxm=139.5 sfxn=7 phfd=0.0 sfx=576,4768 bat=1.0,0
[http] POST /v1/messages -> 200
[timing] render 0.0ms encode 2.8ms (6380 chars -> 1629 toks)
[gen] prompt=1629 prefix_hit=0 snap=0 ckpt=-1 pfx=0
[timing] render 0.8ms encode 18.6ms (105601 chars -> 24919 toks)
[gen-done] eos: 17 tokens in 0.1s (185.5 t/s), n_max=64000
[req] rid=253 api=anth conv=205b02d9f71c00e6 qw_ms=0 tok_ms=3 prompt=1629 hit=0 ckpt=-1 pf=1629 pf_ms=469 dec=17 dec_ms=92 cb_ms=0 rounds=5 tps=185.5 end=eos gw=0 yields=0 slot=0 t=522661 md4=5 md5=0 md6=0 md7=0 mprom=0 mdem=0 gch=510,581,559,549,1186,1443,651,263 gnh=756,1211,817,652,882,882,380,162 glf=5232,4651,4092,3543,2357,914,263 gla=4737,3775,2958,2306,1424,542,162 phd=15.5 phv=76.0 phs=17 phwn=1,0,0,4,0,0,0 phwm=14.8,0.0,0.0,61.2,0.0,0.0,0.0 sfxm=0.0 sfxn=0 phfd=0.0 sfx=576,4768 bat=1.0,0
[http] POST /v1/messages -> 200
[gen] prompt=24919 prefix_hit=0 snap=0 ckpt=-1 pfx=0
[gen-done] eos: 117 tokens in 0.6s (185.9 t/s), n_max=64000
[req] rid=254 api=anth conv=1327c1780fb396cc qw_ms=534 tok_ms=19 prompt=24919 hit=0 ckpt=-1 pf=24919 pf_ms=7427 dec=117 dec_ms=630 cb_ms=0 rounds=32 tps=185.9 end=eos gw=0 yields=0 slot=0 t=530719 md4=32 md5=0 md6=0 md7=0 mprom=1 mdem=0 gch=510,584,566,553,1204,1443,651,263 gnh=758,1217,823,656,896,882,380,162 glf=5264,4680,4114,3561,2357,914,263 gla=4767,3799,2976,2320,1424,542,162 phd=117.6 phv=511.6 phs=115 phwn=3,7,4,18,0,0,0 phwm=46.4,116.6,62.1,286.5,0.0,0.0,0.0 sfxm=0.0 sfxn=0 phfd=0.0 sfx=576,4768 bat=1.0,0
[http] POST /v1/messages -> 200
[http] POST /v1/messages/count_tokens -> 200
[timing] render 0.7ms encode 21.5ms (136590 chars -> 34324 toks)
[gen] prompt=34324 prefix_hit=24912 snap=24912 ckpt=-1 pfx=0
[gen-done] eos: 192 tokens in 1.1s (178.2 t/s), n_max=64000
[req] rid=255 api=anth conv=1327c1780fb396cc qw_ms=0 tok_ms=22 prompt=34324 hit=24912 ckpt=-1 pf=9412 pf_ms=3247 dec=192 dec_ms=1077 cb_ms=0 rounds=51 tps=178.2 end=eos gw=0 yields=0 slot=0 t=535088 md4=32 md5=50 md6=0 md7=0 mprom=1 mdem=0 gch=512,592,569,555,1211,1471,651,263 gnh=762,1230,831,660,900,899,380,162 glf=5312,4720,4151,3596,2385,914,263 gla=4813,3832,3001,2341,1441,542,162 phd=213.8 phv=842.6 phs=210 phwn=10,3,2,7,28,0,0 phwm=162.3,52.5,31.5,113.2,483.2,0.0,0.0 sfxm=20.3 sfxn=1 phfd=0.0 sfx=577,4771 bat=1.0,0
[http] POST /v1/messages -> 200
[timing] render 0.6ms encode 23.1ms (137862 chars -> 34695 toks)
[gen] prompt=34695 prefix_hit=34317 snap=34317 ckpt=-1 pfx=0
[gen-done] eos: 191 tokens in 1.1s (167.3 t/s), n_max=64000
[req] rid=256 api=anth conv=1327c1780fb396cc qw_ms=0 tok_ms=24 prompt=34695 hit=34317 ckpt=-1 pf=378 pf_ms=192 dec=191 dec_ms=1142 cb_ms=0 rounds=55 tps=167.3 end=eos gw=0 yields=0 slot=0 t=536487 md4=32 md5=105 md6=0 md7=0 mprom=1 mdem=0 gch=516,600,576,562,1214,1496,651,263 gnh=768,1244,842,667,903,912,380,162 glf=5362,4762,4186,3624,2410,914,263 gla=4859,3866,3024,2357,1454,542,162 phd=212.9 phv=907.8 phs=209 phwn=12,7,7,3,25,0,0 phwm=196.0,122.4,110.4,48.5,430.5,0.0,0.0 sfxm=20.3 sfxn=1 phfd=0.0 sfx=578,4777 bat=1.0,0
[http] POST /v1/messages -> 200
[timing] render 0.8ms encode 23.6ms (138707 chars -> 34909 toks)
[gen] prompt=34909 prefix_hit=34688 snap=34688 ckpt=-1 pfx=0
[gen-done] eos: 280 tokens in 1.4s (194.4 t/s), n_max=64000
[req] rid=257 api=anth conv=1327c1780fb396cc qw_ms=1 tok_ms=24 prompt=34909 hit=34688 ckpt=-1 pf=221 pf_ms=140 dec=280 dec_ms=1440 cb_ms=0 rounds=68 tps=194.4 end=eos gw=0 yields=0 slot=0 t=538118 md4=32 md5=172 md6=0 md7=0 mprom=1 mdem=0 gch=522,605,579,570,1217,1536,651,263 gnh=774,1257,848,679,907,936,380,162 glf=5421,4816,4237,3667,2450,914,263 gla=4914,3912,3064,2385,1478,542,162 phd=280.1 phv=1098.3 phs=272 phwn=11,3,8,3,40,0,0 phwm=181.7,52.6,126.0,48.5,689.5,0.0,0.0 sfxm=61.3 sfxn=3 phfd=0.0 sfx=581,4798 bat=1.0,0
[http] POST /v1/messages -> 200
[timing] render 0.6ms encode 23.0ms (140054 chars -> 35240 toks)
[gen] prompt=35240 prefix_hit=34902 snap=34902 ckpt=-1 pfx=0
[gen-done] eos: 56 tokens in 0.2s (273.6 t/s), n_max=64000
[req] rid=258 api=anth conv=1327c1780fb396cc qw_ms=1 tok_ms=24 prompt=35240 hit=34902 ckpt=-1 pf=338 pf_ms=180 dec=56 dec_ms=205 cb_ms=0 rounds=9 tps=273.6 end=eos gw=0 yields=0 slot=0 t=538546 md4=32 md5=179 md6=2 md7=0 mprom=2 mdem=0 gch=522,605,579,570,1217,1542,653,263 gnh=774,1257,848,679,909,941,381,162 glf=5429,4824,4245,3675,2458,916,263 gla=4922,3920,3072,2393,1484,543,162 phd=44.4 phv=139.6 phs=42 phwn=0,0,0,0,6,2,0 phwm=0.0,0.0,0.0,0.0,103.5,36.1,0.0 sfxm=20.3 sfxn=1 phfd=0.0 sfx=582,4810 bat=1.0,0
[http] POST /v1/messages -> 200
[timing] render 0.7ms encode 23.5ms (142211 chars -> 35842 toks)
[gen] prompt=35842 prefix_hit=35233 snap=35233 ckpt=-1 pfx=0
[gen-done] eos: 225 tokens in 1.2s (191.9 t/s), n_max=64000
[req] rid=259 api=anth conv=1327c1780fb396cc qw_ms=1 tok_ms=24 prompt=35842 hit=35233 ckpt=-1 pf=609 pf_ms=267 dec=225 dec_ms=1172 cb_ms=0 rounds=54 tps=191.9 end=eos gw=0 yields=0 slot=0 t=540023 md4=32 md5=205 md6=30 md7=0 mprom=2 mdem=1 gch=523,610,583,578,1222,1560,664,263 gnh=776,1266,859,690,916,947,387,162 glf=5480,4870,4287,3709,2487,927,263 gla=4971,3961,3102,2412,1496,549,162 phd=243.6 phv=886.6 phs=239 phwn=6,4,8,5,18,11,0 phwm=97.7,70.4,126.4,80.9,311.1,200.1,0.0 sfxm=41.9 sfxn=2 phfd=0.0 sfx=584,4830 bat=1.0,0
[http] POST /v1/messages -> 200
[timing] render 0.6ms encode 22.8ms (143214 chars -> 36124 toks)
[gen] prompt=36124 prefix_hit=35835 snap=35835 ckpt=-1 pfx=0
[gen-done] eos: 226 tokens in 0.5s (416.6 t/s), n_max=64000
[req] rid=260 api=anth conv=1327c1780fb396cc qw_ms=0 tok_ms=23 prompt=36124 hit=35835 ckpt=-1 pf=289 pf_ms=168 dec=226 dec_ms=543 cb_ms=0 rounds=25 tps=416.6 end=eos gw=0 yields=0 slot=0 t=540783 md4=32 md5=220 md6=39 md7=0 mprom=3 mdem=1 gch=523,610,583,578,1222,1569,664,263 gnh=776,1266,860,690,917,954,387,162 glf=5489,4879,4296,3718,2496,927,263 gla=4980,3970,3110,2420,1503,549,162 phd=46.6 phv=155.8 phs=45 phwn=0,0,0,0,9,0,0 phwm=0.0,0.0,0.0,0.0,155.8,0.0,0.0 sfxm=339.9 sfxn=16 phfd=0.0 sfx=600,5009 bat=1.0,0
[http] POST /v1/messages -> 200
[timing] render 0.6ms encode 22.9ms (144268 chars -> 36428 toks)
[gen] prompt=36428 prefix_hit=36117 snap=36117 ckpt=-1 pfx=0
[gen-done] eos: 228 tokens in 0.5s (452.6 t/s), n_max=64000
[req] rid=261 api=anth conv=1327c1780fb396cc qw_ms=0 tok_ms=24 prompt=36428 hit=36117 ckpt=-1 pf=311 pf_ms=178 dec=228 dec_ms=504 cb_ms=0 rounds=23 tps=452.6 end=eos gw=0 yields=0 slot=0 t=541519 md4=32 md5=220 md6=47 md7=14 mprom=4 mdem=1 gch=523,610,584,578,1222,1569,669,263 gnh=776,1266,861,690,917,954,392,162 glf=5495,4885,4301,3723,2501,932,263 gla=4986,3976,3115,2425,1508,554,162 phd=33.3 phv=108.7 phs=33 phwn=0,1,0,0,0,5,0 phwm=0.0,17.7,0.0,0.0,0.0,91.1,0.0 sfxm=361.5 sfxn=17 phfd=0.0 sfx=617,5202 bat=1.0,0
[http] POST /v1/messages -> 200
[timing] render 0.6ms encode 24.0ms (145192 chars -> 36696 toks)
[gen] prompt=36696 prefix_hit=36421 snap=36421 ckpt=-1 pfx=0
[gen-done] eos: 237 tokens in 0.6s (399.2 t/s), n_max=64000
[req] rid=262 api=anth conv=1327c1780fb396cc qw_ms=1 tok_ms=25 prompt=36696 hit=36421 ckpt=-1 pf=275 pf_ms=167 dec=237 dec_ms=594 cb_ms=0 rounds=26 tps=399.2 end=eos gw=0 yields=0 slot=0 t=542319 md4=32 md5=220 md6=47 md7=38 mprom=4 mdem=1 gch=523,610,584,578,1222,1569,669,271 gnh=776,1268,862,690,918,954,392,166 glf=5503,4893,4309,3731,2509,940,271 gla=4994,3982,3120,2430,1512,558,166 phd=52.9 phv=158.6 phs=56 phwn=0,0,0,0,0,0,8 phwm=0.0,0.0,0.0,0.0,0.0,0.0,158.6 sfxm=382.0 sfxn=18 phfd=0.0 sfx=635,5397 bat=1.0,0
[http] POST /v1/messages -> 200
[timing] render 0.6ms encode 24.2ms (146328 chars -> 37030 toks)
[gen] prompt=37030 prefix_hit=36689 snap=36689 ckpt=-1 pfx=0
[gen-done] eos: 45 tokens in 0.2s (229.4 t/s), n_max=64000
[req] rid=263 api=anth conv=1327c1780fb396cc qw_ms=1 tok_ms=25 prompt=37030 hit=36689 ckpt=-1 pf=341 pf_ms=183 dec=45 dec_ms=196 cb_ms=0 rounds=8 tps=229.4 end=eos gw=0 yields=0 slot=0 t=542750 md4=32 md5=220 md6=47 md7=45 mprom=4 mdem=1 gch=523,610,584,579,1223,1569,669,276 gnh=776,1268,862,691,919,955,393,169 glf=5510,4900,4316,3737,2514,945,276 gla=5001,3989,3127,2436,1517,562,169 phd=44.0 phv=131.4 phs=44 phwn=0,0,1,1,0,0,5 phwm=0.0,0.0,15.8,16.2,0.0,0.0,99.3 sfxm=20.7 sfxn=1 phfd=0.0 sfx=636,5399 bat=1.0,0
[http] POST /v1/messages -> 200
[timing] render 0.7ms encode 24.5ms (146607 chars -> 37109 toks)
[gen] prompt=37109 prefix_hit=37023 snap=37023 ckpt=-1 pfx=0
[gen-done] eos: 40 tokens in 0.2s (193.5 t/s), n_max=64000
[req] rid=264 api=anth conv=1327c1780fb396cc qw_ms=1 tok_ms=25 prompt=37109 hit=37023 ckpt=-1 pf=86 pf_ms=95 dec=40 dec_ms=207 cb_ms=0 rounds=9 tps=193.5 end=eos gw=0 yields=0 slot=0 t=543101 md4=32 md5=220 md6=47 md7=53 mprom=4 mdem=1 gch=524,612,584,579,1223,1569,670,280 gnh=777,1270,863,691,919,955,394,172 glf=5517,4905,4321,3742,2519,950,280 gla=5008,3994,3131,2440,1521,566,172 phd=38.8 phv=147.1 phs=40 phwn=3,0,0,0,0,1,4 phwm=49.4,0.0,0.0,0.0,0.0,18.2,79.5 sfxm=20.7 sfxn=1 phfd=0.0 sfx=637,5401 bat=1.0,0
[http] POST /v1/messages -> 200
[timing] render 0.7ms encode 24.1ms (146991 chars -> 37219 toks)
[gen] prompt=37219 prefix_hit=37102 snap=37102 ckpt=-1 pfx=0
[gen-done] eos: 299 tokens in 1.3s (222.8 t/s), n_max=64000
[req] rid=265 api=anth conv=1327c1780fb396cc qw_ms=1 tok_ms=25 prompt=37219 hit=37102 ckpt=-1 pf=117 pf_ms=106 dec=299 dec_ms=1342 cb_ms=0 rounds=60 tps=222.8 end=eos gw=0 yields=0 slot=0 t=544598 md4=32 md5=220 md6=65 md7=94 mprom=4 mdem=2 gch=526,622,589,584,1226,1574,676,295 gnh=783,1284,871,694,922,958,399,181 glf=5566,4944,4355,3771,2545,971,295 gla=5052,4025,3154,2460,1538,580,181 phd=245.1 phv=906.7 phs=243 phwn=12,5,5,3,5,6,15 phwm=196.5,88.5,79.2,48.8,86.6,109.2,297.9 sfxm=189.7 sfxn=9 phfd=0.0 sfx=646,5493 bat=1.0,0
[http] POST /v1/messages -> 200
[timing] render 0.6ms encode 25.3ms (148209 chars -> 37597 toks)
[gen] prompt=37597 prefix_hit=37212 snap=37212 ckpt=-1 pfx=0
[gen-done] eos: 117 tokens in 0.5s (217.0 t/s), n_max=64000
[req] rid=266 api=anth conv=1327c1780fb396cc qw_ms=1 tok_ms=26 prompt=37597 hit=37212 ckpt=-1 pf=385 pf_ms=196 dec=117 dec_ms=539 cb_ms=0 rounds=25 tps=217.0 end=eos gw=0 yields=0 slot=0 t=545387 md4=32 md5=241 md6=69 md7=94 mprom=4 mdem=3 gch=527,623,591,585,1229,1588,676,295 gnh=786,1287,873,695,923,970,399,181 glf=5587,4964,4373,3788,2559,971,295 gla=5070,4041,3168,2473,1550,580,181 phd=100.6 phv=376.0 phs=98 phwn=2,2,1,3,14,0,0 phwm=33.3,35.5,15.8,48.7,242.6,0.0,0.0 sfxm=62.2 sfxn=3 phfd=0.0 sfx=649,5519 bat=1.0,0
[http] POST /v1/messages -> 200
[timing] render 0.6ms encode 27.2ms (150674 chars -> 38315 toks)
[gen] prompt=38315 prefix_hit=37590 snap=37590 ckpt=-1 pfx=0
[gen-done] eos: 220 tokens in 1.2s (180.4 t/s), n_max=64000
[req] rid=267 api=anth conv=1327c1780fb396cc qw_ms=1 tok_ms=28 prompt=38315 hit=37590 ckpt=-1 pf=725 pf_ms=303 dec=220 dec_ms=1220 cb_ms=0 rounds=58 tps=180.4 end=eos gw=0 yields=0 slot=0 t=546951 md4=32 md5=298 md6=69 md7=94 mprom=4 mdem=3 gch=533,631,595,590,1235,1616,676,295 gnh=794,1296,881,702,930,988,399,181 glf=5638,5007,4412,3822,2587,971,295 gla=5119,4081,3200,2498,1568,580,181 phd=231.4 phv=967.2 phs=224 phwn=14,4,5,6,28,0,0 phwm=232.8,71.2,79.4,97.7,486.0,0.0,0.0 sfxm=20.5 sfxn=1 phfd=0.0 sfx=650,5522 bat=1.0,0
[http] POST /v1/messages -> 200
[timing] render 0.0ms encode 0.9ms (2562 chars -> 684 toks)
[gen] prompt=684 prefix_hit=0 snap=0 ckpt=-1 pfx=0
[timing] render 0.7ms encode 17.2ms (101742 chars -> 23963 toks)
[gen-done] eos: 15 tokens in 0.1s (162.4 t/s), n_max=64000
[req] rid=268 api=anth conv=d10596ec1fc995da qw_ms=0 tok_ms=1 prompt=684 hit=0 ckpt=-1 pf=684 pf_ms=221 dec=15 dec_ms=92 cb_ms=0 rounds=5 tps=162.4 end=eos gw=0 yields=0 slot=0 t=548585 md4=5 md5=0 md6=0 md7=0 mprom=0 mdem=0 gch=533,631,596,592,1237,1616,676,295 gnh=794,1297,882,703,932,988,399,181 glf=5643,5012,4416,3824,2587,971,295 gla=5124,4085,3203,2500,1568,580,181 phd=17.5 phv=74.8 phs=19 phwn=0,1,2,2,0,0,0 phwm=0.0,14.5,29.8,30.6,0.0,0.0,0.0 sfxm=0.0 sfxn=0 phfd=0.0 sfx=650,5522 bat=1.0,0
[http] POST /v1/messages -> 200
[gen] prompt=23963 prefix_hit=0 snap=0 ckpt=-1 pfx=0
[gen-done] eos: 63 tokens in 0.3s (188.8 t/s), n_max=64000
[req] rid=269 api=anth conv=ddbf7ff33d24a78a qw_ms=284 tok_ms=18 prompt=23963 hit=0 ckpt=-1 pf=23963 pf_ms=7121 dec=63 dec_ms=334 cb_ms=0 rounds=17 tps=188.8 end=eos gw=0 yields=0 slot=0 t=556040 md4=17 md5=0 md6=0 md7=0 mprom=0 mdem=0 gch=533,633,597,593,1250,1616,676,295 gnh=796,1299,884,704,942,988,399,181 glf=5660,5027,4430,3837,2587,971,295 gla=5139,4098,3214,2510,1568,580,181 phd=63.9 phv=269.6 phs=63 phwn=2,1,1,13,0,0,0 phwm=30.9,16.6,15.5,206.6,0.0,0.0,0.0 sfxm=0.0 sfxn=0 phfd=0.0 sfx=650,5522 bat=1.0,0
[http] POST /v1/messages -> 200
[timing] render 0.6ms encode 17.1ms (106114 chars -> 25225 toks)
[gen] prompt=25225 prefix_hit=23956 snap=23956 ckpt=-1 pfx=0
[gen-done] eos: 215 tokens in 1.0s (219.4 t/s), n_max=64000
[req] rid=270 api=anth conv=ddbf7ff33d24a78a qw_ms=0 tok_ms=18 prompt=25225 hit=23956 ckpt=-1 pf=1269 pf_ms=472 dec=215 dec_ms=980 cb_ms=0 rounds=46 tps=219.4 end=eos gw=0 yields=0 slot=0 t=557524 md4=21 md5=40 md6=1 md7=0 mprom=2 mdem=0 gch=535,634,598,596,1256,1646,677,295 gnh=800,1303,886,709,949,1009,400,181 glf=5702,5068,4470,3874,2618,972,295 gla=5178,4134,3248,2539,1590,581,181 phd=204.3 phv=735.0 phs=202 phwn=3,1,3,6,30,1,0 phwm=48.2,16.7,46.6,95.6,510.0,17.9,0.0 sfxm=40.2 sfxn=2 phfd=0.0 sfx=652,5533 bat=1.0,0
[http] POST /v1/messages -> 200
[timing] render 0.6ms encode 17.5ms (107135 chars -> 25493 toks)
[gen] prompt=25493 prefix_hit=25218 snap=25218 ckpt=-1 pfx=0
[gen-done] eos: 185 tokens in 1.1s (176.0 t/s), n_max=64000
[req] rid=271 api=anth conv=ddbf7ff33d24a78a qw_ms=0 tok_ms=18 prompt=25493 hit=25218 ckpt=-1 pf=275 pf_ms=156 dec=185 dec_ms=1051 cb_ms=0 rounds=51 tps=176.0 end=eos gw=0 yields=0 slot=0 t=558766 md4=21 md5=70 md6=22 md7=0 mprom=2 mdem=1 gch=541,639,605,601,1262,1659,685,295 gnh=809,1314,890,719,953,1019,402,181 glf=5746,5107,4502,3901,2639,980,295 gla=5217,4164,3274,2555,1602,583,181 phd=200.4 phv=830.4 phs=202 phwn=11,7,5,6,13,8,0 phwm=175.8,117.1,77.7,95.6,221.1,143.2,0.0 sfxm=20.0 sfxn=1 phfd=0.0 sfx=653,5544 bat=1.0,0
[http] POST /v1/messages -> 200
[timing] render 0.6ms encode 17.3ms (108228 chars -> 25805 toks)
[gen] prompt=25805 prefix_hit=25486 snap=25486 ckpt=-1 pfx=0
[gen-done] eos: 60 tokens in 0.4s (162.8 t/s), n_max=64000
[req] rid=272 api=anth conv=ddbf7ff33d24a78a qw_ms=0 tok_ms=18 prompt=25805 hit=25486 ckpt=-1 pf=319 pf_ms=169 dec=60 dec_ms=369 cb_ms=0 rounds=18 tps=162.8 end=eos gw=0 yields=0 slot=0 t=559339 md4=21 md5=88 md6=22 md7=0 mprom=2 mdem=1 gch=542,643,606,601,1264,1669,685,295 gnh=810,1321,891,721,957,1022,402,181 glf=5763,5120,4514,3913,2649,980,295 gla=5233,4174,3283,2562,1605,583,181 phd=71.5 phv=297.0 phs=72 phwn=5,1,0,2,10,0,0 phwm=78.6,16.8,0.0,31.9,169.8,0.0,0.0 sfxm=0.0 sfxn=0 phfd=0.0 sfx=653,5544 bat=1.0,0
[http] POST /v1/messages -> 200
